{"meta":{"auction":"https://www.historics.co.uk/auction/details/w002-festive-online-collectables-auction?au=94","slug":"w002-festive-online-collectables-auction","scrapedAt":"2025-10-24T09:34:22.870Z","timezone":"Europe/Amsterdam","lot_links_count":23},"lotDetails":[
{"auction_label":"Festive Online Collectables Auction","auction_date_range":"Ending 2nd Jan, 2025\n                19:30","lot_source_link":"https://www.historics.co.uk/auction/lot/lot-1---1985-mercedes-benz-500sl/?lot=17182&so=0&st=&sto=0&au=94&ef=&et=&ic=False&sd=1&pp=96&pn=1&g=1","lot_code":"Lot 1","lot_title":"1985 Mercedes-Benz 500SL","lot_description":"The Mercedes-Benz SL class has been manufactured since 1954. The designation SL derives from the German 'Sport Leicht' or 'Sport Light' and was first applied to the 300SL 'Gullwing,' named after the upward-opening doors. The term SL-Class refers to the marketing variations of the vehicle, including the numerous engine configurations spanning five design generations. The Mercedes-Benz R107 and C107 cars were produced from 1971 through to 1989, being the second longest single series ever produced by Mercedes-Benz after the G-Class. The R107 took the chassis components of the mid-size W114 model and mated them to the larger engines from the S-Class (W116) and has become a benchmark of quality throughout the years.  This wonderful example showing 96,790 on the odometer is presented in its original colour of Diamontblau Metallic over a contrasting beige leather interior. It has been treated to much restoration work in recent years including an extensive respray returning the car to its original colour, a full leather interior renovation using the original hide, reconditioned OEM wheels, as well as various other works. Showing very little sign of age, the paintwork, interior, and hood are all presented in excellent condition as is the engine bay which is very clean. Accompanying the 500SL is a sizeable history file detailing the restoration, many old MoT test certificates, photographic records of the restoration, many sundry invoices, and the V5C Registration document the vehicle also has a hardtop. Dry stored and exercised occasionally the vendor reports that the 500SL runs very well indeed and is a joy to drive. This is a wonderful example with an extensive history. Offered in one of the most desirable colour combinations we are sure it will be huge amounts of fun for the new owner. Consigned by Dominic Lake.Collection Pinner Middlesex\n\nThis description is provided by the seller and to the best of the seller's knowledge, accurate and not misleading and unless otherwise stated is 'Not Verified' by Historics or any person employed by Historics. Prospective purchasers are advised to satisfy themselves as to the accuracy of the description and any statements made, whether they be statements of fact or opinion, and conduct any research they feel is necessary before committing to a bid. Please see our Terms and Conditions for full details.","lot_media":["https://storagegohistorics.blob.core.windows.net/stock/17178-125-small.jpg?v=63870644439253","https://storagegohistorics.blob.core.windows.net/stock/17178-124-small.jpg?v=63870644437583","https://storagegohistorics.blob.core.windows.net/stock/17178-123-small.jpg?v=63870644436023","https://storagegohistorics.blob.core.windows.net/stock/17178-122-small.jpg?v=63870644434253","https://storagegohistorics.blob.core.windows.net/stock/17178-127-small.jpg?v=63870644442610","https://storagegohistorics.blob.core.windows.net/stock/17178-126-small.jpg?v=63870644440803","https://storagegohistorics.blob.core.windows.net/stock/17178-9-small.jpg?v=63869688688030","https://storagegohistorics.blob.core.windows.net/stock/17178-10-small.jpg?v=63869688689573","https://storagegohistorics.blob.core.windows.net/stock/17178-16-small.jpg?v=63869688698967","https://storagegohistorics.blob.core.windows.net/stock/17178-17-small.jpg?v=63869688700663","https://storagegohistorics.blob.core.windows.net/stock/17178-30-small.jpg?v=63869688723283","https://storagegohistorics.blob.core.windows.net/stock/17178-46-small.jpg?v=63869688748520","https://storagegohistorics.blob.core.windows.net/stock/17178-47-small.jpg?v=63869688749853","https://storagegohistorics.blob.core.windows.net/stock/17178-52-small.jpg?v=63870644059943","https://storagegohistorics.blob.core.windows.net/stock/17178-53-small.jpg?v=63870644061370","https://storagegohistorics.blob.core.windows.net/stock/17178-54-small.jpg?v=63870644062467","https://storagegohistorics.blob.core.windows.net/stock/17178-55-small.jpg?v=63870644063797","https://storagegohistorics.blob.core.windows.net/stock/17178-56-small.jpg?v=63870644065427","https://storagegohistorics.blob.core.windows.net/stock/17178-57-small.jpg?v=63870644066990","https://storagegohistorics.blob.core.windows.net/stock/17178-58-small.jpg?v=63870644083610","https://storagegohistorics.blob.core.windows.net/stock/17178-59-small.jpg?v=63870644087820","https://storagegohistorics.blob.core.windows.net/stock/17178-60-small.jpg?v=63870644089553","https://storagegohistorics.blob.core.windows.net/stock/17178-61-small.jpg?v=63870644091227","https://storagegohistorics.blob.core.windows.net/stock/17178-62-small.jpg?v=63870644093103","https://storagegohistorics.blob.core.windows.net/stock/17178-63-small.jpg?v=63870644094917","https://storagegohistorics.blob.core.windows.net/stock/17178-64-small.jpg?v=63870644096850","https://storagegohistorics.blob.core.windows.net/stock/17178-65-small.jpg?v=63870644098530","https://storagegohistorics.blob.core.windows.net/stock/17178-66-small.jpg?v=63870644100447","https://storagegohistorics.blob.core.windows.net/stock/17178-67-small.jpg?v=63870644102240","https://storagegohistorics.blob.core.windows.net/stock/17178-68-small.jpg?v=63870644104047","https://storagegohistorics.blob.core.windows.net/stock/17178-69-small.jpg?v=63870644106190","https://storagegohistorics.blob.core.windows.net/stock/17178-70-small.jpg?v=63870644108173","https://storagegohistorics.blob.core.windows.net/stock/17178-71-small.jpg?v=63870644110080","https://storagegohistorics.blob.core.windows.net/stock/17178-72-small.jpg?v=63870644111880","https://storagegohistorics.blob.core.windows.net/stock/17178-73-small.jpg?v=63870644113940","https://storagegohistorics.blob.core.windows.net/stock/17178-74-small.jpg?v=63870644172090","https://storagegohistorics.blob.core.windows.net/stock/17178-75-small.jpg?v=63870644175027","https://storagegohistorics.blob.core.windows.net/stock/17178-76-small.jpg?v=63870644179247","https://storagegohistorics.blob.core.windows.net/stock/17178-77-small.jpg?v=63870644181273","https://storagegohistorics.blob.core.windows.net/stock/17178-78-small.jpg?v=63870644183047","https://storagegohistorics.blob.core.windows.net/stock/17178-79-small.jpg?v=63870644184953","https://storagegohistorics.blob.core.windows.net/stock/17178-80-small.jpg?v=63870644186813","https://storagegohistorics.blob.core.windows.net/stock/17178-81-small.jpg?v=63870644188700","https://storagegohistorics.blob.core.windows.net/stock/17178-82-small.jpg?v=63870644190623","https://storagegohistorics.blob.core.windows.net/stock/17178-83-small.jpg?v=63870644192630","https://storagegohistorics.blob.core.windows.net/stock/17178-84-small.jpg?v=63870644194577","https://storagegohistorics.blob.core.windows.net/stock/17178-85-small.jpg?v=63870644196513","https://storagegohistorics.blob.core.windows.net/stock/17178-86-small.jpg?v=63870644198193","https://storagegohistorics.blob.core.windows.net/stock/17178-87-small.jpg?v=63870644200043","https://storagegohistorics.blob.core.windows.net/stock/17178-88-small.jpg?v=63870644201890","https://storagegohistorics.blob.core.windows.net/stock/17178-89-small.jpg?v=63870644203687","https://storagegohistorics.blob.core.windows.net/stock/17178-90-small.jpg?v=63870644205387","https://storagegohistorics.blob.core.windows.net/stock/17178-91-small.jpg?v=63870644207287","https://storagegohistorics.blob.core.windows.net/stock/17178-92-small.jpg?v=63870644208880","https://storagegohistorics.blob.core.windows.net/stock/17178-93-small.jpg?v=63870644210790","https://storagegohistorics.blob.core.windows.net/stock/17178-94-small.jpg?v=63870644212583","https://storagegohistorics.blob.core.windows.net/stock/17178-95-small.jpg?v=63870644214503","https://storagegohistorics.blob.core.windows.net/stock/17178-96-small.jpg?v=63870644216297","https://storagegohistorics.blob.core.windows.net/stock/17178-97-small.jpg?v=63870644218393","https://storagegohistorics.blob.core.windows.net/stock/17178-98-small.jpg?v=63870644220350","https://storagegohistorics.blob.core.windows.net/stock/17178-99-small.jpg?v=63870644222060","https://storagegohistorics.blob.core.windows.net/stock/17178-100-small.jpg?v=63870644223983","https://storagegohistorics.blob.core.windows.net/stock/17178-101-small.jpg?v=63870644226100","https://storagegohistorics.blob.core.windows.net/stock/17178-102-small.jpg?v=63870644248160","https://storagegohistorics.blob.core.windows.net/stock/17178-103-small.jpg?v=63870644263097","https://storagegohistorics.blob.core.windows.net/stock/17178-104-small.jpg?v=63870644267303","https://storagegohistorics.blob.core.windows.net/stock/17178-105-small.jpg?v=63870644268927","https://storagegohistorics.blob.core.windows.net/stock/17178-106-small.jpg?v=63870644270450","https://storagegohistorics.blob.core.windows.net/stock/17178-107-small.jpg?v=63870644272287","https://storagegohistorics.blob.core.windows.net/stock/17178-108-small.jpg?v=63870644274063","https://storagegohistorics.blob.core.windows.net/stock/17178-109-small.jpg?v=63870644275770","https://storagegohistorics.blob.core.windows.net/stock/17178-110-small.jpg?v=63870644277580","https://storagegohistorics.blob.core.windows.net/stock/17178-111-small.jpg?v=63870644279480","https://storagegohistorics.blob.core.windows.net/stock/17178-112-small.jpg?v=63870644281177","https://storagegohistorics.blob.core.windows.net/stock/17178-113-small.jpg?v=63870644283210","https://storagegohistorics.blob.core.windows.net/stock/17178-114-small.jpg?v=63870644285110","https://storagegohistorics.blob.core.windows.net/stock/17178-115-small.jpg?v=63870644286973","https://storagegohistorics.blob.core.windows.net/stock/17178-116-small.jpg?v=63870644288740","https://storagegohistorics.blob.core.windows.net/stock/17178-117-small.jpg?v=63870644290640","https://storagegohistorics.blob.core.windows.net/stock/17178-118-small.jpg?v=63870644292300","https://storagegohistorics.blob.core.windows.net/stock/17178-119-small.jpg?v=63870644294417","https://storagegohistorics.blob.core.windows.net/stock/17178-120-small.jpg?v=63870644296443","https://storagegohistorics.blob.core.windows.net/stock/17178-121-small.jpg?v=63870644298453","https://storagegohistorics.blob.core.windows.net/main/STACKED%20GREEN%20V1%205x7.jpg"],"vehicle_chassis_no":"1070462A023734","vehicle_year":"1985","vehicle_make":"Mercedes-Benz","vehicle_model":"500SL","vehicle_registry_code":"KUI 1310","vehicle_mileage_value":"96,790","vehicle_engine":"11796222005226","price_currency":"GBP","price_value":24656,"price_guide_low":null,"price_guide_high":null,"price_type":"sold"},
{"auction_label":"Festive Online Collectables Auction","auction_date_range":"Ending 2nd Jan, 2025\n                19:30","lot_source_link":"https://www.historics.co.uk/auction/lot/lot-2---registration-nnh-10/?lot=17177&so=0&st=&sto=0&au=94&ef=&et=&ic=False&sd=1&pp=96&pn=1&g=1","lot_code":"Lot 2","lot_title":"Registration NNH 10","lot_description":"This registration number NNH 10 is currently on a Retention Certificate.\n\nConsigned by Mathew Priddy\n\nThis description is provided by the seller and to the best of the seller's knowledge, accurate and not misleading and unless otherwise stated is 'Not Verified' by Historics or any person employed by Historics. Prospective purchasers are advised to satisfy themselves as to the accuracy of the description and any statements made, whether they be statements of fact or opinion, and conduct any research they feel is necessary before committing to a bid. Please see our Terms and Conditions for full details.","lot_media":[],"vehicle_chassis_no":null,"vehicle_year":null,"vehicle_make":"Registration","vehicle_model":"NNH 10","vehicle_registry_code":null,"vehicle_mileage_value":null,"vehicle_engine":null,"price_currency":"GBP","price_value":2550,"price_guide_low":null,"price_guide_high":null,"price_type":"sold"},
{"auction_label":"Festive Online Collectables Auction","auction_date_range":"Ending 2nd Jan, 2025\n                19:31","lot_source_link":"https://www.historics.co.uk/auction/lot/lot-3---registration-th15-slc/?lot=17167&so=0&st=&sto=0&au=94&ef=&et=&ic=False&sd=1&pp=96&pn=1&g=1","lot_code":"Lot 3","lot_title":"Registration TH15 SLC","lot_description":"This registration number TH15 SLC comes with a Certificate of Entitlement. Consigned by James Good.\n\nThis description is provided by the seller and to the best of the seller's knowledge, accurate and not misleading and unless otherwise stated is 'Not Verified' by Historics or any person employed by Historics. Prospective purchasers are advised to satisfy themselves as to the accuracy of the description and any statements made, whether they be statements of fact or opinion, and conduct any research they feel is necessary before committing to a bid. Please see our Terms and Conditions for full details.","lot_media":[],"vehicle_chassis_no":null,"vehicle_year":null,"vehicle_make":"Registration","vehicle_model":"TH15 SLC","vehicle_registry_code":null,"vehicle_mileage_value":null,"vehicle_engine":null,"price_currency":"GBP","price_value":null,"price_guide_low":500,"price_guide_high":1000,"price_type":"estimate"},
{"auction_label":"Festive Online Collectables Auction","auction_date_range":"Ending 2nd Jan, 2025\n                19:31","lot_source_link":"https://www.historics.co.uk/auction/lot/lot-4---2012-land-rover-90-xs/?lot=17185&so=0&st=&sto=0&au=94&ef=&et=&ic=False&sd=1&pp=96&pn=1&g=1","lot_code":"Lot 4","lot_title":"2012 Land Rover 90 XS","lot_description":"The Land Rover Defender was launched in 1948 and, incredibly, production only finished in January 2016 after a continuous run of 67 years. Outwardly, there is little to distinguish the post-1983 vehicles from the Series III Land Rover. A full-length bonnet, revised grille, plus the fitting of wheel arch extensions to cover wider-track axles are the most noticeable changes. Internally, coil springs offered a more comfortable ride and a permanent four-wheel drive system derived from the Range Rover featuring a two-speed transfer gearbox with a lockable centre differential. A modernised interior and a new series of progressively more powerful and modern engine characterised things under the skin. In line for the 2012 models was the installation of a different engine, Ford decided not to modify the engine introduced in 2007 and so the engine was replaced with the ZSD-422 engine, essentially a 2.2 litre variant of the same engine.\n\nOriginally registered on 26th September 2012 our vendor purchased this as a Land Rover demonstrator from Guy Salmon in Ascot specifying it in Metallic Santorini Grey with part leather trim. The front seats from day one have had the official Land Rover protective covers on them, so in very good condition. The rear also has a large rubber mat, so carpets have not been misused. A desirable XS specification Station Wagon 90, it boasts just 37,182 miles from new and is a one owner example. In 2013 he added the full expedition pack with roof rack, two-part ladder and rear work lamp at an additional cost of £1,557.20. Also, a tow bar with electrics to the rear, the tow rope in the car has never been used. Having been purchased locally in Ascot the car was regularly serviced at Land Rover service centre Ascot/Bracknell with services on the following dates with Land Rover main dealers;\n\n2013 Mileage 4,502 2015 Mileage 9,358 2016 Mileage 10,138 2017 Mileage 10,734 2018 Mileage 13,095 2020 Mileage 14,787 2021 Mileage 19,331 2022 Mileage 26,420 2023 Mileage 34,094\n\nIn 2021 the car was taken with our client to his property in France where it remained until late this year when it has been returned and re-registered and imported correctly under its original number RK62 VOP. Supplied with a comprehensive history file including original sales invoices, service paperwork, Full EC Certificate of Conformity dated 25/01/2021, An MoT until December 2025 coupled to compliance with French MoT rules (Controlle Technique) valid until 30th March 2025. Just one previous owner/demonstrator, low mileage example of the desirable XS specification Land Rover well specified. Consigned by Mathew Priddy.Collection from Iver Buckinghamshire\n\nThis description is provided by the seller and to the best of the seller's knowledge, accurate and not misleading and unless otherwise stated is 'Not Verified' by Historics or any person employed by Historics. Prospective purchasers are advised to satisfy themselves as to the accuracy of the description and any statements made, whether they be statements of fact or opinion, and conduct any research they feel is necessary before committing to a bid. Please see our Terms and Conditions for full details.","lot_media":["https://storagegohistorics.blob.core.windows.net/stock/17181-1-small.jpg?v=63870222529647","https://storagegohistorics.blob.core.windows.net/stock/17181-2-small.jpg?v=63870222531220","https://storagegohistorics.blob.core.windows.net/stock/17181-3-small.jpg?v=63870222532880","https://storagegohistorics.blob.core.windows.net/stock/17181-4-small.jpg?v=63870222534913","https://storagegohistorics.blob.core.windows.net/stock/17181-5-small.jpg?v=63870222536920","https://storagegohistorics.blob.core.windows.net/stock/17181-6-small.jpg?v=63870222538860","https://storagegohistorics.blob.core.windows.net/stock/17181-0-small.jpg?v=63870043987890","https://storagegohistorics.blob.core.windows.net/stock/17181-7-small.jpg?v=63870223066807","https://storagegohistorics.blob.core.windows.net/stock/17181-8-small.jpg?v=63870223068753","https://storagegohistorics.blob.core.windows.net/stock/17181-9-small.jpg?v=63870223070890","https://storagegohistorics.blob.core.windows.net/stock/17181-10-small.jpg?v=63870223073060","https://storagegohistorics.blob.core.windows.net/stock/17181-11-small.jpg?v=63870223075207","https://storagegohistorics.blob.core.windows.net/stock/17181-12-small.jpg?v=63870223077270","https://storagegohistorics.blob.core.windows.net/stock/17181-13-small.jpg?v=63870223079340","https://storagegohistorics.blob.core.windows.net/stock/17181-14-small.jpg?v=63870223081347","https://storagegohistorics.blob.core.windows.net/stock/17181-15-small.jpg?v=63870223083443","https://storagegohistorics.blob.core.windows.net/stock/17181-16-small.jpg?v=63870223085687","https://storagegohistorics.blob.core.windows.net/stock/17181-17-small.jpg?v=63870223087680","https://storagegohistorics.blob.core.windows.net/stock/17181-18-small.jpg?v=63870223089740","https://storagegohistorics.blob.core.windows.net/stock/17181-19-small.jpg?v=63870223091663","https://storagegohistorics.blob.core.windows.net/stock/17181-20-small.jpg?v=63870223093897","https://storagegohistorics.blob.core.windows.net/stock/17181-21-small.jpg?v=63870223096143","https://storagegohistorics.blob.core.windows.net/stock/17181-22-small.jpg?v=63870223098150","https://storagegohistorics.blob.core.windows.net/stock/17181-23-small.jpg?v=63870223100390","https://storagegohistorics.blob.core.windows.net/stock/17181-24-small.jpg?v=63870223102403","https://storagegohistorics.blob.core.windows.net/stock/17181-25-small.jpg?v=63870223104410","https://storagegohistorics.blob.core.windows.net/stock/17181-26-small.jpg?v=63870223106570","https://storagegohistorics.blob.core.windows.net/stock/17181-27-small.jpg?v=63870223108727","https://storagegohistorics.blob.core.windows.net/stock/17181-28-small.jpg?v=63870223111010","https://storagegohistorics.blob.core.windows.net/stock/17181-29-small.jpg?v=63870223113543","https://storagegohistorics.blob.core.windows.net/stock/17181-30-small.jpg?v=63870223115427","https://storagegohistorics.blob.core.windows.net/stock/17181-31-small.jpg?v=63870223117700","https://storagegohistorics.blob.core.windows.net/stock/17181-32-small.jpg?v=63870223119690","https://storagegohistorics.blob.core.windows.net/stock/17181-33-small.jpg?v=63870223121810","https://storagegohistorics.blob.core.windows.net/stock/17181-34-small.jpg?v=63870223123707","https://storagegohistorics.blob.core.windows.net/stock/17181-35-small.jpg?v=63870223125653","https://storagegohistorics.blob.core.windows.net/stock/17181-36-small.jpg?v=63870223152217","https://storagegohistorics.blob.core.windows.net/stock/17181-37-small.jpg?v=63870223154453","https://storagegohistorics.blob.core.windows.net/stock/17181-38-small.jpg?v=63870223156397","https://storagegohistorics.blob.core.windows.net/stock/17181-39-small.jpg?v=63870223158357","https://storagegohistorics.blob.core.windows.net/stock/17181-40-small.jpg?v=63870223160400","https://storagegohistorics.blob.core.windows.net/stock/17181-41-small.jpg?v=63870223162260","https://storagegohistorics.blob.core.windows.net/stock/17181-42-small.jpg?v=63870223164360","https://storagegohistorics.blob.core.windows.net/stock/17181-43-small.jpg?v=63870223166380","https://storagegohistorics.blob.core.windows.net/stock/17181-44-small.jpg?v=63870223168700","https://storagegohistorics.blob.core.windows.net/stock/17181-45-small.jpg?v=63870223170790","https://storagegohistorics.blob.core.windows.net/stock/17181-46-small.jpg?v=63870223172713","https://storagegohistorics.blob.core.windows.net/stock/17181-47-small.jpg?v=63870223174730","https://storagegohistorics.blob.core.windows.net/stock/17181-48-small.jpg?v=63870223176823","https://storagegohistorics.blob.core.windows.net/stock/17181-49-small.jpg?v=63870223178877","https://storagegohistorics.blob.core.windows.net/stock/17181-50-small.jpg?v=63870223181093","https://storagegohistorics.blob.core.windows.net/stock/17181-51-small.jpg?v=63870223183163","https://storagegohistorics.blob.core.windows.net/stock/17181-52-small.jpg?v=63870223185247","https://storagegohistorics.blob.core.windows.net/stock/17181-53-small.jpg?v=63870223187557","https://storagegohistorics.blob.core.windows.net/stock/17181-54-small.jpg?v=63870223189920","https://storagegohistorics.blob.core.windows.net/stock/17181-55-small.jpg?v=63870223192027","https://storagegohistorics.blob.core.windows.net/stock/17181-56-small.jpg?v=63870223194107","https://storagegohistorics.blob.core.windows.net/stock/17181-57-small.jpg?v=63870223196307","https://storagegohistorics.blob.core.windows.net/stock/17181-58-small.jpg?v=63870223199417","https://storagegohistorics.blob.core.windows.net/stock/17181-59-small.jpg?v=63870223201530","https://storagegohistorics.blob.core.windows.net/stock/17181-60-small.jpg?v=63870223203620","https://storagegohistorics.blob.core.windows.net/stock/17181-61-small.jpg?v=63870223205773","https://storagegohistorics.blob.core.windows.net/stock/17181-62-small.jpg?v=63870223207720","https://storagegohistorics.blob.core.windows.net/stock/17181-63-small.jpg?v=63870223210690","https://storagegohistorics.blob.core.windows.net/stock/17181-64-small.jpg?v=63870223212843","https://storagegohistorics.blob.core.windows.net/stock/17181-65-small.jpg?v=63870223215293","https://storagegohistorics.blob.core.windows.net/stock/17181-66-small.jpg?v=63870223217493","https://storagegohistorics.blob.core.windows.net/stock/17181-67-small.jpg?v=63870223219530","https://storagegohistorics.blob.core.windows.net/stock/17181-68-small.jpg?v=63870223221630","https://storagegohistorics.blob.core.windows.net/stock/17181-69-small.jpg?v=63870223224810","https://storagegohistorics.blob.core.windows.net/stock/17181-70-small.jpg?v=63870223226680","https://storagegohistorics.blob.core.windows.net/stock/17181-71-small.jpg?v=63870223228640","https://storagegohistorics.blob.core.windows.net/stock/17181-72-small.jpg?v=63870223230560","https://storagegohistorics.blob.core.windows.net/stock/17181-73-small.jpg?v=63870223233417","https://storagegohistorics.blob.core.windows.net/stock/17181-74-small.jpg?v=63870223235697","https://storagegohistorics.blob.core.windows.net/stock/17181-75-small.jpg?v=63870223237907","https://storagegohistorics.blob.core.windows.net/stock/17181-76-small.jpg?v=63870223239910","https://storagegohistorics.blob.core.windows.net/stock/17181-77-small.jpg?v=63870223242217","https://storagegohistorics.blob.core.windows.net/stock/17181-78-small.jpg?v=63870223244780","https://storagegohistorics.blob.core.windows.net/stock/17181-79-small.jpg?v=63870223246783","https://storagegohistorics.blob.core.windows.net/stock/17181-80-small.jpg?v=63870223248903","https://storagegohistorics.blob.core.windows.net/main/STACKED%20GREEN%20V1%205x7.jpg"],"vehicle_chassis_no":"SALLDWBP7CA424801","vehicle_year":"2012","vehicle_make":"Land Rover","vehicle_model":"90 XS","vehicle_registry_code":"RK62 VOP","vehicle_mileage_value":"37,182","vehicle_engine":"120517063531DT224","price_currency":"GBP","price_value":null,"price_guide_low":31000,"price_guide_high":37000,"price_type":"estimate"},
{"auction_label":"Festive Online Collectables Auction","auction_date_range":"Ending 2nd Jan, 2025\n                19:32","lot_source_link":"https://www.historics.co.uk/auction/lot/lot-5---registration-11-kre-withdrawn/?lot=17178&so=0&st=&sto=0&au=94&ef=&et=&ic=False&sd=1&pp=96&pn=1&g=1","lot_code":"Lot 5","lot_title":"Registration 11 KRE *WITHDRAWN*","lot_description":"DUE TO CIRCUMSTANCES BEYOND OUR CONTROL, THIS LOT HAS BEEN WITHDRAWN FROM THE AUCTION\n\nThis registration number 11 KRE is currently on a Retention Certificate.\n\nConsigned by Mathew Priddy\n\nThis description is provided by the seller and to the best of the seller's knowledge, accurate and not misleading and unless otherwise stated is 'Not Verified' by Historics or any person employed by Historics. Prospective purchasers are advised to satisfy themselves as to the accuracy of the description and any statements made, whether they be statements of fact or opinion, and conduct any research they feel is necessary before committing to a bid. Please see our Terms and Conditions for full details.","lot_media":[],"vehicle_chassis_no":null,"vehicle_year":null,"vehicle_make":"Registration","vehicle_model":"11 KRE","vehicle_registry_code":null,"vehicle_mileage_value":null,"vehicle_engine":null,"price_currency":null,"price_value":null,"price_guide_low":null,"price_guide_high":null,"price_type":"unknown"},
{"auction_label":"Festive Online Collectables Auction","auction_date_range":"Ending 2nd Jan, 2025\n                19:32","lot_source_link":"https://www.historics.co.uk/auction/lot/lot-6---registration-bxi-22/?lot=17176&so=0&st=&sto=0&au=94&ef=&et=&ic=False&sd=1&pp=96&pn=1&g=1","lot_code":"Lot 6","lot_title":"Registration BXI 22","lot_description":"This registration number BXI 22 is currently on a Retention Certificate. Consigned by Dominic LakeThis description is provided by the seller and to the best of the seller's knowledge, accurate and not misleading and unless otherwise stated is 'Not Verified' by Historics or any person employed by Historics. Prospective purchasers are advised to satisfy themselves as to the accuracy of the description and any statements made, whether they be statements of fact or opinion, and conduct any research they feel is necessary before committing to a bid. Please see our Terms and Conditions for full details.","lot_media":[],"vehicle_chassis_no":null,"vehicle_year":null,"vehicle_make":"Registration","vehicle_model":"BXI 22","vehicle_registry_code":null,"vehicle_mileage_value":null,"vehicle_engine":null,"price_currency":"GBP","price_value":null,"price_guide_low":5000,"price_guide_high":6000,"price_type":"estimate"},
{"auction_label":"Festive Online Collectables Auction","auction_date_range":"Ending 2nd Jan, 2025\n                19:33","lot_source_link":"https://www.historics.co.uk/auction/lot/lot-7---1995-jaguar-xjs-celebration/?lot=17183&so=0&st=&sto=0&au=94&ef=&et=&ic=False&sd=1&pp=96&pn=1&g=1","lot_code":"Lot 7","lot_title":"1995 Jaguar XJS Celebration","lot_description":"1975 saw the launch of the Jaguar XJS. In a year that Margaret Thatcher was made the leader of the Conservative Party and petrol was 70 pence per gallon, the new grand tourer from Jaguar was introduced as the replacement for the iconic E-Type. During an astonishing build run of 21 years, 115,413 units were produced by the Coventry manufacturer at their world-famous Browns Lane factory. The final, more aerodynamic version of the XJS was introduced in 1991. At the same time, the car benefitted from a revision to the rear brakes; they were now fitted with outboard rear disc brakes, instead of the more complicated inboard items on previous models. With a more efficient engine and subtle design changes, this version was available until production ceased. In 1995, the last full year of production, the ‘Celebration’ edition was produced to commemorate Jaguar’s 60th year.\n\nThis Jaguar 4.0 litre six cylinder later XJS Celebration presented in White with Tan leather trim was privately imported to the UK from Florida in September 2021. Originally registered in 1995 this desirable model has been garaged when not in use since its arrival in the UK and is described by our vendor as in excellent structural and cosmetic condition having benefitted from the dry climate for 26 years of its life. Supplied with a Jaguar heritage certificate…… Import documents, book pack and some sundry invoices this left hand drive example would be perfect for a trip onto the continent or simply as a more cost effective entry into the desirable Celebration XJS ownership. Consigned by Mathew Priddy.Collection from Northhampton Northhamptonshire.\n\n*PLEASE NOTE THE PHOTOS SUYPPLIED ARE TEMPORARY AND A FULL PHOTOSHOOT WILL BE UPLOADED SHORTLY\n\nThis description is provided by the seller and to the best of the seller's knowledge, accurate and not misleading and unless otherwise stated is 'Not Verified' by Historics or any person employed by Historics. Prospective purchasers are advised to satisfy themselves as to the accuracy of the description and any statements made, whether they be statements of fact or opinion, and conduct any research they feel is necessary before committing to a bid. Please see our Terms and Conditions for full details.","lot_media":["https://storagegohistorics.blob.core.windows.net/stock/17179-65-small.jpg?v=63870640415440","https://storagegohistorics.blob.core.windows.net/stock/17179-69-small.jpg?v=63870640422460","https://storagegohistorics.blob.core.windows.net/stock/17179-70-small.jpg?v=63870640423920","https://storagegohistorics.blob.core.windows.net/stock/17179-68-small.jpg?v=63870640420447","https://storagegohistorics.blob.core.windows.net/stock/17179-67-small.jpg?v=63870640418707","https://storagegohistorics.blob.core.windows.net/stock/17179-66-small.jpg?v=63870640417167","https://storagegohistorics.blob.core.windows.net/stock/17179-1-small.jpg?v=63869687916827","https://storagegohistorics.blob.core.windows.net/stock/17179-6-small.jpg?v=63869687919353","https://storagegohistorics.blob.core.windows.net/stock/17179-56-small.jpg?v=63870640174317","https://storagegohistorics.blob.core.windows.net/stock/17179-4-small.jpg?v=63869687918270","https://storagegohistorics.blob.core.windows.net/stock/17179-42-small.jpg?v=63870640153020","https://storagegohistorics.blob.core.windows.net/stock/17179-5-small.jpg?v=63869687918807","https://storagegohistorics.blob.core.windows.net/stock/17179-10-small.jpg?v=63870640043543","https://storagegohistorics.blob.core.windows.net/stock/17179-11-small.jpg?v=63870640045690","https://storagegohistorics.blob.core.windows.net/stock/17179-12-small.jpg?v=63870640048120","https://storagegohistorics.blob.core.windows.net/stock/17179-13-small.jpg?v=63870640049793","https://storagegohistorics.blob.core.windows.net/stock/17179-14-small.jpg?v=63870640051480","https://storagegohistorics.blob.core.windows.net/stock/17179-15-small.jpg?v=63870640053227","https://storagegohistorics.blob.core.windows.net/stock/17179-16-small.jpg?v=63870640055100","https://storagegohistorics.blob.core.windows.net/stock/17179-17-small.jpg?v=63870640056820","https://storagegohistorics.blob.core.windows.net/stock/17179-18-small.jpg?v=63870640058723","https://storagegohistorics.blob.core.windows.net/stock/17179-19-small.jpg?v=63870640060560","https://storagegohistorics.blob.core.windows.net/stock/17179-20-small.jpg?v=63870640062303","https://storagegohistorics.blob.core.windows.net/stock/17179-21-small.jpg?v=63870640064083","https://storagegohistorics.blob.core.windows.net/stock/17179-22-small.jpg?v=63870640066077","https://storagegohistorics.blob.core.windows.net/stock/17179-23-small.jpg?v=63870640068070","https://storagegohistorics.blob.core.windows.net/stock/17179-24-small.jpg?v=63870640069963","https://storagegohistorics.blob.core.windows.net/stock/17179-25-small.jpg?v=63870640072013","https://storagegohistorics.blob.core.windows.net/stock/17179-26-small.jpg?v=63870640074133","https://storagegohistorics.blob.core.windows.net/stock/17179-27-small.jpg?v=63870640076167","https://storagegohistorics.blob.core.windows.net/stock/17179-28-small.jpg?v=63870640078193","https://storagegohistorics.blob.core.windows.net/stock/17179-29-small.jpg?v=63870640135330","https://storagegohistorics.blob.core.windows.net/stock/17179-30-small.jpg?v=63870640136653","https://storagegohistorics.blob.core.windows.net/stock/17179-31-small.jpg?v=63870640137870","https://storagegohistorics.blob.core.windows.net/stock/17179-32-small.jpg?v=63870640139060","https://storagegohistorics.blob.core.windows.net/stock/17179-33-small.jpg?v=63870640140327","https://storagegohistorics.blob.core.windows.net/stock/17179-34-small.jpg?v=63870640141680","https://storagegohistorics.blob.core.windows.net/stock/17179-35-small.jpg?v=63870640143003","https://storagegohistorics.blob.core.windows.net/stock/17179-36-small.jpg?v=63870640144330","https://storagegohistorics.blob.core.windows.net/stock/17179-37-small.jpg?v=63870640146023","https://storagegohistorics.blob.core.windows.net/stock/17179-38-small.jpg?v=63870640147333","https://storagegohistorics.blob.core.windows.net/stock/17179-39-small.jpg?v=63870640148580","https://storagegohistorics.blob.core.windows.net/stock/17179-40-small.jpg?v=63870640150043","https://storagegohistorics.blob.core.windows.net/stock/17179-41-small.jpg?v=63870640151390","https://storagegohistorics.blob.core.windows.net/stock/17179-43-small.jpg?v=63870640154767","https://storagegohistorics.blob.core.windows.net/stock/17179-44-small.jpg?v=63870640156047","https://storagegohistorics.blob.core.windows.net/stock/17179-45-small.jpg?v=63870640157580","https://storagegohistorics.blob.core.windows.net/stock/17179-46-small.jpg?v=63870640159103","https://storagegohistorics.blob.core.windows.net/stock/17179-47-small.jpg?v=63870640160947","https://storagegohistorics.blob.core.windows.net/stock/17179-48-small.jpg?v=63870640162390","https://storagegohistorics.blob.core.windows.net/stock/17179-49-small.jpg?v=63870640163713","https://storagegohistorics.blob.core.windows.net/stock/17179-50-small.jpg?v=63870640164963","https://storagegohistorics.blob.core.windows.net/stock/17179-51-small.jpg?v=63870640166630","https://storagegohistorics.blob.core.windows.net/stock/17179-52-small.jpg?v=63870640168160","https://storagegohistorics.blob.core.windows.net/stock/17179-53-small.jpg?v=63870640169360","https://storagegohistorics.blob.core.windows.net/stock/17179-54-small.jpg?v=63870640171233","https://storagegohistorics.blob.core.windows.net/stock/17179-55-small.jpg?v=63870640172793","https://storagegohistorics.blob.core.windows.net/stock/17179-57-small.jpg?v=63870640202227","https://storagegohistorics.blob.core.windows.net/stock/17179-58-small.jpg?v=63870640203497","https://storagegohistorics.blob.core.windows.net/stock/17179-59-small.jpg?v=63870640204747","https://storagegohistorics.blob.core.windows.net/stock/17179-60-small.jpg?v=63870640206067","https://storagegohistorics.blob.core.windows.net/stock/17179-61-small.jpg?v=63870640207290","https://storagegohistorics.blob.core.windows.net/stock/17179-62-small.jpg?v=63870640208520","https://storagegohistorics.blob.core.windows.net/stock/17179-63-small.jpg?v=63870640209780","https://storagegohistorics.blob.core.windows.net/stock/17179-64-small.jpg?v=63870640211300"],"vehicle_chassis_no":"SAJNX2747SC195040","vehicle_year":"1995","vehicle_make":"Jaguar","vehicle_model":"XJS Celebration","vehicle_registry_code":"M705 VCT","vehicle_mileage_value":"79,400","vehicle_engine":"TBA","price_currency":"GBP","price_value":null,"price_guide_low":10000,"price_guide_high":15000,"price_type":"estimate"},
{"auction_label":"Festive Online Collectables Auction","auction_date_range":"Ending 2nd Jan, 2025\n                19:33","lot_source_link":"https://www.historics.co.uk/auction/lot/lot-8---eaglemoss-james-bond-aston-martin-db5-18-scale/?lot=17186&so=0&st=&sto=0&au=94&ef=&et=&ic=False&sd=1&pp=96&pn=1&g=1","lot_code":"Lot 8","lot_title":"Eaglemoss James Bond Aston Martin DB5 1:8 Scale","lot_description":"The Aston Martin DB5 was a British grand tourer produced and designed by Italian coachbuilder Carrozzeria Touring Superleggera. Originally produced from 1963 to 1965, the DB5 was an evolution of the final series of DB4. The \"DB\" designation is from the initials of David Brown who built up the company from 1947 onwards. The DB5 is best-known for its role in the James Bond films. It was first driven by the fictional spy in the film Goldfinger (1964). In 2013, the car featured on a \"British Auto Legends\" postage stamp issued by the Royal Mail.\n\nThis limited edition Eaglemoss James Bond Aston Martin DB5 1:8 Scale magazine model is a must-have for diecast and vehicle collectors, as well as fans of the iconic James Bond franchise. The legendary Aston Martin DB5, has been a fan favourite since its appearance in the 1964 film \"Goldfinger\". This is a rare find supplied with dust cover and magazines\n\nand we are informed all electrics are working and have no damage. Consigned by Mathew Priddy\n\nCollection from Chertsey, Surrey\n\nThis description is provided by the seller and to the best of the seller's knowledge, accurate and not misleading and unless otherwise stated is 'Not Verified' by Historics or any person employed by Historics. Prospective purchasers are advised to satisfy themselves as to the accuracy of the description and any statements made, whether they be statements of fact or opinion, and conduct any research they feel is necessary before committing to a bid. Please see our Terms and Conditions for full details.","lot_media":["https://storagegohistorics.blob.core.windows.net/stock/17182-5-small.jpg?v=63870038512060","https://storagegohistorics.blob.core.windows.net/stock/17182-3-small.jpg?v=63870038509243","https://storagegohistorics.blob.core.windows.net/stock/17182-0-small.jpg?v=63870038505930","https://storagegohistorics.blob.core.windows.net/stock/17182-4-small.jpg?v=63870038510300","https://storagegohistorics.blob.core.windows.net/stock/17182-2-small.jpg?v=63870038508050","https://storagegohistorics.blob.core.windows.net/stock/17182-1-small.jpg?v=63870038506983","https://storagegohistorics.blob.core.windows.net/stock/17182-6-small.jpg?v=63870041004830","https://storagegohistorics.blob.core.windows.net/stock/17182-7-small.jpg?v=63870041006017","https://storagegohistorics.blob.core.windows.net/stock/17182-8-small.jpg?v=63870041007083","https://storagegohistorics.blob.core.windows.net/stock/17182-9-small.jpg?v=63870041008393","https://storagegohistorics.blob.core.windows.net/stock/17182-10-small.jpg?v=63870041009500","https://storagegohistorics.blob.core.windows.net/stock/17182-11-small.jpg?v=63870041010837","https://storagegohistorics.blob.core.windows.net/stock/17182-12-small.jpg?v=63870041012210","https://storagegohistorics.blob.core.windows.net/stock/17182-13-small.jpg?v=63870041013423","https://storagegohistorics.blob.core.windows.net/stock/17182-14-small.jpg?v=63870041014650","https://storagegohistorics.blob.core.windows.net/stock/17182-15-small.jpg?v=63870041015737","https://storagegohistorics.blob.core.windows.net/stock/17182-16-small.jpg?v=63870041016953","https://storagegohistorics.blob.core.windows.net/stock/17182-17-small.jpg?v=63870041018007","https://storagegohistorics.blob.core.windows.net/stock/17182-18-small.jpg?v=63870041019060","https://storagegohistorics.blob.core.windows.net/stock/17182-19-small.jpg?v=63870041020273","https://storagegohistorics.blob.core.windows.net/stock/17182-20-small.jpg?v=63870041021810","https://storagegohistorics.blob.core.windows.net/stock/17182-21-small.jpg?v=63870041023220","https://storagegohistorics.blob.core.windows.net/stock/17182-22-small.jpg?v=63870041024307","https://storagegohistorics.blob.core.windows.net/stock/17182-23-small.jpg?v=63870041025497","https://storagegohistorics.blob.core.windows.net/stock/17182-24-small.jpg?v=63870041027020","https://storagegohistorics.blob.core.windows.net/stock/17182-25-small.jpg?v=63870041028373","https://storagegohistorics.blob.core.windows.net/stock/17182-26-small.jpg?v=63870041029677","https://storagegohistorics.blob.core.windows.net/stock/17182-27-small.jpg?v=63870041030780","https://storagegohistorics.blob.core.windows.net/stock/17182-28-small.jpg?v=63870041031910","https://storagegohistorics.blob.core.windows.net/stock/17182-29-small.jpg?v=63870041033517","https://storagegohistorics.blob.core.windows.net/stock/17182-30-small.jpg?v=63870041034920","https://storagegohistorics.blob.core.windows.net/stock/17182-31-small.jpg?v=63870041036070","https://storagegohistorics.blob.core.windows.net/main/STACKED%20GREEN%20V1%205x7.jpg"],"vehicle_chassis_no":null,"vehicle_year":null,"vehicle_make":"Eaglemoss James Bond Aston Martin","vehicle_model":"DB5 1:8 Scale","vehicle_registry_code":null,"vehicle_mileage_value":null,"vehicle_engine":null,"price_currency":"GBP","price_value":1860,"price_guide_low":null,"price_guide_high":null,"price_type":"sold"},
{"auction_label":"Festive Online Collectables Auction","auction_date_range":"Ending 2nd Jan, 2025\n                19:34","lot_source_link":"https://www.historics.co.uk/auction/lot/lot-9---2010-chevrolet-camaro-ss/?lot=17174&so=0&st=&sto=0&au=94&ef=&et=&ic=False&sd=1&pp=96&pn=1&g=1","lot_code":"Lot 9","lot_title":"2010 Chevrolet Camaro SS","lot_description":"The fifth-generation Chevrolet Camaro, a pony car that was manufactured from 2010 to 2015. It is the fifth distinct generation of the muscle/pony car to be produced since its original introduction in 1967. Production of the fifth-generation model began on March 16, 2009 after several years on hiatus since the previous generation's production ended in 2002 and went on sale to the public in April 2009 for the 2010 model year. The SS with manual transmission is powered by the 6.2 litre GM LS3 V8 engine rated at 426 bhp at 5,900 rpm with 420 lb ft of torque at 4,600 rpm.\n\nSupplied to Farnsworth Chevrolet Inc. New York in 2010 this example was imported into the UK in 2013, a well specified example finished in Daytona white with red rally stripe with full SS sports leather upholstery in charcoal and oxblood with silver/inferno orange trim. Supplied with the ‘Transformers pack’ including digital air con, Pioneer LCD with iPod connectivity, Boston CD sound system, Bluetooth and reverse camera. Also specified with electric heated mirrors, Xenon lights, 20-inch dark chrome SS alloys and electric tinted glass sunroof. When imported the car had one owner from new and was supplied with CarFax report and HPi certificate. Recently serviced and with a good history file featuring four services from Belmont Chevrolet, Greystone an American specialist and recently Surry Lodge. This is a well cared for example of the car made popular by the Transformers movie, with an MoT until October 2025 and sounds fabulous. Consigned by Mathew Priddy.Collection from Laleham Middlesex\n\nThis description is provided by the seller and to the best of the seller's knowledge, accurate and not misleading and unless otherwise stated is 'Not Verified' by Historics or any person employed by Historics. Prospective purchasers are advised to satisfy themselves as to the accuracy of the description and any statements made, whether they be statements of fact or opinion, and conduct any research they feel is necessary before committing to a bid. Please see our Terms and Conditions for full details.","lot_media":["https://storagegohistorics.blob.core.windows.net/stock/17170-6-small.jpg?v=63869522925057","https://storagegohistorics.blob.core.windows.net/stock/17170-3-small.jpg?v=63869522919703","https://storagegohistorics.blob.core.windows.net/stock/17170-1-small.jpg?v=63869522915793","https://storagegohistorics.blob.core.windows.net/stock/17170-4-small.jpg?v=63869522921767","https://storagegohistorics.blob.core.windows.net/stock/17170-5-small.jpg?v=63869522923733","https://storagegohistorics.blob.core.windows.net/stock/17170-0-small.jpg?v=63869522914243","https://storagegohistorics.blob.core.windows.net/stock/17170-2-small.jpg?v=63869522917890","https://storagegohistorics.blob.core.windows.net/stock/17170-7-small.jpg?v=63869523171923","https://storagegohistorics.blob.core.windows.net/stock/17170-8-small.jpg?v=63869523173903","https://storagegohistorics.blob.core.windows.net/stock/17170-9-small.jpg?v=63869523175950","https://storagegohistorics.blob.core.windows.net/stock/17170-10-small.jpg?v=63869523178087","https://storagegohistorics.blob.core.windows.net/stock/17170-11-small.jpg?v=63869523180297","https://storagegohistorics.blob.core.windows.net/stock/17170-12-small.jpg?v=63869523182360","https://storagegohistorics.blob.core.windows.net/stock/17170-13-small.jpg?v=63869523184600","https://storagegohistorics.blob.core.windows.net/stock/17170-14-small.jpg?v=63869523186697","https://storagegohistorics.blob.core.windows.net/stock/17170-15-small.jpg?v=63869523188480","https://storagegohistorics.blob.core.windows.net/stock/17170-16-small.jpg?v=63869523190423","https://storagegohistorics.blob.core.windows.net/stock/17170-17-small.jpg?v=63869523192303","https://storagegohistorics.blob.core.windows.net/stock/17170-18-small.jpg?v=63869523194353","https://storagegohistorics.blob.core.windows.net/stock/17170-19-small.jpg?v=63869523196243","https://storagegohistorics.blob.core.windows.net/stock/17170-20-small.jpg?v=63869523198327","https://storagegohistorics.blob.core.windows.net/stock/17170-21-small.jpg?v=63869523200353","https://storagegohistorics.blob.core.windows.net/stock/17170-22-small.jpg?v=63869523202623","https://storagegohistorics.blob.core.windows.net/stock/17170-23-small.jpg?v=63869523204653","https://storagegohistorics.blob.core.windows.net/stock/17170-24-small.jpg?v=63869523206727","https://storagegohistorics.blob.core.windows.net/stock/17170-25-small.jpg?v=63869523208790","https://storagegohistorics.blob.core.windows.net/stock/17170-26-small.jpg?v=63869523210860","https://storagegohistorics.blob.core.windows.net/stock/17170-27-small.jpg?v=63869523212890","https://storagegohistorics.blob.core.windows.net/stock/17170-28-small.jpg?v=63869523214877","https://storagegohistorics.blob.core.windows.net/stock/17170-29-small.jpg?v=63869523217077","https://storagegohistorics.blob.core.windows.net/stock/17170-30-small.jpg?v=63869523219037","https://storagegohistorics.blob.core.windows.net/stock/17170-31-small.jpg?v=63869523220997","https://storagegohistorics.blob.core.windows.net/stock/17170-32-small.jpg?v=63869523222900","https://storagegohistorics.blob.core.windows.net/stock/17170-33-small.jpg?v=63869523224857","https://storagegohistorics.blob.core.windows.net/stock/17170-34-small.jpg?v=63869523226777","https://storagegohistorics.blob.core.windows.net/stock/17170-35-small.jpg?v=63869523228677","https://storagegohistorics.blob.core.windows.net/stock/17170-36-small.jpg?v=63869523230510","https://storagegohistorics.blob.core.windows.net/stock/17170-37-small.jpg?v=63869523232380","https://storagegohistorics.blob.core.windows.net/stock/17170-38-small.jpg?v=63869523234340","https://storagegohistorics.blob.core.windows.net/stock/17170-39-small.jpg?v=63869523236280","https://storagegohistorics.blob.core.windows.net/stock/17170-40-small.jpg?v=63869523238397","https://storagegohistorics.blob.core.windows.net/stock/17170-41-small.jpg?v=63869523240517","https://storagegohistorics.blob.core.windows.net/stock/17170-42-small.jpg?v=63869523242367","https://storagegohistorics.blob.core.windows.net/stock/17170-43-small.jpg?v=63869523244420","https://storagegohistorics.blob.core.windows.net/stock/17170-44-small.jpg?v=63869523246267","https://storagegohistorics.blob.core.windows.net/stock/17170-45-small.jpg?v=63869523248180","https://storagegohistorics.blob.core.windows.net/stock/17170-46-small.jpg?v=63869523250123","https://storagegohistorics.blob.core.windows.net/stock/17170-47-small.jpg?v=63869523252097","https://storagegohistorics.blob.core.windows.net/stock/17170-48-small.jpg?v=63869523254200","https://storagegohistorics.blob.core.windows.net/stock/17170-49-small.jpg?v=63869523256150","https://storagegohistorics.blob.core.windows.net/stock/17170-50-small.jpg?v=63869523258140","https://storagegohistorics.blob.core.windows.net/stock/17170-51-small.jpg?v=63869523260273","https://storagegohistorics.blob.core.windows.net/stock/17170-52-small.jpg?v=63869523262213","https://storagegohistorics.blob.core.windows.net/stock/17170-53-small.jpg?v=63869523264247","https://storagegohistorics.blob.core.windows.net/stock/17170-54-small.jpg?v=63869523266283","https://storagegohistorics.blob.core.windows.net/stock/17170-55-small.jpg?v=63869523268353","https://storagegohistorics.blob.core.windows.net/stock/17170-56-small.jpg?v=63869523270587","https://storagegohistorics.blob.core.windows.net/stock/17170-57-small.jpg?v=63869523310230","https://storagegohistorics.blob.core.windows.net/main/STACKED%20GREEN%20V1%205x7.jpg"],"vehicle_chassis_no":"2G1FT1EW2A9177556","vehicle_year":"2010","vehicle_make":"Chevrolet","vehicle_model":"Camaro SS","vehicle_registry_code":"SS59 CAM","vehicle_mileage_value":"55,408","vehicle_engine":"TBA","price_currency":"GBP","price_value":null,"price_guide_low":17000,"price_guide_high":22000,"price_type":"estimate"},
{"auction_label":"Festive Online Collectables Auction","auction_date_range":"Ending 2nd Jan, 2025\n                19:34","lot_source_link":"https://www.historics.co.uk/auction/lot/lot-10---registration-tfn-41/?lot=17175&so=0&st=&sto=0&au=94&ef=&et=&ic=False&sd=1&pp=96&pn=1&g=1","lot_code":"Lot 10","lot_title":"Registration TFN 41","lot_description":"This registration number TFN 41 is currently on a Retention Certificate. Consigned by Scott WaltersThis description is provided by the seller and to the best of the seller's knowledge, accurate and not misleading and unless otherwise stated is 'Not Verified' by Historics or any person employed by Historics. Prospective purchasers are advised to satisfy themselves as to the accuracy of the description and any statements made, whether they be statements of fact or opinion, and conduct any research they feel is necessary before committing to a bid. Please see our Terms and Conditions for full details.","lot_media":[],"vehicle_chassis_no":null,"vehicle_year":null,"vehicle_make":"Registration","vehicle_model":"TFN 41","vehicle_registry_code":null,"vehicle_mileage_value":null,"vehicle_engine":null,"price_currency":"GBP","price_value":null,"price_guide_low":1500,"price_guide_high":2500,"price_type":"estimate"},
{"auction_label":"Festive Online Collectables Auction","auction_date_range":"Ending 2nd Jan, 2025\n                19:35","lot_source_link":"https://www.historics.co.uk/auction/lot/lot-11---vintage-sig-rc-plane-kit-collection/?lot=17170&so=0&st=&sto=0&au=94&ef=&et=&ic=False&sd=1&pp=96&pn=1&g=1","lot_code":"Lot 11","lot_title":"Vintage Sig R/C plane kit collection","lot_description":"A combination of Vintage sig kit R/C balsa wood planes offered without reserve. The collection includes a Kiwi 54-inch wingspan, Citabria 59-inch wingspan and a Kadet Senior 78-inch wingspan all in original packaging. As well as three r/c planes this collection includes an Excellence series radio control system and a selection of engines and props. All kits are believed to be complete and in working order. Consigned by Scott Walters.Collection from Iver Buckinghamshire\n\nThis description is provided by the seller and to the best of the seller's knowledge, accurate and not misleading and unless otherwise stated is 'Not Verified' by Historics or any person employed by Historics. Prospective purchasers are advised to satisfy themselves as to the accuracy of the description and any statements made, whether they be statements of fact or opinion, and conduct any research they feel is necessary before committing to a bid. Please see our Terms and Conditions for full details.","lot_media":["https://storagegohistorics.blob.core.windows.net/stock/17166-5-small.jpg?v=63869010558440","https://storagegohistorics.blob.core.windows.net/stock/17166-1-small.jpg?v=63869010554767","https://storagegohistorics.blob.core.windows.net/stock/17166-16-small.jpg?v=63869428593113","https://storagegohistorics.blob.core.windows.net/stock/17166-17-small.jpg?v=63869428594377","https://storagegohistorics.blob.core.windows.net/stock/17166-15-small.jpg?v=63869010570503","https://storagegohistorics.blob.core.windows.net/stock/17166-2-small.jpg?v=63869010555580","https://storagegohistorics.blob.core.windows.net/stock/17166-19-small.jpg?v=63869428596860","https://storagegohistorics.blob.core.windows.net/stock/17166-6-small.jpg?v=63869010559350","https://storagegohistorics.blob.core.windows.net/stock/17166-13-small.jpg?v=63869010567887","https://storagegohistorics.blob.core.windows.net/stock/17166-10-small.jpg?v=63869010564380","https://storagegohistorics.blob.core.windows.net/stock/17166-0-small.jpg?v=63869010553793","https://storagegohistorics.blob.core.windows.net/stock/17166-3-small.jpg?v=63869010556363","https://storagegohistorics.blob.core.windows.net/stock/17166-7-small.jpg?v=63869010560303","https://storagegohistorics.blob.core.windows.net/stock/17166-12-small.jpg?v=63869010566843","https://storagegohistorics.blob.core.windows.net/stock/17166-9-small.jpg?v=63869010563370","https://storagegohistorics.blob.core.windows.net/stock/17166-18-small.jpg?v=63869428595487"],"vehicle_chassis_no":null,"vehicle_year":null,"vehicle_make":"Vintage Sig R/C plane kit collection","vehicle_model":null,"vehicle_registry_code":null,"vehicle_mileage_value":null,"vehicle_engine":null,"price_currency":"GBP","price_value":136,"price_guide_low":null,"price_guide_high":null,"price_type":"sold"},
{"auction_label":"Festive Online Collectables Auction","auction_date_range":"Ending 2nd Jan, 2025\n                19:35","lot_source_link":"https://www.historics.co.uk/auction/lot/lot-12---hooded-gig-horse-carriage/?lot=17171&so=0&st=&sto=0&au=94&ef=&et=&ic=False&sd=1&pp=96&pn=1&g=1","lot_code":"Lot 12","lot_title":"Hooded Gig Horse Carriage","lot_description":"Believed to be Victorian style hooded gig horse carriage. In need of reconditioning, the seat requires re upholstering, the right-hand wood shaft requires mending or replacing and the hood is in working condition but may require some work due to cracks. Carrige rolls freely. Consigned by Scott WaltersCollection from Iver Buckinghamshire\n\nThis description is provided by the seller and to the best of the seller's knowledge, accurate and not misleading and unless otherwise stated is 'Not Verified' by Historics or any person employed by Historics. Prospective purchasers are advised to satisfy themselves as to the accuracy of the description and any statements made, whether they be statements of fact or opinion, and conduct any research they feel is necessary before committing to a bid. Please see our Terms and Conditions for full details.","lot_media":["https://storagegohistorics.blob.core.windows.net/stock/17167-4-small.jpg?v=63869518029620","https://storagegohistorics.blob.core.windows.net/stock/17167-0-small.jpg?v=63869518025590","https://storagegohistorics.blob.core.windows.net/stock/17167-1-small.jpg?v=63869518026690","https://storagegohistorics.blob.core.windows.net/stock/17167-3-small.jpg?v=63869518028733","https://storagegohistorics.blob.core.windows.net/stock/17167-2-small.jpg?v=63869518027560","https://storagegohistorics.blob.core.windows.net/stock/17167-5-small.jpg?v=63869518030537","https://storagegohistorics.blob.core.windows.net/stock/17167-6-small.jpg?v=63869518074707","https://storagegohistorics.blob.core.windows.net/stock/17167-7-small.jpg?v=63869518075933","https://storagegohistorics.blob.core.windows.net/stock/17167-20-small.jpg?v=63869518091227","https://storagegohistorics.blob.core.windows.net/stock/17167-21-small.jpg?v=63869518092583","https://storagegohistorics.blob.core.windows.net/stock/17167-15-small.jpg?v=63869518085150","https://storagegohistorics.blob.core.windows.net/stock/17167-16-small.jpg?v=63869518086550","https://storagegohistorics.blob.core.windows.net/stock/17167-18-small.jpg?v=63869518088567","https://storagegohistorics.blob.core.windows.net/stock/17167-8-small.jpg?v=63869518077033","https://storagegohistorics.blob.core.windows.net/stock/17167-9-small.jpg?v=63869518078083","https://storagegohistorics.blob.core.windows.net/stock/17167-10-small.jpg?v=63869518079230","https://storagegohistorics.blob.core.windows.net/stock/17167-11-small.jpg?v=63869518080503","https://storagegohistorics.blob.core.windows.net/stock/17167-13-small.jpg?v=63869518082890","https://storagegohistorics.blob.core.windows.net/stock/17167-12-small.jpg?v=63869518081653","https://storagegohistorics.blob.core.windows.net/stock/17167-14-small.jpg?v=63869518084057","https://storagegohistorics.blob.core.windows.net/stock/17167-17-small.jpg?v=63869518087737","https://storagegohistorics.blob.core.windows.net/stock/17167-30-small.jpg?v=63869518105640","https://storagegohistorics.blob.core.windows.net/stock/17167-32-small.jpg?v=63869518108800","https://storagegohistorics.blob.core.windows.net/stock/17167-31-small.jpg?v=63869518107187","https://storagegohistorics.blob.core.windows.net/stock/17167-19-small.jpg?v=63869518089883","https://storagegohistorics.blob.core.windows.net/stock/17167-22-small.jpg?v=63869518094107","https://storagegohistorics.blob.core.windows.net/stock/17167-24-small.jpg?v=63869518096950","https://storagegohistorics.blob.core.windows.net/stock/17167-25-small.jpg?v=63869518098477","https://storagegohistorics.blob.core.windows.net/stock/17167-27-small.jpg?v=63869518101537","https://storagegohistorics.blob.core.windows.net/stock/17167-28-small.jpg?v=63869518103053","https://storagegohistorics.blob.core.windows.net/stock/17167-29-small.jpg?v=63869518104107","https://storagegohistorics.blob.core.windows.net/stock/17167-26-small.jpg?v=63869518100000","https://storagegohistorics.blob.core.windows.net/stock/17167-33-small.jpg?v=63869518110313","https://storagegohistorics.blob.core.windows.net/stock/17167-23-small.jpg?v=63869518095520","https://storagegohistorics.blob.core.windows.net/stock/17167-34-small.jpg?v=63869518111807"],"vehicle_chassis_no":null,"vehicle_year":null,"vehicle_make":"Hooded Gig","vehicle_model":"Horse Carriage","vehicle_registry_code":null,"vehicle_mileage_value":null,"vehicle_engine":null,"price_currency":null,"price_value":null,"price_guide_low":null,"price_guide_high":null,"price_type":"offered_without_reserve"},
{"auction_label":"Festive Online Collectables Auction","auction_date_range":"Ending 2nd Jan, 2025\n                19:36","lot_source_link":"https://www.historics.co.uk/auction/lot/lot-13---registration-th15-gls/?lot=17168&so=0&st=&sto=0&au=94&ef=&et=&ic=False&sd=1&pp=96&pn=1&g=1","lot_code":"Lot 13","lot_title":"Registration TH15 GLS","lot_description":"This registration number TH15 GLS comes with a Certificate of Entitlement. Consigned by James Good.\n\nThis description is provided by the seller and to the best of the seller's knowledge, accurate and not misleading and unless otherwise stated is 'Not Verified' by Historics or any person employed by Historics. Prospective purchasers are advised to satisfy themselves as to the accuracy of the description and any statements made, whether they be statements of fact or opinion, and conduct any research they feel is necessary before committing to a bid. Please see our Terms and Conditions for full details.","lot_media":[],"vehicle_chassis_no":null,"vehicle_year":null,"vehicle_make":"Registration","vehicle_model":"TH15 GLS","vehicle_registry_code":null,"vehicle_mileage_value":null,"vehicle_engine":null,"price_currency":"GBP","price_value":null,"price_guide_low":500,"price_guide_high":1000,"price_type":"estimate"},
{"auction_label":"Festive Online Collectables Auction","auction_date_range":"Ending 2nd Jan, 2025\n                19:36","lot_source_link":"https://www.historics.co.uk/auction/lot/lot-14---collection-of-vintage-desk-top-planes/?lot=17162&so=0&st=&sto=0&au=94&ef=&et=&ic=False&sd=1&pp=96&pn=1&g=1","lot_code":"Lot 14","lot_title":"Collection of vintage desk top planes","lot_description":"Collection of 26 vintage desk top planes and models from an Ex-British Airways pilot. The collection mainly comprises of British Airways planes including Boeing 757, Boeing 747 and Concorde to name a few as well as additional components in fair condition. This collection is offered without reserve. Consigned by Scott WaltersCollection from Iver Buckinghamshire\n\nThis description is provided by the seller and to the best of the seller's knowledge, accurate and not misleading and unless otherwise stated is 'Not Verified' by Historics or any person employed by Historics. Prospective purchasers are advised to satisfy themselves as to the accuracy of the description and any statements made, whether they be statements of fact or opinion, and conduct any research they feel is necessary before committing to a bid. Please see our Terms and Conditions for full details.","lot_media":["https://storagegohistorics.blob.core.windows.net/stock/17158-1-small.jpg?v=63868902796190","https://storagegohistorics.blob.core.windows.net/stock/17158-0-small.jpg?v=63868902794483","https://storagegohistorics.blob.core.windows.net/stock/17158-5-small.jpg?v=63868902800633","https://storagegohistorics.blob.core.windows.net/stock/17158-3-small.jpg?v=63868902798553","https://storagegohistorics.blob.core.windows.net/stock/17158-2-small.jpg?v=63868902797543","https://storagegohistorics.blob.core.windows.net/stock/17158-28-small.jpg?v=63869427173740","https://storagegohistorics.blob.core.windows.net/stock/17158-29-small.jpg?v=63869427350660","https://storagegohistorics.blob.core.windows.net/stock/17158-7-small.jpg?v=63868903695553","https://storagegohistorics.blob.core.windows.net/stock/17158-9-small.jpg?v=63868903699150","https://storagegohistorics.blob.core.windows.net/stock/17158-10-small.jpg?v=63868903700423","https://storagegohistorics.blob.core.windows.net/stock/17158-11-small.jpg?v=63868903701720","https://storagegohistorics.blob.core.windows.net/stock/17158-30-small.jpg?v=63869427672750","https://storagegohistorics.blob.core.windows.net/stock/17158-13-small.jpg?v=63868903705470","https://storagegohistorics.blob.core.windows.net/stock/17158-14-small.jpg?v=63868903706837","https://storagegohistorics.blob.core.windows.net/stock/17158-15-small.jpg?v=63868903708087","https://storagegohistorics.blob.core.windows.net/stock/17158-16-small.jpg?v=63868903709557","https://storagegohistorics.blob.core.windows.net/stock/17158-17-small.jpg?v=63868903710987","https://storagegohistorics.blob.core.windows.net/stock/17158-18-small.jpg?v=63868903712050","https://storagegohistorics.blob.core.windows.net/stock/17158-31-small.jpg?v=63869427730383","https://storagegohistorics.blob.core.windows.net/stock/17158-20-small.jpg?v=63868903714547","https://storagegohistorics.blob.core.windows.net/stock/17158-21-small.jpg?v=63868903716090","https://storagegohistorics.blob.core.windows.net/stock/17158-22-small.jpg?v=63868903717623","https://storagegohistorics.blob.core.windows.net/stock/17158-23-small.jpg?v=63868903719180","https://storagegohistorics.blob.core.windows.net/stock/17158-32-small.jpg?v=63869427894387","https://storagegohistorics.blob.core.windows.net/stock/17158-25-small.jpg?v=63868903722273","https://storagegohistorics.blob.core.windows.net/stock/17158-26-small.jpg?v=63868903723807","https://storagegohistorics.blob.core.windows.net/stock/17158-27-small.jpg?v=63868903725443","https://storagegohistorics.blob.core.windows.net/stock/17158-8-small.jpg?v=63868903697390"],"vehicle_chassis_no":null,"vehicle_year":null,"vehicle_make":"Collection of Vintage desk top planes","vehicle_model":null,"vehicle_registry_code":null,"vehicle_mileage_value":null,"vehicle_engine":null,"price_currency":"GBP","price_value":273,"price_guide_low":null,"price_guide_high":null,"price_type":"sold"},
{"auction_label":"Festive Online Collectables Auction","auction_date_range":"Ending 2nd Jan, 2025\n                19:37","lot_source_link":"https://www.historics.co.uk/auction/lot/lot-15---1955-vespa-150-vl-1t-model/?lot=17164&so=0&st=&sto=0&au=94&ef=&et=&ic=False&sd=1&pp=96&pn=1&g=1","lot_code":"Lot 15","lot_title":"1955 Vespa 150 VL 1T model","lot_description":"1955 Vespa 150 VL 1T and sidecar model. 1:6 scale die-cast with plastics still in original packaging. Offered without reserve. Consigned by Scott WaltersCollection from Iver Buckinghamshire\n\nThis description is provided by the seller and to the best of the seller's knowledge, accurate and not misleading and unless otherwise stated is 'Not Verified' by Historics or any person employed by Historics. Prospective purchasers are advised to satisfy themselves as to the accuracy of the description and any statements made, whether they be statements of fact or opinion, and conduct any research they feel is necessary before committing to a bid. Please see our Terms and Conditions for full details.","lot_media":["https://storagegohistorics.blob.core.windows.net/stock/17160-4-small.jpg?v=63868914904493","https://storagegohistorics.blob.core.windows.net/stock/17160-0-small.jpg?v=63868914900153","https://storagegohistorics.blob.core.windows.net/stock/17160-5-small.jpg?v=63868914905520","https://storagegohistorics.blob.core.windows.net/stock/17160-2-small.jpg?v=63868914902420","https://storagegohistorics.blob.core.windows.net/stock/17160-3-small.jpg?v=63868914903513"],"vehicle_chassis_no":null,"vehicle_year":null,"vehicle_make":"1955 Vespa 150 VL 1T die-cast model","vehicle_model":null,"vehicle_registry_code":null,"vehicle_mileage_value":null,"vehicle_engine":null,"price_currency":"GBP","price_value":99,"price_guide_low":null,"price_guide_high":null,"price_type":"sold"},
{"auction_label":"Festive Online Collectables Auction","auction_date_range":"Ending 2nd Jan, 2025\n                19:37","lot_source_link":"https://www.historics.co.uk/auction/lot/lot-16---registration-th15-svo/?lot=17169&so=0&st=&sto=0&au=94&ef=&et=&ic=False&sd=1&pp=96&pn=1&g=1","lot_code":"Lot 16","lot_title":"Registration TH15 SVO","lot_description":"This registration number TH15 SVO comes with a Certificate of Entitlement. Consigned by James Good\n\nThis description is provided by the seller and to the best of the seller's knowledge, accurate and not misleading and unless otherwise stated is 'Not Verified' by Historics or any person employed by Historics. Prospective purchasers are advised to satisfy themselves as to the accuracy of the description and any statements made, whether they be statements of fact or opinion, and conduct any research they feel is necessary before committing to a bid. Please see our Terms and Conditions for full details.","lot_media":[],"vehicle_chassis_no":null,"vehicle_year":null,"vehicle_make":"Registration","vehicle_model":null,"vehicle_registry_code":"TH15 SVO","vehicle_mileage_value":null,"vehicle_engine":null,"price_currency":"GBP","price_value":null,"price_guide_low":500,"price_guide_high":1000,"price_type":"estimate"},
{"auction_label":"Festive Online Collectables Auction","auction_date_range":"Ending 2nd Jan, 2025\n                19:38","lot_source_link":"https://www.historics.co.uk/auction/lot/lot-17---vintage-glider-construction-kits/?lot=17163&so=0&st=&sto=0&au=94&ef=&et=&ic=False&sd=1&pp=96&pn=1&g=1","lot_code":"Lot 17","lot_title":"Vintage Glider construction kits","lot_description":"Vintage Veron glider 30-inch wingspan glider and Twister St Leonards 74-inch wingspan R/C acrobatic slope soarer Balsa Wood kits in original packaging. The vendor believes the kits to be complete. Please note no radio control is included. Offered without reserve. Consigned by Scott Walters.Collection from Iver Buckinghamshire\n\nThis description is provided by the seller and to the best of the seller's knowledge, accurate and not misleading and unless otherwise stated is 'Not Verified' by Historics or any person employed by Historics. Prospective purchasers are advised to satisfy themselves as to the accuracy of the description and any statements made, whether they be statements of fact or opinion, and conduct any research they feel is necessary before committing to a bid. Please see our Terms and Conditions for full details.","lot_media":["https://storagegohistorics.blob.core.windows.net/stock/17159-0-small.jpg?v=63868911102753","https://storagegohistorics.blob.core.windows.net/stock/17159-1-small.jpg?v=63868911103870","https://storagegohistorics.blob.core.windows.net/stock/17159-9-small.jpg?v=63868911113220","https://storagegohistorics.blob.core.windows.net/stock/17159-3-small.jpg?v=63868911105630","https://storagegohistorics.blob.core.windows.net/stock/17159-8-small.jpg?v=63868911112187","https://storagegohistorics.blob.core.windows.net/stock/17159-5-small.jpg?v=63868911108073","https://storagegohistorics.blob.core.windows.net/stock/17159-10-small.jpg?v=63869426974983","https://storagegohistorics.blob.core.windows.net/stock/17159-7-small.jpg?v=63868911110783","https://storagegohistorics.blob.core.windows.net/stock/17159-4-small.jpg?v=63868911106953","https://storagegohistorics.blob.core.windows.net/stock/17159-6-small.jpg?v=63868911109087"],"vehicle_chassis_no":null,"vehicle_year":null,"vehicle_make":"Vintage glider and acrobatic Balsa Wood construction kits","vehicle_model":null,"vehicle_registry_code":null,"vehicle_mileage_value":null,"vehicle_engine":null,"price_currency":null,"price_value":null,"price_guide_low":null,"price_guide_high":null,"price_type":"offered_without_reserve"},
{"auction_label":"Festive Online Collectables Auction","auction_date_range":"Ending 2nd Jan, 2025\n                19:38","lot_source_link":"https://www.historics.co.uk/auction/lot/lot-18---registration-ss62-bos/?lot=17179&so=0&st=&sto=0&au=94&ef=&et=&ic=False&sd=1&pp=96&pn=1&g=1","lot_code":"Lot 18","lot_title":"Registration SS62 BOS","lot_description":"This registration number SS62 BOS comes with a Certificate of Entitlement\n\nConsigned by James Good\n\nThis description is provided by the seller and to the best of the seller's knowledge, accurate and not misleading and unless otherwise stated is 'Not Verified' by Historics or any person employed by Historics. Prospective purchasers are advised to satisfy themselves as to the accuracy of the description and any statements made, whether they be statements of fact or opinion, and conduct any research they feel is necessary before committing to a bid. Please see our Terms and Conditions for full details.","lot_media":[],"vehicle_chassis_no":null,"vehicle_year":null,"vehicle_make":"Registration","vehicle_model":"SS62 BOS","vehicle_registry_code":null,"vehicle_mileage_value":null,"vehicle_engine":null,"price_currency":null,"price_value":null,"price_guide_low":null,"price_guide_high":null,"price_type":"offered_without_reserve"},
{"auction_label":"Festive Online Collectables Auction","auction_date_range":"Ending 2nd Jan, 2025\n                19:39","lot_source_link":"https://www.historics.co.uk/auction/lot/lot-19---razor-cx-rc-helicopter/?lot=17165&so=0&st=&sto=0&au=94&ef=&et=&ic=False&sd=1&pp=96&pn=1&g=1","lot_code":"Lot 19","lot_title":"Razor CX RC Helicopter","lot_description":"Razor CX 2.4G R/C Helicopter in original packaging. Dimensions 22.5 x 11.5 x 24 MM. Believed to be in full working order. Offered without reserve. Consigned by Scott WaltersCollection from Iver Buckinghamshire\n\nThis description is provided by the seller and to the best of the seller's knowledge, accurate and not misleading and unless otherwise stated is 'Not Verified' by Historics or any person employed by Historics. Prospective purchasers are advised to satisfy themselves as to the accuracy of the description and any statements made, whether they be statements of fact or opinion, and conduct any research they feel is necessary before committing to a bid. Please see our Terms and Conditions for full details.","lot_media":["https://storagegohistorics.blob.core.windows.net/stock/17161-4-small.jpg?v=63868924245003","https://storagegohistorics.blob.core.windows.net/stock/17161-5-small.jpg?v=63868924246137","https://storagegohistorics.blob.core.windows.net/stock/17161-3-small.jpg?v=63868924243410","https://storagegohistorics.blob.core.windows.net/stock/17161-2-small.jpg?v=63868924242550","https://storagegohistorics.blob.core.windows.net/stock/17161-0-small.jpg?v=63868924239960","https://storagegohistorics.blob.core.windows.net/stock/17161-1-small.jpg?v=63868924241657"],"vehicle_chassis_no":null,"vehicle_year":null,"vehicle_make":"Razor CX RC 2.4G Helicopter","vehicle_model":null,"vehicle_registry_code":null,"vehicle_mileage_value":null,"vehicle_engine":null,"price_currency":"GBP","price_value":105,"price_guide_low":null,"price_guide_high":null,"price_type":"sold"},
{"auction_label":"Festive Online Collectables Auction","auction_date_range":"Ending 2nd Jan, 2025\n                19:39","lot_source_link":"https://www.historics.co.uk/auction/lot/lot-20---registration-th15-gag/?lot=17166&so=0&st=&sto=0&au=94&ef=&et=&ic=False&sd=1&pp=96&pn=1&g=1","lot_code":"Lot 20","lot_title":"Registration TH15 GAG","lot_description":"This registration number TH15 GAG comes with a Certificate of Entitlement. Consigned by James Good.\n\nThis description is provided by the seller and to the best of the seller's knowledge, accurate and not misleading and unless otherwise stated is 'Not Verified' by Historics or any person employed by Historics. Prospective purchasers are advised to satisfy themselves as to the accuracy of the description and any statements made, whether they be statements of fact or opinion, and conduct any research they feel is necessary before committing to a bid. Please see our Terms and Conditions for full details.","lot_media":[],"vehicle_chassis_no":null,"vehicle_year":null,"vehicle_make":"Registration","vehicle_model":"TH15 GAG","vehicle_registry_code":null,"vehicle_mileage_value":null,"vehicle_engine":null,"price_currency":"GBP","price_value":null,"price_guide_low":500,"price_guide_high":1000,"price_type":"estimate"},
{"auction_label":"Festive Online Collectables Auction","auction_date_range":"Ending 2nd Jan, 2025\n                19:40","lot_source_link":"https://www.historics.co.uk/auction/lot/lot-21---vintage-rc-plane-collection/?lot=17172&so=0&st=&sto=0&au=94&ef=&et=&ic=False&sd=1&pp=96&pn=1&g=1","lot_code":"Lot 21","lot_title":"Vintage R/C Plane Collection","lot_description":"A collection of Vintage R/C kit Planes. This collection includes two Cub plane kits, Piper Cub J3 with a wing span of 9ft (108 Inches) and Piper Cub super Cruiser with a wing span of 72 Inches. Smith Miniplane with a wing span of 44 Inches. Vindaloo with a wing span of 52 Inches. All planes are still in orignal boxes. As well as four planes this collection also comprises of an Enya model engine still in the box. Turbomat 4 R/C charger still in box. Heat sealing tool still in box. Hitec R/C controller. All kits are beleived to be complete and in working order. Consigned by Scott WaltersCollection from Iver Buckinghamshire\n\nThis description is provided by the seller and to the best of the seller's knowledge, accurate and not misleading and unless otherwise stated is 'Not Verified' by Historics or any person employed by Historics. Prospective purchasers are advised to satisfy themselves as to the accuracy of the description and any statements made, whether they be statements of fact or opinion, and conduct any research they feel is necessary before committing to a bid. Please see our Terms and Conditions for full details.","lot_media":["https://storagegohistorics.blob.core.windows.net/stock/17168-21-small.jpg?v=63869425088183","https://storagegohistorics.blob.core.windows.net/stock/17168-0-small.jpg?v=63869425065343","https://storagegohistorics.blob.core.windows.net/stock/17168-9-small.jpg?v=63869425075867","https://storagegohistorics.blob.core.windows.net/stock/17168-20-small.jpg?v=63869425087180","https://storagegohistorics.blob.core.windows.net/stock/17168-18-small.jpg?v=63869425084653","https://storagegohistorics.blob.core.windows.net/stock/17168-22-small.jpg?v=63869428167437","https://storagegohistorics.blob.core.windows.net/stock/17168-2-small.jpg?v=63869425067487","https://storagegohistorics.blob.core.windows.net/stock/17168-14-small.jpg?v=63869425080577","https://storagegohistorics.blob.core.windows.net/stock/17168-13-small.jpg?v=63869425079710","https://storagegohistorics.blob.core.windows.net/stock/17168-23-small.jpg?v=63869428303300","https://storagegohistorics.blob.core.windows.net/stock/17168-24-small.jpg?v=63869428304753","https://storagegohistorics.blob.core.windows.net/stock/17168-6-small.jpg?v=63869425073203","https://storagegohistorics.blob.core.windows.net/stock/17168-19-small.jpg?v=63869425086250","https://storagegohistorics.blob.core.windows.net/stock/17168-1-small.jpg?v=63869425066253","https://storagegohistorics.blob.core.windows.net/stock/17168-15-small.jpg?v=63869425081580","https://storagegohistorics.blob.core.windows.net/stock/17168-4-small.jpg?v=63869425071613","https://storagegohistorics.blob.core.windows.net/stock/17168-10-small.jpg?v=63869425076557","https://storagegohistorics.blob.core.windows.net/stock/17168-5-small.jpg?v=63869425072420","https://storagegohistorics.blob.core.windows.net/stock/17168-17-small.jpg?v=63869425083687","https://storagegohistorics.blob.core.windows.net/stock/17168-16-small.jpg?v=63869425082760","https://storagegohistorics.blob.core.windows.net/stock/17168-8-small.jpg?v=63869425074957","https://storagegohistorics.blob.core.windows.net/stock/17168-3-small.jpg?v=63869425069520"],"vehicle_chassis_no":null,"vehicle_year":null,"vehicle_make":"Vintage R/C Plane Collection","vehicle_model":null,"vehicle_registry_code":null,"vehicle_mileage_value":null,"vehicle_engine":null,"price_currency":"GBP","price_value":118,"price_guide_low":null,"price_guide_high":null,"price_type":"sold"},
{"auction_label":"Festive Online Collectables Auction","auction_date_range":"Ending 2nd Jan, 2025\n                19:40","lot_source_link":"https://www.historics.co.uk/auction/lot/lot-22---2010-fiat-695-abarth-tributo-ferrari/?lot=17192&so=0&st=&sto=0&au=94&ef=&et=&ic=False&sd=1&pp=96&pn=1&g=1","lot_code":"Lot 22","lot_title":"2010 Fiat 695 Abarth Tributo Ferrari","lot_description":"The Fiat 500 Abarth Tributo Ferrari is a special edition of the iconic Fiat 500, designed to celebrate the Italian brand's long-standing relationship with Ferrari. This sporty version combines the compact charm of the Fiat 500 with the performance and luxury of Ferrari. Under the hood, it features a turbocharged 1.4 litre engine, delivering a boost in power and handling compared to the standard 500 Abarth. The Tributo Ferrari edition is distinguished by unique design elements, such as Ferrari-inspired interior details, a distinctive Rosso Scuderia paint job, and special badges, making it a rare and stylish homage to Ferrari’s motorsport heritage.\n\nThis Fiat 500 Abarth Tributo Ferrari is number 571 of only 1,119 produced of which 152 are believed to have been supplied to the UK market. This example was originally registered in January 2011 and shows a mere 597 miles on the odometer at the time of cataloguing. The vendor states this example is offered in condition surmountable with its mileage. The car features Ferrari inspired touches such as stripes, carbon fibre trim and unique badging. This car is offered with V5 registration document, handbooks and a service invoice from Fiat Bolton Motor Park at 313 miles. This would make a great addition to any collection as a future hot hatch classic or a perfect daily driver suited to the country roads or zipping around town. Consigned by Scott Walters.\n\nCollection Pinner Middlesex\n\nThis description is provided by the seller and to the best of the seller's knowledge, accurate and not misleading and unless otherwise stated is 'Not Verified' by Historics or any person employed by Historics. Prospective purchasers are advised to satisfy themselves as to the accuracy of the description and any statements made, whether they be statements of fact or opinion, and conduct any research they feel is necessary before committing to a bid. Please see our Terms and Conditions for full details.","lot_media":["https://storagegohistorics.blob.core.windows.net/stock/17188-87-small.jpg?v=63870641277897","https://storagegohistorics.blob.core.windows.net/stock/17188-84-small.jpg?v=63870641273167","https://storagegohistorics.blob.core.windows.net/stock/17188-85-small.jpg?v=63870641274750","https://storagegohistorics.blob.core.windows.net/stock/17188-86-small.jpg?v=63870641276440","https://storagegohistorics.blob.core.windows.net/stock/17188-82-small.jpg?v=63870641270173","https://storagegohistorics.blob.core.windows.net/stock/17188-83-small.jpg?v=63870641271777","https://storagegohistorics.blob.core.windows.net/stock/17188-1-small.jpg?v=63870640652500","https://storagegohistorics.blob.core.windows.net/stock/17188-2-small.jpg?v=63870640653743","https://storagegohistorics.blob.core.windows.net/stock/17188-3-small.jpg?v=63870640654937","https://storagegohistorics.blob.core.windows.net/stock/17188-4-small.jpg?v=63870640656143","https://storagegohistorics.blob.core.windows.net/stock/17188-5-small.jpg?v=63870640657680","https://storagegohistorics.blob.core.windows.net/stock/17188-6-small.jpg?v=63870640659620","https://storagegohistorics.blob.core.windows.net/stock/17188-7-small.jpg?v=63870640680680","https://storagegohistorics.blob.core.windows.net/stock/17188-8-small.jpg?v=63870640684357","https://storagegohistorics.blob.core.windows.net/stock/17188-9-small.jpg?v=63870640686163","https://storagegohistorics.blob.core.windows.net/stock/17188-10-small.jpg?v=63870640688013","https://storagegohistorics.blob.core.windows.net/stock/17188-11-small.jpg?v=63870640689867","https://storagegohistorics.blob.core.windows.net/stock/17188-12-small.jpg?v=63870640691693","https://storagegohistorics.blob.core.windows.net/stock/17188-13-small.jpg?v=63870640693443","https://storagegohistorics.blob.core.windows.net/stock/17188-14-small.jpg?v=63870640695360","https://storagegohistorics.blob.core.windows.net/stock/17188-15-small.jpg?v=63870640697277","https://storagegohistorics.blob.core.windows.net/stock/17188-16-small.jpg?v=63870640699270","https://storagegohistorics.blob.core.windows.net/stock/17188-17-small.jpg?v=63870640701280","https://storagegohistorics.blob.core.windows.net/stock/17188-18-small.jpg?v=63870640703617","https://storagegohistorics.blob.core.windows.net/stock/17188-19-small.jpg?v=63870640705667","https://storagegohistorics.blob.core.windows.net/stock/17188-20-small.jpg?v=63870640707633","https://storagegohistorics.blob.core.windows.net/stock/17188-21-small.jpg?v=63870640709620","https://storagegohistorics.blob.core.windows.net/stock/17188-22-small.jpg?v=63870640875597","https://storagegohistorics.blob.core.windows.net/stock/17188-23-small.jpg?v=63870640891430","https://storagegohistorics.blob.core.windows.net/stock/17188-24-small.jpg?v=63870640893493","https://storagegohistorics.blob.core.windows.net/stock/17188-25-small.jpg?v=63870640895250","https://storagegohistorics.blob.core.windows.net/stock/17188-26-small.jpg?v=63870640897137","https://storagegohistorics.blob.core.windows.net/stock/17188-27-small.jpg?v=63870640898913","https://storagegohistorics.blob.core.windows.net/stock/17188-28-small.jpg?v=63870640900650","https://storagegohistorics.blob.core.windows.net/stock/17188-29-small.jpg?v=63870640902567","https://storagegohistorics.blob.core.windows.net/stock/17188-30-small.jpg?v=63870640904393","https://storagegohistorics.blob.core.windows.net/stock/17188-31-small.jpg?v=63870640906360","https://storagegohistorics.blob.core.windows.net/stock/17188-32-small.jpg?v=63870640908093","https://storagegohistorics.blob.core.windows.net/stock/17188-33-small.jpg?v=63870640909860","https://storagegohistorics.blob.core.windows.net/stock/17188-34-small.jpg?v=63870640911570","https://storagegohistorics.blob.core.windows.net/stock/17188-35-small.jpg?v=63870640913427","https://storagegohistorics.blob.core.windows.net/stock/17188-36-small.jpg?v=63870640915217","https://storagegohistorics.blob.core.windows.net/stock/17188-37-small.jpg?v=63870640916953","https://storagegohistorics.blob.core.windows.net/stock/17188-38-small.jpg?v=63870640918613","https://storagegohistorics.blob.core.windows.net/stock/17188-39-small.jpg?v=63870640920410","https://storagegohistorics.blob.core.windows.net/stock/17188-40-small.jpg?v=63870640922303","https://storagegohistorics.blob.core.windows.net/stock/17188-41-small.jpg?v=63870640924240","https://storagegohistorics.blob.core.windows.net/stock/17188-42-small.jpg?v=63870640926140","https://storagegohistorics.blob.core.windows.net/stock/17188-43-small.jpg?v=63870640927860","https://storagegohistorics.blob.core.windows.net/stock/17188-44-small.jpg?v=63870640929837","https://storagegohistorics.blob.core.windows.net/stock/17188-45-small.jpg?v=63870640931527","https://storagegohistorics.blob.core.windows.net/stock/17188-46-small.jpg?v=63870640933413","https://storagegohistorics.blob.core.windows.net/stock/17188-47-small.jpg?v=63870640935170","https://storagegohistorics.blob.core.windows.net/stock/17188-48-small.jpg?v=63870640937260","https://storagegohistorics.blob.core.windows.net/stock/17188-49-small.jpg?v=63870640939293","https://storagegohistorics.blob.core.windows.net/stock/17188-50-small.jpg?v=63870640983017","https://storagegohistorics.blob.core.windows.net/stock/17188-51-small.jpg?v=63870640986880","https://storagegohistorics.blob.core.windows.net/stock/17188-52-small.jpg?v=63870640989340","https://storagegohistorics.blob.core.windows.net/stock/17188-53-small.jpg?v=63870640990820","https://storagegohistorics.blob.core.windows.net/stock/17188-54-small.jpg?v=63870640992620","https://storagegohistorics.blob.core.windows.net/stock/17188-55-small.jpg?v=63870640999780","https://storagegohistorics.blob.core.windows.net/stock/17188-56-small.jpg?v=63870641001570","https://storagegohistorics.blob.core.windows.net/stock/17188-57-small.jpg?v=63870641003390","https://storagegohistorics.blob.core.windows.net/stock/17188-58-small.jpg?v=63870641005260","https://storagegohistorics.blob.core.windows.net/stock/17188-59-small.jpg?v=63870641007237","https://storagegohistorics.blob.core.windows.net/stock/17188-60-small.jpg?v=63870641008990","https://storagegohistorics.blob.core.windows.net/stock/17188-61-small.jpg?v=63870641010647","https://storagegohistorics.blob.core.windows.net/stock/17188-62-small.jpg?v=63870641012397","https://storagegohistorics.blob.core.windows.net/stock/17188-63-small.jpg?v=63870641013933","https://storagegohistorics.blob.core.windows.net/stock/17188-64-small.jpg?v=63870641015673","https://storagegohistorics.blob.core.windows.net/stock/17188-65-small.jpg?v=63870641017470","https://storagegohistorics.blob.core.windows.net/stock/17188-66-small.jpg?v=63870641019123","https://storagegohistorics.blob.core.windows.net/stock/17188-67-small.jpg?v=63870641020690","https://storagegohistorics.blob.core.windows.net/stock/17188-68-small.jpg?v=63870641022543","https://storagegohistorics.blob.core.windows.net/stock/17188-69-small.jpg?v=63870641024510","https://storagegohistorics.blob.core.windows.net/stock/17188-70-small.jpg?v=63870641026317","https://storagegohistorics.blob.core.windows.net/stock/17188-71-small.jpg?v=63870641028280","https://storagegohistorics.blob.core.windows.net/stock/17188-72-small.jpg?v=63870641030157","https://storagegohistorics.blob.core.windows.net/stock/17188-73-small.jpg?v=63870641032377","https://storagegohistorics.blob.core.windows.net/stock/17188-74-small.jpg?v=63870641034333","https://storagegohistorics.blob.core.windows.net/stock/17188-75-small.jpg?v=63870641036600","https://storagegohistorics.blob.core.windows.net/stock/17188-76-small.jpg?v=63870641038450","https://storagegohistorics.blob.core.windows.net/stock/17188-77-small.jpg?v=63870641040590","https://storagegohistorics.blob.core.windows.net/stock/17188-78-small.jpg?v=63870641052160","https://storagegohistorics.blob.core.windows.net/stock/17188-79-small.jpg?v=63870641054557","https://storagegohistorics.blob.core.windows.net/stock/17188-80-small.jpg?v=63870641056330","https://storagegohistorics.blob.core.windows.net/stock/17188-81-small.jpg?v=63870641058100","https://storagegohistorics.blob.core.windows.net/main/STACKED%20GREEN%20V1%205x7.jpg"],"vehicle_chassis_no":"ZFA31200000624507","vehicle_year":"2010","vehicle_make":"Fiat","vehicle_model":"695 Abarth Tributo Ferrari","vehicle_registry_code":"LJ60 MVO","vehicle_mileage_value":"597","vehicle_engine":"1604492","price_currency":"GBP","price_value":null,"price_guide_low":44000,"price_guide_high":48000,"price_type":"estimate"},
{"auction_label":"Festive Online Collectables Auction","auction_date_range":"Ending 2nd Jan, 2025\n                19:41","lot_source_link":"https://www.historics.co.uk/auction/lot/lot-25---governess-style-horse-cart-withdrawn/?lot=17193&so=0&st=&sto=0&au=94&ef=&et=&ic=False&sd=1&pp=96&pn=1&g=1","lot_code":"Lot 25","lot_title":"Governess style horse cart *WITHDRAWN*","lot_description":"DUE TO CIRCUMSTANCES BEYOND OUR CONTROL, THIS LOT HAS BEEN WITHDRAWN FROM THE AUCTION\n\nGoverness style horse cart rolls freely but in need of reconditioning. Consigned by Scott Walters.\n\nThis description is provided by the seller and to the best of the seller's knowledge, accurate and not misleading and unless otherwise stated is 'Not Verified' by Historics or any person employed by Historics. Prospective purchasers are advised to satisfy themselves as to the accuracy of the description and any statements made, whether they be statements of fact or opinion, and conduct any research they feel is necessary before committing to a bid. Please see our Terms and Conditions for full details.","lot_media":["https://storagegohistorics.blob.core.windows.net/stock/17189-5-small.jpg?v=63870217173390","https://storagegohistorics.blob.core.windows.net/stock/17189-0-small.jpg?v=63870217117323","https://storagegohistorics.blob.core.windows.net/stock/17189-1-small.jpg?v=63870217118800","https://storagegohistorics.blob.core.windows.net/stock/17189-2-small.jpg?v=63870217120070","https://storagegohistorics.blob.core.windows.net/stock/17189-3-small.jpg?v=63870217121350","https://storagegohistorics.blob.core.windows.net/stock/17189-4-small.jpg?v=63870217122937","https://storagegohistorics.blob.core.windows.net/stock/17189-6-small.jpg?v=63870217187813","https://storagegohistorics.blob.core.windows.net/stock/17189-7-small.jpg?v=63870217189410","https://storagegohistorics.blob.core.windows.net/stock/17189-8-small.jpg?v=63870217191250","https://storagegohistorics.blob.core.windows.net/stock/17189-9-small.jpg?v=63870217192970","https://storagegohistorics.blob.core.windows.net/stock/17189-10-small.jpg?v=63870217195000"],"vehicle_chassis_no":null,"vehicle_year":null,"vehicle_make":"Governess","vehicle_model":"Horse cart","vehicle_registry_code":null,"vehicle_mileage_value":null,"vehicle_engine":null,"price_currency":"GBP","price_value":400,"price_guide_low":null,"price_guide_high":null,"price_type":"sold"}
]}