{"meta":{"auction":"https://www.historics.co.uk/auction/details/w008-online-collectibles/?au=103","slug":"w008-online-collectibles","scrapedAt":"2025-10-24T10:02:56.653Z","timezone":"Europe/Amsterdam","lot_links_count":12},"lotDetails":[
{"auction_label":"Online Collectibles","auction_date_range":"Ending 6th Aug, 2025\n                19:40","lot_source_link":"https://www.historics.co.uk/auction/lot/lot-2007-porsche-911997-carrera-2-s/?lot=17992&so=0&st=&sto=0&au=103&ef=&et=&ic=False&sd=1&pp=96&pn=1&g=1","lot_code":null,"lot_title":"2007 Porsche 911/997 Carrera 2 S","lot_description":"The sixth generation of the Porsche 911 was dubbed the 997 and introduced in 2005. It retained the previous model’s basic profile but drew on the 993 for detailing. In addition, the new headlights reverted to the original bug-eye design. The interior was similarly revised, with strong links to the earlier 911 interiors while at the same time looking fresh and modern. Initially, two versions of the 997 were introduced, the rear-wheel-drive Carrera and Carrera S. In late 2005, Porsche introduced the four-wheel drive versions of the 997, the Carrera 4 and Carrera 4 S which were announced as 2006 models. The 997 remains a worthy model of one of the most celebrated sportscars ever produced and also received a vast amount of positive reviews from the worldwide motoring press, with Jeremy Clarkson, a known detractor of Porsche cars, noting that the 997 will \"make love to your fingertips and stir your soul”.\n\nFirst registered on 11th July 2007, this black on black, two former keeper example has the desirable six-speed manual gearbox and sunroof. A 3.8 litre Carrera 2 S specification car, it is very much the enthusiasts combination as a real drivers example sitting on lobster claw alloys and matching OEM specification Bridgestone Potenza tyres. A very clean and comprehensively maintained example with six service stamps until 2016 at 109,155 miles at which point the clutch and brakes were replaced. Purchased in early 2017, shortly after taking ownership of his dream 911 disaster struck, a noise in the engine was diagnosed as an IMF bearing failure. Our vendor decided rather than sell the car requiring work he would ‘bite the bullet’ and pay for the full engine rebuild.\n\nThe engine was stripped and ready to be worked on when COVID hit and everything was put on pause. The car remained garaged until 2022 after which a search found Classic and Modern Engine Services in Bracknell to fully rebuild the engine and West End Farm Garage to recommission/service the car. The engine work by Classic and Modern Engine Services is detailed by a job sheet showing the full rebuild costing £11,274 before heading to West End Farm Garage for a recommission which included, air conditioning condensers, new cam shaft sensor, new starter motor, fuel pump, rear tyres and shocks, brake lines and a service amongst other work with the vendor having spent near £20,000 in total by this point.\n\nSince its return the car has visited RSR for a running in service, handbrake shoes and air conditioning re-gas, a new battery was fitted last year and the car has been used sparingly as always intended. Having spent a significant sum on this example our vendor who must paraphrase ‘scratched the itch’ is now looking to find a new owner for the car who will benefit from the confidence of the engine rebuild that so many 996 and Gen I 997 require.\n\nThe perfect colour combination with a manual gearbox, sunroof and a full engine rebuild with running in service, this 997 offers extra confidence that others cannot. On what is one of the more desirable specification 997/911’s you can buy, our vendor has sadly taken the ‘hit’, but it does mean that any buyer can capitalise on having all the common issues addressed and enjoy one of the best drivers 911’s. Consigned by Mathew Priddy\n\nThe car is currently located in Slough, Berkshire.\n\nThis description is provided by the seller and to the best of the seller's knowledge, accurate and not misleading and unless otherwise stated is 'Not Verified' by Historics or any person employed by Historics. Prospective purchasers are advised to satisfy themselves as to the accuracy of the description and any statements made, whether they be statements of fact or opinion, and conduct any research they feel is necessary before committing to a bid. Please see our Terms and Conditions for full details.","lot_media":["https://storagegohistorics.blob.core.windows.net/stock/17977-5-small.jpg?v=63888810129753","https://storagegohistorics.blob.core.windows.net/stock/17977-2-small.jpg?v=63888810124083","https://storagegohistorics.blob.core.windows.net/stock/17977-1-small.jpg?v=63888810122600","https://storagegohistorics.blob.core.windows.net/stock/17977-0-small.jpg?v=63888810120780","https://storagegohistorics.blob.core.windows.net/stock/17977-3-small.jpg?v=63888810125913","https://storagegohistorics.blob.core.windows.net/stock/17977-4-small.jpg?v=63888810127913","https://storagegohistorics.blob.core.windows.net/stock/17977-6-small.jpg?v=63888810131340","https://storagegohistorics.blob.core.windows.net/stock/17977-7-small.jpg?v=63888810240370","https://storagegohistorics.blob.core.windows.net/stock/17977-8-small.jpg?v=63888810242307","https://storagegohistorics.blob.core.windows.net/stock/17977-9-small.jpg?v=63888810244263","https://storagegohistorics.blob.core.windows.net/stock/17977-10-small.jpg?v=63888810246260","https://storagegohistorics.blob.core.windows.net/stock/17977-11-small.jpg?v=63888810248327","https://storagegohistorics.blob.core.windows.net/stock/17977-12-small.jpg?v=63888810250453","https://storagegohistorics.blob.core.windows.net/stock/17977-13-small.jpg?v=63888810252567","https://storagegohistorics.blob.core.windows.net/stock/17977-14-small.jpg?v=63888810254597","https://storagegohistorics.blob.core.windows.net/stock/17977-15-small.jpg?v=63888810256640","https://storagegohistorics.blob.core.windows.net/stock/17977-16-small.jpg?v=63888810258613","https://storagegohistorics.blob.core.windows.net/stock/17977-17-small.jpg?v=63888810260640","https://storagegohistorics.blob.core.windows.net/stock/17977-18-small.jpg?v=63888810262920","https://storagegohistorics.blob.core.windows.net/stock/17977-19-small.jpg?v=63888810264910","https://storagegohistorics.blob.core.windows.net/stock/17977-20-small.jpg?v=63888810267080","https://storagegohistorics.blob.core.windows.net/stock/17977-21-small.jpg?v=63888810269107","https://storagegohistorics.blob.core.windows.net/stock/17977-22-small.jpg?v=63888810271233","https://storagegohistorics.blob.core.windows.net/stock/17977-23-small.jpg?v=63888810273270","https://storagegohistorics.blob.core.windows.net/stock/17977-24-small.jpg?v=63888810275257","https://storagegohistorics.blob.core.windows.net/stock/17977-25-small.jpg?v=63888810277287","https://storagegohistorics.blob.core.windows.net/stock/17977-26-small.jpg?v=63888810279247","https://storagegohistorics.blob.core.windows.net/stock/17977-27-small.jpg?v=63888810281330","https://storagegohistorics.blob.core.windows.net/stock/17977-28-small.jpg?v=63888810283477","https://storagegohistorics.blob.core.windows.net/stock/17977-29-small.jpg?v=63888810285440","https://storagegohistorics.blob.core.windows.net/stock/17977-30-small.jpg?v=63888810287500","https://storagegohistorics.blob.core.windows.net/stock/17977-31-small.jpg?v=63888810289583","https://storagegohistorics.blob.core.windows.net/stock/17977-32-small.jpg?v=63888810291723","https://storagegohistorics.blob.core.windows.net/stock/17977-33-small.jpg?v=63888810293627","https://storagegohistorics.blob.core.windows.net/stock/17977-34-small.jpg?v=63888810295823","https://storagegohistorics.blob.core.windows.net/stock/17977-35-small.jpg?v=63888810297760","https://storagegohistorics.blob.core.windows.net/stock/17977-36-small.jpg?v=63888810300027","https://storagegohistorics.blob.core.windows.net/stock/17977-37-small.jpg?v=63888810302333","https://storagegohistorics.blob.core.windows.net/stock/17977-38-small.jpg?v=63888810304383","https://storagegohistorics.blob.core.windows.net/stock/17977-39-small.jpg?v=63888810306380","https://storagegohistorics.blob.core.windows.net/stock/17977-40-small.jpg?v=63888810308750","https://storagegohistorics.blob.core.windows.net/main/STACKED%20GREEN%20V1%205x7.jpg"],"vehicle_chassis_no":"WP0ZZZ99Z7S723934","vehicle_year":"2007","vehicle_make":"Porsche","vehicle_model":"911/997 Carrera 2 S","vehicle_registry_code":"RY07 NFZ","vehicle_mileage_value":"111050","vehicle_engine":null,"price_currency":"GBP","price_value":null,"price_guide_low":20000,"price_guide_high":25000,"price_type":"estimate"},
{"auction_label":"Online Collectibles","auction_date_range":"Ending 6th Aug, 2025\n                19:40","lot_source_link":"https://www.historics.co.uk/auction/lot/lot-2009-jaguar-xj-30-v6-final-edition/?lot=17853&so=0&st=&sto=0&au=103&ef=&et=&ic=False&sd=1&pp=96&pn=1&g=1","lot_code":null,"lot_title":"2009 Jaguar XJ 3.0 V6 Final Edition","lot_description":"The first XJ was launched in 1968 and the designation has been used for successive Jaguar flagship models ever since. The original model was the last Jaguar saloon to have had the input of Sir William Lyons, the company's founder. With the introduction of the X308 generation in 1997 came a switch from the 'XJ6' nomenclature to 'XJ8', reflecting the fact that the X308 cars were powered by a new V8 engine. In 2007 the X308 was facelifted and internal designation changed to X358 with a revised front grille, deleted mid-door trim and slightly redesigned front fenders and vehicle electronics systems were updated.\n\nFirst registered 2009 in Japan, this fabulously presented example was imported to the UK in the Spring of this year and granted its UK registration of LJ59 VPF on 1st May. A late final edition example presented in Ultimate Pearl Mica with Barley piped trim and sitting on 20\" Takoba alloy wheels, this last of the production run comes with many unique features and benefits from being ULEZ compliant and a sensible tax bracket of £360 a year. Our vendor has had the car converted to a full UK specification including odometer reading in miles, UK satellite navigation and radio. Some of the specification includes Xenon headlamps, front and rear parking sensors, cooled and heated 18-way electric seats, speed limit/cruise control, Jaguar embossed headrests, double glazed windows and aluminium sill tread plates. With Totally original paintwork that has been machine polished with ceramic sealer, an original full handbook pack and two keys alongside a service history from new right up to 46,151 miles, we are informed this car is from a non-smoker and pet free ownership and the owner declared ‘it runs and drives to perfection’. A fabulous opportunity to own one of the very last examples of what is an iconic car in fabulous order and a joy to drive. Consigned by Mathew Priddy\n\nThe car is currently located in Lyne, Surrey.\n\nThis description is provided by the seller and to the best of the seller's knowledge, accurate and not misleading and unless otherwise stated is 'Not Verified' by Historics or any person employed by Historics. Prospective purchasers are advised to satisfy themselves as to the accuracy of the description and any statements made, whether they be statements of fact or opinion, and conduct any research they feel is necessary before committing to a bid. Please see our Terms and Conditions for full details.","lot_media":["https://storagegohistorics.blob.core.windows.net/stock/17838-7-small.jpg?v=63887046060190","https://storagegohistorics.blob.core.windows.net/stock/17838-5-small.jpg?v=63887046057700","https://storagegohistorics.blob.core.windows.net/stock/17838-8-small.jpg?v=63887046061313","https://storagegohistorics.blob.core.windows.net/stock/17838-3-small.jpg?v=63887046053913","https://storagegohistorics.blob.core.windows.net/stock/17838-4-small.jpg?v=63887046054880","https://storagegohistorics.blob.core.windows.net/stock/17838-6-small.jpg?v=63887046059110","https://storagegohistorics.blob.core.windows.net/stock/17838-9-small.jpg?v=63887046194840","https://storagegohistorics.blob.core.windows.net/stock/17838-10-small.jpg?v=63887046196447","https://storagegohistorics.blob.core.windows.net/stock/17838-11-small.jpg?v=63887046203707","https://storagegohistorics.blob.core.windows.net/stock/17838-12-small.jpg?v=63887046211890","https://storagegohistorics.blob.core.windows.net/stock/17838-13-small.jpg?v=63887046215440","https://storagegohistorics.blob.core.windows.net/stock/17838-14-small.jpg?v=63887046219923","https://storagegohistorics.blob.core.windows.net/stock/17838-15-small.jpg?v=63887046222420","https://storagegohistorics.blob.core.windows.net/stock/17838-16-small.jpg?v=63887046223657","https://storagegohistorics.blob.core.windows.net/stock/17838-17-small.jpg?v=63887046225183","https://storagegohistorics.blob.core.windows.net/stock/17838-18-small.jpg?v=63887046226343","https://storagegohistorics.blob.core.windows.net/stock/17838-19-small.jpg?v=63887046228243","https://storagegohistorics.blob.core.windows.net/stock/17838-20-small.jpg?v=63887046229580","https://storagegohistorics.blob.core.windows.net/stock/17838-21-small.jpg?v=63887046231893","https://storagegohistorics.blob.core.windows.net/stock/17838-22-small.jpg?v=63887046234040","https://storagegohistorics.blob.core.windows.net/stock/17838-23-small.jpg?v=63887046235607","https://storagegohistorics.blob.core.windows.net/stock/17838-24-small.jpg?v=63887046237010","https://storagegohistorics.blob.core.windows.net/stock/17838-25-small.jpg?v=63887046238927","https://storagegohistorics.blob.core.windows.net/stock/17838-26-small.jpg?v=63887046244350","https://storagegohistorics.blob.core.windows.net/stock/17838-27-small.jpg?v=63887046245577","https://storagegohistorics.blob.core.windows.net/stock/17838-28-small.jpg?v=63887046247300","https://storagegohistorics.blob.core.windows.net/stock/17838-29-small.jpg?v=63887046248960","https://storagegohistorics.blob.core.windows.net/stock/17838-30-small.jpg?v=63887046250603","https://storagegohistorics.blob.core.windows.net/stock/17838-31-small.jpg?v=63887046251943","https://storagegohistorics.blob.core.windows.net/stock/17838-32-small.jpg?v=63887046253430","https://storagegohistorics.blob.core.windows.net/stock/17838-33-small.jpg?v=63887046254530","https://storagegohistorics.blob.core.windows.net/stock/17838-34-small.jpg?v=63887046255813","https://storagegohistorics.blob.core.windows.net/stock/17838-35-small.jpg?v=63887046257053","https://storagegohistorics.blob.core.windows.net/stock/17838-36-small.jpg?v=63887046258407","https://storagegohistorics.blob.core.windows.net/stock/17838-37-small.jpg?v=63887046260120","https://storagegohistorics.blob.core.windows.net/stock/17838-38-small.jpg?v=63887046261637","https://storagegohistorics.blob.core.windows.net/stock/17838-39-small.jpg?v=63887046386287","https://storagegohistorics.blob.core.windows.net/stock/17838-40-small.jpg?v=63887046395020","https://storagegohistorics.blob.core.windows.net/stock/17838-41-small.jpg?v=63887046396583","https://storagegohistorics.blob.core.windows.net/stock/17838-42-small.jpg?v=63887046398030","https://storagegohistorics.blob.core.windows.net/stock/17838-43-small.jpg?v=63887046399143","https://storagegohistorics.blob.core.windows.net/stock/17838-44-small.jpg?v=63887046400790","https://storagegohistorics.blob.core.windows.net/stock/17838-45-small.jpg?v=63887046402000","https://storagegohistorics.blob.core.windows.net/stock/17838-46-small.jpg?v=63887046404777","https://storagegohistorics.blob.core.windows.net/stock/17838-47-small.jpg?v=63887046406037","https://storagegohistorics.blob.core.windows.net/stock/17838-48-small.jpg?v=63887046407250","https://storagegohistorics.blob.core.windows.net/stock/17838-49-small.jpg?v=63887046408537","https://storagegohistorics.blob.core.windows.net/stock/17838-50-small.jpg?v=63887046409750","https://storagegohistorics.blob.core.windows.net/stock/17838-51-small.jpg?v=63887046411140","https://storagegohistorics.blob.core.windows.net/stock/17838-52-small.jpg?v=63887046412490","https://storagegohistorics.blob.core.windows.net/stock/17838-53-small.jpg?v=63887046414020","https://storagegohistorics.blob.core.windows.net/stock/17838-54-small.jpg?v=63887046415773","https://storagegohistorics.blob.core.windows.net/stock/17838-55-small.jpg?v=63887046633297","https://storagegohistorics.blob.core.windows.net/stock/17838-56-small.jpg?v=63887046635783","https://storagegohistorics.blob.core.windows.net/stock/17838-57-small.jpg?v=63887046644337","https://storagegohistorics.blob.core.windows.net/stock/17838-58-small.jpg?v=63887046650123","https://storagegohistorics.blob.core.windows.net/stock/17838-59-small.jpg?v=63887046662073","https://storagegohistorics.blob.core.windows.net/stock/17838-60-small.jpg?v=63887046663890","https://storagegohistorics.blob.core.windows.net/stock/17838-61-small.jpg?v=63887046665490","https://storagegohistorics.blob.core.windows.net/stock/17838-62-small.jpg?v=63887046666987","https://storagegohistorics.blob.core.windows.net/stock/17838-63-small.jpg?v=63887046668347","https://storagegohistorics.blob.core.windows.net/stock/17838-64-small.jpg?v=63887046670393","https://storagegohistorics.blob.core.windows.net/stock/17838-65-small.jpg?v=63887046673073","https://storagegohistorics.blob.core.windows.net/stock/17838-66-small.jpg?v=63887046674420","https://storagegohistorics.blob.core.windows.net/stock/17838-67-small.jpg?v=63887046675740","https://storagegohistorics.blob.core.windows.net/stock/17838-68-small.jpg?v=63887046677253","https://storagegohistorics.blob.core.windows.net/stock/17838-69-small.jpg?v=63887046680570","https://storagegohistorics.blob.core.windows.net/stock/17838-70-small.jpg?v=63887046682187","https://storagegohistorics.blob.core.windows.net/stock/17838-71-small.jpg?v=63887046683343","https://storagegohistorics.blob.core.windows.net/stock/17838-72-small.jpg?v=63887046684507","https://storagegohistorics.blob.core.windows.net/stock/17838-73-small.jpg?v=63887046685860","https://storagegohistorics.blob.core.windows.net/stock/17838-74-small.jpg?v=63887046687040","https://storagegohistorics.blob.core.windows.net/stock/17838-75-small.jpg?v=63887046688253","https://storagegohistorics.blob.core.windows.net/stock/17838-76-small.jpg?v=63887046689590","https://storagegohistorics.blob.core.windows.net/stock/17838-77-small.jpg?v=63887046690863","https://storagegohistorics.blob.core.windows.net/stock/17838-78-small.jpg?v=63887046692647","https://storagegohistorics.blob.core.windows.net/stock/17838-79-small.jpg?v=63887046693910","https://storagegohistorics.blob.core.windows.net/stock/17838-80-small.jpg?v=63887046695227","https://storagegohistorics.blob.core.windows.net/stock/17838-81-small.jpg?v=63887046696687","https://storagegohistorics.blob.core.windows.net/stock/17838-82-small.jpg?v=63887046708630","https://storagegohistorics.blob.core.windows.net/stock/17838-83-small.jpg?v=63887046712703","https://storagegohistorics.blob.core.windows.net/stock/17838-84-small.jpg?v=63887046714107","https://storagegohistorics.blob.core.windows.net/stock/17838-85-small.jpg?v=63887046715423","https://storagegohistorics.blob.core.windows.net/stock/17838-86-small.jpg?v=63887046716827","https://storagegohistorics.blob.core.windows.net/stock/17838-87-small.jpg?v=63887046718537","https://storagegohistorics.blob.core.windows.net/stock/17838-88-small.jpg?v=63887046720997","https://storagegohistorics.blob.core.windows.net/stock/17838-89-small.jpg?v=63887046722317","https://storagegohistorics.blob.core.windows.net/stock/17838-90-small.jpg?v=63887046723600","https://storagegohistorics.blob.core.windows.net/stock/17838-91-small.jpg?v=63887046724830","https://storagegohistorics.blob.core.windows.net/stock/17838-92-small.jpg?v=63887046726143","https://storagegohistorics.blob.core.windows.net/stock/17838-93-small.jpg?v=63887046727480","https://storagegohistorics.blob.core.windows.net/stock/17838-94-small.jpg?v=63887046729053","https://storagegohistorics.blob.core.windows.net/stock/17838-95-small.jpg?v=63887047022537","https://storagegohistorics.blob.core.windows.net/stock/17838-96-small.jpg?v=63887047025537","https://storagegohistorics.blob.core.windows.net/stock/17838-97-small.jpg?v=63887047064730","https://storagegohistorics.blob.core.windows.net/stock/17838-98-small.jpg?v=63887047090300","https://storagegohistorics.blob.core.windows.net/stock/17838-99-small.jpg?v=63887047091517","https://storagegohistorics.blob.core.windows.net/stock/17838-100-small.jpg?v=63887047094267","https://storagegohistorics.blob.core.windows.net/stock/17838-101-small.jpg?v=63887047103257","https://storagegohistorics.blob.core.windows.net/stock/17838-102-small.jpg?v=63887047104957","https://storagegohistorics.blob.core.windows.net/stock/17838-103-small.jpg?v=63887047106683","https://storagegohistorics.blob.core.windows.net/stock/17838-104-small.jpg?v=63887047108310","https://storagegohistorics.blob.core.windows.net/stock/17838-105-small.jpg?v=63887047109607","https://storagegohistorics.blob.core.windows.net/stock/17838-106-small.jpg?v=63887047113123","https://storagegohistorics.blob.core.windows.net/stock/17838-107-small.jpg?v=63887047115750","https://storagegohistorics.blob.core.windows.net/stock/17838-108-small.jpg?v=63887047128057","https://storagegohistorics.blob.core.windows.net/stock/17838-109-small.jpg?v=63887047135573","https://storagegohistorics.blob.core.windows.net/stock/17838-110-small.jpg?v=63887047140260","https://storagegohistorics.blob.core.windows.net/stock/17838-111-small.jpg?v=63887047145023","https://storagegohistorics.blob.core.windows.net/stock/17838-112-small.jpg?v=63887047147197","https://storagegohistorics.blob.core.windows.net/stock/17838-113-small.jpg?v=63887047149113","https://storagegohistorics.blob.core.windows.net/stock/17838-114-small.jpg?v=63887047155350","https://storagegohistorics.blob.core.windows.net/stock/17838-115-small.jpg?v=63887047156577","https://storagegohistorics.blob.core.windows.net/stock/17838-116-small.jpg?v=63887047158017","https://storagegohistorics.blob.core.windows.net/stock/17838-117-small.jpg?v=63887047159357","https://storagegohistorics.blob.core.windows.net/stock/17838-118-small.jpg?v=63887047163670","https://storagegohistorics.blob.core.windows.net/stock/17838-119-small.jpg?v=63887047165070","https://storagegohistorics.blob.core.windows.net/stock/17838-120-small.jpg?v=63887047166707","https://storagegohistorics.blob.core.windows.net/stock/17838-121-small.jpg?v=63887047169210","https://storagegohistorics.blob.core.windows.net/stock/17838-122-small.jpg?v=63887047173207","https://storagegohistorics.blob.core.windows.net/stock/17838-123-small.jpg?v=63887047176430","https://storagegohistorics.blob.core.windows.net/stock/17838-124-small.jpg?v=63887047179590","https://storagegohistorics.blob.core.windows.net/stock/17838-125-small.jpg?v=63887047181637","https://storagegohistorics.blob.core.windows.net/stock/17838-126-small.jpg?v=63887047182877","https://storagegohistorics.blob.core.windows.net/stock/17838-127-small.jpg?v=63887047184100","https://storagegohistorics.blob.core.windows.net/stock/17838-128-small.jpg?v=63887047185273","https://storagegohistorics.blob.core.windows.net/stock/17838-129-small.jpg?v=63887047186943","https://storagegohistorics.blob.core.windows.net/stock/17838-130-small.jpg?v=63887047188417","https://storagegohistorics.blob.core.windows.net/stock/17838-131-small.jpg?v=63887047189607","https://storagegohistorics.blob.core.windows.net/stock/17838-132-small.jpg?v=63887047191083","https://storagegohistorics.blob.core.windows.net/stock/17838-133-small.jpg?v=63887047192330","https://storagegohistorics.blob.core.windows.net/stock/17838-134-small.jpg?v=63887047194207","https://storagegohistorics.blob.core.windows.net/main/STACKED%20GREEN%20V1%205x7.jpg"],"vehicle_chassis_no":"SAJKC71HX9VH32170","vehicle_year":"2009","vehicle_make":"Jaguar","vehicle_model":"XJ 3.0 V6 Final Edition","vehicle_registry_code":"LJ59 VPF","vehicle_mileage_value":"46151","vehicle_engine":null,"price_currency":"GBP","price_value":10720,"price_guide_low":null,"price_guide_high":null,"price_type":"sold"},
{"auction_label":"Online Collectibles","auction_date_range":"Ending 6th Aug, 2025\n                19:42","lot_source_link":"https://www.historics.co.uk/auction/lot/lot-registration-f8-aet/?lot=17996&so=0&st=&sto=0&au=103&ef=&et=&ic=False&sd=1&pp=96&pn=1&g=1","lot_code":null,"lot_title":"Registration F8 AET","lot_description":"This registration number F8 AET is currently on a Certificate of Entitlement.\n\nConsigned by Mathew Priddy\n\nThis description is provided by the seller and to the best of the seller's knowledge, accurate and not misleading and unless otherwise stated is 'Not Verified' by Historics or any person employed by Historics. Prospective purchasers are advised to satisfy themselves as to the accuracy of the description and any statements made, whether they be statements of fact or opinion, and conduct any research they feel is necessary before committing to a bid. Please see our Terms and Conditions for full details.","lot_media":[],"vehicle_chassis_no":null,"vehicle_year":null,"vehicle_make":"Registration","vehicle_model":"F8 AET","vehicle_registry_code":null,"vehicle_mileage_value":null,"vehicle_engine":null,"price_currency":"GBP","price_value":380,"price_guide_low":null,"price_guide_high":null,"price_type":"sold"},
{"auction_label":"Online Collectibles","auction_date_range":"Ending 6th Aug, 2025\n                19:44","lot_source_link":"https://www.historics.co.uk/auction/lot/lot-registration-x999-djl/?lot=17994&so=0&st=&sto=0&au=103&ef=&et=&ic=False&sd=1&pp=96&pn=1&g=1","lot_code":null,"lot_title":"Registration X999 DJL","lot_description":"This registration number X999 DJL is currently on a Retention Documnet.\n\nConsigned by Mathew Priddy\n\nThis description is provided by the seller and to the best of the seller's knowledge, accurate and not misleading and unless otherwise stated is 'Not Verified' by Historics or any person employed by Historics. Prospective purchasers are advised to satisfy themselves as to the accuracy of the description and any statements made, whether they be statements of fact or opinion, and conduct any research they feel is necessary before committing to a bid. Please see our Terms and Conditions for full details.","lot_media":[],"vehicle_chassis_no":null,"vehicle_year":null,"vehicle_make":null,"vehicle_model":"Registration","vehicle_registry_code":"X999 DJL","vehicle_mileage_value":null,"vehicle_engine":null,"price_currency":"GBP","price_value":168,"price_guide_low":null,"price_guide_high":null,"price_type":"sold"},
{"auction_label":"Online Collectibles","auction_date_range":"Ending 6th Aug, 2025\n                19:53","lot_source_link":"https://www.historics.co.uk/auction/lot/lot-2001-bmw-735i/?lot=17987&so=0&st=&sto=0&au=103&ef=&et=&ic=False&sd=1&pp=96&pn=1&g=1","lot_code":null,"lot_title":"2001 BMW 735i","lot_description":"The BMW E38 is the third generation of the BMW 7 Series, which was produced from April 1994 to 2001. It replaced the E32 and was available with straight-six, V8 and V12 petrol and straight-six and V8 diesel engines. The E38 was the first car available with curtain airbags. It was also the first European car to offer satellite navigation and the first BMW to offer an in-built television. Safety features include ASC+T traction control, headlight washers, auto-levelling low beam Xenon HID headlamps. Side tubular airbags (head protection system) were fitted as standard equipment. Active comfort seats were introduced in 1998, to improve comfort and reduce fatigue for the driver and front passenger. This system used two fluid filled bladders which alternate in height. Other equipment includes electronic damper control (EDC III), power moonroof, rain-sensing wipers, dual zone climate control, electric driver's seat adjustment and electric steering wheel adjustment. Double glazed windows were available (dual pane glass). Break resistant laminated security glass was also available, which is known to delaminate. The sport package included a sport steering wheel, sports seats, sports suspension, 'shadowline' exterior trim and unique wood trim for the interior. Some sports models also included a shorter differential ratio and higher stall speed for the torque converter.\n\nPresented in Cosmos Black metallic (looks like a very dark grey) with 18″ original, non-refurbished Parallel alloy wheels with Michelin Tyres. We are informed the paint is totally original as are the body panels and the vendor has declared it is rust free having never used it on salt road surfaces. With just one owner from new, this 23,402 mile example has a service history and mileage verification certificate coupled to a full handbook pack. Specification from new on this include Xenon headlamps, headlamp power wash, dechromed brightwork, leather/Alcantara trim and an electric glass sunroof. Options on this particular example include M Sports Package which includes M Sports suspension, electronically adjustable multifunction steering wheel, fine wood trim, rear sunblind, front electric heated seats with memory adjustment and heated rear seats, onboard monitor with TV and professional navigation system and universal telephone install, six CD changer with Hi-Fi speaker system, Park Distance Control (PDC), Xenon lights, Steptronic and dynamic stability control, hydro steering-servotronic, and hot-climate capability. From a non-smoker, pet free home, this example has UK specification front and rear number plate holders, MPH speedometer face and encounters just £360 tax.\n\nThe vendor stated the condition of this example really looks more like something built three years ago not in 2001, he states zero corrosion as it has not been used on salt road surfaces, runs and drives as new and is a typical example of what we would of seen on our BMW dealer forecourts back in the early 2000’s. Offered with an MoT test certificate valid until October 2025 without advisories, this is an ‘as new’ example. Consigned by Mathew Priddy\n\nThe car is currently located in Lyne, Surrey.  This description is provided by the seller and to the best of the seller's knowledge, accurate and not misleading and unless otherwise stated is 'Not Verified' by Historics or any person employed by Historics. Prospective purchasers are advised to satisfy themselves as to the accuracy of the description and any statements made, whether they be statements of fact or opinion, and conduct any research they feel is necessary before committing to a bid. Please see our Terms and Conditions for full details.","lot_media":["https://storagegohistorics.blob.core.windows.net/stock/17972-0-small.jpg?v=63887480857793","https://storagegohistorics.blob.core.windows.net/stock/17972-1-small.jpg?v=63887480859150","https://storagegohistorics.blob.core.windows.net/stock/17972-3-small.jpg?v=63887480861863","https://storagegohistorics.blob.core.windows.net/stock/17972-2-small.jpg?v=63887480860733","https://storagegohistorics.blob.core.windows.net/stock/17972-6-small.jpg?v=63887480866517","https://storagegohistorics.blob.core.windows.net/stock/17972-5-small.jpg?v=63887480864853","https://storagegohistorics.blob.core.windows.net/stock/17972-4-small.jpg?v=63887480863540","https://storagegohistorics.blob.core.windows.net/stock/17972-7-small.jpg?v=63887480904370","https://storagegohistorics.blob.core.windows.net/stock/17972-8-small.jpg?v=63887480905883","https://storagegohistorics.blob.core.windows.net/stock/17972-9-small.jpg?v=63887480907567","https://storagegohistorics.blob.core.windows.net/stock/17972-10-small.jpg?v=63887480909170","https://storagegohistorics.blob.core.windows.net/stock/17972-11-small.jpg?v=63887480910790","https://storagegohistorics.blob.core.windows.net/stock/17972-12-small.jpg?v=63887480912520","https://storagegohistorics.blob.core.windows.net/stock/17972-13-small.jpg?v=63887480914307","https://storagegohistorics.blob.core.windows.net/stock/17972-14-small.jpg?v=63887480916130","https://storagegohistorics.blob.core.windows.net/stock/17972-15-small.jpg?v=63887480917790","https://storagegohistorics.blob.core.windows.net/stock/17972-16-small.jpg?v=63887480919423","https://storagegohistorics.blob.core.windows.net/stock/17972-17-small.jpg?v=63887480920973","https://storagegohistorics.blob.core.windows.net/stock/17972-18-small.jpg?v=63887480922533","https://storagegohistorics.blob.core.windows.net/stock/17972-19-small.jpg?v=63887480924143","https://storagegohistorics.blob.core.windows.net/stock/17972-20-small.jpg?v=63887480925610","https://storagegohistorics.blob.core.windows.net/stock/17972-21-small.jpg?v=63887480927233","https://storagegohistorics.blob.core.windows.net/stock/17972-22-small.jpg?v=63887480928663","https://storagegohistorics.blob.core.windows.net/stock/17972-23-small.jpg?v=63887480930357","https://storagegohistorics.blob.core.windows.net/stock/17972-24-small.jpg?v=63887480932330","https://storagegohistorics.blob.core.windows.net/stock/17972-25-small.jpg?v=63887480934013","https://storagegohistorics.blob.core.windows.net/stock/17972-26-small.jpg?v=63887480935833","https://storagegohistorics.blob.core.windows.net/stock/17972-27-small.jpg?v=63887480937333","https://storagegohistorics.blob.core.windows.net/stock/17972-28-small.jpg?v=63887480938910","https://storagegohistorics.blob.core.windows.net/stock/17972-29-small.jpg?v=63887480940447","https://storagegohistorics.blob.core.windows.net/stock/17972-30-small.jpg?v=63887480942443","https://storagegohistorics.blob.core.windows.net/stock/17972-31-small.jpg?v=63887480944027","https://storagegohistorics.blob.core.windows.net/stock/17972-32-small.jpg?v=63887480945523","https://storagegohistorics.blob.core.windows.net/stock/17972-33-small.jpg?v=63887480947157","https://storagegohistorics.blob.core.windows.net/stock/17972-34-small.jpg?v=63887480965477","https://storagegohistorics.blob.core.windows.net/stock/17972-35-small.jpg?v=63887480966980","https://storagegohistorics.blob.core.windows.net/stock/17972-36-small.jpg?v=63887480968490","https://storagegohistorics.blob.core.windows.net/stock/17972-37-small.jpg?v=63887480970147","https://storagegohistorics.blob.core.windows.net/stock/17972-38-small.jpg?v=63887480971653","https://storagegohistorics.blob.core.windows.net/stock/17972-39-small.jpg?v=63887480973213","https://storagegohistorics.blob.core.windows.net/stock/17972-40-small.jpg?v=63887480974650","https://storagegohistorics.blob.core.windows.net/stock/17972-41-small.jpg?v=63887480976250","https://storagegohistorics.blob.core.windows.net/stock/17972-42-small.jpg?v=63887480977943","https://storagegohistorics.blob.core.windows.net/stock/17972-43-small.jpg?v=63887480979420","https://storagegohistorics.blob.core.windows.net/stock/17972-44-small.jpg?v=63887480981043","https://storagegohistorics.blob.core.windows.net/stock/17972-45-small.jpg?v=63887480982497","https://storagegohistorics.blob.core.windows.net/stock/17972-46-small.jpg?v=63887480984040","https://storagegohistorics.blob.core.windows.net/stock/17972-47-small.jpg?v=63887480985790","https://storagegohistorics.blob.core.windows.net/stock/17972-48-small.jpg?v=63887480987183","https://storagegohistorics.blob.core.windows.net/stock/17972-49-small.jpg?v=63887480988723","https://storagegohistorics.blob.core.windows.net/stock/17972-50-small.jpg?v=63887480990347","https://storagegohistorics.blob.core.windows.net/stock/17972-51-small.jpg?v=63887480991907","https://storagegohistorics.blob.core.windows.net/stock/17972-52-small.jpg?v=63887480993610","https://storagegohistorics.blob.core.windows.net/stock/17972-53-small.jpg?v=63887480995223","https://storagegohistorics.blob.core.windows.net/stock/17972-54-small.jpg?v=63887480996697","https://storagegohistorics.blob.core.windows.net/stock/17972-55-small.jpg?v=63887480998310","https://storagegohistorics.blob.core.windows.net/stock/17972-56-small.jpg?v=63887480999997","https://storagegohistorics.blob.core.windows.net/stock/17972-57-small.jpg?v=63887481001310","https://storagegohistorics.blob.core.windows.net/stock/17972-58-small.jpg?v=63887481002997","https://storagegohistorics.blob.core.windows.net/stock/17972-59-small.jpg?v=63887481005160","https://storagegohistorics.blob.core.windows.net/stock/17972-60-small.jpg?v=63887481006793","https://storagegohistorics.blob.core.windows.net/stock/17972-61-small.jpg?v=63887481008323","https://storagegohistorics.blob.core.windows.net/stock/17972-62-small.jpg?v=63887481010170","https://storagegohistorics.blob.core.windows.net/stock/17972-63-small.jpg?v=63887481012067","https://storagegohistorics.blob.core.windows.net/stock/17972-64-small.jpg?v=63887481013737","https://storagegohistorics.blob.core.windows.net/stock/17972-65-small.jpg?v=63887481015430","https://storagegohistorics.blob.core.windows.net/stock/17972-66-small.jpg?v=63887481017307","https://storagegohistorics.blob.core.windows.net/stock/17972-67-small.jpg?v=63887481019003","https://storagegohistorics.blob.core.windows.net/stock/17972-68-small.jpg?v=63887481020773","https://storagegohistorics.blob.core.windows.net/stock/17972-69-small.jpg?v=63887481022227","https://storagegohistorics.blob.core.windows.net/stock/17972-70-small.jpg?v=63887481023637","https://storagegohistorics.blob.core.windows.net/stock/17972-71-small.jpg?v=63887481025223","https://storagegohistorics.blob.core.windows.net/stock/17972-72-small.jpg?v=63887481026857","https://storagegohistorics.blob.core.windows.net/stock/17972-73-small.jpg?v=63887481028337","https://storagegohistorics.blob.core.windows.net/stock/17972-74-small.jpg?v=63887481029890","https://storagegohistorics.blob.core.windows.net/stock/17972-75-small.jpg?v=63887481031637","https://storagegohistorics.blob.core.windows.net/stock/17972-76-small.jpg?v=63887481033227","https://storagegohistorics.blob.core.windows.net/stock/17972-77-small.jpg?v=63887481035017","https://storagegohistorics.blob.core.windows.net/stock/17972-78-small.jpg?v=63887481036560","https://storagegohistorics.blob.core.windows.net/stock/17972-79-small.jpg?v=63887481038053","https://storagegohistorics.blob.core.windows.net/stock/17972-80-small.jpg?v=63887481039587","https://storagegohistorics.blob.core.windows.net/stock/17972-81-small.jpg?v=63887481041180","https://storagegohistorics.blob.core.windows.net/stock/17972-82-small.jpg?v=63887481105480","https://storagegohistorics.blob.core.windows.net/stock/17972-83-small.jpg?v=63887481106847","https://storagegohistorics.blob.core.windows.net/stock/17972-84-small.jpg?v=63887481108277","https://storagegohistorics.blob.core.windows.net/stock/17972-85-small.jpg?v=63887481109763","https://storagegohistorics.blob.core.windows.net/stock/17972-86-small.jpg?v=63887481111127","https://storagegohistorics.blob.core.windows.net/stock/17972-87-small.jpg?v=63887481112237","https://storagegohistorics.blob.core.windows.net/stock/17972-88-small.jpg?v=63887481113967","https://storagegohistorics.blob.core.windows.net/stock/17972-89-small.jpg?v=63887481115417","https://storagegohistorics.blob.core.windows.net/stock/17972-90-small.jpg?v=63887481116857","https://storagegohistorics.blob.core.windows.net/stock/17972-91-small.jpg?v=63887481118197","https://storagegohistorics.blob.core.windows.net/stock/17972-92-small.jpg?v=63887481119750","https://storagegohistorics.blob.core.windows.net/stock/17972-93-small.jpg?v=63887481121453","https://storagegohistorics.blob.core.windows.net/stock/17972-94-small.jpg?v=63887481123273","https://storagegohistorics.blob.core.windows.net/stock/17972-95-small.jpg?v=63887481124877","https://storagegohistorics.blob.core.windows.net/stock/17972-96-small.jpg?v=63887481126540","https://storagegohistorics.blob.core.windows.net/stock/17972-97-small.jpg?v=63887481127930","https://storagegohistorics.blob.core.windows.net/stock/17972-98-small.jpg?v=63887481129377","https://storagegohistorics.blob.core.windows.net/stock/17972-99-small.jpg?v=63887481130663","https://storagegohistorics.blob.core.windows.net/stock/17972-100-small.jpg?v=63887481132180","https://storagegohistorics.blob.core.windows.net/stock/17972-101-small.jpg?v=63887481133673","https://storagegohistorics.blob.core.windows.net/stock/17972-102-small.jpg?v=63887481135147","https://storagegohistorics.blob.core.windows.net/stock/17972-103-small.jpg?v=63887481136240","https://storagegohistorics.blob.core.windows.net/stock/17972-104-small.jpg?v=63887481137670","https://storagegohistorics.blob.core.windows.net/stock/17972-105-small.jpg?v=63887481139200","https://storagegohistorics.blob.core.windows.net/stock/17972-106-small.jpg?v=63887481140687","https://storagegohistorics.blob.core.windows.net/stock/17972-107-small.jpg?v=63887481142223","https://storagegohistorics.blob.core.windows.net/stock/17972-108-small.jpg?v=63887481143610","https://storagegohistorics.blob.core.windows.net/stock/17972-109-small.jpg?v=63887481145190","https://storagegohistorics.blob.core.windows.net/stock/17972-110-small.jpg?v=63887481146707","https://storagegohistorics.blob.core.windows.net/stock/17972-111-small.jpg?v=63887481148390","https://storagegohistorics.blob.core.windows.net/stock/17972-112-small.jpg?v=63887481150007","https://storagegohistorics.blob.core.windows.net/stock/17972-113-small.jpg?v=63887481151573","https://storagegohistorics.blob.core.windows.net/stock/17972-114-small.jpg?v=63887481152953","https://storagegohistorics.blob.core.windows.net/stock/17972-115-small.jpg?v=63887481154610","https://storagegohistorics.blob.core.windows.net/stock/17972-116-small.jpg?v=63887481156173","https://storagegohistorics.blob.core.windows.net/stock/17972-117-small.jpg?v=63887481157667","https://storagegohistorics.blob.core.windows.net/stock/17972-118-small.jpg?v=63887481159140","https://storagegohistorics.blob.core.windows.net/stock/17972-119-small.jpg?v=63887481160690","https://storagegohistorics.blob.core.windows.net/stock/17972-120-small.jpg?v=63887481162500","https://storagegohistorics.blob.core.windows.net/stock/17972-121-small.jpg?v=63887481164147","https://storagegohistorics.blob.core.windows.net/stock/17972-122-small.jpg?v=63887481165597","https://storagegohistorics.blob.core.windows.net/stock/17972-123-small.jpg?v=63887481167143","https://storagegohistorics.blob.core.windows.net/stock/17972-124-small.jpg?v=63887481168697","https://storagegohistorics.blob.core.windows.net/stock/17972-125-small.jpg?v=63887481170287","https://storagegohistorics.blob.core.windows.net/stock/17972-126-small.jpg?v=63887481171783","https://storagegohistorics.blob.core.windows.net/stock/17972-127-small.jpg?v=63887481173313","https://storagegohistorics.blob.core.windows.net/stock/17972-128-small.jpg?v=63887481174840","https://storagegohistorics.blob.core.windows.net/stock/17972-129-small.jpg?v=63887481176377","https://storagegohistorics.blob.core.windows.net/stock/17972-130-small.jpg?v=63887481177873","https://storagegohistorics.blob.core.windows.net/stock/17972-131-small.jpg?v=63887481179460","https://storagegohistorics.blob.core.windows.net/stock/17972-132-small.jpg?v=63887481196290","https://storagegohistorics.blob.core.windows.net/stock/17972-133-small.jpg?v=63887481198013","https://storagegohistorics.blob.core.windows.net/stock/17972-134-small.jpg?v=63887481199580","https://storagegohistorics.blob.core.windows.net/stock/17972-135-small.jpg?v=63887481201487","https://storagegohistorics.blob.core.windows.net/stock/17972-136-small.jpg?v=63887481202977","https://storagegohistorics.blob.core.windows.net/stock/17972-137-small.jpg?v=63887481204527","https://storagegohistorics.blob.core.windows.net/stock/17972-138-small.jpg?v=63887481206257","https://storagegohistorics.blob.core.windows.net/stock/17972-139-small.jpg?v=63887481207887","https://storagegohistorics.blob.core.windows.net/stock/17972-140-small.jpg?v=63887481209417","https://storagegohistorics.blob.core.windows.net/stock/17972-141-small.jpg?v=63887481210970","https://storagegohistorics.blob.core.windows.net/stock/17972-142-small.jpg?v=63887481212693","https://storagegohistorics.blob.core.windows.net/stock/17972-143-small.jpg?v=63887481214480","https://storagegohistorics.blob.core.windows.net/stock/17972-144-small.jpg?v=63887481216510","https://storagegohistorics.blob.core.windows.net/stock/17972-145-small.jpg?v=63887481218290","https://storagegohistorics.blob.core.windows.net/stock/17972-146-small.jpg?v=63887481219827","https://storagegohistorics.blob.core.windows.net/stock/17972-147-small.jpg?v=63887481221527","https://storagegohistorics.blob.core.windows.net/stock/17972-148-small.jpg?v=63887481223007","https://storagegohistorics.blob.core.windows.net/stock/17972-149-small.jpg?v=63887481224640","https://storagegohistorics.blob.core.windows.net/stock/17972-150-small.jpg?v=63887481226270","https://storagegohistorics.blob.core.windows.net/stock/17972-151-small.jpg?v=63887481227627","https://storagegohistorics.blob.core.windows.net/stock/17972-152-small.jpg?v=63887481229040","https://storagegohistorics.blob.core.windows.net/stock/17972-153-small.jpg?v=63887481230400","https://storagegohistorics.blob.core.windows.net/stock/17972-154-small.jpg?v=63887481231833","https://storagegohistorics.blob.core.windows.net/stock/17972-155-small.jpg?v=63887481233233","https://storagegohistorics.blob.core.windows.net/stock/17972-156-small.jpg?v=63887481234623","https://storagegohistorics.blob.core.windows.net/stock/17972-157-small.jpg?v=63887481236023","https://storagegohistorics.blob.core.windows.net/stock/17972-158-small.jpg?v=63887481237453","https://storagegohistorics.blob.core.windows.net/stock/17972-159-small.jpg?v=63887481238930","https://storagegohistorics.blob.core.windows.net/stock/17972-160-small.jpg?v=63887481240520","https://storagegohistorics.blob.core.windows.net/stock/17972-161-small.jpg?v=63887481242473","https://storagegohistorics.blob.core.windows.net/stock/17972-162-small.jpg?v=63887481244203","https://storagegohistorics.blob.core.windows.net/stock/17972-163-small.jpg?v=63887481246000","https://storagegohistorics.blob.core.windows.net/stock/17972-164-small.jpg?v=63887481247570","https://storagegohistorics.blob.core.windows.net/stock/17972-165-small.jpg?v=63887481249160","https://storagegohistorics.blob.core.windows.net/stock/17972-166-small.jpg?v=63887481250557","https://storagegohistorics.blob.core.windows.net/stock/17972-167-small.jpg?v=63887481252270","https://storagegohistorics.blob.core.windows.net/stock/17972-168-small.jpg?v=63887481253850","https://storagegohistorics.blob.core.windows.net/stock/17972-169-small.jpg?v=63887481255377","https://storagegohistorics.blob.core.windows.net/stock/17972-170-small.jpg?v=63887481256883","https://storagegohistorics.blob.core.windows.net/stock/17972-171-small.jpg?v=63887481258693","https://storagegohistorics.blob.core.windows.net/stock/17972-172-small.jpg?v=63887481260310","https://storagegohistorics.blob.core.windows.net/stock/17972-173-small.jpg?v=63887481262333","https://storagegohistorics.blob.core.windows.net/stock/17972-174-small.jpg?v=63887481277090","https://storagegohistorics.blob.core.windows.net/stock/17972-175-small.jpg?v=63887481278603","https://storagegohistorics.blob.core.windows.net/stock/17972-176-small.jpg?v=63887481280417","https://storagegohistorics.blob.core.windows.net/stock/17972-177-small.jpg?v=63887481281813","https://storagegohistorics.blob.core.windows.net/stock/17972-178-small.jpg?v=63887481283057","https://storagegohistorics.blob.core.windows.net/stock/17972-179-small.jpg?v=63887481284847","https://storagegohistorics.blob.core.windows.net/stock/17972-180-small.jpg?v=63887481286360","https://storagegohistorics.blob.core.windows.net/stock/17972-181-small.jpg?v=63887481287837","https://storagegohistorics.blob.core.windows.net/stock/17972-182-small.jpg?v=63887481289470","https://storagegohistorics.blob.core.windows.net/stock/17972-183-small.jpg?v=63887481291163","https://storagegohistorics.blob.core.windows.net/stock/17972-184-small.jpg?v=63887481292833","https://storagegohistorics.blob.core.windows.net/stock/17972-185-small.jpg?v=63887481294570","https://storagegohistorics.blob.core.windows.net/stock/17972-186-small.jpg?v=63887481296367","https://storagegohistorics.blob.core.windows.net/stock/17972-187-small.jpg?v=63887481297940","https://storagegohistorics.blob.core.windows.net/stock/17972-188-small.jpg?v=63887481299670","https://storagegohistorics.blob.core.windows.net/stock/17972-189-small.jpg?v=63887481301497","https://storagegohistorics.blob.core.windows.net/stock/17972-190-small.jpg?v=63887481303190","https://storagegohistorics.blob.core.windows.net/stock/17972-191-small.jpg?v=63887481304853","https://storagegohistorics.blob.core.windows.net/stock/17972-192-small.jpg?v=63887481306537","https://storagegohistorics.blob.core.windows.net/stock/17972-193-small.jpg?v=63887481308090","https://storagegohistorics.blob.core.windows.net/stock/17972-194-small.jpg?v=63887481310080","https://storagegohistorics.blob.core.windows.net/stock/17972-195-small.jpg?v=63887481311387","https://storagegohistorics.blob.core.windows.net/stock/17972-196-small.jpg?v=63887481312933","https://storagegohistorics.blob.core.windows.net/stock/17972-197-small.jpg?v=63887481314323","https://storagegohistorics.blob.core.windows.net/stock/17972-198-small.jpg?v=63887481315947","https://storagegohistorics.blob.core.windows.net/stock/17972-199-small.jpg?v=63887481317433","https://storagegohistorics.blob.core.windows.net/stock/17972-200-small.jpg?v=63887481318963","https://storagegohistorics.blob.core.windows.net/stock/17972-201-small.jpg?v=63887481320763","https://storagegohistorics.blob.core.windows.net/stock/17972-202-small.jpg?v=63887481322297","https://storagegohistorics.blob.core.windows.net/stock/17972-203-small.jpg?v=63887481323887","https://storagegohistorics.blob.core.windows.net/stock/17972-204-small.jpg?v=63887481325437","https://storagegohistorics.blob.core.windows.net/stock/17972-205-small.jpg?v=63887481326990","https://storagegohistorics.blob.core.windows.net/stock/17972-206-small.jpg?v=63887481328663","https://storagegohistorics.blob.core.windows.net/stock/17972-207-small.jpg?v=63887481330087","https://storagegohistorics.blob.core.windows.net/stock/17972-208-small.jpg?v=63887481331670","https://storagegohistorics.blob.core.windows.net/stock/17972-209-small.jpg?v=63887481333567","https://storagegohistorics.blob.core.windows.net/stock/17972-210-small.jpg?v=63887481335183","https://storagegohistorics.blob.core.windows.net/stock/17972-211-small.jpg?v=63887481336843","https://storagegohistorics.blob.core.windows.net/stock/17972-212-small.jpg?v=63887481338363","https://storagegohistorics.blob.core.windows.net/stock/17972-213-small.jpg?v=63887481339790","https://storagegohistorics.blob.core.windows.net/stock/17972-214-small.jpg?v=63887481341450","https://storagegohistorics.blob.core.windows.net/stock/17972-215-small.jpg?v=63887481343370","https://storagegohistorics.blob.core.windows.net/stock/17972-216-small.jpg?v=63887481345017","https://storagegohistorics.blob.core.windows.net/main/STACKED%20GREEN%20V1%205x7.jpg"],"vehicle_chassis_no":"WBAGG42090DA96718","vehicle_year":"2001","vehicle_make":"BMW","vehicle_model":"735i","vehicle_registry_code":"Y671 GHC","vehicle_mileage_value":null,"vehicle_engine":null,"price_currency":"GBP","price_value":13936,"price_guide_low":null,"price_guide_high":null,"price_type":"sold"},
{"auction_label":"Online Collectibles","auction_date_range":"Ending 6th Aug, 2025\n                19:58","lot_source_link":"https://www.historics.co.uk/auction/lot/lot-registration-jun-10x/?lot=18000&so=0&st=&sto=0&au=103&ef=&et=&ic=False&sd=1&pp=96&pn=1&g=1","lot_code":null,"lot_title":"Registration JUN 10X","lot_description":"This registration number JUN 10X is currently on a Certificate of Entitlement which expires January 2035.\n\nGuide price £800-£1,200\n\nConsigned by Mathew Priddy","lot_media":[],"vehicle_chassis_no":null,"vehicle_year":null,"vehicle_make":null,"vehicle_model":"Registration","vehicle_registry_code":"JUN 10X","vehicle_mileage_value":null,"vehicle_engine":null,"price_currency":"GBP","price_value":470,"price_guide_low":null,"price_guide_high":null,"price_type":"sold"},
{"auction_label":"Online Collectibles","auction_date_range":"Ending 6th Aug, 2025\n                20:00","lot_source_link":"https://www.historics.co.uk/auction/lot/lot-registration-mox-17e/?lot=18003&so=0&st=&sto=0&au=103&ef=&et=&ic=False&sd=1&pp=96&pn=1&g=1","lot_code":null,"lot_title":"Registration MOX 17E","lot_description":"This registration number MOX 17E is currently on a Retention Document.\n\nConsigned by Mathew Priddy\n\nThis description is provided by the seller and to the best of the seller's knowledge, accurate and not misleading and unless otherwise stated is 'Not Verified' by Historics or any person employed by Historics. Prospective purchasers are advised to satisfy themselves as to the accuracy of the description and any statements made, whether they be statements of fact or opinion, and conduct any research they feel is necessary before committing to a bid. Please see our Terms and Conditions for full details.","lot_media":[],"vehicle_chassis_no":null,"vehicle_year":null,"vehicle_make":null,"vehicle_model":"Registration","vehicle_registry_code":"MOX 17E","vehicle_mileage_value":null,"vehicle_engine":null,"price_currency":"GBP","price_value":840,"price_guide_low":null,"price_guide_high":null,"price_type":"sold"},
{"auction_label":"Online Collectibles","auction_date_range":"Ending 6th Aug, 2025\n                20:03","lot_source_link":"https://www.historics.co.uk/auction/lot/lot-1983-land-rover-110-county/?lot=18002&so=0&st=&sto=0&au=103&ef=&et=&ic=False&sd=1&pp=96&pn=1&g=1","lot_code":null,"lot_title":"1983 Land Rover 110 County","lot_description":"The original Land Rover Series began production in Solihull in 1948 and until its decades-long production run ended in 2016, more than two million Defenders were produced, becoming a British automotive icon. Since production ceased, the revered model has been in increased demand from both collectors and those willing to use this tough, utilitarian vehicle in the way it was designed for. It was only in 1989, following the introduction of the all-new Land Rover Discovery, that the Defender received its own name.\n\nFirst registered 23rd September 1983, this example of the 12 seat Land Rover County with power steering is presented in red with cream top and County decals and safari roof rack. This 110 has been family owned from new by the Hall family, first business owned from 23rd September 1983 until October 2017 when it transferred to Mr Hall, when he passed away in December of 2017 it then passed to his son who sadly passed away in March this year with the car then transferring to his wife who is currently named on the V5 registration document. Described as in remarkable condition for its age and almost completely original, this is a solid testament to it being parked in a barn for most of its life when not in use until the last few years when it has been stored under canvas to protect from the elements.\n\nSupplied with the original sales invoice from Hampton Wick to Mr Hall when new, it has the original 2.5 litre diesel engine and manual gearbox. The interior is wonderfully original as are the original mats and lift them or look at the floor pan and you will find a very solid original County. Consigned by Mathew Priddy\n\nThe car is currently located in Shepperton, Surrey.\n\nThis description is provided by the seller and to the best of the seller's knowledge, accurate and not misleading and unless otherwise stated is 'Not Verified' by Historics or any person employed by Historics. Prospective purchasers are advised to satisfy themselves as to the accuracy of the description and any statements made, whether they be statements of fact or opinion, and conduct any research they feel is necessary before committing to a bid. Please see our Terms and Conditions for full details.","lot_media":["https://storagegohistorics.blob.core.windows.net/stock/17987-50-small.jpg?v=63889305890657","https://storagegohistorics.blob.core.windows.net/stock/17987-55-small.jpg?v=63889305893690","https://storagegohistorics.blob.core.windows.net/stock/17987-51-small.jpg?v=63889305891200","https://storagegohistorics.blob.core.windows.net/stock/17987-52-small.jpg?v=63889305891760","https://storagegohistorics.blob.core.windows.net/stock/17987-53-small.jpg?v=63889305892267","https://storagegohistorics.blob.core.windows.net/stock/17987-54-small.jpg?v=63889305892860","https://storagegohistorics.blob.core.windows.net/stock/17987-1-small.jpg?v=63889305828400","https://storagegohistorics.blob.core.windows.net/stock/17987-2-small.jpg?v=63889305829093","https://storagegohistorics.blob.core.windows.net/stock/17987-3-small.jpg?v=63889305829743","https://storagegohistorics.blob.core.windows.net/stock/17987-4-small.jpg?v=63889305830377","https://storagegohistorics.blob.core.windows.net/stock/17987-5-small.jpg?v=63889305831100","https://storagegohistorics.blob.core.windows.net/stock/17987-6-small.jpg?v=63889305831790","https://storagegohistorics.blob.core.windows.net/stock/17987-7-small.jpg?v=63889305832403","https://storagegohistorics.blob.core.windows.net/stock/17987-8-small.jpg?v=63889305833093","https://storagegohistorics.blob.core.windows.net/stock/17987-9-small.jpg?v=63889305833720","https://storagegohistorics.blob.core.windows.net/stock/17987-10-small.jpg?v=63889305834397","https://storagegohistorics.blob.core.windows.net/stock/17987-0-small.jpg?v=63889305827490","https://storagegohistorics.blob.core.windows.net/stock/17987-11-small.jpg?v=63889305835017","https://storagegohistorics.blob.core.windows.net/stock/17987-12-small.jpg?v=63889305835673","https://storagegohistorics.blob.core.windows.net/stock/17987-13-small.jpg?v=63889305836307","https://storagegohistorics.blob.core.windows.net/stock/17987-14-small.jpg?v=63889305836927","https://storagegohistorics.blob.core.windows.net/stock/17987-15-small.jpg?v=63889305837560","https://storagegohistorics.blob.core.windows.net/stock/17987-16-small.jpg?v=63889305838103","https://storagegohistorics.blob.core.windows.net/stock/17987-17-small.jpg?v=63889305838663","https://storagegohistorics.blob.core.windows.net/stock/17987-49-small.jpg?v=63889305866817","https://storagegohistorics.blob.core.windows.net/stock/17987-19-small.jpg?v=63889305839897","https://storagegohistorics.blob.core.windows.net/stock/17987-20-small.jpg?v=63889305840510","https://storagegohistorics.blob.core.windows.net/stock/17987-18-small.jpg?v=63889305839273","https://storagegohistorics.blob.core.windows.net/stock/17987-21-small.jpg?v=63889305841070","https://storagegohistorics.blob.core.windows.net/stock/17987-22-small.jpg?v=63889305841730","https://storagegohistorics.blob.core.windows.net/stock/17987-23-small.jpg?v=63889305842347","https://storagegohistorics.blob.core.windows.net/stock/17987-24-small.jpg?v=63889305843017","https://storagegohistorics.blob.core.windows.net/stock/17987-25-small.jpg?v=63889305843587","https://storagegohistorics.blob.core.windows.net/stock/17987-26-small.jpg?v=63889305844177","https://storagegohistorics.blob.core.windows.net/stock/17987-27-small.jpg?v=63889305844737","https://storagegohistorics.blob.core.windows.net/stock/17987-28-small.jpg?v=63889305845370","https://storagegohistorics.blob.core.windows.net/stock/17987-29-small.jpg?v=63889305846030","https://storagegohistorics.blob.core.windows.net/stock/17987-30-small.jpg?v=63889305846773","https://storagegohistorics.blob.core.windows.net/stock/17987-31-small.jpg?v=63889305847787","https://storagegohistorics.blob.core.windows.net/stock/17987-32-small.jpg?v=63889305848820","https://storagegohistorics.blob.core.windows.net/stock/17987-33-small.jpg?v=63889305849850","https://storagegohistorics.blob.core.windows.net/stock/17987-34-small.jpg?v=63889305850887","https://storagegohistorics.blob.core.windows.net/stock/17987-35-small.jpg?v=63889305851930","https://storagegohistorics.blob.core.windows.net/stock/17987-36-small.jpg?v=63889305852980","https://storagegohistorics.blob.core.windows.net/stock/17987-37-small.jpg?v=63889305853993","https://storagegohistorics.blob.core.windows.net/stock/17987-38-small.jpg?v=63889305854963","https://storagegohistorics.blob.core.windows.net/stock/17987-39-small.jpg?v=63889305856017","https://storagegohistorics.blob.core.windows.net/stock/17987-40-small.jpg?v=63889305857030","https://storagegohistorics.blob.core.windows.net/stock/17987-41-small.jpg?v=63889305858077","https://storagegohistorics.blob.core.windows.net/stock/17987-42-small.jpg?v=63889305859130","https://storagegohistorics.blob.core.windows.net/stock/17987-43-small.jpg?v=63889305860247","https://storagegohistorics.blob.core.windows.net/stock/17987-44-small.jpg?v=63889305861470","https://storagegohistorics.blob.core.windows.net/stock/17987-45-small.jpg?v=63889305862287","https://storagegohistorics.blob.core.windows.net/stock/17987-46-small.jpg?v=63889305863207","https://storagegohistorics.blob.core.windows.net/stock/17987-47-small.jpg?v=63889305864253","https://storagegohistorics.blob.core.windows.net/stock/17987-48-small.jpg?v=63889305865793","https://storagegohistorics.blob.core.windows.net/stock/17987-56-small.jpg?v=63889305975927","https://storagegohistorics.blob.core.windows.net/stock/17987-57-small.jpg?v=63889305976690","https://storagegohistorics.blob.core.windows.net/stock/17987-58-small.jpg?v=63889305977320","https://storagegohistorics.blob.core.windows.net/stock/17987-59-small.jpg?v=63889305978110","https://storagegohistorics.blob.core.windows.net/stock/17987-60-small.jpg?v=63889305978873","https://storagegohistorics.blob.core.windows.net/stock/17987-61-small.jpg?v=63889305979480","https://storagegohistorics.blob.core.windows.net/stock/17987-62-small.jpg?v=63889305980253","https://storagegohistorics.blob.core.windows.net/stock/17987-63-small.jpg?v=63889305980967","https://storagegohistorics.blob.core.windows.net/stock/17987-64-small.jpg?v=63889305981583","https://storagegohistorics.blob.core.windows.net/stock/17987-65-small.jpg?v=63889305982273","https://storagegohistorics.blob.core.windows.net/stock/17987-66-small.jpg?v=63889305982857","https://storagegohistorics.blob.core.windows.net/stock/17987-67-small.jpg?v=63889305983457","https://storagegohistorics.blob.core.windows.net/stock/17987-68-small.jpg?v=63889305984013","https://storagegohistorics.blob.core.windows.net/stock/17987-69-small.jpg?v=63889305984770","https://storagegohistorics.blob.core.windows.net/stock/17987-70-small.jpg?v=63889305985787","https://storagegohistorics.blob.core.windows.net/stock/17987-71-small.jpg?v=63889305986590","https://storagegohistorics.blob.core.windows.net/stock/17987-72-small.jpg?v=63889305987210","https://storagegohistorics.blob.core.windows.net/stock/17987-73-small.jpg?v=63889305987947","https://storagegohistorics.blob.core.windows.net/stock/17987-74-small.jpg?v=63889305988540","https://storagegohistorics.blob.core.windows.net/stock/17987-75-small.jpg?v=63889305989267","https://storagegohistorics.blob.core.windows.net/stock/17987-76-small.jpg?v=63889305989957","https://storagegohistorics.blob.core.windows.net/stock/17987-77-small.jpg?v=63889305990600","https://storagegohistorics.blob.core.windows.net/stock/17987-78-small.jpg?v=63889305991360","https://storagegohistorics.blob.core.windows.net/stock/17987-79-small.jpg?v=63889305992013","https://storagegohistorics.blob.core.windows.net/stock/17987-80-small.jpg?v=63889305992640","https://storagegohistorics.blob.core.windows.net/stock/17987-81-small.jpg?v=63889305993530","https://storagegohistorics.blob.core.windows.net/stock/17987-82-small.jpg?v=63889305994567","https://storagegohistorics.blob.core.windows.net/stock/17987-83-small.jpg?v=63889305995163","https://storagegohistorics.blob.core.windows.net/stock/17987-84-small.jpg?v=63889305996100","https://storagegohistorics.blob.core.windows.net/stock/17987-85-small.jpg?v=63889305996683","https://storagegohistorics.blob.core.windows.net/stock/17987-86-small.jpg?v=63889305997680","https://storagegohistorics.blob.core.windows.net/stock/17987-87-small.jpg?v=63889305998743","https://storagegohistorics.blob.core.windows.net/stock/17987-88-small.jpg?v=63889305999767","https://storagegohistorics.blob.core.windows.net/stock/17987-89-small.jpg?v=63889306000813","https://storagegohistorics.blob.core.windows.net/stock/17987-90-small.jpg?v=63889306001833","https://storagegohistorics.blob.core.windows.net/stock/17987-91-small.jpg?v=63889306002843","https://storagegohistorics.blob.core.windows.net/stock/17987-92-small.jpg?v=63889306003867","https://storagegohistorics.blob.core.windows.net/stock/17987-93-small.jpg?v=63889306020883","https://storagegohistorics.blob.core.windows.net/stock/17987-94-small.jpg?v=63889306021510","https://storagegohistorics.blob.core.windows.net/stock/17987-95-small.jpg?v=63889306022160","https://storagegohistorics.blob.core.windows.net/stock/17987-96-small.jpg?v=63889306023040","https://storagegohistorics.blob.core.windows.net/stock/17987-97-small.jpg?v=63889306023680","https://storagegohistorics.blob.core.windows.net/stock/17987-98-small.jpg?v=63889306024450","https://storagegohistorics.blob.core.windows.net/stock/17987-99-small.jpg?v=63889306025100","https://storagegohistorics.blob.core.windows.net/stock/17987-100-small.jpg?v=63889306025753","https://storagegohistorics.blob.core.windows.net/stock/17987-101-small.jpg?v=63889306026483","https://storagegohistorics.blob.core.windows.net/stock/17987-102-small.jpg?v=63889306027107","https://storagegohistorics.blob.core.windows.net/stock/17987-103-small.jpg?v=63889306027657","https://storagegohistorics.blob.core.windows.net/stock/17987-104-small.jpg?v=63889306028577","https://storagegohistorics.blob.core.windows.net/stock/17987-105-small.jpg?v=63889306029200","https://storagegohistorics.blob.core.windows.net/stock/17987-106-small.jpg?v=63889306029800","https://storagegohistorics.blob.core.windows.net/stock/17987-107-small.jpg?v=63889306030530","https://storagegohistorics.blob.core.windows.net/stock/17987-108-small.jpg?v=63889306031260","https://storagegohistorics.blob.core.windows.net/stock/17987-109-small.jpg?v=63889306031847","https://storagegohistorics.blob.core.windows.net/stock/17987-110-small.jpg?v=63889306032460","https://storagegohistorics.blob.core.windows.net/stock/17987-111-small.jpg?v=63889306033457","https://storagegohistorics.blob.core.windows.net/stock/17987-112-small.jpg?v=63889306034080","https://storagegohistorics.blob.core.windows.net/stock/17987-113-small.jpg?v=63889306034677","https://storagegohistorics.blob.core.windows.net/stock/17987-114-small.jpg?v=63889306035383","https://storagegohistorics.blob.core.windows.net/stock/17987-115-small.jpg?v=63889306036087","https://storagegohistorics.blob.core.windows.net/stock/17987-116-small.jpg?v=63889306036747","https://storagegohistorics.blob.core.windows.net/stock/17987-117-small.jpg?v=63889306037423","https://storagegohistorics.blob.core.windows.net/stock/17987-118-small.jpg?v=63889306038080","https://storagegohistorics.blob.core.windows.net/stock/17987-119-small.jpg?v=63889306038810","https://storagegohistorics.blob.core.windows.net/stock/17987-120-small.jpg?v=63889306039463","https://storagegohistorics.blob.core.windows.net/stock/17987-121-small.jpg?v=63889306040210","https://storagegohistorics.blob.core.windows.net/stock/17987-122-small.jpg?v=63889306040870","https://storagegohistorics.blob.core.windows.net/stock/17987-123-small.jpg?v=63889306042900","https://storagegohistorics.blob.core.windows.net/stock/17987-124-small.jpg?v=63889306043570","https://storagegohistorics.blob.core.windows.net/stock/17987-125-small.jpg?v=63889306044460","https://storagegohistorics.blob.core.windows.net/stock/17987-126-small.jpg?v=63889306045460","https://storagegohistorics.blob.core.windows.net/stock/17987-127-small.jpg?v=63889306046190","https://storagegohistorics.blob.core.windows.net/stock/17987-128-small.jpg?v=63889306047000","https://storagegohistorics.blob.core.windows.net/stock/17987-129-small.jpg?v=63889306048003","https://storagegohistorics.blob.core.windows.net/stock/17987-130-small.jpg?v=63889306048990","https://storagegohistorics.blob.core.windows.net/stock/17987-131-small.jpg?v=63889306049723","https://storagegohistorics.blob.core.windows.net/stock/17987-132-small.jpg?v=63889306050730","https://storagegohistorics.blob.core.windows.net/stock/17987-133-small.jpg?v=63889306051713","https://storagegohistorics.blob.core.windows.net/stock/17987-134-small.jpg?v=63889306052753"],"vehicle_chassis_no":"SALLDHMG7AA199996","vehicle_year":"1983","vehicle_make":"Land Rover","vehicle_model":"110 County","vehicle_registry_code":"A96 SGH","vehicle_mileage_value":"118000","vehicle_engine":null,"price_currency":"GBP","price_value":9434,"price_guide_low":null,"price_guide_high":null,"price_type":"sold"},
{"auction_label":"Online Collectibles","auction_date_range":"Ending 6th Aug, 2025\n                20:12","lot_source_link":"https://www.historics.co.uk/auction/lot/lot-1972-triumph-tr6/?lot=18013&so=0&st=&sto=0&au=103&ef=&et=&ic=False&sd=1&pp=96&pn=1&g=1","lot_code":null,"lot_title":"1972 Triumph TR6","lot_description":"The Triumph TR6 was manufactured for seven years from 1969 and by the time production came to an end in July 1976, it was the best-seller of the TR range. The bodywork closely resembled that of the previous model, the Triumph TR5, but the front and rear were squared off and all TR6s featured inline six-cylinder engines. For the US market, the engine was fitted with carburettors whilst, for other world markets including the UK, the TR6 was fitted with fuel-injection. It featured a four-speed manual gearbox, independent rear suspension, rack and pinion steering, 15\" wheels and tyres, pile carpet on the floors and boot, bucket seats and a full complement of instruments. In total 94,619 TR6s were built of which 86,249 were sold overseas and only 8,370 were sold in the UK.\n\nFirst registered on 1st August 1972, the BMI Heritage Certificate for this lovely TR6 shows the car was built on 9th May 1972 and left the factory the day after. This desirable ‘CP’ 150bhp car was a UK home market supplied vehicle, which included the overdrive gearbox option from new. The overdrive gearbox has been rebuilt and the vendor reports it to change both smoothly and efficiently. The engine also benefitted from a full rebuild, at which time it was lightened and balanced, had an unleaded conversion, TH5 camshaft fitted, spin on oil filter, electric fan, Bosch fuel pump, high torque starter motor, all running through a stainless-steel exhaust system. The differential was also reconditioned with strengthened mountings and polybushes. More recently it has had electronic ignition fitted, with a full service in 2018 at a cost of £728.88 by renowned Revington T R Ltd and another £1,513.01 spent in 2019, again by Revington T R Ltd. When the engine was rebuilt, the car also had the dashboard restored and MX5 seats fitted, with the carpets and hood presenting in immaculate condition. The speedometer and tacho have been refurbished, reading accurately with no needle bounce. The whole car has just been subject to a comprehensive recommission, with the vendor reporting it to run and drive beautifully.\n\nSupplied with its V5C registration document, BMI Heritage Certificate, previous MoT test certificates and many receipts. This example, offered in its ultimate high-powered specification, is not to be confused with the average TR6. Its condition is fantastic and it presents like a freshly restored car. Consigned by Dominic Lake\n\nThe car is currently in Iver, Buckinghamshire\n\nThis description is provided by the seller and to the best of the seller's knowledge, accurate and not misleading and unless otherwise stated is 'Not Verified' by Historics or any person employed by Historics. Prospective purchasers are advised to satisfy themselves as to the accuracy of the description and any statements made, whether they be statements of fact or opinion, and conduct any research they feel is necessary before committing to a bid. Please see our Terms and Conditions for full details.","lot_media":["https://storagegohistorics.blob.core.windows.net/stock/17998-2-small.jpg?v=63889396495063","https://storagegohistorics.blob.core.windows.net/stock/17998-0-small.jpg?v=63889396491610","https://storagegohistorics.blob.core.windows.net/stock/17998-4-small.jpg?v=63889396498260","https://storagegohistorics.blob.core.windows.net/stock/17998-5-small.jpg?v=63889396499840","https://storagegohistorics.blob.core.windows.net/stock/17998-3-small.jpg?v=63889396496680","https://storagegohistorics.blob.core.windows.net/stock/17998-1-small.jpg?v=63889396493453","https://storagegohistorics.blob.core.windows.net/stock/17998-6-small.jpg?v=63889396501437","https://storagegohistorics.blob.core.windows.net/stock/17998-7-small.jpg?v=63889396675510","https://storagegohistorics.blob.core.windows.net/stock/17998-8-small.jpg?v=63889396677250","https://storagegohistorics.blob.core.windows.net/stock/17998-9-small.jpg?v=63889396679103","https://storagegohistorics.blob.core.windows.net/stock/17998-10-small.jpg?v=63889396681797","https://storagegohistorics.blob.core.windows.net/stock/17998-11-small.jpg?v=63889396684217","https://storagegohistorics.blob.core.windows.net/stock/17998-12-small.jpg?v=63889396685893","https://storagegohistorics.blob.core.windows.net/stock/17998-13-small.jpg?v=63889396688460","https://storagegohistorics.blob.core.windows.net/stock/17998-14-small.jpg?v=63889396691113","https://storagegohistorics.blob.core.windows.net/stock/17998-15-small.jpg?v=63889396693427","https://storagegohistorics.blob.core.windows.net/stock/17998-16-small.jpg?v=63889396696270","https://storagegohistorics.blob.core.windows.net/stock/17998-17-small.jpg?v=63889396699037","https://storagegohistorics.blob.core.windows.net/stock/17998-18-small.jpg?v=63889396701477","https://storagegohistorics.blob.core.windows.net/stock/17998-19-small.jpg?v=63889396704100","https://storagegohistorics.blob.core.windows.net/stock/17998-20-small.jpg?v=63889396706803","https://storagegohistorics.blob.core.windows.net/stock/17998-21-small.jpg?v=63889396709487","https://storagegohistorics.blob.core.windows.net/stock/17998-22-small.jpg?v=63889396711113","https://storagegohistorics.blob.core.windows.net/stock/17998-23-small.jpg?v=63889396713583","https://storagegohistorics.blob.core.windows.net/stock/17998-24-small.jpg?v=63889396715260","https://storagegohistorics.blob.core.windows.net/stock/17998-25-small.jpg?v=63889396717757","https://storagegohistorics.blob.core.windows.net/stock/17998-26-small.jpg?v=63889396719387","https://storagegohistorics.blob.core.windows.net/stock/17998-27-small.jpg?v=63889396720850","https://storagegohistorics.blob.core.windows.net/stock/17998-28-small.jpg?v=63889396723430","https://storagegohistorics.blob.core.windows.net/stock/17998-29-small.jpg?v=63889396725093","https://storagegohistorics.blob.core.windows.net/stock/17998-30-small.jpg?v=63889396727790","https://storagegohistorics.blob.core.windows.net/stock/17998-31-small.jpg?v=63889396729463","https://storagegohistorics.blob.core.windows.net/stock/17998-32-small.jpg?v=63889396731180","https://storagegohistorics.blob.core.windows.net/stock/17998-33-small.jpg?v=63889396733410","https://storagegohistorics.blob.core.windows.net/stock/17998-34-small.jpg?v=63889396735420","https://storagegohistorics.blob.core.windows.net/stock/17998-35-small.jpg?v=63889396738397","https://storagegohistorics.blob.core.windows.net/stock/17998-36-small.jpg?v=63889396741050","https://storagegohistorics.blob.core.windows.net/stock/17998-37-small.jpg?v=63889396743433","https://storagegohistorics.blob.core.windows.net/stock/17998-38-small.jpg?v=63889396746173","https://storagegohistorics.blob.core.windows.net/stock/17998-39-small.jpg?v=63889396749140","https://storagegohistorics.blob.core.windows.net/stock/17998-40-small.jpg?v=63889396751857"],"vehicle_chassis_no":"CP763360","vehicle_year":"1972","vehicle_make":"Triumph","vehicle_model":"TR6","vehicle_registry_code":"AAW 869L","vehicle_mileage_value":"25,000","vehicle_engine":null,"price_currency":"GBP","price_value":null,"price_guide_low":18000,"price_guide_high":22000,"price_type":"estimate"},
{"auction_label":"Online Collectibles","auction_date_range":"Ending 6th Aug, 2025\n                20:15","lot_source_link":"https://www.historics.co.uk/auction/lot/lot-1974-jaguar-e-type-series-iii-roadster/?lot=18014&so=0&st=&sto=0&au=103&ef=&et=&ic=False&sd=1&pp=96&pn=1&g=1","lot_code":null,"lot_title":"1974 Jaguar E-Type Series III Roadster","lot_description":"The best 10th birthday present that the Jaguar engineers could give the E-Type was a new lease of life. This remit was certainly fulfilled with the introduction of its robust V12 engine. It was originally destined to be the power plant in the Midland manufacturers’ saloon car range which, despite the company’s sports car heritage, was the model that Jaguar depended on for its survival. This new model E-Type was the Series III and was larger and softer in nature than its predecessor with weight distributed 53/47 and gained the long-legged touring profile to which the model was arguably better suited. Robert Bell in ‘Motor’ was quoted as saying at the time that “all we expected was a new engine but what in fact we drove was a new car”. Jaguar had launched a very smooth, quiet and refined grand touring sports car.\n\nManufactured on 18th March 1974 this E-Type was dispatched to Jaguar’s New York dealer on 27th March 1974. It was manufactured in white with dark blue interior and fitted with an automatic gearbox. The car then found its way to Spain, courtesy of a Mr. Clarke and was registered in Malaga. The car was extensively restored in 2008 by Classic Dream Cars in Madrid. An extensive collection of photographs confirms this, at the same time the colour was changed to blue. In 2014 this E-Type was repatriated to the UK and registered to the current registered keeper on 1st February 2015. He commissioned Lanes Cars, Jaguar E-Type specialists in Burton on Trent to carry out extensive work on this Series III Roadster. Work included changing the gearbox from automatic to manual, the total invoice was over £20,000. In 2024 the steering was converted from left hand drive to right. The net result of the significant investment in this Jaguar is an E-Type that is very well sorted and ready to use. An extensive history folder confirms the work carried out and the car is certainly in condition commensurate with such expenditure. Jaguar E-Type Series III’s are fast becoming recognised as the best model to drive, after getting in this one and giving it a drive through country lanes, it is easy to see why. Consigned by Stewart Banks.\n\nThe car is located in Reading, Berkshire\n\nThis description is provided by the seller and to the best of the seller's knowledge, accurate and not misleading and unless otherwise stated is 'Not Verified' by Historics or any person employed by Historics. Prospective purchasers are advised to satisfy themselves as to the accuracy of the description and any statements made, whether they be statements of fact or opinion, and conduct any research they feel is necessary before committing to a bid. Please see our Terms and Conditions for full details.","lot_media":["https://storagegohistorics.blob.core.windows.net/stock/17999-3-small.jpg?v=63889482657163","https://storagegohistorics.blob.core.windows.net/stock/17999-0-small.jpg?v=63889482657163","https://storagegohistorics.blob.core.windows.net/stock/17999-1-small.jpg?v=63889482657163","https://storagegohistorics.blob.core.windows.net/stock/17999-2-small.jpg?v=63889482657163","https://storagegohistorics.blob.core.windows.net/stock/17999-5-small.jpg?v=63889482657163","https://storagegohistorics.blob.core.windows.net/stock/17999-4-small.jpg?v=63889482657163","https://storagegohistorics.blob.core.windows.net/stock/17999-6-small.jpg?v=63889482657163","https://storagegohistorics.blob.core.windows.net/stock/17999-7-small.jpg?v=63889482657163","https://storagegohistorics.blob.core.windows.net/stock/17999-8-small.jpg?v=63889482657163","https://storagegohistorics.blob.core.windows.net/stock/17999-9-small.jpg?v=63889482657163","https://storagegohistorics.blob.core.windows.net/stock/17999-10-small.jpg?v=63889482657163","https://storagegohistorics.blob.core.windows.net/stock/17999-11-small.jpg?v=63889482657163","https://storagegohistorics.blob.core.windows.net/stock/17999-12-small.jpg?v=63889482657163","https://storagegohistorics.blob.core.windows.net/stock/17999-13-small.jpg?v=63889482657163","https://storagegohistorics.blob.core.windows.net/stock/17999-14-small.jpg?v=63889482657163","https://storagegohistorics.blob.core.windows.net/stock/17999-15-small.jpg?v=63889482657163","https://storagegohistorics.blob.core.windows.net/stock/17999-16-small.jpg?v=63889482657163","https://storagegohistorics.blob.core.windows.net/stock/17999-17-small.jpg?v=63889482657163","https://storagegohistorics.blob.core.windows.net/stock/17999-18-small.jpg?v=63889482657163","https://storagegohistorics.blob.core.windows.net/stock/17999-19-small.jpg?v=63889482657163","https://storagegohistorics.blob.core.windows.net/stock/17999-20-small.jpg?v=63889482657163","https://storagegohistorics.blob.core.windows.net/stock/17999-21-small.jpg?v=63889482657163","https://storagegohistorics.blob.core.windows.net/stock/17999-22-small.jpg?v=63889482657163","https://storagegohistorics.blob.core.windows.net/stock/17999-23-small.jpg?v=63889482657163","https://storagegohistorics.blob.core.windows.net/stock/17999-24-small.jpg?v=63889482657163","https://storagegohistorics.blob.core.windows.net/stock/17999-25-small.jpg?v=63889482657163","https://storagegohistorics.blob.core.windows.net/stock/17999-26-small.jpg?v=63889482657163","https://storagegohistorics.blob.core.windows.net/stock/17999-27-small.jpg?v=63889482657163","https://storagegohistorics.blob.core.windows.net/stock/17999-28-small.jpg?v=63889482657163","https://storagegohistorics.blob.core.windows.net/stock/17999-29-small.jpg?v=63889482657163","https://storagegohistorics.blob.core.windows.net/stock/17999-30-small.jpg?v=63889482657163","https://storagegohistorics.blob.core.windows.net/stock/17999-31-small.jpg?v=63889482657163","https://storagegohistorics.blob.core.windows.net/stock/17999-32-small.jpg?v=63889482657163","https://storagegohistorics.blob.core.windows.net/stock/17999-33-small.jpg?v=63889482657163","https://storagegohistorics.blob.core.windows.net/stock/17999-34-small.jpg?v=63889482657163","https://storagegohistorics.blob.core.windows.net/stock/17999-35-small.jpg?v=63889482657163","https://storagegohistorics.blob.core.windows.net/stock/17999-36-small.jpg?v=63889482657163","https://storagegohistorics.blob.core.windows.net/stock/17999-37-small.jpg?v=63889482657163","https://storagegohistorics.blob.core.windows.net/stock/17999-38-small.jpg?v=63889482657163","https://storagegohistorics.blob.core.windows.net/stock/17999-39-small.jpg?v=63889482657163","https://storagegohistorics.blob.core.windows.net/stock/17999-40-small.jpg?v=63889482657163","https://storagegohistorics.blob.core.windows.net/stock/17999-41-small.jpg?v=63889482657163","https://storagegohistorics.blob.core.windows.net/stock/17999-42-small.jpg?v=63889482657163"],"vehicle_chassis_no":"1S25302BW","vehicle_year":"1974","vehicle_make":"Jaguar","vehicle_model":"E-Type Series III Roadster","vehicle_registry_code":"CDE 229M","vehicle_mileage_value":"05,903","vehicle_engine":"7S159361A","price_currency":"GBP","price_value":45250,"price_guide_low":null,"price_guide_high":null,"price_type":"sold"},
{"auction_label":"Online Collectibles","auction_date_range":"Ending 6th Aug, 2025\n                20:16","lot_source_link":"https://www.historics.co.uk/auction/lot/lot-1992-volkswagen-mk-ii-golf-gti-8v/?lot=18018&so=0&st=&sto=0&au=103&ef=&et=&ic=False&sd=1&pp=96&pn=1&g=1","lot_code":null,"lot_title":"1992 Volkswagen Mk. II Golf GTi 8v","lot_description":"The second generation of the Volkswagen Golf and the successor to the Mk. I Golf, was launched in Europe at the Frankfurt Motor Show in September 1983. Sales began in its homeland and most other left hand drive markets soon after and debuted in March 1984 on the right hand drive British market. It was Volkswagen's highest volume seller from 1983 and ended (German) production in late 1992, to be replaced by the Golf Mk. III. The Mk. II was larger than the Mk. I, its wheelbase grew slightly by 3-inches, as did exterior dimensions.Weight was up accordingly by about 260lbs. Exterior design, developed in-house by Volkswagen design director Schäfer, kept the general lines of its Giugiaro-designed predecessor, but was slightly more rounded. The Mk. II was supplied with a wider range of engine options, including a GTD turbodiesel using the 1.6 ‘umwelt’ (ECO) diesel engine, a DOHC 1781cc 16-valve version of the straight-four GTi as well as the tried and tested 1781cc 8v GTi. All told, about 6.3 million second-generation Golfs were built.Known as the ‘run out model’, this 8v GTi is one of the last Mk. II Golf’s ever produced. This big bumper model is presented in red coachwork with a black leather trim and sitting on alloy sports wheels which our owner was informed were an option but in this case fitter later. Boasting power steering, the headlining has been renewed and the leather seats have been restored all of which are complemented by original mats. This car has been lovingly owned for 15 years with a raft of renovations and maintenance. Having been used as a daily driver, it was in constant use until ULEZ forced the sale. Our vendor informs us that everything has been kept original where possible except a Sony Bluetooth radio/CD player and hard rear parcel shelf.In 2016, a van reversed into the front of the car which resulted in an incorrect category C insurance claim. At this point our vendor had the car repaired. The damage was to the grille, front of the wings, bonnet and spoiler/bumper, all were professionally restored and resprayed by Lightning Crash Repairs, Potters Bar, Herts. Our vendor is currently having the classification changed from Category C to ‘condition inspected’ for peace of mind.The body work today is described as excellent, professionally polished with just a few minor scratches on the doors and a tiny chip professionally repaired on driver’s side windscreen. Offered with an MoT test certificate until January 2026, new front tyres and a good amount of tread to the rear. Our Vendor states the car starts first time and boasts a recent service with new battery, new starter motor, new distributor cap, rotor arm ,HT leads, NGK spark plugs, radiator fan switches and coolant seals. The service was performed by classic car specialist, Micheal Bruce engineering, Potters Bar.We are informed the heating cooling system works well, as do all switches and the heated rear screen, electric mirrors and front windows. The full-size spare wheel is present as is the original covers and car jack kit. Offered with two keys, alarm immobiliser with Cat 2 system, the original Volkswagen service manual, a part service history in large A4 folder, receipts and even comes with two Haynes manuals.Our vendor states he has really enjoyed this car, and will hate to see it go, having owned four Mk. II's over 30 years, a change of job and ULEZ means it’s time for someone else to enjoy it as much as he has. Used as his work car, it has been all over the country and he commented it is a great ride even with a full load, holds the road very well and can do 80mph easily (overtaking, of course!). Currently insured/valued for circa £10,000 in its current condition, these cars are becoming a rare find in good condition with values climbing. Cheap to insure on classic car insurance and a hoot to drive, a car that has averaged 7,500 miles a year… and it’s a Volkswagen so it has another 500,000 miles before its run in! Consigned by Mathew Priddy The car is currently located in Amersham.\n\nThis description is provided by the seller and to the best of the seller's knowledge, accurate and not misleading and unless otherwise stated is 'Not Verified' by Historics or any person employed by Historics. Prospective purchasers are advised to satisfy themselves as to the accuracy of the description and any statements made, whether they be statements of fact or opinion, and conduct any research they feel is necessary before committing to a bid. Please see our Terms and Conditions for full details.","lot_media":["https://storagegohistorics.blob.core.windows.net/stock/18003-4-small.jpg?v=63889568665860","https://storagegohistorics.blob.core.windows.net/stock/18003-2-small.jpg?v=63889568663223","https://storagegohistorics.blob.core.windows.net/stock/18003-0-small.jpg?v=63889568661450","https://storagegohistorics.blob.core.windows.net/stock/18003-1-small.jpg?v=63889568662300","https://storagegohistorics.blob.core.windows.net/stock/18003-3-small.jpg?v=63889568664270","https://storagegohistorics.blob.core.windows.net/stock/18003-5-small.jpg?v=63889568779460","https://storagegohistorics.blob.core.windows.net/stock/18003-6-small.jpg?v=63889568779840","https://storagegohistorics.blob.core.windows.net/stock/18003-7-small.jpg?v=63889568780627","https://storagegohistorics.blob.core.windows.net/stock/18003-8-small.jpg?v=63889568781353","https://storagegohistorics.blob.core.windows.net/stock/18003-9-small.jpg?v=63889568782140","https://storagegohistorics.blob.core.windows.net/stock/18003-10-small.jpg?v=63889568783017","https://storagegohistorics.blob.core.windows.net/stock/18003-11-small.jpg?v=63889568783410","https://storagegohistorics.blob.core.windows.net/stock/18003-12-small.jpg?v=63889568784200"],"vehicle_chassis_no":"WVWZZZ1GZNW109223","vehicle_year":"1992","vehicle_make":"Volkswagen","vehicle_model":"Mk. II Golf GTi 8v","vehicle_registry_code":"J683 DYF","vehicle_mileage_value":"244,350","vehicle_engine":null,"price_currency":"GBP","price_value":null,"price_guide_low":6000,"price_guide_high":9000,"price_type":"estimate"},
{"auction_label":"Online Collectibles","auction_date_range":"Ending 6th Aug, 2025\n                20:20","lot_source_link":"https://www.historics.co.uk/auction/lot/lot-1965-jaguar-s-type/?lot=18028&so=0&st=&sto=0&au=103&ef=&et=&ic=False&sd=1&pp=96&pn=1&g=1","lot_code":null,"lot_title":"1965 Jaguar S-Type","lot_description":"Produced from 1963 to 1968, the Jaguar S-Type was technically a more sophisticated development of the Jaguar Mk. II, offering buyers a more luxurious alternative. It was available with either 3.4 or 3.8 litre XK engines and featured longer rear bodywork among other styling and interior changes. Despite its extra weight, the S-Type's independent rear suspension allowed it to corner faster than the Mk. II, especially on uneven surfaces, providing better traction and a much smoother ride for rear seat passengers with the consensus that the S-Type offered significant improvements over the Mk. II in road holding, safety and ride comfort. It was described as 'a convenient family car, a businessman's express, a sports coupé and a grand tourer.'\n\nFinished in light metallic blue with contrasting trim, this Jaguar S-Type was first registered in early 1965 and boasts the iconic 3.8 litre engine. Recently recommissioned after a period in dry storage due to the passing of the previous owner, this a handsome luxury British saloon is presented with a V5 registration document. It is believed that this example had an older restoration by the previous owner which reflects well in the cabin with wood, trim, headlining and carpets all in good order. Upon turning the key, the car starts and runs well with good oil pressure from cold.\n\nThe exterior presents well from a distance but aligned to the storage that had taken place, the paintwork is average showing some signs of age and micro blistering in areas. The chrome work is in line with what you would expect, it presents well and bright but on close inspection has areas of blistering. Consigned by Mathew Priddy\n\nThe car is currently located in Orpington, Kent.\n\nGuide Price £7,000-£9,000  This description is provided by the seller and to the best of the seller's knowledge, accurate and not misleading and unless otherwise stated is 'Not Verified' by Historics or any person employed by Historics. Prospective purchasers are advised to satisfy themselves as to the accuracy of the description and any statements made, whether they be statements of fact or opinion, and conduct any research they feel is necessary before committing to a bid. Please see our Terms and Conditions for full details.","lot_media":["https://storagegohistorics.blob.core.windows.net/stock/18013-8-small.jpg?v=63889929710827","https://storagegohistorics.blob.core.windows.net/stock/18013-4-small.jpg?v=63889929710827","https://storagegohistorics.blob.core.windows.net/stock/18013-9-small.jpg?v=63889929710827","https://storagegohistorics.blob.core.windows.net/stock/18013-1-small.jpg?v=63889929710827","https://storagegohistorics.blob.core.windows.net/stock/18013-5-small.jpg?v=63889929710827","https://storagegohistorics.blob.core.windows.net/stock/18013-3-small.jpg?v=63889929710827","https://storagegohistorics.blob.core.windows.net/stock/18013-0-small.jpg?v=63889929710827","https://storagegohistorics.blob.core.windows.net/stock/18013-2-small.jpg?v=63889929710827","https://storagegohistorics.blob.core.windows.net/stock/18013-6-small.jpg?v=63889929710827","https://storagegohistorics.blob.core.windows.net/stock/18013-7-small.jpg?v=63889929710827","https://storagegohistorics.blob.core.windows.net/stock/18013-10-small.jpg?v=63889929710827","https://storagegohistorics.blob.core.windows.net/stock/18013-11-small.jpg?v=63889929710827","https://storagegohistorics.blob.core.windows.net/stock/18013-12-small.jpg?v=63889930091123","https://storagegohistorics.blob.core.windows.net/stock/18013-13-small.jpg?v=63889930091650","https://storagegohistorics.blob.core.windows.net/stock/18013-14-small.jpg?v=63889930092187","https://storagegohistorics.blob.core.windows.net/stock/18013-15-small.jpg?v=63889930092683","https://storagegohistorics.blob.core.windows.net/stock/18013-16-small.jpg?v=63889930093190","https://storagegohistorics.blob.core.windows.net/stock/18013-17-small.jpg?v=63889930093700","https://storagegohistorics.blob.core.windows.net/stock/18013-18-small.jpg?v=63889930094243","https://storagegohistorics.blob.core.windows.net/stock/18013-19-small.jpg?v=63889930094747","https://storagegohistorics.blob.core.windows.net/stock/18013-20-small.jpg?v=63889930095263","https://storagegohistorics.blob.core.windows.net/stock/18013-21-small.jpg?v=63889930095790","https://storagegohistorics.blob.core.windows.net/stock/18013-22-small.jpg?v=63889930096263","https://storagegohistorics.blob.core.windows.net/stock/18013-23-small.jpg?v=63889930096800","https://storagegohistorics.blob.core.windows.net/stock/18013-24-small.jpg?v=63889930097290","https://storagegohistorics.blob.core.windows.net/stock/18013-25-small.jpg?v=63889930097930","https://storagegohistorics.blob.core.windows.net/stock/18013-26-small.jpg?v=63889930098463","https://storagegohistorics.blob.core.windows.net/stock/18013-27-small.jpg?v=63889930099133","https://storagegohistorics.blob.core.windows.net/stock/18013-28-small.jpg?v=63889930099617","https://storagegohistorics.blob.core.windows.net/stock/18013-29-small.jpg?v=63889930100010","https://storagegohistorics.blob.core.windows.net/stock/18013-30-small.jpg?v=63889930100483","https://storagegohistorics.blob.core.windows.net/stock/18013-31-small.jpg?v=63889930100963","https://storagegohistorics.blob.core.windows.net/stock/18013-32-small.jpg?v=63889930101500","https://storagegohistorics.blob.core.windows.net/stock/18013-33-small.jpg?v=63889930101923","https://storagegohistorics.blob.core.windows.net/stock/18013-34-small.jpg?v=63889930102427","https://storagegohistorics.blob.core.windows.net/stock/18013-35-small.jpg?v=63889930102940","https://storagegohistorics.blob.core.windows.net/stock/18013-36-small.jpg?v=63889930103457","https://storagegohistorics.blob.core.windows.net/stock/18013-37-small.jpg?v=63889930103987","https://storagegohistorics.blob.core.windows.net/stock/18013-38-small.jpg?v=63889930104477","https://storagegohistorics.blob.core.windows.net/stock/18013-39-small.jpg?v=63889930104967","https://storagegohistorics.blob.core.windows.net/stock/18013-40-small.jpg?v=63889930105477","https://storagegohistorics.blob.core.windows.net/stock/18013-41-small.jpg?v=63889930105970","https://storagegohistorics.blob.core.windows.net/stock/18013-42-small.jpg?v=63889930106480","https://storagegohistorics.blob.core.windows.net/stock/18013-43-small.jpg?v=63889930107133","https://storagegohistorics.blob.core.windows.net/stock/18013-44-small.jpg?v=63889930107633","https://storagegohistorics.blob.core.windows.net/stock/18013-45-small.jpg?v=63889930108133","https://storagegohistorics.blob.core.windows.net/stock/18013-46-small.jpg?v=63889930108650","https://storagegohistorics.blob.core.windows.net/stock/18013-47-small.jpg?v=63889930109150","https://storagegohistorics.blob.core.windows.net/stock/18013-48-small.jpg?v=63889930109637","https://storagegohistorics.blob.core.windows.net/stock/18013-49-small.jpg?v=63889930110147","https://storagegohistorics.blob.core.windows.net/stock/18013-50-small.jpg?v=63889930110890"],"vehicle_chassis_no":"P1B56247DN","vehicle_year":"1965","vehicle_make":"Jaguar","vehicle_model":"S-Type","vehicle_registry_code":"EDV 75C","vehicle_mileage_value":"16,950","vehicle_engine":null,"price_currency":"GBP","price_value":null,"price_guide_low":7000,"price_guide_high":9000,"price_type":"estimate"}
]}