[
    {
        "lot_source_link": "https://rmsothebys.com/auctions/af18/lots/r0759-1998-jaguar-xk8/",
        "lot_code": "1005",
        "vehicle_chassis_no": "SAJGX2246WC029954",
        "vehicle_engine_no": null
    },
    {
        "lot_source_link": "https://rmsothebys.com/auctions/af18/lots/r0759-1998-jaguar-xk8/",
        "lot_code": "1005",
        "vehicle_chassis_no": "SAJGX2246WC029954",
        "vehicle_engine_no": null
    },
    {
        "lot_source_link": "https://rmsothebys.com/auctions/af18/lots/r0677-2003-bmw-z4-30i/",
        "lot_code": "1007",
        "vehicle_chassis_no": "4USBT53473LU03367",
        "vehicle_engine_no": null
    },
    {
        "lot_source_link": "https://rmsothebys.com/auctions/af18/lots/r0677-2003-bmw-z4-30i/",
        "lot_code": "1007",
        "vehicle_chassis_no": "4USBT53473LU03367",
        "vehicle_engine_no": null
    },
    {
        "lot_source_link": "https://rmsothebys.com/auctions/af18/lots/r0702-1912-ford-model-t-touring/",
        "lot_code": "1009",
        "vehicle_chassis_no": "124640",
        "vehicle_engine_no": null
    },
    {
        "lot_source_link": "https://rmsothebys.com/auctions/af18/lots/r0702-1912-ford-model-t-touring/",
        "lot_code": "1009",
        "vehicle_chassis_no": "124640",
        "vehicle_engine_no": null
    },
    {
        "lot_source_link": "https://rmsothebys.com/auctions/af18/lots/r0793-1954-chevrolet-bel-air/",
        "lot_code": "1010",
        "vehicle_chassis_no": "C54L038869",
        "vehicle_engine_no": null
    },
    {
        "lot_source_link": "https://rmsothebys.com/auctions/af18/lots/r0793-1954-chevrolet-bel-air/",
        "lot_code": "1010",
        "vehicle_chassis_no": "C54L038869",
        "vehicle_engine_no": null
    },
    {
        "lot_source_link": "https://rmsothebys.com/auctions/af18/lots/r0629-1977-chevrolet-corvette/",
        "lot_code": "1011",
        "vehicle_chassis_no": "1Z37L7S425820",
        "vehicle_engine_no": null
    },
    {
        "lot_source_link": "https://rmsothebys.com/auctions/af18/lots/r0629-1977-chevrolet-corvette/",
        "lot_code": "1011",
        "vehicle_chassis_no": "1Z37L7S425820",
        "vehicle_engine_no": null
    },
    {
        "lot_source_link": "https://rmsothebys.com/auctions/af18/lots/r0792-1977-mercedesbenz-450-sl/",
        "lot_code": "1012",
        "vehicle_chassis_no": "10704412040399",
        "vehicle_engine_no": null
    },
    {
        "lot_source_link": "https://rmsothebys.com/auctions/af18/lots/r0792-1977-mercedesbenz-450-sl/",
        "lot_code": "1012",
        "vehicle_chassis_no": "10704412040399",
        "vehicle_engine_no": null
    },
    {
        "lot_source_link": "https://rmsothebys.com/auctions/af18/lots/r0699-1977-buick-century/",
        "lot_code": "1014",
        "vehicle_chassis_no": "4H57C7H216994",
        "vehicle_engine_no": null
    },
    {
        "lot_source_link": "https://rmsothebys.com/auctions/af18/lots/r0699-1977-buick-century/",
        "lot_code": "1014",
        "vehicle_chassis_no": "4H57C7H216994",
        "vehicle_engine_no": null
    },
    {
        "lot_source_link": "https://rmsothebys.com/auctions/af18/lots/r0790-1978-cadillac-eldorado-biarritz/",
        "lot_code": "1015",
        "vehicle_chassis_no": "6L47S8Q133496",
        "vehicle_engine_no": null
    },
    {
        "lot_source_link": "https://rmsothebys.com/auctions/af18/lots/r0790-1978-cadillac-eldorado-biarritz/",
        "lot_code": "1015",
        "vehicle_chassis_no": "6L47S8Q133496",
        "vehicle_engine_no": null
    },
    {
        "lot_source_link": "https://rmsothebys.com/auctions/af18/lots/r0574-1927-dodge-brothers-sedan/",
        "lot_code": "1016",
        "vehicle_chassis_no": "A662817",
        "vehicle_engine_no": null
    },
    {
        "lot_source_link": "https://rmsothebys.com/auctions/af18/lots/r0574-1927-dodge-brothers-sedan/",
        "lot_code": "1016",
        "vehicle_chassis_no": "A662817",
        "vehicle_engine_no": null
    },
    {
        "lot_source_link": "https://rmsothebys.com/auctions/af18/lots/r0579-1996-pontiac-formula-firebird/",
        "lot_code": "1018",
        "vehicle_chassis_no": "2G2FV22P6T2226908",
        "vehicle_engine_no": null
    },
    {
        "lot_source_link": "https://rmsothebys.com/auctions/af18/lots/r0579-1996-pontiac-formula-firebird/",
        "lot_code": "1018",
        "vehicle_chassis_no": "2G2FV22P6T2226908",
        "vehicle_engine_no": null
    },
    {
        "lot_source_link": "https://rmsothebys.com/auctions/af18/lots/r0812-2016-shelby-gth/",
        "lot_code": "1019",
        "vehicle_chassis_no": "1FA698CFXG5328761",
        "vehicle_engine_no": null
    },
    {
        "lot_source_link": "https://rmsothebys.com/auctions/af18/lots/r0812-2016-shelby-gth/",
        "lot_code": "1019",
        "vehicle_chassis_no": "1FA698CFXG5328761",
        "vehicle_engine_no": null
    },
    {
        "lot_source_link": "https://rmsothebys.com/auctions/af18/lots/r0683-1974-triumph-tr6/",
        "lot_code": "1021",
        "vehicle_chassis_no": "CF28834U",
        "vehicle_engine_no": null
    },
    {
        "lot_source_link": "https://rmsothebys.com/auctions/af18/lots/r0683-1974-triumph-tr6/",
        "lot_code": "1021",
        "vehicle_chassis_no": "CF28834U",
        "vehicle_engine_no": null
    },
    {
        "lot_source_link": "https://rmsothebys.com/auctions/af18/lots/r0684-1965-cadillac-coupe-deville/",
        "lot_code": "1022",
        "vehicle_chassis_no": "J5170885",
        "vehicle_engine_no": null
    },
    {
        "lot_source_link": "https://rmsothebys.com/auctions/af18/lots/r0684-1965-cadillac-coupe-deville/",
        "lot_code": "1022",
        "vehicle_chassis_no": "J5170885",
        "vehicle_engine_no": null
    },
    {
        "lot_source_link": "https://rmsothebys.com/auctions/af18/lots/r0646-1977-mg-mgb/",
        "lot_code": "1023",
        "vehicle_chassis_no": "GHN5UH410811",
        "vehicle_engine_no": null
    },
    {
        "lot_source_link": "https://rmsothebys.com/auctions/af18/lots/r0646-1977-mg-mgb/",
        "lot_code": "1023",
        "vehicle_chassis_no": "GHN5UH410811",
        "vehicle_engine_no": null
    },
    {
        "lot_source_link": "https://rmsothebys.com/auctions/af18/lots/r0571-1947-chevrolet-fleetmaster-station-wagon-custom/",
        "lot_code": "1024",
        "vehicle_chassis_no": "2EKK61211",
        "vehicle_engine_no": null
    },
    {
        "lot_source_link": "https://rmsothebys.com/auctions/af18/lots/r0571-1947-chevrolet-fleetmaster-station-wagon-custom/",
        "lot_code": "1024",
        "vehicle_chassis_no": "2EKK61211",
        "vehicle_engine_no": null
    },
    {
        "lot_source_link": "https://rmsothebys.com/auctions/af18/lots/r0685-1954-chevrolet-sedan-delivery-custom/",
        "lot_code": "1025",
        "vehicle_chassis_no": "D54L052074",
        "vehicle_engine_no": null
    },
    {
        "lot_source_link": "https://rmsothebys.com/auctions/af18/lots/r0685-1954-chevrolet-sedan-delivery-custom/",
        "lot_code": "1025",
        "vehicle_chassis_no": "D54L052074",
        "vehicle_engine_no": null
    },
    {
        "lot_source_link": "https://rmsothebys.com/auctions/af18/lots/r0584-1979-pontiac-trans-am/",
        "lot_code": "1026",
        "vehicle_chassis_no": "2W87K9N165899",
        "vehicle_engine_no": null
    },
    {
        "lot_source_link": "https://rmsothebys.com/auctions/af18/lots/r0584-1979-pontiac-trans-am/",
        "lot_code": "1026",
        "vehicle_chassis_no": "2W87K9N165899",
        "vehicle_engine_no": null
    },
    {
        "lot_source_link": "https://rmsothebys.com/auctions/af18/lots/r0686-1967-toyota-corona-sedan/",
        "lot_code": "1027",
        "vehicle_chassis_no": "RT4320903",
        "vehicle_engine_no": null
    },
    {
        "lot_source_link": "https://rmsothebys.com/auctions/af18/lots/r0686-1967-toyota-corona-sedan/",
        "lot_code": "1027",
        "vehicle_chassis_no": "RT4320903",
        "vehicle_engine_no": null
    },
    {
        "lot_source_link": "https://rmsothebys.com/auctions/af18/lots/r0562-1986-mercedesbenz-300-e/",
        "lot_code": "1028",
        "vehicle_chassis_no": "WDBEA30D0GA239638",
        "vehicle_engine_no": null
    },
    {
        "lot_source_link": "https://rmsothebys.com/auctions/af18/lots/r0562-1986-mercedesbenz-300-e/",
        "lot_code": "1028",
        "vehicle_chassis_no": "WDBEA30D0GA239638",
        "vehicle_engine_no": null
    },
    {
        "lot_source_link": "https://rmsothebys.com/auctions/af18/lots/r0647-1967-ford-bronco/",
        "lot_code": "1029",
        "vehicle_chassis_no": "U15FLB17258",
        "vehicle_engine_no": null
    },
    {
        "lot_source_link": "https://rmsothebys.com/auctions/af18/lots/r0647-1967-ford-bronco/",
        "lot_code": "1029",
        "vehicle_chassis_no": "U15FLB17258",
        "vehicle_engine_no": null
    },
    {
        "lot_source_link": "https://rmsothebys.com/auctions/af18/lots/r0643-1975-pontiac-le-mans-sport/",
        "lot_code": "1030",
        "vehicle_chassis_no": "2F37E5A147760",
        "vehicle_engine_no": null
    },
    {
        "lot_source_link": "https://rmsothebys.com/auctions/af18/lots/r0643-1975-pontiac-le-mans-sport/",
        "lot_code": "1030",
        "vehicle_chassis_no": "2F37E5A147760",
        "vehicle_engine_no": null
    },
    {
        "lot_source_link": "https://rmsothebys.com/auctions/af18/lots/r0583-1950-pontiac-silver-streak/",
        "lot_code": "1031",
        "vehicle_chassis_no": "A8TS1533",
        "vehicle_engine_no": null
    },
    {
        "lot_source_link": "https://rmsothebys.com/auctions/af18/lots/r0583-1950-pontiac-silver-streak/",
        "lot_code": "1031",
        "vehicle_chassis_no": "A8TS1533",
        "vehicle_engine_no": null
    },
    {
        "lot_source_link": "https://rmsothebys.com/auctions/af18/lots/r0703-1914-ford-model-t-touring/",
        "lot_code": "1032",
        "vehicle_chassis_no": "380314",
        "vehicle_engine_no": null
    },
    {
        "lot_source_link": "https://rmsothebys.com/auctions/af18/lots/r0703-1914-ford-model-t-touring/",
        "lot_code": "1032",
        "vehicle_chassis_no": "380314",
        "vehicle_engine_no": null
    },
    {
        "lot_source_link": "https://rmsothebys.com/auctions/af18/lots/r0614-1959-speedster-recreation/",
        "lot_code": "1033",
        "vehicle_chassis_no": "4632019666",
        "vehicle_engine_no": null
    },
    {
        "lot_source_link": "https://rmsothebys.com/auctions/af18/lots/r0614-1959-speedster-recreation/",
        "lot_code": "1033",
        "vehicle_chassis_no": "4632019666",
        "vehicle_engine_no": null
    },
    {
        "lot_source_link": "https://rmsothebys.com/auctions/af18/lots/r0563-1987-buick-regal-grand-national/",
        "lot_code": "1034",
        "vehicle_chassis_no": "1G4GJ1177HP457416",
        "vehicle_engine_no": null
    },
    {
        "lot_source_link": "https://rmsothebys.com/auctions/af18/lots/r0563-1987-buick-regal-grand-national/",
        "lot_code": "1034",
        "vehicle_chassis_no": "1G4GJ1177HP457416",
        "vehicle_engine_no": null
    },
    {
        "lot_source_link": "https://rmsothebys.com/auctions/af18/lots/r0585-1969-volkswagen-beetle/",
        "lot_code": "1035",
        "vehicle_chassis_no": "1102326701",
        "vehicle_engine_no": null
    },
    {
        "lot_source_link": "https://rmsothebys.com/auctions/af18/lots/r0585-1969-volkswagen-beetle/",
        "lot_code": "1035",
        "vehicle_chassis_no": "1102326701",
        "vehicle_engine_no": null
    },
    {
        "lot_source_link": "https://rmsothebys.com/auctions/af18/lots/r0769-1954-chevrolet-corvette/",
        "lot_code": "1036",
        "vehicle_chassis_no": "E54S001973",
        "vehicle_engine_no": null
    },
    {
        "lot_source_link": "https://rmsothebys.com/auctions/af18/lots/r0769-1954-chevrolet-corvette/",
        "lot_code": "1036",
        "vehicle_chassis_no": "E54S001973",
        "vehicle_engine_no": null
    },
    {
        "lot_source_link": "https://rmsothebys.com/auctions/af18/lots/r0538-1938-chevrolet-sport/",
        "lot_code": "1037",
        "vehicle_chassis_no": "1731032",
        "vehicle_engine_no": null
    },
    {
        "lot_source_link": "https://rmsothebys.com/auctions/af18/lots/r0538-1938-chevrolet-sport/",
        "lot_code": "1037",
        "vehicle_chassis_no": "1731032",
        "vehicle_engine_no": null
    },
    {
        "lot_source_link": "https://rmsothebys.com/auctions/af18/lots/r0752-1971-pontiac-trans-am-455-ho/",
        "lot_code": "1038",
        "vehicle_chassis_no": "228871N106423",
        "vehicle_engine_no": null
    },
    {
        "lot_source_link": "https://rmsothebys.com/auctions/af18/lots/r0752-1971-pontiac-trans-am-455-ho/",
        "lot_code": "1038",
        "vehicle_chassis_no": "228871N106423",
        "vehicle_engine_no": null
    },
    {
        "lot_source_link": "https://rmsothebys.com/auctions/af18/lots/r0762-1976-pontiac-grand-prix/",
        "lot_code": "1039",
        "vehicle_chassis_no": "2J57M6P144005",
        "vehicle_engine_no": null
    },
    {
        "lot_source_link": "https://rmsothebys.com/auctions/af18/lots/r0762-1976-pontiac-grand-prix/",
        "lot_code": "1039",
        "vehicle_chassis_no": "2J57M6P144005",
        "vehicle_engine_no": null
    },
    {
        "lot_source_link": "https://rmsothebys.com/auctions/af18/lots/r0539-1970-volkswagen-beetle/",
        "lot_code": "1040",
        "vehicle_chassis_no": "1102498937",
        "vehicle_engine_no": null
    },
    {
        "lot_source_link": "https://rmsothebys.com/auctions/af18/lots/r0539-1970-volkswagen-beetle/",
        "lot_code": "1040",
        "vehicle_chassis_no": "1102498937",
        "vehicle_engine_no": null
    },
    {
        "lot_source_link": "https://rmsothebys.com/auctions/af18/lots/r0540-1923-ford-tbucket-custom/",
        "lot_code": "1041",
        "vehicle_chassis_no": "MICH75321",
        "vehicle_engine_no": null
    },
    {
        "lot_source_link": "https://rmsothebys.com/auctions/af18/lots/r0540-1923-ford-tbucket-custom/",
        "lot_code": "1041",
        "vehicle_chassis_no": "MICH75321",
        "vehicle_engine_no": null
    }
]