[
    {
        "lot_source_link": "https://rmsothebys.com/auctions/af20/lots/",
        "lot_code": null,
        "vehicle_chassis_no": null,
        "vehicle_engine_no": null,
        "lot_description": null
    },
    {
        "lot_source_link": "https://rmsothebys.com/auctions/af20/lots/r0341-1987-dodge-daytona-shelby-z/",
        "lot_code": "2004",
        "vehicle_chassis_no": "1B3CA64A8HG112890",
        "vehicle_engine_no": null,
        "lot_description": "Pinnacle of late-1980s Mopar styling | Unique white livery over tan leather | One of 7,152 produced | 174 hp, 2.2-liter turbocharged Chrysler inline-four | Five-speed \u2018TR4050\u2019manual transmission | Air conditioning; power seats, mirrors, windows, brakes, and steering | Offered with owner\u2019s manuals and original wheels"
    },
    {
        "lot_source_link": "https://rmsothebys.com/auctions/af20/lots/r0341-1987-dodge-daytona-shelby-z/",
        "lot_code": "2004",
        "vehicle_chassis_no": "1B3CA64A8HG112890",
        "vehicle_engine_no": null,
        "lot_description": "Pinnacle of late-1980s Mopar styling | Unique white livery over tan leather | One of 7,152 produced | 174 hp, 2.2-liter turbocharged Chrysler inline-four | Five-speed \u2018TR4050\u2019manual transmission | Air conditioning; power seats, mirrors, windows, brakes, and steering | Offered with owner\u2019s manuals and original wheels"
    },
    {
        "lot_source_link": "https://rmsothebys.com/auctions/af20/lots/r0359-1964-ford-thunderbird-convertible/",
        "lot_code": "2006",
        "vehicle_chassis_no": "4Y85Z132295",
        "vehicle_engine_no": null,
        "lot_description": "All-new styling for 1964 | 390 cu. in. V-8 engine; automatic transmission | Power windows, convertible top, steering, and brakes | Interior features clock, radio, and swing-away steering wheel | One of 9,198 convertibles built for the 1964 model year"
    },
    {
        "lot_source_link": "https://rmsothebys.com/auctions/af20/lots/r0359-1964-ford-thunderbird-convertible/",
        "lot_code": "2006",
        "vehicle_chassis_no": "4Y85Z132295",
        "vehicle_engine_no": null,
        "lot_description": "All-new styling for 1964 | 390 cu. in. V-8 engine; automatic transmission | Power windows, convertible top, steering, and brakes | Interior features clock, radio, and swing-away steering wheel | One of 9,198 convertibles built for the 1964 model year"
    },
    {
        "lot_source_link": "https://rmsothebys.com/auctions/af20/lots/r0543-1999-cadillac-deville-presidentialstyle-limousine-by-superior-coach/",
        "lot_code": "2007",
        "vehicle_chassis_no": "1GEEH90Y3XU550179",
        "vehicle_engine_no": null,
        "lot_description": "Rebuilt in the fashion of a Presidential limousine | 275-hp, 278.6-cu. in. OHV V-8; GM 4T80-E automatic transmission | Equipped with removable flag masts and \u201cwig wag\u201d headlights | Six-door, eight-passenger model with hidden cocktail bar and entertainment center | Tuxedo Black with Black leather interior | Power windows, locks, steering, and brakes | New tires and wheel bearings in the last 100 miles"
    },
    {
        "lot_source_link": "https://rmsothebys.com/auctions/af20/lots/r0543-1999-cadillac-deville-presidentialstyle-limousine-by-superior-coach/",
        "lot_code": "2007",
        "vehicle_chassis_no": "1GEEH90Y3XU550179",
        "vehicle_engine_no": null,
        "lot_description": "Rebuilt in the fashion of a Presidential limousine | 275-hp, 278.6-cu. in. OHV V-8; GM 4T80-E automatic transmission | Equipped with removable flag masts and \u201cwig wag\u201d headlights | Six-door, eight-passenger model with hidden cocktail bar and entertainment center | Tuxedo Black with Black leather interior | Power windows, locks, steering, and brakes | New tires and wheel bearings in the last 100 miles"
    },
    {
        "lot_source_link": "https://rmsothebys.com/auctions/af20/lots/r0541-1959-cadillac-series-62-sedan-deville/",
        "lot_code": "2011",
        "vehicle_chassis_no": "59K001922",
        "vehicle_engine_no": null,
        "lot_description": "390 cu. in. V-8 engine; carburetor rebuilt, new gas tank, sending unit, and fuel pump | Automatic transmission; seals and gaskets replaced | Equipped with power front seat, windows, steering, and brakes | All new white leather interior, headliner, carpets, seat belts, and trunk carpet | New Vintage Air conditioning with controls that work through existing panel | Interior features Autronic eye, clock, and radio"
    },
    {
        "lot_source_link": "https://rmsothebys.com/auctions/af20/lots/r0541-1959-cadillac-series-62-sedan-deville/",
        "lot_code": "2011",
        "vehicle_chassis_no": "59K001922",
        "vehicle_engine_no": null,
        "lot_description": "390 cu. in. V-8 engine; carburetor rebuilt, new gas tank, sending unit, and fuel pump | Automatic transmission; seals and gaskets replaced | Equipped with power front seat, windows, steering, and brakes | All new white leather interior, headliner, carpets, seat belts, and trunk carpet | New Vintage Air conditioning with controls that work through existing panel | Interior features Autronic eye, clock, and radio"
    },
    {
        "lot_source_link": "https://rmsothebys.com/auctions/af20/lots/r0575-1955-buick-special-twodoor-sedan/",
        "lot_code": "2012",
        "vehicle_chassis_no": "4B7028031",
        "vehicle_engine_no": null,
        "lot_description": "Restored with hot rod upgrades; rebuilt engine | Finished in black \u201cImron\u201d paint | 264 cu. in. \u2018Nailhead\u2019 V-8 engine with three two-barrel carburetors, Offenhauser intake, MSD electronic ignition, three-inch straight pipe exhaust | Three-speed manual transmission"
    },
    {
        "lot_source_link": "https://rmsothebys.com/auctions/af20/lots/r0575-1955-buick-special-twodoor-sedan/",
        "lot_code": "2012",
        "vehicle_chassis_no": "4B7028031",
        "vehicle_engine_no": null,
        "lot_description": "Restored with hot rod upgrades; rebuilt engine | Finished in black \u201cImron\u201d paint | 264 cu. in. \u2018Nailhead\u2019 V-8 engine with three two-barrel carburetors, Offenhauser intake, MSD electronic ignition, three-inch straight pipe exhaust | Three-speed manual transmission"
    },
    {
        "lot_source_link": "https://rmsothebys.com/auctions/af20/lots/r0501-1912-ford-model-t-racecar-replica/",
        "lot_code": "2013",
        "vehicle_chassis_no": null,
        "vehicle_engine_no": "151818",
        "lot_description": "Replica of modified Ford race car driven by Frank Kulick from 1910-1913 | L-head inline four-cylinder engine | Two-speed planetary transmission | V-shaped grille for better aerodynamics | Engine set back 15-inches for better handling | Upgraded engine features a Model A crank, lightened flywheel, special pistons, Siamese intake, and Winfield downdraft manifold with modern carburetor | Rides on painted wire wheels"
    },
    {
        "lot_source_link": "https://rmsothebys.com/auctions/af20/lots/r0501-1912-ford-model-t-racecar-replica/",
        "lot_code": "2013",
        "vehicle_chassis_no": null,
        "vehicle_engine_no": "151818",
        "lot_description": "Replica of modified Ford race car driven by Frank Kulick from 1910-1913 | L-head inline four-cylinder engine | Two-speed planetary transmission | V-shaped grille for better aerodynamics | Engine set back 15-inches for better handling | Upgraded engine features a Model A crank, lightened flywheel, special pistons, Siamese intake, and Winfield downdraft manifold with modern carburetor | Rides on painted wire wheels"
    },
    {
        "lot_source_link": "https://rmsothebys.com/auctions/af20/lots/r0568-1977-chevrolet-monte-carlo/",
        "lot_code": "2015",
        "vehicle_chassis_no": "1H57L7Z405645",
        "vehicle_engine_no": null,
        "lot_description": "Nicely presented Landau in rare color combination | Last production year for second-generation Monte Carlo | Medium Jade over white vinyl; green trim | 305 cu. in. V-8 engine; automatic transmission | Power steering, brakes, windows; factory air conditioning | Console shift with swivel bucket seats | Five-hole wheels, narrow whitewall tires"
    },
    {
        "lot_source_link": "https://rmsothebys.com/auctions/af20/lots/r0568-1977-chevrolet-monte-carlo/",
        "lot_code": "2015",
        "vehicle_chassis_no": "1H57L7Z405645",
        "vehicle_engine_no": null,
        "lot_description": "Nicely presented Landau in rare color combination | Last production year for second-generation Monte Carlo | Medium Jade over white vinyl; green trim | 305 cu. in. V-8 engine; automatic transmission | Power steering, brakes, windows; factory air conditioning | Console shift with swivel bucket seats | Five-hole wheels, narrow whitewall tires"
    },
    {
        "lot_source_link": "https://rmsothebys.com/auctions/af20/lots/r0477-1965-ford-mustang-coupe/",
        "lot_code": "2016",
        "vehicle_chassis_no": "5F07F131492",
        "vehicle_engine_no": null,
        "lot_description": "Restored in the mid-2000s | Finished in Vintage Burgundy with black interior | Upgraded with a 289 cu. in. V-8 engine and an automatic transmission | Interior features bucket seats, console, radio, and day/nite mirror | Rides on thin whitewall tires; factory wheel covers | Upgraded Northern radiator"
    },
    {
        "lot_source_link": "https://rmsothebys.com/auctions/af20/lots/r0477-1965-ford-mustang-coupe/",
        "lot_code": "2016",
        "vehicle_chassis_no": "5F07F131492",
        "vehicle_engine_no": null,
        "lot_description": "Restored in the mid-2000s | Finished in Vintage Burgundy with black interior | Upgraded with a 289 cu. in. V-8 engine and an automatic transmission | Interior features bucket seats, console, radio, and day/nite mirror | Rides on thin whitewall tires; factory wheel covers | Upgraded Northern radiator"
    },
    {
        "lot_source_link": "https://rmsothebys.com/auctions/af20/lots/r0567-1968-ford-galaxie-xl-fastback/",
        "lot_code": "2017",
        "vehicle_chassis_no": "8N60F153827",
        "vehicle_engine_no": null,
        "lot_description": "Benefits from an older restoration; nicely patinated | Candy Apple Red over maroon; black vinyl roof | Upgraded to period-correct 390 cu. in. V-8 engine with proper mounts and pedal box | Four-speed manual transmission; Hurst shifter assembly | Power brakes, steering; factory air conditioning retained but not charged | Pertronix ignition, aftermarket sway bars, improved brake system | Billet Specialties wheels mounted to BF Goodrich radial T/A tires"
    },
    {
        "lot_source_link": "https://rmsothebys.com/auctions/af20/lots/r0567-1968-ford-galaxie-xl-fastback/",
        "lot_code": "2017",
        "vehicle_chassis_no": "8N60F153827",
        "vehicle_engine_no": null,
        "lot_description": "Benefits from an older restoration; nicely patinated | Candy Apple Red over maroon; black vinyl roof | Upgraded to period-correct 390 cu. in. V-8 engine with proper mounts and pedal box | Four-speed manual transmission; Hurst shifter assembly | Power brakes, steering; factory air conditioning retained but not charged | Pertronix ignition, aftermarket sway bars, improved brake system | Billet Specialties wheels mounted to BF Goodrich radial T/A tires"
    },
    {
        "lot_source_link": "https://rmsothebys.com/auctions/af20/lots/r0531-1956-chevrolet-210-twodoor-sedan-custom/",
        "lot_code": "2018",
        "vehicle_chassis_no": "B56F109729",
        "vehicle_engine_no": null,
        "lot_description": "Alluring restomod example; modern performance, aggressive visage | Stunning teal and white exterior over gray and white leatherette | 327 cu. in. V-8; March billet belt system, double-hump heads, and roller rockers | TH350 automatic transmission, dual-exit stainless steel performance exhaust | Power steering, brakes, windows; upgraded front disc brakes, twelve-bolt GM differential | Tilt steering, radio, air conditioning, dash clock and custom trunk-mounted audio system | Fog lights and chrome American Racing Torq Thrust wheels"
    },
    {
        "lot_source_link": "https://rmsothebys.com/auctions/af20/lots/r0531-1956-chevrolet-210-twodoor-sedan-custom/",
        "lot_code": "2018",
        "vehicle_chassis_no": "B56F109729",
        "vehicle_engine_no": null,
        "lot_description": "Alluring restomod example; modern performance, aggressive visage | Stunning teal and white exterior over gray and white leatherette | 327 cu. in. V-8; March billet belt system, double-hump heads, and roller rockers | TH350 automatic transmission, dual-exit stainless steel performance exhaust | Power steering, brakes, windows; upgraded front disc brakes, twelve-bolt GM differential | Tilt steering, radio, air conditioning, dash clock and custom trunk-mounted audio system | Fog lights and chrome American Racing Torq Thrust wheels"
    },
    {
        "lot_source_link": "https://rmsothebys.com/auctions/af20/lots/r0479-1957-ford-fairlane-twodoor-hardtop/",
        "lot_code": "2019",
        "vehicle_chassis_no": "C7NT125094",
        "vehicle_engine_no": null,
        "lot_description": "Finished in original color combination of Starmist Blue and Colonial White | Powered by a 292 cu. in. Thunderbird V-8 engine | Automatic transmission; power steering | Consignor states that this is a two-owner car for the last 33 years | Equipped with dual sideview mirrors | Rides on thin whitewall tires; factory wheel covers | Interior features clock, radio, and Stewart Warner accessory gauges"
    },
    {
        "lot_source_link": "https://rmsothebys.com/auctions/af20/lots/r0479-1957-ford-fairlane-twodoor-hardtop/",
        "lot_code": "2019",
        "vehicle_chassis_no": "C7NT125094",
        "vehicle_engine_no": null,
        "lot_description": "Finished in original color combination of Starmist Blue and Colonial White | Powered by a 292 cu. in. Thunderbird V-8 engine | Automatic transmission; power steering | Consignor states that this is a two-owner car for the last 33 years | Equipped with dual sideview mirrors | Rides on thin whitewall tires; factory wheel covers | Interior features clock, radio, and Stewart Warner accessory gauges"
    },
    {
        "lot_source_link": "https://rmsothebys.com/auctions/af20/lots/r0539-1957-imperial-crown-sedan/",
        "lot_code": "2020",
        "vehicle_chassis_no": "C5719169",
        "vehicle_engine_no": null,
        "lot_description": "Powered by a 392 cu. in. HEMI V-8 | Push-button automatic transmission | Power seat, windows, steering, and brakes | Interior features a radio"
    },
    {
        "lot_source_link": "https://rmsothebys.com/auctions/af20/lots/r0539-1957-imperial-crown-sedan/",
        "lot_code": "2020",
        "vehicle_chassis_no": "C5719169",
        "vehicle_engine_no": null,
        "lot_description": "Powered by a 392 cu. in. HEMI V-8 | Push-button automatic transmission | Power seat, windows, steering, and brakes | Interior features a radio"
    },
    {
        "lot_source_link": "https://rmsothebys.com/auctions/af20/lots/r0369-1941-ford-super-deluxe-station-wagon/",
        "lot_code": "2021",
        "vehicle_chassis_no": "186631145",
        "vehicle_engine_no": null,
        "lot_description": "A well-preserved and desirable prewar \u2018woodie\u2019 wagon | One of 9,485 built for 1941 | 90 hp, 221 cu. in. \u2018Flathead\u2019 V-8; three-speed manual transmission | Wood is believed to be original; older repaint | Features driver\u2019s side spotlight, clock, radio, and cabin heater | Fitted with wide whitewall tires | Equipped with covered rear-mounted spare | Formerly of the Tom Cotter Collection"
    },
    {
        "lot_source_link": "https://rmsothebys.com/auctions/af20/lots/r0369-1941-ford-super-deluxe-station-wagon/",
        "lot_code": "2021",
        "vehicle_chassis_no": "186631145",
        "vehicle_engine_no": null,
        "lot_description": "A well-preserved and desirable prewar \u2018woodie\u2019 wagon | One of 9,485 built for 1941 | 90 hp, 221 cu. in. \u2018Flathead\u2019 V-8; three-speed manual transmission | Wood is believed to be original; older repaint | Features driver\u2019s side spotlight, clock, radio, and cabin heater | Fitted with wide whitewall tires | Equipped with covered rear-mounted spare | Formerly of the Tom Cotter Collection"
    },
    {
        "lot_source_link": "https://rmsothebys.com/auctions/af20/lots/r0481-1938-oldsmobile-eight/",
        "lot_code": "2022",
        "vehicle_chassis_no": "L226664",
        "vehicle_engine_no": null,
        "lot_description": "One of only 475 built for 1938, of which very few are known to survive | Desirable open body style | Appealing Art Deco design elements | 110 hp, 257 cu. in. inline-eight; three-speed manual transmission | White over a burgundy interior; black convertible top | Equipped with rumble seat | Fitted with fog lights, wide whitewall tires | Accompanied by spare tire"
    },
    {
        "lot_source_link": "https://rmsothebys.com/auctions/af20/lots/r0481-1938-oldsmobile-eight/",
        "lot_code": "2022",
        "vehicle_chassis_no": "L226664",
        "vehicle_engine_no": null,
        "lot_description": "One of only 475 built for 1938, of which very few are known to survive | Desirable open body style | Appealing Art Deco design elements | 110 hp, 257 cu. in. inline-eight; three-speed manual transmission | White over a burgundy interior; black convertible top | Equipped with rumble seat | Fitted with fog lights, wide whitewall tires | Accompanied by spare tire"
    },
    {
        "lot_source_link": "https://rmsothebys.com/auctions/af20/lots/r0530-1967-toyota-fj40-land-cruiser/",
        "lot_code": "2023",
        "vehicle_chassis_no": "T67FJ4043201",
        "vehicle_engine_no": null,
        "lot_description": "A tastefully modified Land Cruiser | Red over black vinyl | 4.0-liter turbodiesel engine, reportedly fitted in the late 1970s | Five-speed manual transmission; hydraulic-assisted clutch | Upgraded with power steering and disc brakes, lower-ratio rear axle | Dual side mirrors, front winch | Accompanied by period photographs taken during Mexico excursions, courtesy of the original owner"
    },
    {
        "lot_source_link": "https://rmsothebys.com/auctions/af20/lots/r0530-1967-toyota-fj40-land-cruiser/",
        "lot_code": "2023",
        "vehicle_chassis_no": "T67FJ4043201",
        "vehicle_engine_no": null,
        "lot_description": "A tastefully modified Land Cruiser | Red over black vinyl | 4.0-liter turbodiesel engine, reportedly fitted in the late 1970s | Five-speed manual transmission; hydraulic-assisted clutch | Upgraded with power steering and disc brakes, lower-ratio rear axle | Dual side mirrors, front winch | Accompanied by period photographs taken during Mexico excursions, courtesy of the original owner"
    },
    {
        "lot_source_link": "https://rmsothebys.com/auctions/af20/lots/r0542-1976-cadillac-fleetwood-series-75/",
        "lot_code": "2024",
        "vehicle_chassis_no": "6F23S6Q164830",
        "vehicle_engine_no": null,
        "lot_description": "Powered by a 500 cu. in. V-8 engine; automatic transmission | Air conditioning; power windows, steering, and brakes | New steering box and power steering pump installed about 100 miles ago | New carburetor and fuel pump have been installed | Complete valve job about 150 miles ago | Rear compartment features jump seats and foot rests"
    },
    {
        "lot_source_link": "https://rmsothebys.com/auctions/af20/lots/r0542-1976-cadillac-fleetwood-series-75/",
        "lot_code": "2024",
        "vehicle_chassis_no": "6F23S6Q164830",
        "vehicle_engine_no": null,
        "lot_description": "Powered by a 500 cu. in. V-8 engine; automatic transmission | Air conditioning; power windows, steering, and brakes | New steering box and power steering pump installed about 100 miles ago | New carburetor and fuel pump have been installed | Complete valve job about 150 miles ago | Rear compartment features jump seats and foot rests"
    },
    {
        "lot_source_link": "https://rmsothebys.com/auctions/af20/lots/r0370-1914-overland-model-79-touring/",
        "lot_code": "2025",
        "vehicle_chassis_no": "26529",
        "vehicle_engine_no": null,
        "lot_description": "A handsome and spacious touring car | Powered by a 35 hp, inline four-cylinder engine; three-speed manual transmission | Equipped with cowl lights and driver\u2019s mirror | Rides on wood spoke wheels; dual rear-mounted spares | Button-tufted interior features a Stewart speedometer and a wood-rimmed steering wheel | Fitted with optional electric start | High-tension magneto installed for reliable spark; original Splitdorf low-tension magneto accompanies the car | Owned and maintained by one family for the past 62 years"
    },
    {
        "lot_source_link": "https://rmsothebys.com/auctions/af20/lots/r0370-1914-overland-model-79-touring/",
        "lot_code": "2025",
        "vehicle_chassis_no": "26529",
        "vehicle_engine_no": null,
        "lot_description": "A handsome and spacious touring car | Powered by a 35 hp, inline four-cylinder engine; three-speed manual transmission | Equipped with cowl lights and driver\u2019s mirror | Rides on wood spoke wheels; dual rear-mounted spares | Button-tufted interior features a Stewart speedometer and a wood-rimmed steering wheel | Fitted with optional electric start | High-tension magneto installed for reliable spark; original Splitdorf low-tension magneto accompanies the car | Owned and maintained by one family for the past 62 years"
    },
    {
        "lot_source_link": "https://rmsothebys.com/auctions/af20/lots/r0500-1926-kissel-655-twodoor-brougham/",
        "lot_code": "2026",
        "vehicle_chassis_no": "5512249",
        "vehicle_engine_no": null,
        "lot_description": "Beautifully restored example | One of 1,972 Kissels produced for 1926 | Classic Car Club of America (CCCA) Full Classic | Exterior features a Boyce Moto Meter, dual cowl lights, and rear trunk | Powered by an inline six-cylinder engine; three-speed manual transmission | Interior features wood steering wheel, adjustable seats, clock, lighter and ashtray, and rear heater | Equipped with aftermarket turn signals"
    },
    {
        "lot_source_link": "https://rmsothebys.com/auctions/af20/lots/r0500-1926-kissel-655-twodoor-brougham/",
        "lot_code": "2026",
        "vehicle_chassis_no": "5512249",
        "vehicle_engine_no": null,
        "lot_description": "Beautifully restored example | One of 1,972 Kissels produced for 1926 | Classic Car Club of America (CCCA) Full Classic | Exterior features a Boyce Moto Meter, dual cowl lights, and rear trunk | Powered by an inline six-cylinder engine; three-speed manual transmission | Interior features wood steering wheel, adjustable seats, clock, lighter and ashtray, and rear heater | Equipped with aftermarket turn signals"
    },
    {
        "lot_source_link": "https://rmsothebys.com/auctions/af20/lots/l0081-1966-lancia-flavia-coupe-by-pininfarina/",
        "lot_code": "2027",
        "vehicle_chassis_no": "815330009844",
        "vehicle_engine_no": "81530015554",
        "lot_description": "Offered from The Walter Miller Estate | Attractive Pininfarina design | 1.8-liter (110 cu. in.) flat-four engine | Optional floor-mounted gear shifter | Sophisticated front-wheel drive layout | Fitted with factory AM/FM radio | Believed to be original and unrestored | Includes tool roll and jack"
    },
    {
        "lot_source_link": "https://rmsothebys.com/auctions/af20/lots/l0081-1966-lancia-flavia-coupe-by-pininfarina/",
        "lot_code": "2027",
        "vehicle_chassis_no": "815330009844",
        "vehicle_engine_no": "81530015554",
        "lot_description": "Offered from The Walter Miller Estate | Attractive Pininfarina design | 1.8-liter (110 cu. in.) flat-four engine | Optional floor-mounted gear shifter | Sophisticated front-wheel drive layout | Fitted with factory AM/FM radio | Believed to be original and unrestored | Includes tool roll and jack"
    },
    {
        "lot_source_link": "https://rmsothebys.com/auctions/af20/lots/l0082-1964-lancia-flaminia-coupe-by-pininfarina/",
        "lot_code": "2028",
        "vehicle_chassis_no": "826030001858",
        "vehicle_engine_no": "8260301816",
        "lot_description": "Offered from The Walter Miller Estate | Elegant Pininfarina design, with badges from the carrozzeria throughout | One of just 1,085 2.8 Coupes built | 136 bhp, 2.8-liter V-6 engine | Desirable 3B triple-barrel carburetor model | Four-speed manual transaxle | Fitted with factory AM/FM radio | Recent service invoice documenting clutch replacement"
    },
    {
        "lot_source_link": "https://rmsothebys.com/auctions/af20/lots/l0082-1964-lancia-flaminia-coupe-by-pininfarina/",
        "lot_code": "2028",
        "vehicle_chassis_no": "826030001858",
        "vehicle_engine_no": "8260301816",
        "lot_description": "Offered from The Walter Miller Estate | Elegant Pininfarina design, with badges from the carrozzeria throughout | One of just 1,085 2.8 Coupes built | 136 bhp, 2.8-liter V-6 engine | Desirable 3B triple-barrel carburetor model | Four-speed manual transaxle | Fitted with factory AM/FM radio | Recent service invoice documenting clutch replacement"
    },
    {
        "lot_source_link": "https://rmsothebys.com/auctions/af20/lots/l0112-1964-nissan-cedric-1900-deluxe-sedan/",
        "lot_code": "2029",
        "vehicle_chassis_no": "4LG3150583",
        "vehicle_engine_no": "H109163",
        "lot_description": "Offered from The Walter Miller Estate | Desirable \u201931 Series\u2019 example | 1,883-cc four-cylinder engine | Three-speed manual transmission | Attractive tri-tone vinyl interior | Fitted with clock, radio, and heater, | Full-size spare tire and selection of spare parts included"
    },
    {
        "lot_source_link": "https://rmsothebys.com/auctions/af20/lots/l0112-1964-nissan-cedric-1900-deluxe-sedan/",
        "lot_code": "2029",
        "vehicle_chassis_no": "4LG3150583",
        "vehicle_engine_no": "H109163",
        "lot_description": "Offered from The Walter Miller Estate | Desirable \u201931 Series\u2019 example | 1,883-cc four-cylinder engine | Three-speed manual transmission | Attractive tri-tone vinyl interior | Fitted with clock, radio, and heater, | Full-size spare tire and selection of spare parts included"
    },
    {
        "lot_source_link": "https://rmsothebys.com/auctions/af20/lots/l0106-1920-studebaker-light-six-coupe/",
        "lot_code": "2030",
        "vehicle_chassis_no": "3965926",
        "vehicle_engine_no": null,
        "lot_description": "Offered from The Walter Miller Estate | 207 cu. in. six-cylinder engine | Three-speed manual transmission | Beautiful and unique parquet flooring | Fitted with American Bosch windshield wiper and Motometer | Accessory cowl lights | Attractive metal disc wheels | Rear-mounted spare with cover"
    },
    {
        "lot_source_link": "https://rmsothebys.com/auctions/af20/lots/l0106-1920-studebaker-light-six-coupe/",
        "lot_code": "2030",
        "vehicle_chassis_no": "3965926",
        "vehicle_engine_no": null,
        "lot_description": "Offered from The Walter Miller Estate | 207 cu. in. six-cylinder engine | Three-speed manual transmission | Beautiful and unique parquet flooring | Fitted with American Bosch windshield wiper and Motometer | Accessory cowl lights | Attractive metal disc wheels | Rear-mounted spare with cover"
    },
    {
        "lot_source_link": "https://rmsothebys.com/auctions/af20/lots/l0107-1919-cadillac-type-57-phaeton-by-brewster/",
        "lot_code": "2031",
        "vehicle_chassis_no": null,
        "vehicle_engine_no": "57PP822",
        "lot_description": "Offered from the Walter Miller Estate | Fascinating, unique coachwork on an extended 145-in.-wheelbase chassis | Originally delivered to Senator Peter Gerry of Rhode Island | Handsome older restoration | Classic Car Club of America (CCCA) Full Classic"
    },
    {
        "lot_source_link": "https://rmsothebys.com/auctions/af20/lots/l0107-1919-cadillac-type-57-phaeton-by-brewster/",
        "lot_code": "2031",
        "vehicle_chassis_no": null,
        "vehicle_engine_no": "57PP822",
        "lot_description": "Offered from the Walter Miller Estate | Fascinating, unique coachwork on an extended 145-in.-wheelbase chassis | Originally delivered to Senator Peter Gerry of Rhode Island | Handsome older restoration | Classic Car Club of America (CCCA) Full Classic"
    },
    {
        "lot_source_link": "https://rmsothebys.com/auctions/af20/lots/l0110-1912-chalmers-model-1120/",
        "lot_code": "2032",
        "vehicle_chassis_no": null,
        "vehicle_engine_no": "K12063",
        "lot_description": "Offered from The Walter Miller Estate | 226 cu. in. four-cylinder engine | Three-speed manual transmission | Beautiful patina inside and out | Fitted with Prest-O-Lite acetylene generator | Cowl lights and bulb horn | Running board-mounted toolbox"
    },
    {
        "lot_source_link": "https://rmsothebys.com/auctions/af20/lots/l0110-1912-chalmers-model-1120/",
        "lot_code": "2032",
        "vehicle_chassis_no": null,
        "vehicle_engine_no": "K12063",
        "lot_description": "Offered from The Walter Miller Estate | 226 cu. in. four-cylinder engine | Three-speed manual transmission | Beautiful patina inside and out | Fitted with Prest-O-Lite acetylene generator | Cowl lights and bulb horn | Running board-mounted toolbox"
    },
    {
        "lot_source_link": "https://rmsothebys.com/auctions/af20/lots/l0108-1914-hudson-model-six54-phaeton/",
        "lot_code": "2033",
        "vehicle_chassis_no": "56864",
        "vehicle_engine_no": "797",
        "lot_description": "Offered from the Walter Miller Estate | A large, powerful, and impressive Brass Era Hudson | Representing the company\u2019s only true \u201chigh-end\u201d model | Very few examples known to survive | Attractive older restoration, ideal for tours"
    },
    {
        "lot_source_link": "https://rmsothebys.com/auctions/af20/lots/l0108-1914-hudson-model-six54-phaeton/",
        "lot_code": "2033",
        "vehicle_chassis_no": "56864",
        "vehicle_engine_no": "797",
        "lot_description": "Offered from the Walter Miller Estate | A large, powerful, and impressive Brass Era Hudson | Representing the company\u2019s only true \u201chigh-end\u201d model | Very few examples known to survive | Attractive older restoration, ideal for tours"
    },
    {
        "lot_source_link": "https://rmsothebys.com/auctions/af20/lots/l0104-1922-studebaker-special-six-touring/",
        "lot_code": "2034",
        "vehicle_chassis_no": "3022693",
        "vehicle_engine_no": "EL23865",
        "lot_description": "Offered from The Walter Miller Estate | 288.6 cu. in. six-cylinder engine | Three-speed manual transmission | Highly attractive two-tone blue paintwork | Fitted with Motometer and dash mounted clock | Wide whitewall tires on wood-spoke artillery wheels | Rear-mounted spare tire"
    },
    {
        "lot_source_link": "https://rmsothebys.com/auctions/af20/lots/l0104-1922-studebaker-special-six-touring/",
        "lot_code": "2034",
        "vehicle_chassis_no": "3022693",
        "vehicle_engine_no": "EL23865",
        "lot_description": "Offered from The Walter Miller Estate | 288.6 cu. in. six-cylinder engine | Three-speed manual transmission | Highly attractive two-tone blue paintwork | Fitted with Motometer and dash mounted clock | Wide whitewall tires on wood-spoke artillery wheels | Rear-mounted spare tire"
    },
    {
        "lot_source_link": "https://rmsothebys.com/auctions/af20/lots/l0102-1925-piercearrow-series-80-sevenpassenger-sedan/",
        "lot_code": "2035",
        "vehicle_chassis_no": "8010298",
        "vehicle_engine_no": "8010068",
        "lot_description": "Offered from The Walter Miller Estate | CCCA Full Classic | 288 cu. in. six-cylinder engine | Three-speed manual transmission | Rear-mounted spare | Rear vanity, jump seats, and robe rail | Fitted with a Standard Motometer | Includes a selection of manuals and literature"
    },
    {
        "lot_source_link": "https://rmsothebys.com/auctions/af20/lots/l0102-1925-piercearrow-series-80-sevenpassenger-sedan/",
        "lot_code": "2035",
        "vehicle_chassis_no": "8010298",
        "vehicle_engine_no": "8010068",
        "lot_description": "Offered from The Walter Miller Estate | CCCA Full Classic | 288 cu. in. six-cylinder engine | Three-speed manual transmission | Rear-mounted spare | Rear vanity, jump seats, and robe rail | Fitted with a Standard Motometer | Includes a selection of manuals and literature"
    },
    {
        "lot_source_link": "https://rmsothebys.com/auctions/af20/lots/l0092-1939-cadillac-v16-7passenger-sedan-by-fleetwood/",
        "lot_code": "2036",
        "vehicle_chassis_no": "5290094",
        "vehicle_engine_no": null,
        "lot_description": "Offered from The Walter Miller Estate | One of 138 V-16s built in 1939 | Just 18 built in this body style | CCCA Full Classic | 185 hp, 431 cu. in. V-16 engine | Three-speed selective synchromesh transmission | Hydraulic brakes | Fitted with clock and heater"
    },
    {
        "lot_source_link": "https://rmsothebys.com/auctions/af20/lots/l0092-1939-cadillac-v16-7passenger-sedan-by-fleetwood/",
        "lot_code": "2036",
        "vehicle_chassis_no": "5290094",
        "vehicle_engine_no": null,
        "lot_description": "Offered from The Walter Miller Estate | One of 138 V-16s built in 1939 | Just 18 built in this body style | CCCA Full Classic | 185 hp, 431 cu. in. V-16 engine | Three-speed selective synchromesh transmission | Hydraulic brakes | Fitted with clock and heater"
    },
    {
        "lot_source_link": "https://rmsothebys.com/auctions/af20/lots/l0093-1938-chrysler-imperial-touring-sedan/",
        "lot_code": "2037",
        "vehicle_chassis_no": "6734384",
        "vehicle_engine_no": "C191354",
        "lot_description": "Offered from The Walter Miller Estate | One of 8,854 built | 299 cu. in. eight-cylinder engine | Three-speed synchromesh manual transmission | Offered with lovely patina throughout | Fitted with optional radio, heater, cigar lighter, and bumper guards | Disc wheels with wide whitewall tires"
    },
    {
        "lot_source_link": "https://rmsothebys.com/auctions/af20/lots/l0093-1938-chrysler-imperial-touring-sedan/",
        "lot_code": "2037",
        "vehicle_chassis_no": "6734384",
        "vehicle_engine_no": "C191354",
        "lot_description": "Offered from The Walter Miller Estate | One of 8,854 built | 299 cu. in. eight-cylinder engine | Three-speed synchromesh manual transmission | Offered with lovely patina throughout | Fitted with optional radio, heater, cigar lighter, and bumper guards | Disc wheels with wide whitewall tires"
    },
    {
        "lot_source_link": "https://rmsothebys.com/auctions/af20/lots/l0091-1941-lincoln-continental-coupe/",
        "lot_code": "2038",
        "vehicle_chassis_no": "H109490",
        "vehicle_engine_no": null,
        "lot_description": "Offered from The Walter Miller Estate | One of 850 coupes built in 1941 | 120 hp, 292 cu. in. V-12 | CCCA Full Classic | Final year of dramatic Lincoln-Zephyr-inspired waterfall grille | Fitted with Deluxe Twin Air Heater and radio | Fitted with optional bumper guards | Rides on whitewall tires | Copies of repair manual and catalog included"
    },
    {
        "lot_source_link": "https://rmsothebys.com/auctions/af20/lots/l0091-1941-lincoln-continental-coupe/",
        "lot_code": "2038",
        "vehicle_chassis_no": "H109490",
        "vehicle_engine_no": null,
        "lot_description": "Offered from The Walter Miller Estate | One of 850 coupes built in 1941 | 120 hp, 292 cu. in. V-12 | CCCA Full Classic | Final year of dramatic Lincoln-Zephyr-inspired waterfall grille | Fitted with Deluxe Twin Air Heater and radio | Fitted with optional bumper guards | Rides on whitewall tires | Copies of repair manual and catalog included"
    },
    {
        "lot_source_link": "https://rmsothebys.com/auctions/af20/lots/l0101-1928-chrysler-model-72-roadster/",
        "lot_code": "2039",
        "vehicle_chassis_no": null,
        "vehicle_engine_no": null,
        "lot_description": "Offered from The Walter Miller Estate | One of 6,416 roadsters built | Desirable \u2018Red Head\u2019 249 cu. in. six-cylinder engine | Attractive with rumble seat and golf bag door | Tan leather interior | Wide whitewall tires on wood spoke wheels | Rear-mounted spare"
    },
    {
        "lot_source_link": "https://rmsothebys.com/auctions/af20/lots/l0101-1928-chrysler-model-72-roadster/",
        "lot_code": "2039",
        "vehicle_chassis_no": null,
        "vehicle_engine_no": null,
        "lot_description": "Offered from The Walter Miller Estate | One of 6,416 roadsters built | Desirable \u2018Red Head\u2019 249 cu. in. six-cylinder engine | Attractive with rumble seat and golf bag door | Tan leather interior | Wide whitewall tires on wood spoke wheels | Rear-mounted spare"
    },
    {
        "lot_source_link": "https://rmsothebys.com/auctions/af20/lots/l0097-1932-nash-advance-eight-convertible-sedan-by-seaman/",
        "lot_code": "2040",
        "vehicle_chassis_no": "520568",
        "vehicle_engine_no": "403868",
        "lot_description": "Offered from The Walter Miller Estate | 'Kenosha\u2019s Duesenberg;' one of the great unsung Classics | One of just three known surviving examples | Classic Car Club of America (CCCA) Full Classic"
    },
    {
        "lot_source_link": "https://rmsothebys.com/auctions/af20/lots/l0097-1932-nash-advance-eight-convertible-sedan-by-seaman/",
        "lot_code": "2040",
        "vehicle_chassis_no": "520568",
        "vehicle_engine_no": "403868",
        "lot_description": "Offered from The Walter Miller Estate | 'Kenosha\u2019s Duesenberg;' one of the great unsung Classics | One of just three known surviving examples | Classic Car Club of America (CCCA) Full Classic"
    },
    {
        "lot_source_link": "https://rmsothebys.com/auctions/af20/lots/l0094-1936-buick-series-90-limousine-by-fisher/",
        "lot_code": "2041",
        "vehicle_chassis_no": "2895132",
        "vehicle_engine_no": null,
        "lot_description": "Offered from The Walter Miller Estate | One of 709 built | CCCA Full Classic | 120 hp, 320 cu. in. eight-cylinder engine | Three-speed manual transmission | Fitted with optional clock, heater, and wheel trim rings | Accessory vanity mirror"
    },
    {
        "lot_source_link": "https://rmsothebys.com/auctions/af20/lots/l0094-1936-buick-series-90-limousine-by-fisher/",
        "lot_code": "2041",
        "vehicle_chassis_no": "2895132",
        "vehicle_engine_no": null,
        "lot_description": "Offered from The Walter Miller Estate | One of 709 built | CCCA Full Classic | 120 hp, 320 cu. in. eight-cylinder engine | Three-speed manual transmission | Fitted with optional clock, heater, and wheel trim rings | Accessory vanity mirror"
    },
    {
        "lot_source_link": "https://rmsothebys.com/auctions/af20/lots/l0095-1936-piercearrow-model-1602-fivepassenger-sedan/",
        "lot_code": "2042",
        "vehicle_chassis_no": "3130018",
        "vehicle_engine_no": null,
        "lot_description": "Offered from The Walter Miller Estate | CCCA Full Classic | 462 cu. in. V-12 engine | Three-speed freewheeling manual transmission | Fitted with radio, glovebox door clock, and rear seat clock | Dual sidemount spare tires | Wide whitewall tires"
    },
    {
        "lot_source_link": "https://rmsothebys.com/auctions/af20/lots/l0095-1936-piercearrow-model-1602-fivepassenger-sedan/",
        "lot_code": "2042",
        "vehicle_chassis_no": "3130018",
        "vehicle_engine_no": null,
        "lot_description": "Offered from The Walter Miller Estate | CCCA Full Classic | 462 cu. in. V-12 engine | Three-speed freewheeling manual transmission | Fitted with radio, glovebox door clock, and rear seat clock | Dual sidemount spare tires | Wide whitewall tires"
    },
    {
        "lot_source_link": "https://rmsothebys.com/auctions/af20/lots/l0105-1923-hudson-sedan/",
        "lot_code": "2043",
        "vehicle_chassis_no": "314432",
        "vehicle_engine_no": "184867",
        "lot_description": "Offered from The Walter Miller Estate | Formerly of the famed Harrah\u2019s collection | 289 cu. in. six-cylinder engine | Three-speed manual transmission | Beautifully patinated paint and interior | Goodrich Silvertown tires on painted wood-spoke wheels | Fitted with accessory Motometer and cowl lights"
    },
    {
        "lot_source_link": "https://rmsothebys.com/auctions/af20/lots/l0105-1923-hudson-sedan/",
        "lot_code": "2043",
        "vehicle_chassis_no": "314432",
        "vehicle_engine_no": "184867",
        "lot_description": "Offered from The Walter Miller Estate | Formerly of the famed Harrah\u2019s collection | 289 cu. in. six-cylinder engine | Three-speed manual transmission | Beautifully patinated paint and interior | Goodrich Silvertown tires on painted wood-spoke wheels | Fitted with accessory Motometer and cowl lights"
    },
    {
        "lot_source_link": "https://rmsothebys.com/auctions/af20/lots/l0103-1924-lincoln-model-l-sedan/",
        "lot_code": "2044",
        "vehicle_chassis_no": "19164",
        "vehicle_engine_no": "19164",
        "lot_description": "Offered from The Walter Miller Estate | One of 889 built | CCCA Full Classic | 358 cu. in. eight-cylinder engine | Three-speed manual transmission | Twin rear-mounted spare tires | Fitted with accessory walnut rear vanity | Includes selection of literature and manuals"
    },
    {
        "lot_source_link": "https://rmsothebys.com/auctions/af20/lots/l0103-1924-lincoln-model-l-sedan/",
        "lot_code": "2044",
        "vehicle_chassis_no": "19164",
        "vehicle_engine_no": "19164",
        "lot_description": "Offered from The Walter Miller Estate | One of 889 built | CCCA Full Classic | 358 cu. in. eight-cylinder engine | Three-speed manual transmission | Twin rear-mounted spare tires | Fitted with accessory walnut rear vanity | Includes selection of literature and manuals"
    },
    {
        "lot_source_link": "https://rmsothebys.com/auctions/af20/lots/l0099-1929-cadillac-24passenger-convertible-coupe-by-fisher/",
        "lot_code": "2045",
        "vehicle_chassis_no": null,
        "vehicle_engine_no": "327425",
        "lot_description": "Offered from The Walter Miller Estate | 90 bhp, 341 cu. in. L-head V-8 engine; three-speed manual transmission | Features rumble seat for additional passengers"
    },
    {
        "lot_source_link": "https://rmsothebys.com/auctions/af20/lots/l0099-1929-cadillac-24passenger-convertible-coupe-by-fisher/",
        "lot_code": "2045",
        "vehicle_chassis_no": null,
        "vehicle_engine_no": "327425",
        "lot_description": "Offered from The Walter Miller Estate | 90 bhp, 341 cu. in. L-head V-8 engine; three-speed manual transmission | Features rumble seat for additional passengers"
    },
    {
        "lot_source_link": "https://rmsothebys.com/auctions/af20/lots/l0109-1913-hupmobile-model-32-touring/",
        "lot_code": "2046",
        "vehicle_chassis_no": null,
        "vehicle_engine_no": "87495",
        "lot_description": "Offered from The Walter Miller Estate | Fine example of the famous \u2018All Steel\u2019 Hupmobile | 32 hp four-cylinder engine | Right-hand drive | Acetylene headlamps with running board-mounted generator | Fitted with hand horn and cowl lights | Accessory Boyco gas, oil, and water can set"
    },
    {
        "lot_source_link": "https://rmsothebys.com/auctions/af20/lots/l0109-1913-hupmobile-model-32-touring/",
        "lot_code": "2046",
        "vehicle_chassis_no": null,
        "vehicle_engine_no": "87495",
        "lot_description": "Offered from The Walter Miller Estate | Fine example of the famous \u2018All Steel\u2019 Hupmobile | 32 hp four-cylinder engine | Right-hand drive | Acetylene headlamps with running board-mounted generator | Fitted with hand horn and cowl lights | Accessory Boyco gas, oil, and water can set"
    },
    {
        "lot_source_link": "https://rmsothebys.com/auctions/af20/lots/l0100-1928-stutz-model-bb-sedan/",
        "lot_code": "2047",
        "vehicle_chassis_no": "BBC6BB20A",
        "vehicle_engine_no": null,
        "lot_description": "Offered from The Walter Miller Estate | CCCA Full Classic | 299 cu. in. \u2018Vertical Eight\u2019 engine | Fitted with Myers Magazine oiling system | Dual sidemount spares | Painted wire wheels | Includes selection of literature"
    },
    {
        "lot_source_link": "https://rmsothebys.com/auctions/af20/lots/l0100-1928-stutz-model-bb-sedan/",
        "lot_code": "2047",
        "vehicle_chassis_no": "BBC6BB20A",
        "vehicle_engine_no": null,
        "lot_description": "Offered from The Walter Miller Estate | CCCA Full Classic | 299 cu. in. \u2018Vertical Eight\u2019 engine | Fitted with Myers Magazine oiling system | Dual sidemount spares | Painted wire wheels | Includes selection of literature"
    },
    {
        "lot_source_link": "https://rmsothebys.com/auctions/af20/lots/l0096-1935-piercearrow-model-1245-fivepassenger-sedan/",
        "lot_code": "2048",
        "vehicle_chassis_no": "3120071",
        "vehicle_engine_no": null,
        "lot_description": "Offered from The Walter Miller Estate | CCCA Full Classic | 462 cu. in. V-12 | Three-speed freewheeling manual transmission | Fitted with clock | Dual sidemount spare tires | Wide whitewall tires | Accessory fog lights | Luggage rack"
    },
    {
        "lot_source_link": "https://rmsothebys.com/auctions/af20/lots/l0096-1935-piercearrow-model-1245-fivepassenger-sedan/",
        "lot_code": "2048",
        "vehicle_chassis_no": "3120071",
        "vehicle_engine_no": null,
        "lot_description": "Offered from The Walter Miller Estate | CCCA Full Classic | 462 cu. in. V-12 | Three-speed freewheeling manual transmission | Fitted with clock | Dual sidemount spare tires | Wide whitewall tires | Accessory fog lights | Luggage rack"
    }
]