[
  {
    "lot_number": "1",
    "title": "24 HEURES DU MANS - BP",
    "chassis_number": null,
    "estimate": "€1,000 - 1,500",
    "selling_price": "€1,574",
    "url": "https://www.artcurial.com/en/sales/4224/lots/1-a"
  },
  {
    "lot_number": "2",
    "title": "24 HEURES DU MANS 1957 ET 1958",
    "chassis_number": null,
    "estimate": "€400 - 600",
    "selling_price": "€853",
    "url": "https://www.artcurial.com/en/sales/4224/lots/2-a"
  },
  {
    "lot_number": "3",
    "title": "24 HEURES DU MANS 1961",
    "chassis_number": null,
    "estimate": "€300 - 500",
    "selling_price": "€787",
    "url": "https://www.artcurial.com/en/sales/4224/lots/3-a"
  },
  {
    "lot_number": "4",
    "title": "24 HEURES DU MANS 1962",
    "chassis_number": null,
    "estimate": "€300 - 500",
    "selling_price": "€787",
    "url": "https://www.artcurial.com/en/sales/4224/lots/4-a"
  },
  {
    "lot_number": "5",
    "title": "24 HEURES DU MANS 1963",
    "chassis_number": null,
    "estimate": "€800 - 1,200",
    "selling_price": "€1,837",
    "url": "https://www.artcurial.com/en/sales/4224/lots/5-a"
  },
  {
    "lot_number": "6",
    "title": "24 HEURES DU MANS 1964",
    "chassis_number": null,
    "estimate": "€300 - 500",
    "selling_price": "€525",
    "url": "https://www.artcurial.com/en/sales/4224/lots/6-a"
  },
  {
    "lot_number": "7",
    "title": "24 HEURES DU MANS 1966",
    "chassis_number": null,
    "estimate": "€300 - 500",
    "selling_price": "€656",
    "url": "https://www.artcurial.com/en/sales/4224/lots/7-a"
  },
  {
    "lot_number": "8",
    "title": "24 HEURES DU MANS 1967",
    "chassis_number": null,
    "estimate": "€300 - 500",
    "selling_price": "€131",
    "url": "https://www.artcurial.com/en/sales/4224/lots/8-a"
  },
  {
    "lot_number": "9",
    "title": "24 HEURES DU MANS 1968",
    "chassis_number": null,
    "estimate": "€400 - 600",
    "selling_price": "€656",
    "url": "https://www.artcurial.com/en/sales/4224/lots/9-a"
  },
  {
    "lot_number": "10",
    "title": "SCUDERIA FERRARI",
    "chassis_number": null,
    "estimate": "€200 - 300",
    "selling_price": "€79",
    "url": "https://www.artcurial.com/en/sales/4224/lots/10-a"
  },
  {
    "lot_number": "11",
    "title": "Géo HAM (Georges Hamel) 1900-1972",
    "chassis_number": null,
    "estimate": "€700 - 1,000",
    "selling_price": "€787",
    "url": "https://www.artcurial.com/en/sales/4224/lots/11-a"
  },
  {
    "lot_number": "12",
    "title": "Patrick BRUNET Né en 1956",
    "chassis_number": null,
    "estimate": "€300 - 500",
    "selling_price": "€525",
    "url": "https://www.artcurial.com/en/sales/4224/lots/12-a"
  },
  {
    "lot_number": "13",
    "title": "Patrick BRUNET Né en 1956",
    "chassis_number": null,
    "estimate": "€300 - 500",
    "selling_price": "€394",
    "url": "https://www.artcurial.com/en/sales/4224/lots/13-a"
  },
  {
    "lot_number": "14",
    "title": "Patrick BRUNET Né en 1956",
    "chassis_number": null,
    "estimate": "€200 - 300",
    "selling_price": "€262",
    "url": "https://www.artcurial.com/en/sales/4224/lots/14-a"
  },
  {
    "lot_number": "15",
    "title": "Patrick BRUNET Né en 1956",
    "chassis_number": null,
    "estimate": "€300 - 500",
    "selling_price": "€918",
    "url": "https://www.artcurial.com/en/sales/4224/lots/15-a"
  },
  {
    "lot_number": "16",
    "title": "Patrick BRUNET Né en 1956",
    "chassis_number": null,
    "estimate": "€100 - 200",
    "selling_price": "€131",
    "url": "https://www.artcurial.com/en/sales/4224/lots/16-a"
  },
  {
    "lot_number": "17",
    "title": "FERRARI 365 GTC4",
    "chassis_number": null,
    "estimate": "€300 - 500",
    "selling_price": "€262",
    "url": "https://www.artcurial.com/en/sales/4224/lots/17-a"
  },
  {
    "lot_number": "18",
    "title": "FERRARI 365 GT4 / 2+2",
    "chassis_number": null,
    "estimate": "€200 - 300",
    "selling_price": "€262",
    "url": "https://www.artcurial.com/en/sales/4224/lots/18-a"
  },
  {
    "lot_number": "19",
    "title": "Richard E. MERRITT",
    "chassis_number": null,
    "estimate": "€100 - 200",
    "selling_price": "€459",
    "url": "https://www.artcurial.com/en/sales/4224/lots/19-a"
  },
  {
    "lot_number": "20",
    "title": "OMEGA",
    "chassis_number": null,
    "estimate": "€800 - 1,200",
    "selling_price": "€2,624",
    "url": "https://www.artcurial.com/en/sales/4224/lots/20-a"
  },
  {
    "lot_number": "21",
    "title": "GRAND PRIX DE L'ÂGE D'OR -1990",
    "chassis_number": null,
    "estimate": "€200 - 400",
    "selling_price": "€262",
    "url": "https://www.artcurial.com/en/sales/4224/lots/21-a"
  },
  {
    "lot_number": "22",
    "title": "Albert UDERZO 1927-2020",
    "chassis_number": null,
    "estimate": "€800 - 1,200",
    "selling_price": "€5,248",
    "url": "https://www.artcurial.com/en/sales/4224/lots/22-a"
  },
  {
    "lot_number": "23",
    "title": "FERRARI F40 LM",
    "chassis_number": null,
    "estimate": "€3,000 - 6,000",
    "selling_price": "€1,312",
    "url": "https://www.artcurial.com/en/sales/4224/lots/23-a"
  },
  {
    "lot_number": "26",
    "title": "FERRARI ENZO",
    "chassis_number": null,
    "estimate": "€5,000 - 8,000",
    "selling_price": "€6,560",
    "url": "https://www.artcurial.com/en/sales/4224/lots/26-a"
  },
  {
    "lot_number": "27",
    "title": "FERRARI",
    "chassis_number": null,
    "estimate": "€700 - 1,000",
    "selling_price": "€4,592",
    "url": "https://www.artcurial.com/en/sales/4224/lots/27-a"
  },
  {
    "lot_number": "28",
    "title": "DINO FERRARI",
    "chassis_number": null,
    "estimate": "€800 - 1,200",
    "selling_price": "€4,592",
    "url": "https://www.artcurial.com/en/sales/4224/lots/28-a"
  },
  {
    "lot_number": "30",
    "title": "FERRARI TROPHÉE COMMÉMORATIF",
    "chassis_number": null,
    "estimate": "€300 - 500",
    "selling_price": "€656",
    "url": "https://www.artcurial.com/en/sales/4224/lots/30-a"
  },
  {
    "lot_number": "31",
    "title": "JAP",
    "chassis_number": null,
    "estimate": "€500 - 1,000",
    "selling_price": "€5,904",
    "url": "https://www.artcurial.com/en/sales/4224/lots/31-a"
  },
  {
    "lot_number": "33",
    "title": "TOUR AUTO WINNERS, VENTE CARITATIVE AU PROFIT DE LA BONGELA SCHOOL",
    "chassis_number": null,
    "estimate": "€1,000 - 1,001",
    "selling_price": "€9,000",
    "url": "https://www.artcurial.com/en/sales/4224/lots/33-a"
  },
  {
    "lot_number": "34",
    "title": "1969 Kawasaki 500 H1 MACH III",
    "chassis_number": null,
    "estimate": "€14,000 - 18,000",
    "selling_price": "€15,496",
    "url": "https://www.artcurial.com/en/sales/4224/lots/34-a"
  },
  {
    "lot_number": "39",
    "title": "1963 Aermacchi Harley-Davidson 250 CR \" short track \"",
    "chassis_number": null,
    "estimate": "€8,000 - 12,000",
    "selling_price": "€7,152",
    "url": "https://www.artcurial.com/en/sales/4224/lots/39-a"
  },
  {
    "lot_number": "40",
    "title": "2011 Zero Engineering Type 7",
    "chassis_number": null,
    "estimate": "€30,000 - 50,000",
    "selling_price": "€29,204",
    "url": "https://www.artcurial.com/en/sales/4224/lots/40-a"
  },
  {
    "lot_number": "47",
    "title": "2010 MV Agusta 500 \" Continuation \"",
    "chassis_number": null,
    "estimate": "€200,000 - 250,000",
    "selling_price": "€199,660",
    "url": "https://www.artcurial.com/en/sales/4224/lots/47-a"
  },
  {
    "lot_number": "48",
    "title": "2002 Ducati Mh 900 Evoluzione",
    "chassis_number": null,
    "estimate": "€20,000 - 30,000",
    "selling_price": "€19,072",
    "url": "https://www.artcurial.com/en/sales/4224/lots/48-a"
  },
  {
    "lot_number": "49",
    "title": "Jincheng Monkey 90 cm3",
    "chassis_number": null,
    "estimate": "€1,000 - 2,000",
    "selling_price": "€1,430",
    "url": "https://www.artcurial.com/en/sales/4224/lots/49-a"
  },
  {
    "lot_number": "50",
    "title": "Minico moto de poche pliable",
    "chassis_number": "D3PEA01X61100149",
    "estimate": "€500 - 1,000",
    "selling_price": "€1,788",
    "url": "https://www.artcurial.com/en/sales/4224/lots/50-a"
  },
  {
    "lot_number": "101",
    "title": "1955 Salmson 2300S",
    "chassis_number": "85189",
    "estimate": "€4,000 - 6,000",
    "selling_price": "€11,920",
    "url": "https://www.artcurial.com/en/sales/4224/lots/101-a"
  },
  {
    "lot_number": "102",
    "title": "1950 Hotchkiss 686 S49 Gascogne",
    "chassis_number": "85538",
    "estimate": "€10,000 - 15,000",
    "selling_price": "€4,768",
    "url": "https://www.artcurial.com/en/sales/4224/lots/102-a"
  },
  {
    "lot_number": "103",
    "title": "1947 Talbot Lago Record T26 berline",
    "chassis_number": "100108",
    "estimate": "€10,000 - 15,000",
    "selling_price": "€30,992",
    "url": "https://www.artcurial.com/en/sales/4224/lots/103-a"
  },
  {
    "lot_number": "104",
    "title": "1938 Delahaye 135 MS Coach par Guilloré",
    "chassis_number": "49373",
    "estimate": "€30,000 - 40,000",
    "selling_price": "€40,600",
    "url": "https://www.artcurial.com/en/sales/4224/lots/104-a"
  },
  {
    "lot_number": "105",
    "title": "1939 Delahaye 148 L cabriolet trois positions par Chapron",
    "chassis_number": "60813",
    "estimate": "€60,000 - 80,000",
    "selling_price": "€85,840",
    "url": "https://www.artcurial.com/en/sales/4224/lots/105-a"
  },
  {
    "lot_number": "106",
    "title": "1950 Delahaye 135 M cabriolet Luxe par Chapron",
    "chassis_number": "801602",
    "estimate": "€50,000 - 70,000",
    "selling_price": "€84,632",
    "url": "https://www.artcurial.com/en/sales/4224/lots/106-a"
  },
  {
    "lot_number": "107",
    "title": "1948 Delahaye 135 M Cabriolet \" El Glaoui \" par Figoni & Falaschi",
    "chassis_number": "800833",
    "estimate": "€150,000 - 200,000",
    "selling_price": "€357,600",
    "url": "https://www.artcurial.com/en/sales/4224/lots/107-a"
  },
  {
    "lot_number": "108",
    "title": "1954 Hotchkiss-Grégoire berline par Chapron (#7136)",
    "chassis_number": null,
    "estimate": "€6,000 - 8,000",
    "selling_price": "€8,344",
    "url": "https://www.artcurial.com/en/sales/4224/lots/108-a"
  },
  {
    "lot_number": "109",
    "title": "1954 Hotchkiss-Grégoire berline par Chapron (#7077)",
    "chassis_number": null,
    "estimate": "€6,000 - 8,000",
    "selling_price": "€9,536",
    "url": "https://www.artcurial.com/en/sales/4224/lots/109-a"
  },
  {
    "lot_number": "110",
    "title": "1951 Hotchkiss-Grégoire berline Aluminium",
    "chassis_number": "563Auvent",
    "estimate": "€4,500 - 6,500",
    "selling_price": "€9,536",
    "url": "https://www.artcurial.com/en/sales/4224/lots/110-a"
  },
  {
    "lot_number": "111",
    "title": "1937 Talbot Lago T15 Cadette berline",
    "chassis_number": "88117",
    "estimate": "€6,000 - 8,000",
    "selling_price": "€11,920",
    "url": "https://www.artcurial.com/en/sales/4224/lots/111-a"
  },
  {
    "lot_number": "112",
    "title": "1938 Talbot T120 Baby coach",
    "chassis_number": "92341",
    "estimate": "€20,000 - 30,000",
    "selling_price": "€25,032",
    "url": "https://www.artcurial.com/en/sales/4224/lots/112-a"
  },
  {
    "lot_number": "113",
    "title": "1951 Talbot Lago T26 Record Sport berline",
    "chassis_number": "102019",
    "estimate": "€30,000 - 40,000",
    "selling_price": "€61,984",
    "url": "https://www.artcurial.com/en/sales/4224/lots/113-a"
  },
  {
    "lot_number": "114",
    "title": "1950 Talbot Lago Record T26 cabriolet",
    "chassis_number": "101056",
    "estimate": "€80,000 - 140,000",
    "selling_price": "€97,744",
    "url": "https://www.artcurial.com/en/sales/4224/lots/114-a"
  },
  {
    "lot_number": "116",
    "title": "1950 Talbot Lago Record T26 coach surprofilé",
    "chassis_number": "101064",
    "estimate": "€40,000 - 60,000",
    "selling_price": "€82,248",
    "url": "https://www.artcurial.com/en/sales/4224/lots/116-a"
  },
  {
    "lot_number": "117",
    "title": "c.1928 Hispano-Suiza Type 49 Coach",
    "chassis_number": "8013S",
    "estimate": "€40,000 - 60,000",
    "selling_price": "€83,440",
    "url": "https://www.artcurial.com/en/sales/4224/lots/117-a"
  },
  {
    "lot_number": "118",
    "title": "1951 Hotchkiss-Grégoire berline Aluminium",
    "chassis_number": "538Auvent",
    "estimate": "€4,000 - 6,000",
    "selling_price": "€9,536",
    "url": "https://www.artcurial.com/en/sales/4224/lots/118-a"
  },
  {
    "lot_number": "119",
    "title": "1937 Hotchkiss 686 \" Paris-Nice \" Côte d'Azur Prototype",
    "chassis_number": "62832",
    "estimate": "€30,000 - 50,000",
    "selling_price": "€21,456",
    "url": "https://www.artcurial.com/en/sales/4224/lots/119-a"
  },
  {
    "lot_number": "120",
    "title": "1956 Tracta-Grégoire Coupé Sport",
    "chassis_number": null,
    "estimate": "€60,000 - 80,000",
    "selling_price": "€154,960",
    "url": "https://www.artcurial.com/en/sales/4224/lots/120-a"
  },
  {
    "lot_number": "121",
    "title": "1952 Hotchkiss-Grégoire berline",
    "chassis_number": "635Auvent",
    "estimate": "€3,000 - 4,000",
    "selling_price": "€5,245",
    "url": "https://www.artcurial.com/en/sales/4224/lots/121-a"
  },
  {
    "lot_number": "122",
    "title": "1952 Hotchkiss-Grégoire berline",
    "chassis_number": "617Auvent",
    "estimate": "€1,500 - 2,500",
    "selling_price": "€2,384",
    "url": "https://www.artcurial.com/en/sales/4224/lots/122-a"
  },
  {
    "lot_number": "123",
    "title": "1949 Talbot Lago Record T26 berline",
    "chassis_number": "100441",
    "estimate": "€10,000 - 15,000",
    "selling_price": "€19,072",
    "url": "https://www.artcurial.com/en/sales/4224/lots/123-a"
  },
  {
    "lot_number": "124",
    "title": "1951 Delahaye 148L Berline Letourneur et Marchand",
    "chassis_number": "826011",
    "estimate": "€4,000 - 6,000",
    "selling_price": "€19,072",
    "url": "https://www.artcurial.com/en/sales/4224/lots/124-a"
  },
  {
    "lot_number": "125",
    "title": "2006 Smart Roadster Brabus Xclusive",
    "chassis_number": "WME4523371L042567",
    "estimate": "€15,000 - 25,000",
    "selling_price": "€20,264",
    "url": "https://www.artcurial.com/en/sales/4224/lots/125-a"
  },
  {
    "lot_number": "126",
    "title": "1990 Alfa Romeo Spider 2.0L",
    "chassis_number": "ZAR11500006007647",
    "estimate": "€15,000 - 25,000",
    "selling_price": "€26,224",
    "url": "https://www.artcurial.com/en/sales/4224/lots/126-a"
  },
  {
    "lot_number": "127",
    "title": "1989 Ferrari Testarossa",
    "chassis_number": "ZFFAA17B00079929",
    "estimate": "€70,000 - 110,000",
    "selling_price": "€95,360",
    "url": "https://www.artcurial.com/en/sales/4224/lots/127-a"
  },
  {
    "lot_number": "128",
    "title": "1970 Land Rover 109 Série IIA",
    "chassis_number": "35001345G",
    "estimate": "€17,000 - 25,000",
    "selling_price": "€42,912",
    "url": "https://www.artcurial.com/en/sales/4224/lots/128-a"
  },
  {
    "lot_number": "129",
    "title": "1970 Fiat 500 L",
    "chassis_number": "110F2496963",
    "estimate": "€10,000 - 15,000",
    "selling_price": "€14,304",
    "url": "https://www.artcurial.com/en/sales/4224/lots/129-a"
  },
  {
    "lot_number": "130",
    "title": "1991 Ferrari 348 TB",
    "chassis_number": "ZFFKA35B000088244",
    "estimate": "€55,000 - 75,000",
    "selling_price": "€64,368",
    "url": "https://www.artcurial.com/en/sales/4224/lots/130-a"
  },
  {
    "lot_number": "131",
    "title": "1967 Mercedes-Benz 250 SL automatique avec hard-top",
    "chassis_number": "1130431200511",
    "estimate": "€50,000 - 70,000",
    "selling_price": "€71,520",
    "url": "https://www.artcurial.com/en/sales/4224/lots/131-a"
  },
  {
    "lot_number": "132",
    "title": "1966 Morris Mini-Cooper \" S \" MKI préparée Rallye",
    "chassis_number": "KA2S4",
    "estimate": "€30,000 - 40,000",
    "selling_price": "€46,488",
    "url": "https://www.artcurial.com/en/sales/4224/lots/132-a"
  },
  {
    "lot_number": "133",
    "title": "1963 Sunbeam Alpine Séries II Roadster",
    "chassis_number": "B9119261ODLRX",
    "estimate": "€20,000 - 30,000",
    "selling_price": "€27,416",
    "url": "https://www.artcurial.com/en/sales/4224/lots/133-a"
  },
  {
    "lot_number": "134",
    "title": "1969 Ford Mustang Shelby GT500 Fastback Coupé",
    "chassis_number": "9F02R481021",
    "estimate": "€80,000 - 120,000",
    "selling_price": "€92,800",
    "url": "https://www.artcurial.com/en/sales/4224/lots/134-a"
  },
  {
    "lot_number": "135",
    "title": "1968 Chevrolet Camaro LF7",
    "chassis_number": "124378L345593",
    "estimate": "€30,000 - 40,000",
    "selling_price": "€25,032",
    "url": "https://www.artcurial.com/en/sales/4224/lots/135-a"
  },
  {
    "lot_number": "136",
    "title": "1979 Porsche 911 SC Targa Sportomatic",
    "chassis_number": "9119310336",
    "estimate": "€30,000 - 40,000",
    "selling_price": "€38,144",
    "url": "https://www.artcurial.com/en/sales/4224/lots/136-a"
  },
  {
    "lot_number": "140",
    "title": "1968 Triumph TR5 Pi",
    "chassis_number": "1CP1394LP",
    "estimate": "€25,000 - 35,000",
    "selling_price": "€30,992",
    "url": "https://www.artcurial.com/en/sales/4224/lots/140-a"
  },
  {
    "lot_number": "141",
    "title": "2003 Renault Clio V6 Phase II",
    "chassis_number": "VF1C61U0629348243",
    "estimate": "€55,000 - 75,000",
    "selling_price": "€76,288",
    "url": "https://www.artcurial.com/en/sales/4224/lots/141-a"
  },
  {
    "lot_number": "142",
    "title": "1991 Renault 4L Clan",
    "chassis_number": "VF111280006224769",
    "estimate": "€8,000 - 14,000",
    "selling_price": "€16,688",
    "url": "https://www.artcurial.com/en/sales/4224/lots/142-a"
  },
  {
    "lot_number": "143",
    "title": "1989 Porsche 911 3.2L G50",
    "chassis_number": "WPOZZZ91ZKS103430",
    "estimate": "€90,000 - 130,000",
    "selling_price": "€125,160",
    "url": "https://www.artcurial.com/en/sales/4224/lots/143-a"
  },
  {
    "lot_number": "144",
    "title": "1988 BMW M3 E30 Evo 2",
    "chassis_number": "WBSAK010902191900",
    "estimate": "€80,000 - 120,000",
    "selling_price": "€100,128",
    "url": "https://www.artcurial.com/en/sales/4224/lots/144-a"
  },
  {
    "lot_number": "146",
    "title": "1959 Porsche-Diesel Type 218 Standard",
    "chassis_number": "4680H",
    "estimate": "€20,000 - 30,000",
    "selling_price": "€17,880",
    "url": "https://www.artcurial.com/en/sales/4224/lots/146-a"
  },
  {
    "lot_number": "147",
    "title": "1989 Saab 900 Turbo 8",
    "chassis_number": "YS3AD35S7K7016235",
    "estimate": "€12,000 - 18,000",
    "selling_price": "€16,688",
    "url": "https://www.artcurial.com/en/sales/4224/lots/147-a"
  },
  {
    "lot_number": "148",
    "title": "1973 Porsche 911 2.4L S Targa",
    "chassis_number": "9113310290",
    "estimate": "€95,000 - 125,000",
    "selling_price": "€97,744",
    "url": "https://www.artcurial.com/en/sales/4224/lots/148-a"
  },
  {
    "lot_number": "149",
    "title": "1986 Porsche 911 3.2L Targa",
    "chassis_number": "WPOZZZ91ZGS160497",
    "estimate": "€50,000 - 70,000",
    "selling_price": "€59,600",
    "url": "https://www.artcurial.com/en/sales/4224/lots/149-a"
  },
  {
    "lot_number": "150",
    "title": "1976 Porsche 911 Type 930 Turbo 3.0L",
    "chassis_number": "9306700219",
    "estimate": "€170,000 - 230,000",
    "selling_price": "€185,535",
    "url": "https://www.artcurial.com/en/sales/4224/lots/150-a"
  },
  {
    "lot_number": "151",
    "title": "1994 Porsche 964 3,6 L Turbo",
    "chassis_number": "WPOZZZ96ZRS470243",
    "estimate": "€190,000 - 240,000",
    "selling_price": "€240,000",
    "url": "https://www.artcurial.com/en/sales/4224/lots/151-a"
  },
  {
    "lot_number": "153",
    "title": "1954 Maserati A6 GCS/53 Fiandri Spyder",
    "chassis_number": "2071",
    "estimate": "€3,250,000 - 3,650,000",
    "selling_price": "€3,418,000",
    "url": "https://www.artcurial.com/en/sales/4224/lots/153-a"
  },
  {
    "lot_number": "155",
    "title": "1963 Bentley S3 Continental cabriolet H.J. Mulliner Park Ward",
    "chassis_number": "BC100LXB",
    "estimate": "€260,000 - 340,000",
    "selling_price": "€214,560",
    "url": "https://www.artcurial.com/en/sales/4224/lots/155-a"
  },
  {
    "lot_number": "163",
    "title": "1996 Hommell barquette",
    "chassis_number": "VF9BERLHD6A519004",
    "estimate": "€30,000 - 40,000",
    "selling_price": "€35,760",
    "url": "https://www.artcurial.com/en/sales/4224/lots/163-a"
  },
  {
    "lot_number": "164",
    "title": "1991 Peugeot 205 GTI Griffe",
    "chassis_number": "VF320CD6224135497",
    "estimate": "€25,000 - 45,000",
    "selling_price": "€23,840",
    "url": "https://www.artcurial.com/en/sales/4224/lots/164-a"
  },
  {
    "lot_number": "165",
    "title": "1988 Peugeot 205 Rallye",
    "chassis_number": "VF320CM2201383247",
    "estimate": "€15,000 - 25,000",
    "selling_price": "€19,072",
    "url": "https://www.artcurial.com/en/sales/4224/lots/165-a"
  },
  {
    "lot_number": "166",
    "title": "1967 Renault 8 Gordini (R1135)",
    "chassis_number": "0202621",
    "estimate": "€35,000 - 50,000",
    "selling_price": "€38,144",
    "url": "https://www.artcurial.com/en/sales/4224/lots/166-a"
  },
  {
    "lot_number": "167",
    "title": "1981 Renault 5 Le Car Van",
    "chassis_number": "VF1122400C0057110",
    "estimate": "€22,000 - 28,000",
    "selling_price": "€27,416",
    "url": "https://www.artcurial.com/en/sales/4224/lots/167-a"
  },
  {
    "lot_number": "168",
    "title": "1962 René Bonnet Djet CGTRB5 \"tubulaire\" prototype",
    "chassis_number": null,
    "estimate": "€100,000 - 150,000",
    "selling_price": "€101,320",
    "url": "https://www.artcurial.com/en/sales/4224/lots/168-a"
  },
  {
    "lot_number": "169",
    "title": "1970 Formule Renault ELF Gordini pour enfant",
    "chassis_number": null,
    "estimate": "€10,000 - 20,000",
    "selling_price": "€21,456",
    "url": "https://www.artcurial.com/en/sales/4224/lots/169-a"
  },
  {
    "lot_number": "170",
    "title": "1997 Benetton B197 Monoplace d'exposition",
    "chassis_number": null,
    "estimate": "€40,000 - 80,000",
    "selling_price": "€38,144",
    "url": "https://www.artcurial.com/en/sales/4224/lots/170-a"
  },
  {
    "lot_number": "171",
    "title": "1993 Williams-Renault FW15 Monoplace d'exposition",
    "chassis_number": null,
    "estimate": "€40,000 - 80,000",
    "selling_price": "€52,448",
    "url": "https://www.artcurial.com/en/sales/4224/lots/171-a"
  },
  {
    "lot_number": "172",
    "title": "1999 Renault-Williams Laguna BTCC",
    "chassis_number": "LAG99",
    "estimate": "€40,000 - 80,000",
    "selling_price": "€107,280",
    "url": "https://www.artcurial.com/en/sales/4224/lots/172-a"
  },
  {
    "lot_number": "175",
    "title": "1985-1986  Renault Elf V6 Turbo EF15",
    "chassis_number": null,
    "estimate": "€60,000 - 100,000",
    "selling_price": "€196,680",
    "url": "https://www.artcurial.com/en/sales/4224/lots/175-a"
  },
  {
    "lot_number": "176",
    "title": "1991 Renault Clio 16S Groupe A ex-Carlos Tavares",
    "chassis_number": "VF1C5750503651693",
    "estimate": "€60,000 - 100,000",
    "selling_price": "€38,144",
    "url": "https://www.artcurial.com/en/sales/4224/lots/176-a"
  },
  {
    "lot_number": "178",
    "title": "1987 Citroën BX 4 TC",
    "chassis_number": "VF7XBXL0000XL3001",
    "estimate": "€55,000 - 75,000",
    "selling_price": "€77,480",
    "url": "https://www.artcurial.com/en/sales/4224/lots/178-a"
  },
  {
    "lot_number": "179",
    "title": "1963 Renault 4cv barquette Lechelle",
    "chassis_number": "1171968",
    "estimate": "€6,000 - 10,000",
    "selling_price": "€9,536",
    "url": "https://www.artcurial.com/en/sales/4224/lots/179-a"
  },
  {
    "lot_number": "180",
    "title": "1950 Airstream Globe-Trotter",
    "chassis_number": null,
    "estimate": "€60,000 - 100,000",
    "selling_price": "€104,896",
    "url": "https://www.artcurial.com/en/sales/4224/lots/180-a"
  },
  {
    "lot_number": "181",
    "title": "1973 VW Combi T1 1500 Samba 23 Fenêtres",
    "chassis_number": "BH282465",
    "estimate": "€45,000 - 65,000",
    "selling_price": "€105,192",
    "url": "https://www.artcurial.com/en/sales/4224/lots/181-a"
  },
  {
    "lot_number": "182",
    "title": "1968 Plymouth Road Runner",
    "chassis_number": "RH23F8A298419",
    "estimate": "€30,000 - 40,000",
    "selling_price": "€23,840",
    "url": "https://www.artcurial.com/en/sales/4224/lots/182-a"
  },
  {
    "lot_number": "183",
    "title": "2004 Chevrolet Express Explorer Limited SE",
    "chassis_number": "1GBFG15T741116606",
    "estimate": "€20,000 - 30,000",
    "selling_price": "€29,800",
    "url": "https://www.artcurial.com/en/sales/4224/lots/183-a"
  },
  {
    "lot_number": "184",
    "title": "1952/1960 Land Rover 80 Serie 1 Châssis court",
    "chassis_number": "26630052",
    "estimate": "€30,000 - 50,000",
    "selling_price": "€52,448",
    "url": "https://www.artcurial.com/en/sales/4224/lots/184-a"
  },
  {
    "lot_number": "185",
    "title": "2007 Piaggio Ape Calessino Edizione Limitata n°511/999",
    "chassis_number": "ZAPT2D4MC73002060",
    "estimate": "€12,000 - 18,000",
    "selling_price": "€17,880",
    "url": "https://www.artcurial.com/en/sales/4224/lots/185-a"
  },
  {
    "lot_number": "189",
    "title": "1966 Mercedes-Benz 230 SL - Préparation rallye",
    "chassis_number": "11304210016900",
    "estimate": "€70,000 - 90,000",
    "selling_price": "€77,480",
    "url": "https://www.artcurial.com/en/sales/4224/lots/189-a"
  },
  {
    "lot_number": "190",
    "title": "1972 De Tomaso Pantera GTS Gr IV",
    "chassis_number": "THPNMG03314",
    "estimate": "€150,000 - 250,000",
    "selling_price": "€166,880",
    "url": "https://www.artcurial.com/en/sales/4224/lots/190-a"
  },
  {
    "lot_number": "192",
    "title": "1986 Toyota Tom's 86C",
    "chassis_number": null,
    "estimate": "€500,000 - 700,000",
    "selling_price": "€370,040",
    "url": "https://www.artcurial.com/en/sales/4224/lots/192-a"
  },
  {
    "lot_number": "195",
    "title": "2007 Ferrari F430 Spider",
    "chassis_number": "ZFFEZ59B000152012",
    "estimate": "€150,000 - 200,000",
    "selling_price": "€178,800",
    "url": "https://www.artcurial.com/en/sales/4224/lots/195-a"
  },
  {
    "lot_number": "196",
    "title": "2003 Lamborghini Murciélago",
    "chassis_number": "ZHWBE16M03LA00690",
    "estimate": "€190,000 - 230,000",
    "selling_price": "€214,560",
    "url": "https://www.artcurial.com/en/sales/4224/lots/196-a"
  },
  {
    "lot_number": "198",
    "title": "1961 Aston Martin DB4 série III",
    "chassis_number": null,
    "estimate": "€450,000 - 550,000",
    "selling_price": "€500,640",
    "url": "https://www.artcurial.com/en/sales/4224/lots/198-a"
  },
  {
    "lot_number": "201",
    "title": "2001 Aston Martin DB7 Vantage Volante",
    "chassis_number": "SCFAB42341K402026",
    "estimate": "€40,000 - 60,000",
    "selling_price": "€42,912",
    "url": "https://www.artcurial.com/en/sales/4224/lots/201-a"
  },
  {
    "lot_number": "203",
    "title": "1979 Mercedes-Benz 450 SEL 6.9L",
    "chassis_number": "11603612007259",
    "estimate": "€30,000 - 50,000",
    "selling_price": "€30,992",
    "url": "https://www.artcurial.com/en/sales/4224/lots/203-a"
  },
  {
    "lot_number": "205",
    "title": "1958 Mercedes-Benz 300 SL Roadster",
    "chassis_number": "198042",
    "estimate": "€950,000 - 1,150,000",
    "selling_price": "€1,025,120",
    "url": "https://www.artcurial.com/en/sales/4224/lots/205-a"
  },
  {
    "lot_number": "206",
    "title": "1965 Mercedes-Benz 220 SE Coupé",
    "chassis_number": null,
    "estimate": "€30,000 - 40,000",
    "selling_price": "€45,296",
    "url": "https://www.artcurial.com/en/sales/4224/lots/206-a"
  },
  {
    "lot_number": "207",
    "title": "1995 Bentley Turbo S N°48",
    "chassis_number": "SCBZT05C2SCX56855",
    "estimate": "€30,000 - 40,000",
    "selling_price": "€38,144",
    "url": "https://www.artcurial.com/en/sales/4224/lots/207-a"
  },
  {
    "lot_number": "208",
    "title": "1954 Jaguar XK 120 DHC",
    "chassis_number": "678305",
    "estimate": "€65,000 - 85,000",
    "selling_price": "€59,958",
    "url": "https://www.artcurial.com/en/sales/4224/lots/208-a"
  },
  {
    "lot_number": "209",
    "title": "1966 Jaguar MK II 3.4L",
    "chassis_number": "180524DN",
    "estimate": "€30,000 - 50,000",
    "selling_price": "€33,376",
    "url": "https://www.artcurial.com/en/sales/4224/lots/209-a"
  },
  {
    "lot_number": "210",
    "title": "1972 Dino 246 GT Série E",
    "chassis_number": "03748",
    "estimate": "€250,000 - 320,000",
    "selling_price": "€298,000",
    "url": "https://www.artcurial.com/en/sales/4224/lots/210-a"
  },
  {
    "lot_number": "211",
    "title": "1967 Aston Martin DB6 Vantage MK I RHD",
    "chassis_number": null,
    "estimate": "€250,000 - 320,000",
    "selling_price": "€262,240",
    "url": "https://www.artcurial.com/en/sales/4224/lots/211-a"
  },
  {
    "lot_number": "212",
    "title": "1960 Facel Vega HK500 (HK1)",
    "chassis_number": "BK1",
    "estimate": "€80,000 - 130,000",
    "selling_price": "€95,360",
    "url": "https://www.artcurial.com/en/sales/4224/lots/212-a"
  },
  {
    "lot_number": "213",
    "title": "1963 Jaguar Type E 3.8L Roadster",
    "chassis_number": "878961",
    "estimate": "€75,000 - 100,000",
    "selling_price": "€94,168",
    "url": "https://www.artcurial.com/en/sales/4224/lots/213-a"
  },
  {
    "lot_number": "214",
    "title": "1959 Maserati 3500 GT",
    "chassis_number": "AM101",
    "estimate": "€120,000 - 180,000",
    "selling_price": "€143,040",
    "url": "https://www.artcurial.com/en/sales/4224/lots/214-a"
  },
  {
    "lot_number": "215",
    "title": "1968 Porsche 911 L",
    "chassis_number": "11805190",
    "estimate": "€70,000 - 110,000",
    "selling_price": "€77,480",
    "url": "https://www.artcurial.com/en/sales/4224/lots/215-a"
  },
  {
    "lot_number": "217",
    "title": "1965 Alfa Romeo Giulia GTC",
    "chassis_number": null,
    "estimate": "€50,000 - 70,000",
    "selling_price": "€56,024",
    "url": "https://www.artcurial.com/en/sales/4224/lots/217-a"
  },
  {
    "lot_number": "218",
    "title": "1968 Fiat Dino Spider 2L",
    "chassis_number": "824",
    "estimate": "€100,000 - 140,000",
    "selling_price": "€113,240",
    "url": "https://www.artcurial.com/en/sales/4224/lots/218-a"
  },
  {
    "lot_number": "222",
    "title": "1969 Porsche 911 2.0L S",
    "chassis_number": "119301442",
    "estimate": "€120,000 - 170,000",
    "selling_price": "€126,352",
    "url": "https://www.artcurial.com/en/sales/4224/lots/222-a"
  },
  {
    "lot_number": "226",
    "title": "2000 Ferrari 456 M GT",
    "chassis_number": "ZFFWP44B000117913",
    "estimate": "€60,000 - 80,000",
    "selling_price": "€64,960",
    "url": "https://www.artcurial.com/en/sales/4224/lots/226-a"
  },
  {
    "lot_number": "228",
    "title": "1962 Jaguar Type E 3.8L coupé Serie 1",
    "chassis_number": "885922Culasse",
    "estimate": "€110,000 - 140,000",
    "selling_price": "€131,120",
    "url": "https://www.artcurial.com/en/sales/4224/lots/228-a"
  },
  {
    "lot_number": "229",
    "title": "1955 Citroën 2cv AZU \" ressorts apparents \"",
    "chassis_number": "452888",
    "estimate": "€12,000 - 18,000",
    "selling_price": "€10,728",
    "url": "https://www.artcurial.com/en/sales/4224/lots/229-a"
  },
  {
    "lot_number": "230",
    "title": "1989 Teilhol Tangara",
    "chassis_number": "VG39JAZKAL0001282",
    "estimate": "€8,000 - 12,000",
    "selling_price": "€9,536",
    "url": "https://www.artcurial.com/en/sales/4224/lots/230-a"
  },
  {
    "lot_number": "231",
    "title": "1988 Porsche 930 Turbo 3.3L",
    "chassis_number": "WPOZZZ93ZJS000393",
    "estimate": "€95,000 - 135,000",
    "selling_price": "€107,280",
    "url": "https://www.artcurial.com/en/sales/4224/lots/231-a"
  },
  {
    "lot_number": "232",
    "title": "1981 Alfa Romeo Alfetta GTV6",
    "chassis_number": null,
    "estimate": "€8,000 - 14,000",
    "selling_price": "€10,132",
    "url": "https://www.artcurial.com/en/sales/4224/lots/232-a"
  },
  {
    "lot_number": "233",
    "title": "1976 Lancia Fulvia coupé S3",
    "chassis_number": "818630077525",
    "estimate": "€8,000 - 12,000",
    "selling_price": "€9,536",
    "url": "https://www.artcurial.com/en/sales/4224/lots/233-a"
  },
  {
    "lot_number": "234",
    "title": "1968 Triumph Spitfire MK3",
    "chassis_number": "1FD20857L",
    "estimate": "€6,000 - 10,000",
    "selling_price": "€8,344",
    "url": "https://www.artcurial.com/en/sales/4224/lots/234-a"
  },
  {
    "lot_number": "235",
    "title": "1961 Alfa Romeo Giulietta Ti",
    "chassis_number": "131397",
    "estimate": "€12,000 - 18,000",
    "selling_price": "€10,728",
    "url": "https://www.artcurial.com/en/sales/4224/lots/235-a"
  },
  {
    "lot_number": "236",
    "title": "1971 Porsche 911 2,2L E Targa -  2.4S",
    "chassis_number": "9111210920",
    "estimate": "€40,000 - 60,000",
    "selling_price": "€41,720",
    "url": "https://www.artcurial.com/en/sales/4224/lots/236-a"
  },
  {
    "lot_number": "237",
    "title": "1962 Triumph TR4A",
    "chassis_number": "CT15272",
    "estimate": "€16,000 - 24,000",
    "selling_price": "€12,218",
    "url": "https://www.artcurial.com/en/sales/4224/lots/237-a"
  }
]