[
  {
    "lot_number": "1",
    "title": "1964 M274 Truck, Platform, Utility, 1/2 ton",
    "chassis_number": "18726",
    "estimate": "€8,000 - 14,000",
    "selling_price": "€16,688",
    "url": "https://www.artcurial.com/en/sales/4315/lots/1-a"
  },
  {
    "lot_number": "2",
    "title": "1997 Land Rover Discovery 300 TDi Camel Trophy Mongolie",
    "chassis_number": "SALLJGMF8VA537764",
    "estimate": "€30,000 - 50,000",
    "selling_price": "€48,720",
    "url": "https://www.artcurial.com/en/sales/4315/lots/2-a"
  },
  {
    "lot_number": "3",
    "title": "1972 Citroën DS 23ie Pallas",
    "chassis_number": "00FG0930",
    "estimate": "€50,000 - 80,000",
    "selling_price": "€37,120",
    "url": "https://www.artcurial.com/en/sales/4315/lots/3-a"
  },
  {
    "lot_number": "4",
    "title": "1961 Citroën 2 CV Sahara 4x4",
    "chassis_number": null,
    "estimate": "€80,000 - 120,000",
    "selling_price": "€95,360",
    "url": "https://www.artcurial.com/en/sales/4315/lots/4-a"
  },
  {
    "lot_number": "5",
    "title": "1977 Mercedes-Benz 508D Camping-Car par Notin",
    "chassis_number": null,
    "estimate": "€10,000 - 20,000",
    "selling_price": "€42,912",
    "url": "https://www.artcurial.com/en/sales/4315/lots/5-a"
  },
  {
    "lot_number": "6",
    "title": "1925 SIMA Violet Type MV5 torpédo sport spécial",
    "chassis_number": null,
    "estimate": "€40,000 - 60,000",
    "selling_price": "€47,680",
    "url": "https://www.artcurial.com/en/sales/4315/lots/6-a"
  },
  {
    "lot_number": "7",
    "title": "1935 Citroën Traction 7C berline",
    "chassis_number": "064185",
    "estimate": "€15,000 - 25,000",
    "selling_price": "€38,144",
    "url": "https://www.artcurial.com/en/sales/4315/lots/7-a"
  },
  {
    "lot_number": "8",
    "title": "1939 Rosengart LR539 Supertraction Cabriolet",
    "chassis_number": "400232",
    "estimate": "€40,000 - 60,000",
    "selling_price": "€26,001",
    "url": "https://www.artcurial.com/en/sales/4315/lots/8-a"
  },
  {
    "lot_number": "9",
    "title": "1939 Rosengart LR539 Supertraction Cabriolet",
    "chassis_number": "HS57446",
    "estimate": "€40,000 - 60,000",
    "selling_price": "€19,072",
    "url": "https://www.artcurial.com/en/sales/4315/lots/9-a"
  },
  {
    "lot_number": "10",
    "title": "1961 Facel Vega Facellia Coupé 4 places (F2)",
    "chassis_number": null,
    "estimate": "€40,000 - 60,000",
    "selling_price": "€42,912",
    "url": "https://www.artcurial.com/en/sales/4315/lots/10-a"
  },
  {
    "lot_number": "11",
    "title": "1960 Facel Vega Facellia Cabriolet (FA)",
    "chassis_number": null,
    "estimate": "€60,000 - 90,000",
    "selling_price": "€66,752",
    "url": "https://www.artcurial.com/en/sales/4315/lots/11-a"
  },
  {
    "lot_number": "12",
    "title": "1962 Facel Vega HK II",
    "chassis_number": null,
    "estimate": "€200,000 - 300,000",
    "selling_price": "€202,640",
    "url": "https://www.artcurial.com/en/sales/4315/lots/12-a"
  },
  {
    "lot_number": "13",
    "title": "1960 Facel Vega Excellence (EX1)",
    "chassis_number": null,
    "estimate": "€80,000 - 120,000",
    "selling_price": "€89,400",
    "url": "https://www.artcurial.com/en/sales/4315/lots/13-a"
  },
  {
    "lot_number": "14",
    "title": "1960 Facel Vega HK 500 (HK1)",
    "chassis_number": null,
    "estimate": "€120,000 - 160,000",
    "selling_price": "€89,400",
    "url": "https://www.artcurial.com/en/sales/4315/lots/14-a"
  },
  {
    "lot_number": "15",
    "title": "1946 Delage D6 3L Olympic cabriolet par Dens",
    "chassis_number": "880010",
    "estimate": "€60,000 - 90,000",
    "selling_price": "€59,600",
    "url": "https://www.artcurial.com/en/sales/4315/lots/15-a"
  },
  {
    "lot_number": "16",
    "title": "1931 Cadillac convertible coupé V12 370A par Fleetwood",
    "chassis_number": "1005430",
    "estimate": "€90,000 - 130,000",
    "selling_price": "€119,200",
    "url": "https://www.artcurial.com/en/sales/4315/lots/16-a"
  },
  {
    "lot_number": "18",
    "title": "1962 Citroën DS 19 Cabriolet \" Le Caddy \" par Chapron",
    "chassis_number": "4245419Num",
    "estimate": "€120,000 - 180,000",
    "selling_price": "€141,520",
    "url": "https://www.artcurial.com/en/sales/4315/lots/18-a"
  },
  {
    "lot_number": "20",
    "title": "1960 Triumph TR3 A",
    "chassis_number": "TS71541L",
    "estimate": "€25,000 - 35,000",
    "selling_price": "€23,840",
    "url": "https://www.artcurial.com/en/sales/4315/lots/20-a"
  },
  {
    "lot_number": "21",
    "title": "1956 Jaguar XK140 FHC",
    "chassis_number": "S804685DN",
    "estimate": "€35,000 - 45,000",
    "selling_price": "€66,752",
    "url": "https://www.artcurial.com/en/sales/4315/lots/21-a"
  },
  {
    "lot_number": "22",
    "title": "1967 Ferrari 330 GT 2+2",
    "chassis_number": "9763",
    "estimate": "€250,000 - 300,000",
    "selling_price": "€250,320",
    "url": "https://www.artcurial.com/en/sales/4315/lots/22-a"
  },
  {
    "lot_number": "23",
    "title": "1967 Sunbeam Alpine Tiger V8 260 MK I avec hard-top",
    "chassis_number": "B9473575LRO",
    "estimate": "€65,000 - 85,000",
    "selling_price": "€63,176",
    "url": "https://www.artcurial.com/en/sales/4315/lots/23-a"
  },
  {
    "lot_number": "24",
    "title": "1973 Rover P6 3500 S Mk I",
    "chassis_number": "48400990B",
    "estimate": "€25,000 - 35,000",
    "selling_price": "€33,376",
    "url": "https://www.artcurial.com/en/sales/4315/lots/24-a"
  },
  {
    "lot_number": "25",
    "title": "1960 Aston Martin DB4 Série 2",
    "chassis_number": null,
    "estimate": "€350,000 - 500,000",
    "selling_price": "€524,480",
    "url": "https://www.artcurial.com/en/sales/4315/lots/25-a"
  },
  {
    "lot_number": "28",
    "title": "1953 Lancia Aurelia B20",
    "chassis_number": null,
    "estimate": "€140,000 - 180,000",
    "selling_price": "€154,960",
    "url": "https://www.artcurial.com/en/sales/4315/lots/28-a"
  },
  {
    "lot_number": "30",
    "title": "1968 Mercedes-Benz 280 SL",
    "chassis_number": null,
    "estimate": "€90,000 - 130,000",
    "selling_price": "€101,320",
    "url": "https://www.artcurial.com/en/sales/4315/lots/30-a"
  },
  {
    "lot_number": "31",
    "title": "1963 Jaguar Type E Série 1 3,8L coupé préparation \"lightweight\"",
    "chassis_number": "888779",
    "estimate": "€70,000 - 110,000",
    "selling_price": "€125,160",
    "url": "https://www.artcurial.com/en/sales/4315/lots/31-a"
  },
  {
    "lot_number": "34",
    "title": "1936 Jaguar SS100 2,5 L roadster",
    "chassis_number": "18019",
    "estimate": "€200,000 - 300,000",
    "selling_price": "€363,560",
    "url": "https://www.artcurial.com/en/sales/4315/lots/34-a"
  },
  {
    "lot_number": "37",
    "title": "1975 BMW 2.8L E3 berline",
    "chassis_number": "3040281",
    "estimate": "€25,000 - 35,000",
    "selling_price": "€26,224",
    "url": "https://www.artcurial.com/en/sales/4315/lots/37-a"
  },
  {
    "lot_number": "38",
    "title": "1951 Alfa Romeo AR51 Matta 4x4",
    "chassis_number": null,
    "estimate": "€35,000 - 45,000",
    "selling_price": "€29,800",
    "url": "https://www.artcurial.com/en/sales/4315/lots/38-a"
  },
  {
    "lot_number": "41",
    "title": "1925 Lot de pièces Salmson Grand Sport Spécial \" San Sebastien \" version desmodromique",
    "chassis_number": null,
    "estimate": "€60,000 - 100,000",
    "selling_price": "€85,824",
    "url": "https://www.artcurial.com/en/sales/4315/lots/41-a"
  },
  {
    "lot_number": "42",
    "title": "Bugatti 35 - Projet de reconstruction en pièces",
    "chassis_number": null,
    "estimate": "€80,000 - 120,000",
    "selling_price": "€280,120",
    "url": "https://www.artcurial.com/en/sales/4315/lots/42-a"
  },
  {
    "lot_number": "43",
    "title": "1951 Ferrari 340 America Barchetta Touring Superleggera",
    "chassis_number": null,
    "estimate": "€5,000,000 - 8,000,000",
    "selling_price": "€5,706,000",
    "url": "https://www.artcurial.com/en/sales/4315/lots/43-a"
  },
  {
    "lot_number": "44",
    "title": "1931 Bugatti Type 43 Grand Sport 'Prima Donna'",
    "chassis_number": "43303",
    "estimate": "€1,200,000 - 1,800,000",
    "selling_price": "€1,530,400",
    "url": "https://www.artcurial.com/en/sales/4315/lots/44-a"
  },
  {
    "lot_number": "45",
    "title": "1929 Bugatti Type 35C",
    "chassis_number": "4920",
    "estimate": "€2,500,000 - 3,500,000",
    "selling_price": "€2,216,800",
    "url": "https://www.artcurial.com/en/sales/4315/lots/45-a"
  },
  {
    "lot_number": "47",
    "title": "1933 Röhr \"Tatzelwurm\"",
    "chassis_number": "10227",
    "estimate": "€50,000 - 80,000",
    "selling_price": "€38,144",
    "url": "https://www.artcurial.com/en/sales/4315/lots/47-a"
  },
  {
    "lot_number": "48",
    "title": "1938 Adler 2.5 L Type 10 Cabriolet par Karmann",
    "chassis_number": "185535",
    "estimate": "€90,000 - 120,000",
    "selling_price": "€97,744",
    "url": "https://www.artcurial.com/en/sales/4315/lots/48-a"
  },
  {
    "lot_number": "49",
    "title": "1933 Hispano-Suiza Junior par Vanvooren",
    "chassis_number": null,
    "estimate": "€280,000 - 360,000",
    "selling_price": "€256,280",
    "url": "https://www.artcurial.com/en/sales/4315/lots/49-a"
  },
  {
    "lot_number": "52",
    "title": "1951 Fiat 500C Topolino Ex-Mille Miglia 1952 et Giro di Sicilia 1952",
    "chassis_number": "309463",
    "estimate": "€80,000 - 120,000",
    "selling_price": "€110,856",
    "url": "https://www.artcurial.com/en/sales/4315/lots/52-a"
  },
  {
    "lot_number": "53",
    "title": "1969 Porsche 912 Targa",
    "chassis_number": "129010764",
    "estimate": "€60,000 - 80,000",
    "selling_price": "€71,520",
    "url": "https://www.artcurial.com/en/sales/4315/lots/53-a"
  },
  {
    "lot_number": "54",
    "title": "1999 Fiat 126 Bis cabriolet de plage",
    "chassis_number": "ZFA126A0003127104",
    "estimate": "€8,000 - 15,000",
    "selling_price": "€20,264",
    "url": "https://www.artcurial.com/en/sales/4315/lots/54-a"
  },
  {
    "lot_number": "55",
    "title": "1967 Fiat Dino Spider 2000",
    "chassis_number": "135AS0000250",
    "estimate": "€80,000 - 120,000",
    "selling_price": "€100,128",
    "url": "https://www.artcurial.com/en/sales/4315/lots/55-a"
  },
  {
    "lot_number": "56",
    "title": "1966 Fiat 2300 S",
    "chassis_number": "187420",
    "estimate": "€25,000 - 35,000",
    "selling_price": "€26,224",
    "url": "https://www.artcurial.com/en/sales/4315/lots/56-a"
  },
  {
    "lot_number": "57",
    "title": "1973 Lamborghini Espada Série 3",
    "chassis_number": "9030",
    "estimate": "€80,000 - 120,000",
    "selling_price": "€102,080",
    "url": "https://www.artcurial.com/en/sales/4315/lots/57-a"
  },
  {
    "lot_number": "58",
    "title": "1971 Dino 246 GT Tipo M",
    "chassis_number": "01684",
    "estimate": "€300,000 - 350,000",
    "selling_price": "€381,440",
    "url": "https://www.artcurial.com/en/sales/4315/lots/58-a"
  },
  {
    "lot_number": "59",
    "title": "1963 Jaguar Mk X",
    "chassis_number": "352314",
    "estimate": "€30,000 - 50,000",
    "selling_price": "€35,760",
    "url": "https://www.artcurial.com/en/sales/4315/lots/59-a"
  },
  {
    "lot_number": "60",
    "title": "1953 Buick Roadmaster break \"woody\"",
    "chassis_number": "16985362",
    "estimate": "€30,000 - 50,000",
    "selling_price": "€42,912",
    "url": "https://www.artcurial.com/en/sales/4315/lots/60-a"
  },
  {
    "lot_number": "61",
    "title": "1960 Lancia Appia GTE Zagato",
    "chassis_number": "812013111",
    "estimate": "€70,000 - 100,000",
    "selling_price": "€65,560",
    "url": "https://www.artcurial.com/en/sales/4315/lots/61-a"
  },
  {
    "lot_number": "62",
    "title": "1985 Porsche 930 Turbo",
    "chassis_number": "WPOZZZ93ZFS000106",
    "estimate": "€80,000 - 120,000",
    "selling_price": "€101,320",
    "url": "https://www.artcurial.com/en/sales/4315/lots/62-a"
  },
  {
    "lot_number": "63",
    "title": "1970 Porsche 911 E 2,2L coupé",
    "chassis_number": "9110200579",
    "estimate": "€60,000 - 90,000",
    "selling_price": "€95,360",
    "url": "https://www.artcurial.com/en/sales/4315/lots/63-a"
  },
  {
    "lot_number": "64",
    "title": "1968 Porsche 911 T Targa \"soft window\"",
    "chassis_number": "119110095",
    "estimate": "€100,000 - 140,000",
    "selling_price": "€107,280",
    "url": "https://www.artcurial.com/en/sales/4315/lots/64-a"
  },
  {
    "lot_number": "65",
    "title": "1989 Porsche 911 Speedster",
    "chassis_number": "WPOZZZ91ZKS151824",
    "estimate": "€110,000 - 150,000",
    "selling_price": "€172,840",
    "url": "https://www.artcurial.com/en/sales/4315/lots/65-a"
  },
  {
    "lot_number": "66",
    "title": "1964 Riva Super Florida \"Elodie I\" ex-Jean-Paul Belmondo",
    "chassis_number": null,
    "estimate": "€100,000 - 150,000",
    "selling_price": "€303,960",
    "url": "https://www.artcurial.com/en/sales/4315/lots/66-a"
  },
  {
    "lot_number": "67",
    "title": "Circa 1990 (voir texte) Cisitalia 202 Spider Nuvolari Spider Mille Miglia",
    "chassis_number": null,
    "estimate": "€300,000 - 400,000",
    "selling_price": "€262,240",
    "url": "https://www.artcurial.com/en/sales/4315/lots/67-a"
  },
  {
    "lot_number": "68",
    "title": "1952 Lancia Aurelia B10",
    "chassis_number": null,
    "estimate": "€25,000 - 35,000",
    "selling_price": "€23,840",
    "url": "https://www.artcurial.com/en/sales/4315/lots/68-a"
  },
  {
    "lot_number": "71",
    "title": "1956 Alfa Romeo Giulietta 1300 Spider 'Passo Corto'",
    "chassis_number": "AR1495",
    "estimate": "€70,000 - 100,000",
    "selling_price": "€59,600",
    "url": "https://www.artcurial.com/en/sales/4315/lots/71-a"
  },
  {
    "lot_number": "77",
    "title": "1987 Porsche 959 Komfort",
    "chassis_number": "WPOZZZ95ZHS900041",
    "estimate": "€850,000 - 1,250,000",
    "selling_price": "€1,009,200",
    "url": "https://www.artcurial.com/en/sales/4315/lots/77-a"
  },
  {
    "lot_number": "78",
    "title": "1991 Porsche 962 C",
    "chassis_number": null,
    "estimate": "€900,000 - 1,300,000",
    "selling_price": "€1,072,800",
    "url": "https://www.artcurial.com/en/sales/4315/lots/78-a"
  },
  {
    "lot_number": "80",
    "title": "1965 Lancia Flavia 1.8L Convertible par Vignale",
    "chassis_number": "815334",
    "estimate": "€35,000 - 55,000",
    "selling_price": "€33,376",
    "url": "https://www.artcurial.com/en/sales/4315/lots/80-a"
  },
  {
    "lot_number": "81",
    "title": "1964 Alfa Romeo 1600 Giulia Spider",
    "chassis_number": "AR379976",
    "estimate": "€60,000 - 80,000",
    "selling_price": "€53,640",
    "url": "https://www.artcurial.com/en/sales/4315/lots/81-a"
  },
  {
    "lot_number": "82",
    "title": "1962 Alfa Romeo Giulietta SS (Sprint Speciale)",
    "chassis_number": "AR177236",
    "estimate": "€80,000 - 120,000",
    "selling_price": "€92,976",
    "url": "https://www.artcurial.com/en/sales/4315/lots/82-a"
  },
  {
    "lot_number": "85",
    "title": "1975 Lamborghini Countach LP400",
    "chassis_number": "1120018",
    "estimate": "€800,000 - 1,200,000",
    "selling_price": "€928,000",
    "url": "https://www.artcurial.com/en/sales/4315/lots/85-a"
  },
  {
    "lot_number": "86",
    "title": "1969 Lamborghini 400 GT Espada Série 1",
    "chassis_number": null,
    "estimate": "€160,000 - 220,000",
    "selling_price": "€184,760",
    "url": "https://www.artcurial.com/en/sales/4315/lots/86-a"
  },
  {
    "lot_number": "87",
    "title": "2011 Ferrari 612 Scaglietti F1 \" One to One \"",
    "chassis_number": "ZFFJY54B000172726",
    "estimate": "€80,000 - 120,000",
    "selling_price": "€109,664",
    "url": "https://www.artcurial.com/en/sales/4315/lots/87-a"
  },
  {
    "lot_number": "88",
    "title": "1970 Ferrari 365 GTB/4 Daytona par Scaglietti",
    "chassis_number": "13407",
    "estimate": "€650,000 - 850,000",
    "selling_price": "€638,000",
    "url": "https://www.artcurial.com/en/sales/4315/lots/88-a"
  },
  {
    "lot_number": "93",
    "title": "1972 Citroën SM",
    "chassis_number": "00SB5531",
    "estimate": "€80,000 - 120,000",
    "selling_price": "€85,824",
    "url": "https://www.artcurial.com/en/sales/4315/lots/93-a"
  },
  {
    "lot_number": "96",
    "title": "1958 Rolls-Royce Silver Cloud I",
    "chassis_number": "LSHF211",
    "estimate": "€40,000 - 60,000",
    "selling_price": "€47,680",
    "url": "https://www.artcurial.com/en/sales/4315/lots/96-a"
  },
  {
    "lot_number": "99",
    "title": "1971 De Tomaso Pantera \"Pré-L\"",
    "chassis_number": "THPNLUO2206",
    "estimate": "€70,000 - 90,000",
    "selling_price": "€59,600",
    "url": "https://www.artcurial.com/en/sales/4315/lots/99-a"
  },
  {
    "lot_number": "102",
    "title": "1972 Innocenti Mini Cooper 1300",
    "chassis_number": null,
    "estimate": "€18,000 - 26,000",
    "selling_price": "€25,032",
    "url": "https://www.artcurial.com/en/sales/4315/lots/102-a"
  },
  {
    "lot_number": "103",
    "title": "1995 Ford Escort RS Cosworth",
    "chassis_number": "WFOBXXGKABSJ91635",
    "estimate": "€55,000 - 75,000",
    "selling_price": "€67,944",
    "url": "https://www.artcurial.com/en/sales/4315/lots/103-a"
  },
  {
    "lot_number": "106",
    "title": "1968 Renault 8 Gordini",
    "chassis_number": "0204409",
    "estimate": "€40,000 - 60,000",
    "selling_price": "€42,912",
    "url": "https://www.artcurial.com/en/sales/4315/lots/106-a"
  },
  {
    "lot_number": "107",
    "title": "1980 Renault 5 Turbo n°0002",
    "chassis_number": "B0000189",
    "estimate": "€130,000 - 180,000",
    "selling_price": "€166,880",
    "url": "https://www.artcurial.com/en/sales/4315/lots/107-a"
  },
  {
    "lot_number": "108",
    "title": "1987 Citroën BX 4TC",
    "chassis_number": "VF7XBXL0000XL0041",
    "estimate": "€80,000 - 120,000",
    "selling_price": "€98,936",
    "url": "https://www.artcurial.com/en/sales/4315/lots/108-a"
  },
  {
    "lot_number": "111",
    "title": "1977 Ferrari 308 GTB Vetroresina",
    "chassis_number": "F106AB20753",
    "estimate": "€150,000 - 200,000",
    "selling_price": "€176,416",
    "url": "https://www.artcurial.com/en/sales/4315/lots/111-a"
  },
  {
    "lot_number": "115",
    "title": "1971 Fiat Abarth 595 SS Competizione",
    "chassis_number": "2600322",
    "estimate": "€60,000 - 80,000",
    "selling_price": "€53,640",
    "url": "https://www.artcurial.com/en/sales/4315/lots/115-a"
  },
  {
    "lot_number": "116",
    "title": "1983 Fiat Ritmo Abarth 130 TC",
    "chassis_number": "ZFA138A0003224520",
    "estimate": "€25,000 - 40,000",
    "selling_price": "€19,072",
    "url": "https://www.artcurial.com/en/sales/4315/lots/116-a"
  },
  {
    "lot_number": "117",
    "title": "1965 Ford Cortina Lotus MK I Série 2",
    "chassis_number": "BA74ED59981",
    "estimate": "€40,000 - 50,000",
    "selling_price": "€40,528",
    "url": "https://www.artcurial.com/en/sales/4315/lots/117-a"
  },
  {
    "lot_number": "119",
    "title": "1981 Renault 4 GTL Sinpar 4x4",
    "chassis_number": "VF1112800B0035745",
    "estimate": "€20,000 - 30,000",
    "selling_price": "€26,224",
    "url": "https://www.artcurial.com/en/sales/4315/lots/119-a"
  },
  {
    "lot_number": "121",
    "title": "1983 Toyota FJ40 Série 4",
    "chassis_number": null,
    "estimate": "€80,000 - 120,000",
    "selling_price": "€92,800",
    "url": "https://www.artcurial.com/en/sales/4315/lots/121-a"
  },
  {
    "lot_number": "124",
    "title": "1991 Peugeot 205 GTI Le Mans",
    "chassis_number": "VF320CDK224070161",
    "estimate": "€25,000 - 35,000",
    "selling_price": "€32,184",
    "url": "https://www.artcurial.com/en/sales/4315/lots/124-a"
  },
  {
    "lot_number": "125",
    "title": "1968 VW Combi T1 modifié \" Samba \" 23 Fenêtres",
    "chassis_number": "B8158214",
    "estimate": "€50,000 - 70,000",
    "selling_price": "€56,102",
    "url": "https://www.artcurial.com/en/sales/4315/lots/125-a"
  },
  {
    "lot_number": "126",
    "title": "1952 Volkswagen Coccinelle Type 11C 'Split-Window'",
    "chassis_number": null,
    "estimate": "€40,000 - 60,000",
    "selling_price": "€35,760",
    "url": "https://www.artcurial.com/en/sales/4315/lots/126-a"
  },
  {
    "lot_number": "127",
    "title": "1956 Mercedes-Benz 300 C Adenauer",
    "chassis_number": "186017",
    "estimate": "€30,000 - 50,000",
    "selling_price": "€21,456",
    "url": "https://www.artcurial.com/en/sales/4315/lots/127-a"
  },
  {
    "lot_number": "201",
    "title": "\" 2328 \" Reinastella soucoupe volante",
    "chassis_number": null,
    "estimate": "€2,000 - 4,000",
    "selling_price": "€71,520",
    "url": "https://www.artcurial.com/en/sales/4315/lots/201-a"
  },
  {
    "lot_number": "202",
    "title": "Circa 2011 Renault F1 R31 Show Car",
    "chassis_number": null,
    "estimate": "€20,000 - 40,000",
    "selling_price": "€89,400",
    "url": "https://www.artcurial.com/en/sales/4315/lots/202-a"
  },
  {
    "lot_number": "203",
    "title": "1987 Renault Espace 1 Turbo D",
    "chassis_number": "VF8J115050R267092",
    "estimate": "€6,000 - 10,000",
    "selling_price": "€15,496",
    "url": "https://www.artcurial.com/en/sales/4315/lots/203-a"
  },
  {
    "lot_number": "205",
    "title": "1968 Renault 4 Plein Air",
    "chassis_number": "4382555",
    "estimate": "€20,000 - 30,000",
    "selling_price": "€26,224",
    "url": "https://www.artcurial.com/en/sales/4315/lots/205-a"
  },
  {
    "lot_number": "207",
    "title": "1992 Renault 25 V6 Turbo Baccara",
    "chassis_number": "VF1B29G0507717974",
    "estimate": "€15,000 - 25,000",
    "selling_price": "€58,000",
    "url": "https://www.artcurial.com/en/sales/4315/lots/207-a"
  },
  {
    "lot_number": "208",
    "title": "1982 Renault 5 Turbo 1",
    "chassis_number": null,
    "estimate": "€120,000 - 160,000",
    "selling_price": "€163,304",
    "url": "https://www.artcurial.com/en/sales/4315/lots/208-a"
  },
  {
    "lot_number": "209",
    "title": "1989 Alpine GTA V6 Turbo Mille Miles",
    "chassis_number": "VFAD5010500023123",
    "estimate": "€25,000 - 35,000",
    "selling_price": "€42,912",
    "url": "https://www.artcurial.com/en/sales/4315/lots/209-a"
  },
  {
    "lot_number": "210",
    "title": "1975 Renault Alpine A110 1300 berlinette",
    "chassis_number": null,
    "estimate": "€70,000 - 100,000",
    "selling_price": "€85,824",
    "url": "https://www.artcurial.com/en/sales/4315/lots/210-a"
  },
  {
    "lot_number": "211",
    "title": "1988 Peugeot 205 Rallye",
    "chassis_number": "VF320CM2201438946",
    "estimate": "€20,000 - 30,000",
    "selling_price": "€21,456",
    "url": "https://www.artcurial.com/en/sales/4315/lots/211-a"
  },
  {
    "lot_number": "212",
    "title": "2001 Porsche 996 Turbo coupé",
    "chassis_number": "WP0ZZZ99Z1S682363",
    "estimate": "€80,000 - 120,000",
    "selling_price": "€100,128",
    "url": "https://www.artcurial.com/en/sales/4315/lots/212-a"
  },
  {
    "lot_number": "214",
    "title": "2001 Porsche 996 Turbo TechArt GT Street XL",
    "chassis_number": "WPOZZZ99Z1S683194",
    "estimate": "€80,000 - 100,000",
    "selling_price": "€83,440",
    "url": "https://www.artcurial.com/en/sales/4315/lots/214-a"
  },
  {
    "lot_number": "221",
    "title": "1991 BMW 850i",
    "chassis_number": "WBAEG11090CB12736",
    "estimate": "€35,000 - 45,000",
    "selling_price": "€41,720",
    "url": "https://www.artcurial.com/en/sales/4315/lots/221-a"
  },
  {
    "lot_number": "222",
    "title": "1963 Fiat 500 D Trasformabile",
    "chassis_number": "110D565558",
    "estimate": "€15,000 - 25,000",
    "selling_price": "€35,760",
    "url": "https://www.artcurial.com/en/sales/4315/lots/222-a"
  },
  {
    "lot_number": "223",
    "title": "1989 Porsche 911 Carrera 3.2L Cabriolet",
    "chassis_number": "WPOZZZ91ZKS150097",
    "estimate": "€55,000 - 75,000",
    "selling_price": "€73,904",
    "url": "https://www.artcurial.com/en/sales/4315/lots/223-a"
  },
  {
    "lot_number": "224",
    "title": "1975 Ford Bronco",
    "chassis_number": "U15GLV68360",
    "estimate": "€60,000 - 80,000",
    "selling_price": "€69,136",
    "url": "https://www.artcurial.com/en/sales/4315/lots/224-a"
  },
  {
    "lot_number": "225",
    "title": "1991 Ferrari Testarossa",
    "chassis_number": "ZFFAA17B000087863",
    "estimate": "€130,000 - 160,000",
    "selling_price": "€148,480",
    "url": "https://www.artcurial.com/en/sales/4315/lots/225-a"
  },
  {
    "lot_number": "226",
    "title": "1992 Ferrari F40",
    "chassis_number": "ZFFGJ34B000093942",
    "estimate": "€2,000,000 - 2,500,000",
    "selling_price": "€2,216,800",
    "url": "https://www.artcurial.com/en/sales/4315/lots/226-a"
  },
  {
    "lot_number": "228",
    "title": "1972 De Tomaso Pantera GTS Gr. IV",
    "chassis_number": "THPNMD03890",
    "estimate": "€100,000 - 150,000",
    "selling_price": "€184,760",
    "url": "https://www.artcurial.com/en/sales/4315/lots/228-a"
  },
  {
    "lot_number": "229",
    "title": "1981 Ferrari 208 GTB par Pininfarina",
    "chassis_number": "F106CB",
    "estimate": "€50,000 - 80,000",
    "selling_price": "€83,440",
    "url": "https://www.artcurial.com/en/sales/4315/lots/229-a"
  },
  {
    "lot_number": "232",
    "title": "2010 Mercedes-Benz SLS AMG Coupé",
    "chassis_number": "WMX1973771A000905",
    "estimate": "€170,000 - 210,000",
    "selling_price": "€232,440",
    "url": "https://www.artcurial.com/en/sales/4315/lots/232-a"
  },
  {
    "lot_number": "234",
    "title": "1989 Lamborghini Countach 25th anniversary",
    "chassis_number": "ZA9CA05A8KLA12676",
    "estimate": "€520,000 - 700,000",
    "selling_price": "€584,080",
    "url": "https://www.artcurial.com/en/sales/4315/lots/234-a"
  },
  {
    "lot_number": "235",
    "title": "1979 Mercedes-Benz 450/500 SLC Rallye, voiture d'usine",
    "chassis_number": null,
    "estimate": "€800,000 - 1,200,000",
    "selling_price": "€816,520",
    "url": "https://www.artcurial.com/en/sales/4315/lots/235-a"
  },
  {
    "lot_number": "237",
    "title": "1954 Jaguar XK 120 roadster",
    "chassis_number": "675368",
    "estimate": "€80,000 - 110,000",
    "selling_price": "€116,816",
    "url": "https://www.artcurial.com/en/sales/4315/lots/237-a"
  },
  {
    "lot_number": "238",
    "title": "1961 Jaguar Type E 3,8L Série 1 cabriolet \"plancher plat\"",
    "chassis_number": "875898",
    "estimate": "€100,000 - 150,000",
    "selling_price": "€137,080",
    "url": "https://www.artcurial.com/en/sales/4315/lots/238-a"
  },
  {
    "lot_number": "239",
    "title": "1989 Porsche 911 3,2L Jubilé",
    "chassis_number": "WPOAB0914KS121034",
    "estimate": "€60,000 - 80,000",
    "selling_price": "€58,408",
    "url": "https://www.artcurial.com/en/sales/4315/lots/239-a"
  },
  {
    "lot_number": "240",
    "title": "1970 Porsche 914/6",
    "chassis_number": null,
    "estimate": "€60,000 - 90,000",
    "selling_price": "€61,984",
    "url": "https://www.artcurial.com/en/sales/4315/lots/240-a"
  },
  {
    "lot_number": "241",
    "title": "1955 Jaguar XK 140 roadster",
    "chassis_number": "S812781DN",
    "estimate": "€90,000 - 130,000",
    "selling_price": "€89,400",
    "url": "https://www.artcurial.com/en/sales/4315/lots/241-a"
  },
  {
    "lot_number": "242",
    "title": "1976 Porsche 911 Carrera 2,7L Targa Police belge",
    "chassis_number": "9116619012",
    "estimate": "€120,000 - 180,000",
    "selling_price": "€131,120",
    "url": "https://www.artcurial.com/en/sales/4315/lots/242-a"
  },
  {
    "lot_number": "243",
    "title": "1973 Dino 246 GTS",
    "chassis_number": "06846",
    "estimate": "€350,000 - 450,000",
    "selling_price": "€429,120",
    "url": "https://www.artcurial.com/en/sales/4315/lots/243-a"
  },
  {
    "lot_number": "244",
    "title": "1988 Ferrari Testarossa",
    "chassis_number": "76153",
    "estimate": "€60,000 - 100,000",
    "selling_price": "€87,016",
    "url": "https://www.artcurial.com/en/sales/4315/lots/244-a"
  },
  {
    "lot_number": "245",
    "title": "1979 Ferrari 512 BB",
    "chassis_number": "30097",
    "estimate": "€200,000 - 250,000",
    "selling_price": "€238,400",
    "url": "https://www.artcurial.com/en/sales/4315/lots/245-a"
  },
  {
    "lot_number": "246",
    "title": "2005 Ford GT",
    "chassis_number": "1FAFP90S15Y400658",
    "estimate": "€280,000 - 350,000",
    "selling_price": "€339,720",
    "url": "https://www.artcurial.com/en/sales/4315/lots/246-a"
  },
  {
    "lot_number": "247",
    "title": "1987 Porsche 3,2L cabriolet Turbo Look",
    "chassis_number": "WP0ZZZ91ZHS171809",
    "estimate": "€70,000 - 90,000",
    "selling_price": "€90,592",
    "url": "https://www.artcurial.com/en/sales/4315/lots/247-a"
  },
  {
    "lot_number": "248",
    "title": "1989 Porsche 911 3,2L Speedster \"Turbo Look\"",
    "chassis_number": "WPOZZZ91ZKS152379",
    "estimate": "€150,000 - 200,000",
    "selling_price": "€166,880",
    "url": "https://www.artcurial.com/en/sales/4315/lots/248-a"
  },
  {
    "lot_number": "249",
    "title": "1992 Porsche 968 cabriolet",
    "chassis_number": "WPOZZZ96ZPS830267",
    "estimate": "€25,000 - 35,000",
    "selling_price": "€44,104",
    "url": "https://www.artcurial.com/en/sales/4315/lots/249-a"
  },
  {
    "lot_number": "250",
    "title": "1992 Porsche 964 Carrera RS",
    "chassis_number": "WPOZZZ96ZNS491313",
    "estimate": "€120,000 - 160,000",
    "selling_price": "€149,000",
    "url": "https://www.artcurial.com/en/sales/4315/lots/250-a"
  },
  {
    "lot_number": "251",
    "title": "1955 Jaguar XK 140 DHC",
    "chassis_number": null,
    "estimate": "€90,000 - 120,000",
    "selling_price": "€107,280",
    "url": "https://www.artcurial.com/en/sales/4315/lots/251-a"
  },
  {
    "lot_number": "252",
    "title": "1974 Jaguar Type E V12 roadster",
    "chassis_number": "1S24947",
    "estimate": "€80,000 - 120,000",
    "selling_price": "€107,280",
    "url": "https://www.artcurial.com/en/sales/4315/lots/252-a"
  },
  {
    "lot_number": "253",
    "title": "1968 Lancia Flaminia 2.8L 3C Cabriolet",
    "chassis_number": null,
    "estimate": "€140,000 - 180,000",
    "selling_price": "€149,000",
    "url": "https://www.artcurial.com/en/sales/4315/lots/253-a"
  },
  {
    "lot_number": "255",
    "title": "1967 Lamborghini 400 GT 2+2 par Touring",
    "chassis_number": "1036",
    "estimate": "€400,000 - 600,000",
    "selling_price": "€394,400",
    "url": "https://www.artcurial.com/en/sales/4315/lots/255-a"
  },
  {
    "lot_number": "256",
    "title": "1957 Jaguar XK 140 DHC",
    "chassis_number": "S819155",
    "estimate": "€80,000 - 120,000",
    "selling_price": "€92,976",
    "url": "https://www.artcurial.com/en/sales/4315/lots/256-a"
  },
  {
    "lot_number": "257",
    "title": "1966 Porsche 911 S coupé SWB",
    "chassis_number": "306877S",
    "estimate": "€150,000 - 200,000",
    "selling_price": "€145,424",
    "url": "https://www.artcurial.com/en/sales/4315/lots/257-a"
  },
  {
    "lot_number": "258",
    "title": "1958 Chevrolet Corvette cabriolet",
    "chassis_number": "J58S105656",
    "estimate": "€90,000 - 120,000",
    "selling_price": "€95,360",
    "url": "https://www.artcurial.com/en/sales/4315/lots/258-a"
  },
  {
    "lot_number": "259",
    "title": "1982 Porsche 911 SC coupé",
    "chassis_number": "WPOZZZ91ZCS121761",
    "estimate": "€45,000 - 65,000",
    "selling_price": "€51,256",
    "url": "https://www.artcurial.com/en/sales/4315/lots/259-a"
  },
  {
    "lot_number": "260",
    "title": "2013 Porsche 991 GT3 Cup",
    "chassis_number": null,
    "estimate": "€90,000 - 120,000",
    "selling_price": "€95,360",
    "url": "https://www.artcurial.com/en/sales/4315/lots/260-a"
  },
  {
    "lot_number": "261",
    "title": "1995 Porsche 993 Carrera RS",
    "chassis_number": "WPOZZZ99ZTS390263",
    "estimate": "€120,000 - 180,000",
    "selling_price": "€137,080",
    "url": "https://www.artcurial.com/en/sales/4315/lots/261-a"
  },
  {
    "lot_number": "262",
    "title": "1969 Ferrari 365 GTC",
    "chassis_number": "12079",
    "estimate": "€600,000 - 800,000",
    "selling_price": "€609,000",
    "url": "https://www.artcurial.com/en/sales/4315/lots/262-a"
  },
  {
    "lot_number": "264",
    "title": "1985 Ferrari 308 GTBi Quattrovalvole",
    "chassis_number": "58711",
    "estimate": "€140,000 - 180,000",
    "selling_price": "€163,304",
    "url": "https://www.artcurial.com/en/sales/4315/lots/264-a"
  },
  {
    "lot_number": "265",
    "title": "1964 Ferrari 250 GT Lusso par Pininfarina",
    "chassis_number": "5875",
    "estimate": "€1,500,000 - 1,800,000",
    "selling_price": "€1,660,000",
    "url": "https://www.artcurial.com/en/sales/4315/lots/265-a"
  },
  {
    "lot_number": "266",
    "title": "1996 Honda NSX",
    "chassis_number": "NA11500T000555",
    "estimate": "€90,000 - 130,000",
    "selling_price": "€115,624",
    "url": "https://www.artcurial.com/en/sales/4315/lots/266-a"
  },
  {
    "lot_number": "267",
    "title": "1990 BMW 850i",
    "chassis_number": "WBAEG11090CB12252",
    "estimate": "€40,000 - 60,000",
    "selling_price": "€65,560",
    "url": "https://www.artcurial.com/en/sales/4315/lots/267-a"
  },
  {
    "lot_number": "269",
    "title": "1990 Jaguar XJS V12 cabriolet",
    "chassis_number": "SAJNW4845LC166344",
    "estimate": "€25,000 - 35,000",
    "selling_price": "€45,296",
    "url": "https://www.artcurial.com/en/sales/4315/lots/269-a"
  },
  {
    "lot_number": "270",
    "title": "1976 Alpine Renault A110 1600 SC/VD",
    "chassis_number": "A1101600VD20418",
    "estimate": "€80,000 - 100,000",
    "selling_price": "€128,736",
    "url": "https://www.artcurial.com/en/sales/4315/lots/270-a"
  },
  {
    "lot_number": "271",
    "title": "1964 Porsche 356 Carrera 2",
    "chassis_number": "129913",
    "estimate": "€450,000 - 600,000",
    "selling_price": "€500,640",
    "url": "https://www.artcurial.com/en/sales/4315/lots/271-a"
  },
  {
    "lot_number": "272",
    "title": "1951 DB Barquette par Antem \" Tourisme coursifiée \"",
    "chassis_number": null,
    "estimate": "€110,000 - 150,000",
    "selling_price": "€107,280",
    "url": "https://www.artcurial.com/en/sales/4315/lots/272-a"
  },
  {
    "lot_number": "273",
    "title": "1978 Harley-Davidson Electra Glide 1200 FLH \" New old stock \"",
    "chassis_number": null,
    "estimate": "€30,000 - 50,000",
    "selling_price": "€37,120",
    "url": "https://www.artcurial.com/en/sales/4315/lots/273-a"
  },
  {
    "lot_number": "274",
    "title": "1979 Porsche 911 SC Ex Johnny Hallyday",
    "chassis_number": "9119301076",
    "estimate": "€250,000 - 300,000",
    "selling_price": "€190,720",
    "url": "https://www.artcurial.com/en/sales/4315/lots/274-a"
  },
  {
    "lot_number": "275",
    "title": "1991 Citroën 2 CV 6 Club",
    "chassis_number": "KA375072",
    "estimate": "€20,000 - 30,000",
    "selling_price": "€35,760",
    "url": "https://www.artcurial.com/en/sales/4315/lots/275-a"
  },
  {
    "lot_number": "276",
    "title": "1987 Citroën CX 25 GTI",
    "chassis_number": "06NG8694",
    "estimate": "€20,000 - 30,000",
    "selling_price": "€21,456",
    "url": "https://www.artcurial.com/en/sales/4315/lots/276-a"
  },
  {
    "lot_number": "277",
    "title": "1983 Citroën GSA Pallas",
    "chassis_number": "VF7GXYL0034YL0672",
    "estimate": "€15,000 - 20,000",
    "selling_price": "€16,688",
    "url": "https://www.artcurial.com/en/sales/4315/lots/277-a"
  },
  {
    "lot_number": "278",
    "title": "1968 Citroën DS 21M Cabriolet Chapron",
    "chassis_number": "4494163",
    "estimate": "€170,000 - 220,000",
    "selling_price": "€190,720",
    "url": "https://www.artcurial.com/en/sales/4315/lots/278-a"
  },
  {
    "lot_number": "281",
    "title": "1970 Honda CB750 K0",
    "chassis_number": "CB7501025324",
    "estimate": "€25,000 - 35,000",
    "selling_price": "€25,032",
    "url": "https://www.artcurial.com/en/sales/4315/lots/281-a"
  },
  {
    "lot_number": "282",
    "title": "2012 Kawasaki W800 by Philippe Starck",
    "chassis_number": "JKBEJ800AAA004513",
    "estimate": "€8,000 - 14,000",
    "selling_price": "€26,680",
    "url": "https://www.artcurial.com/en/sales/4315/lots/282-a"
  },
  {
    "lot_number": "283",
    "title": "1972 Fiat 500 110F",
    "chassis_number": "5155660",
    "estimate": "€8,000 - 14,000",
    "selling_price": "€13,112",
    "url": "https://www.artcurial.com/en/sales/4315/lots/283-a"
  },
  {
    "lot_number": "284",
    "title": "1997 Porsche 993 Carrera 4S",
    "chassis_number": "WP0ZZZ99ZVS315671",
    "estimate": "€80,000 - 120,000",
    "selling_price": "€125,160",
    "url": "https://www.artcurial.com/en/sales/4315/lots/284-a"
  },
  {
    "lot_number": "285",
    "title": "1988 Porsche 911 3,2L Carrera Targa G50",
    "chassis_number": "WP0ZZZ91ZJS160121",
    "estimate": "€80,000 - 140,000",
    "selling_price": "€102,512",
    "url": "https://www.artcurial.com/en/sales/4315/lots/285-a"
  },
  {
    "lot_number": "286",
    "title": "1973 Porsche 911 2,4L T/E Targa",
    "chassis_number": "9113111147",
    "estimate": "€80,000 - 120,000",
    "selling_price": "€119,200",
    "url": "https://www.artcurial.com/en/sales/4315/lots/286-a"
  },
  {
    "lot_number": "287",
    "title": "1996 Ferrari 355 Spider",
    "chassis_number": "ZFFXR48B000109327",
    "estimate": "€70,000 - 110,000",
    "selling_price": "€98,936",
    "url": "https://www.artcurial.com/en/sales/4315/lots/287-a"
  },
  {
    "lot_number": "288",
    "title": "1987 Porsche 911 3,2L G50",
    "chassis_number": "WP0ZZZ91ZHS101074",
    "estimate": "€60,000 - 80,000",
    "selling_price": "€73,904",
    "url": "https://www.artcurial.com/en/sales/4315/lots/288-a"
  },
  {
    "lot_number": "290",
    "title": "1995 Porsche 928 GTS",
    "chassis_number": "WP0ZZZ92ZSS800456",
    "estimate": "€50,000 - 70,000",
    "selling_price": "€77,480",
    "url": "https://www.artcurial.com/en/sales/4315/lots/290-a"
  },
  {
    "lot_number": "291",
    "title": "1968 Porsche 912",
    "chassis_number": "129021599",
    "estimate": "€40,000 - 60,000",
    "selling_price": "€67,944",
    "url": "https://www.artcurial.com/en/sales/4315/lots/291-a"
  },
  {
    "lot_number": "292",
    "title": "1972 Aston Martin DBS V8 Mark I",
    "chassis_number": "DBSV810569LCA",
    "estimate": "€120,000 - 160,000",
    "selling_price": "€107,280",
    "url": "https://www.artcurial.com/en/sales/4315/lots/292-a"
  },
  {
    "lot_number": "293",
    "title": "2000 Ferrari 456M GTA par Pininfarina",
    "chassis_number": "ZFFWP50B000117017",
    "estimate": "€50,000 - 80,000",
    "selling_price": "€73,904",
    "url": "https://www.artcurial.com/en/sales/4315/lots/293-a"
  },
  {
    "lot_number": "294",
    "title": "2006 Porsche 997 Carrera 4S Cabriolet",
    "chassis_number": "WP0ZZZ99Z6S763324",
    "estimate": "€50,000 - 70,000",
    "selling_price": "€54,832",
    "url": "https://www.artcurial.com/en/sales/4315/lots/294-a"
  },
  {
    "lot_number": "295",
    "title": "2003 Porsche 996 Carrera 4S",
    "chassis_number": "WP0ZZZ99Z3S605760",
    "estimate": "€40,000 - 60,000",
    "selling_price": "€54,832",
    "url": "https://www.artcurial.com/en/sales/4315/lots/295-a"
  },
  {
    "lot_number": "296",
    "title": "2012 Aston Martin Virage Volante",
    "chassis_number": "SCFFDEDN9CGH14601",
    "estimate": "€100,000 - 150,000",
    "selling_price": "€139,464",
    "url": "https://www.artcurial.com/en/sales/4315/lots/296-a"
  },
  {
    "lot_number": "298",
    "title": "1962 Porsche 356 BT6 GT par Hedonic",
    "chassis_number": "211756",
    "estimate": "€100,000 - 150,000",
    "selling_price": "€137,080",
    "url": "https://www.artcurial.com/en/sales/4315/lots/298-a"
  },
  {
    "lot_number": "299",
    "title": "1981 DeLorean DMC-12",
    "chassis_number": "SCEDT26T6CD010895",
    "estimate": "€35,000 - 55,000",
    "selling_price": "€85,824",
    "url": "https://www.artcurial.com/en/sales/4315/lots/299-a"
  }
]