[
    {
        "lot_code": "lot_code 620",
        "lot_title": "1929 Duesenberg Model J Convertible CoupeSOLD$3,305,000",
        "price_value": "$3,305,000"
    },
    {
        "lot_code": "lot_code 645",
        "lot_title": "1955 Mercedes-Benz 300SL 'Gullwing' CoupeSOLD$1,700,000",
        "price_value": "$1,700,000"
    },
    {
        "lot_code": "lot_code 637",
        "lot_title": "1928 Rolls-Royce Phantom I Ascot Dual Cowl Sport PhaetonSOLD$967,500",
        "price_value": "$967,500"
    },
    {
        "lot_code": "lot_code 628",
        "lot_title": "1958 Ferrari 250 GT LWB BerlinettaSOLD$885,000",
        "price_value": "$885,000"
    },
    {
        "lot_code": "lot_code 350",
        "lot_title": "1929 Duesenberg Model J Arlington SedanSOLD$857,500",
        "price_value": "$857,500"
    },
    {
        "lot_code": "lot_code 639",
        "lot_title": "1935 Auburn 851 SC Boattail SpeedsterSOLD$742,000",
        "price_value": "$742,000"
    },
    {
        "lot_code": "lot_code 643",
        "lot_title": "2016 Porsche 911RSOLD$533,000",
        "price_value": "$533,000"
    },
    {
        "lot_code": "lot_code 653",
        "lot_title": "1928 Auburn 8-115 Boattail SpeedsterSOLD$478,000",
        "price_value": "$478,000"
    },
    {
        "lot_code": "lot_code 615",
        "lot_title": "1990 Lamborghini Countach 25th Anniversary EditionSOLD$439,500",
        "price_value": "$439,500"
    },
    {
        "lot_code": "lot_code 663",
        "lot_title": "1932 Packard 905 Twin-Six Convertible VictoriaSOLD$417,500",
        "price_value": "$417,500"
    },
    {
        "lot_code": "lot_code 634",
        "lot_title": "1922 Duesenberg Model A PhaetonSOLD$379,000",
        "price_value": "$379,000"
    },
    {
        "lot_code": "lot_code 659",
        "lot_title": "1934 Auburn Twelve Salon PhaetonSOLD$351,500",
        "price_value": "$351,500"
    },
    {
        "lot_code": "lot_code 380",
        "lot_title": "1964 Ferrari 330 GT 2+2SOLD$346,000",
        "price_value": "$346,000"
    },
    {
        "lot_code": "lot_code 624",
        "lot_title": "1950 Delahaye 135M Cabriolet by BarouSOLD$335,000",
        "price_value": "$335,000"
    },
    {
        "lot_code": "lot_code 630",
        "lot_title": "2006 Mercedes-Benz SLR McLaren CoupeSOLD$282,750",
        "price_value": "$282,750"
    },
    {
        "lot_code": "lot_code 649",
        "lot_title": "1937 Cord 812 SC PhaetonSOLD$257,600",
        "price_value": "$257,600"
    },
    {
        "lot_code": "lot_code 667",
        "lot_title": "1961 Chevrolet  Impala \"Double Bubble\" CustomSOLD$224,000",
        "price_value": "$224,000"
    },
    {
        "lot_code": "lot_code 640",
        "lot_title": "1931 Hudson Greater Eight Boattail SpeedsterSOLD$201,600",
        "price_value": "$201,600"
    },
    {
        "lot_code": "lot_code 636",
        "lot_title": "1912 Delaunay-Belleville HB6 RoadsterSOLD$200,000",
        "price_value": "$200,000"
    },
    {
        "lot_code": "lot_code 375",
        "lot_title": "1936 Bentley 4 1/4-Litre Airflow SaloonSOLD$198,240",
        "price_value": "$198,240"
    },
    {
        "lot_code": "lot_code 658",
        "lot_title": "1958 Chevrolet  Corvette 283/290 'Fuelie' ConvertibleSOLD$190,400",
        "price_value": "$190,400"
    },
    {
        "lot_code": "lot_code 660",
        "lot_title": "1955 Chevrolet  Corvette Pilot_code CarSOLD$190,400",
        "price_value": "$190,400"
    },
    {
        "lot_code": "lot_code 614",
        "lot_title": "2008 Ferrari F430 SpiderSOLD$187,600",
        "price_value": "$187,600"
    },
    {
        "lot_code": "lot_code 348",
        "lot_title": "1960 Porsche 356B RoadsterSOLD$184,800",
        "price_value": "$184,800"
    },
    {
        "lot_code": "lot_code 616",
        "lot_title": "1946 Ford Sportsman ConvertibleSOLD$184,800",
        "price_value": "$184,800"
    },
    {
        "lot_code": "lot_code 622",
        "lot_title": "1959 Porsche 356A CabrioletSOLD$182,000",
        "price_value": "$182,000"
    },
    {
        "lot_code": "lot_code 629",
        "lot_title": "1934 Chrysler  Airflow CoupeSOLD$173,600",
        "price_value": "$173,600"
    },
    {
        "lot_code": "lot_code 650",
        "lot_title": "1912 American Underslung Scout RoadsterSOLD$173,600",
        "price_value": "$173,600"
    },
    {
        "lot_code": "lot_code 512",
        "lot_title": "1986 Porsche 930 TurboSOLD$168,000",
        "price_value": "$168,000"
    },
    {
        "lot_code": "lot_code 541",
        "lot_title": "1999 Shelby Series 1 RoadsterSOLD$162,400",
        "price_value": "$162,400"
    },
    {
        "lot_code": "lot_code 532",
        "lot_title": "1936 Pierce-Arrow Twelve Model 1602 LimousineSOLD$155,680",
        "price_value": "$155,680"
    },
    {
        "lot_code": "lot_code 547",
        "lot_title": "1939 Lincoln Zephyr CoupeSOLD$154,000",
        "price_value": "$154,000"
    },
    {
        "lot_code": "lot_code 407",
        "lot_title": "1965 Shelby 427 S/C CobraSOLD$146,720",
        "price_value": "$146,720"
    },
    {
        "lot_code": "lot_code 641",
        "lot_title": "1967 Ford Mustang 'Vietnam' FastbackSOLD$145,600",
        "price_value": "$145,600"
    },
    {
        "lot_code": "lot_code 385",
        "lot_title": "1968 Ferrari 365 GT 2+2SOLD$145,600",
        "price_value": "$145,600"
    },
    {
        "lot_code": "lot_code 627",
        "lot_title": "1934 Packard Twelve 1107 Club SedanSOLD$137,200",
        "price_value": "$137,200"
    },
    {
        "lot_code": "lot_code 546",
        "lot_title": "1967 Jaguar E-Type RoadsterSOLD$137,200",
        "price_value": "$137,200"
    },
    {
        "lot_code": "lot_code 618",
        "lot_title": "1969 Dodge  Coronet R/T HemiSOLD$134,400",
        "price_value": "$134,400"
    },
    {
        "lot_code": "lot_code 361",
        "lot_title": "1937 Packard Twelve 1507 Formal SedanSOLD$134,400",
        "price_value": "$134,400"
    },
    {
        "lot_code": "lot_code 656",
        "lot_title": "1971 Mercedes-Benz 280SL RoadsterSOLD$131,600",
        "price_value": "$131,600"
    },
    {
        "lot_code": "lot_code 632",
        "lot_title": "1939 Ford DeLuxe Station WagonSOLD$128,800",
        "price_value": "$128,800"
    },
    {
        "lot_code": "lot_code 515",
        "lot_title": "2002 Ferrari 575 M MaranelloSOLD$128,800",
        "price_value": "$128,800"
    },
    {
        "lot_code": "lot_code 539",
        "lot_title": "1930 Rolls-Royce Phantom I Imperial Faux CabrioletSOLD$127,500",
        "price_value": "$127,500"
    },
    {
        "lot_code": "lot_code 671",
        "lot_title": "1972 De Tomaso Pantera CoupeSOLD$123,200",
        "price_value": "$123,200"
    },
    {
        "lot_code": "lot_code 644",
        "lot_title": "1939 Ford DeLuxe Station WagonSOLD$123,200",
        "price_value": "$123,200"
    },
    {
        "lot_code": "lot_code 608",
        "lot_title": "1967 Mercedes-Benz 250SL RoadsterSOLD$120,400",
        "price_value": "$120,400"
    },
    {
        "lot_code": "lot_code 516",
        "lot_title": "1934 DeSoto Airflow CoupeSOLD$113,120",
        "price_value": "$113,120"
    },
    {
        "lot_code": "lot_code 648",
        "lot_title": "1954 Jaguar XK120 SE RoadsterSOLD$111,000",
        "price_value": "$111,000"
    },
    {
        "lot_code": "lot_code 520",
        "lot_title": "1957 Cadillac  Eldorado ConvertibleSOLD$107,520",
        "price_value": "$107,520"
    },
    {
        "lot_code": "lot_code 544",
        "lot_title": "2017 Porsche 911 C4S CoupeSOLD$106,000",
        "price_value": "$106,000"
    },
    {
        "lot_code": "lot_code 542",
        "lot_title": "1936 Lincoln Model K Convertible SedanSOLD$103,600",
        "price_value": "$103,600"
    },
    {
        "lot_code": "lot_code 507",
        "lot_title": "1954 Kaiser Darrin Roadster ConvertibleSOLD$101,920",
        "price_value": "$101,920"
    },
    {
        "lot_code": "lot_code 647",
        "lot_title": "1935 Chrysler  C1 Airflow CoupeSOLD$98,000",
        "price_value": "$98,000"
    },
    {
        "lot_code": "lot_code 540",
        "lot_title": "1937 Cord 812 PhaetonSOLD$98,000",
        "price_value": "$98,000"
    },
    {
        "lot_code": "lot_code 401",
        "lot_title": "2009 Chevrolet  Corvette ZR1SOLD$96,320",
        "price_value": "$96,320"
    },
    {
        "lot_code": "lot_code 376",
        "lot_title": "1927 Packard 336 Eight PhaetonSOLD$94,080",
        "price_value": "$94,080"
    },
    {
        "lot_code": "lot_code 419",
        "lot_title": "2007 Bentley Continental GTC ConvertibleSOLD$92,400",
        "price_value": "$92,400"
    },
    {
        "lot_code": "lot_code 383",
        "lot_title": "1967 Porsche 912SOLD$91,840",
        "price_value": "$91,840"
    },
    {
        "lot_code": "lot_code 405",
        "lot_title": "1975 Volkswagen Custom 23-Window BusSOLD$90,720",
        "price_value": "$90,720"
    },
    {
        "lot_code": "lot_code 538",
        "lot_title": "1941 Packard 110 Station WagonSOLD$90,720",
        "price_value": "$90,720"
    },
    {
        "lot_code": "lot_code 638",
        "lot_title": "1946 Mercury  Station WagonSOLD$89,600",
        "price_value": "$89,600"
    },
    {
        "lot_code": "lot_code 661",
        "lot_title": "1963 Porsche 356B CoupeSOLD$89,600",
        "price_value": "$89,600"
    },
    {
        "lot_code": "lot_code 158",
        "lot_title": "1965 Backdraft Motorsports RT3 Replica Cobra RoadsterSOLD$87,360",
        "price_value": "$87,360"
    },
    {
        "lot_code": "lot_code 530",
        "lot_title": "2022 Ford Bronco Wildtrak Advanced 4x4SOLD$85,120",
        "price_value": "$85,120"
    },
    {
        "lot_code": "lot_code 625",
        "lot_title": "1936 Auburn 852 SC PhaetonSOLD$84,000",
        "price_value": "$84,000"
    },
    {
        "lot_code": "lot_code 377",
        "lot_title": "1953 Jaguar XK120 Drophead CoupSOLD$82,880",
        "price_value": "$82,880"
    },
    {
        "lot_code": "lot_code 509",
        "lot_title": "1969 Oldsmobile 442 W-30 CoupeSOLD$81,000",
        "price_value": "$81,000"
    },
    {
        "lot_code": "lot_code 610",
        "lot_title": "1968 Porsche 912 SWBSOLD$79,450",
        "price_value": "$79,450"
    },
    {
        "lot_code": "lot_code 136",
        "lot_title": "1966 Cadillac  Eldorado ConvertibleSOLD$77,180",
        "price_value": "$77,180"
    },
    {
        "lot_code": "lot_code 533",
        "lot_title": "1948 Packard Custom 8SOLD$75,600",
        "price_value": "$75,600"
    },
    {
        "lot_code": "lot_code 522",
        "lot_title": "2015 Chevrolet  Corvette Z06 ConvertibleSOLD$75,600",
        "price_value": "$75,600"
    },
    {
        "lot_code": "lot_code 657",
        "lot_title": "1928 Packard Series 526 Convertible CoupeSOLD$75,040",
        "price_value": "$75,040"
    },
    {
        "lot_code": "lot_code 129",
        "lot_title": "1934 Hudson  Convertible CoupeSOLD$75,000",
        "price_value": "$75,000"
    },
    {
        "lot_code": "lot_code 411",
        "lot_title": "1940 Packard 120 Street RodSOLD$73,920",
        "price_value": "$73,920"
    },
    {
        "lot_code": "lot_code 402",
        "lot_title": "1995 Land Rover Defender 90 SUVSOLD$72,800",
        "price_value": "$72,800"
    },
    {
        "lot_code": "lot_code 355",
        "lot_title": "1959 Jaguar XK150 RoadsterSOLD$72,800",
        "price_value": "$72,800"
    },
    {
        "lot_code": "lot_code 526",
        "lot_title": "1927 Rolls-Royce 20 HP CabrioletSOLD$72,800",
        "price_value": "$72,800"
    },
    {
        "lot_code": "lot_code 130",
        "lot_title": "1948 Ford Super Deluxe Station WagonSOLD$72,800",
        "price_value": "$72,800"
    },
    {
        "lot_code": "lot_code 140",
        "lot_title": "1967 Ford Mustang T-5 FastbackSOLD$72,800",
        "price_value": "$72,800"
    },
    {
        "lot_code": "lot_code 144",
        "lot_title": "1956 Studebaker Golden Hawk CustomSOLD$72,240",
        "price_value": "$72,240"
    },
    {
        "lot_code": "lot_code 364",
        "lot_title": "1951 Lincoln Cosmopolitan Lido CoupeSOLD$70,000",
        "price_value": "$70,000"
    },
    {
        "lot_code": "lot_code 413",
        "lot_title": "1960 Chevrolet  Bel Air Custom CoupeSOLD$69,440",
        "price_value": "$69,440"
    },
    {
        "lot_code": "lot_code 358",
        "lot_title": "1931 Cadillac  V-12 Victoria CoupeSOLD$68,100",
        "price_value": "$68,100"
    },
    {
        "lot_code": "lot_code 651",
        "lot_title": "1950 Ford Custom Deluxe Station WagonSOLD$67,200",
        "price_value": "$67,200"
    },
    {
        "lot_code": "lot_code 363",
        "lot_title": "1971 Porsche 911T TargaSOLD$67,200",
        "price_value": "$67,200"
    },
    {
        "lot_code": "lot_code 154",
        "lot_title": "1934 Ford Custom Street RodSOLD$67,200",
        "price_value": "$67,200"
    },
    {
        "lot_code": "lot_code 505",
        "lot_title": "2013 Mercedes-Benz SL63 AMGSOLD$64,960",
        "price_value": "$64,960"
    },
    {
        "lot_code": "lot_code 510",
        "lot_title": "1920 Stutz Model H Seven-Passenger TouringSOLD$64,960",
        "price_value": "$64,960"
    },
    {
        "lot_code": "lot_code 150",
        "lot_title": "1965 Pontiac GTO ConvertibleSOLD$64,960",
        "price_value": "$64,960"
    },
    {
        "lot_code": "lot_code 156",
        "lot_title": "1957 Ford ThunderbirdSOLD$63,840",
        "price_value": "$63,840"
    },
    {
        "lot_code": "lot_code 371",
        "lot_title": "1952 Mercedes-Benz 220B CabrioletSOLD$61,600",
        "price_value": "$61,600"
    },
    {
        "lot_code": "lot_code 519",
        "lot_title": "1965 Chevrolet  Corvette ConvertibleSOLD$60,480",
        "price_value": "$60,480"
    },
    {
        "lot_code": "lot_code 619",
        "lot_title": "1941 Packard 160 TowncarSOLD$58,240",
        "price_value": "$58,240"
    },
    {
        "lot_code": "lot_code 126",
        "lot_title": "1948 Lincoln Continental CabrioletSOLD$57,885",
        "price_value": "$57,885"
    },
    {
        "lot_code": "lot_code 635",
        "lot_title": "1991 Acura  NSX CoupeSOLD$57,120",
        "price_value": "$57,120"
    },
    {
        "lot_code": "lot_code 306",
        "lot_title": "1969 Plymouth Road RunnerSOLD$57,120",
        "price_value": "$57,120"
    },
    {
        "lot_code": "lot_code 535",
        "lot_title": "1965 Factory Five Cobra Replica Roadster Mark IISOLD$57,120",
        "price_value": "$57,120"
    },
    {
        "lot_code": "lot_code 341",
        "lot_title": "1950 AC Two-Litre Sports TourerSOLD$56,000",
        "price_value": "$56,000"
    },
    {
        "lot_code": "lot_code 106",
        "lot_title": "1917 Scripps-Booth Model D V-8 'Cloverleaf' RoadsterSOLD$56,000",
        "price_value": "$56,000"
    },
    {
        "lot_code": "lot_code 607",
        "lot_title": "1982 DeLorean DMC-12SOLD$54,880",
        "price_value": "$54,880"
    },
    {
        "lot_code": "lot_code 320",
        "lot_title": "1981 DeLorean DMC-12SOLD$53,760",
        "price_value": "$53,760"
    },
    {
        "lot_code": "lot_code 110",
        "lot_title": "1969 Chevrolet  Chevelle SS 396 HardtopSOLD$53,760",
        "price_value": "$53,760"
    },
    {
        "lot_code": "lot_code 135",
        "lot_title": "1968 Pontiac GTO ConvertibleSOLD$53,200",
        "price_value": "$53,200"
    },
    {
        "lot_code": "lot_code 527",
        "lot_title": "1924 Packard Single Six Series 226 TouringSOLD$53,200",
        "price_value": "$53,200"
    },
    {
        "lot_code": "lot_code 304",
        "lot_title": "1967 Pontiac GTOSOLD$53,200",
        "price_value": "$53,200"
    },
    {
        "lot_code": "lot_code 415",
        "lot_title": "1932 Pierce-Arrow Club CoupeSOLD$52,000",
        "price_value": "$52,000"
    },
    {
        "lot_code": "lot_code 152",
        "lot_title": "1969 Oldsmobile Cutlass ConvertibleSOLD$51,520",
        "price_value": "$51,520"
    },
    {
        "lot_code": "lot_code 517",
        "lot_title": "1965 Sunbeam Tiger Mk1 RoadsterSOLD$51,520",
        "price_value": "$51,520"
    },
    {
        "lot_code": "lot_code 664",
        "lot_title": "1950 Ford Custom Deluxe Convertible Club CoupeSOLD$50,400",
        "price_value": "$50,400"
    },
    {
        "lot_code": "lot_code 333",
        "lot_title": "1947 Cadillac  Series 62 ConvertibleSOLD$50,400",
        "price_value": "$50,400"
    },
    {
        "lot_code": "lot_code 676",
        "lot_title": "1940 Ford  Sedan DeliverySOLD$50,400",
        "price_value": "$50,400"
    },
    {
        "lot_code": "lot_code 360",
        "lot_title": "1994 Toyota Supra MK IV JDMSOLD$49,280",
        "price_value": "$49,280"
    },
    {
        "lot_code": "lot_code 609",
        "lot_title": "1922 Marmon Model 34B TouringSOLD$47,600",
        "price_value": "$47,600"
    },
    {
        "lot_code": "lot_code 543",
        "lot_title": "1962 Ford Thunderbird 'Sports Roadster'SOLD$47,040",
        "price_value": "$47,040"
    },
    {
        "lot_code": "lot_code 308",
        "lot_title": "1977 Mercedes-Benz 450SEL 6.9 SedanSOLD$46,000",
        "price_value": "$46,000"
    },
    {
        "lot_code": "lot_code 125",
        "lot_title": "1956 Oldsmobile Super 88SOLD$45,400",
        "price_value": "$45,400"
    },
    {
        "lot_code": "lot_code 105",
        "lot_title": "1957 Chevrolet  Bel Air HardtopSOLD$44,800",
        "price_value": "$44,800"
    },
    {
        "lot_code": "lot_code 342",
        "lot_title": "1946 Ford Super Deluxe Station WagonSOLD$44,800",
        "price_value": "$44,800"
    },
    {
        "lot_code": "lot_code 349",
        "lot_title": "1949 Hudson Commodore 8 ConvertibleSOLD$43,680",
        "price_value": "$43,680"
    },
    {
        "lot_code": "lot_code 344",
        "lot_title": "1928 Packard Model 6 Sport RoadsterSOLD$43,680",
        "price_value": "$43,680"
    },
    {
        "lot_code": "lot_code 314",
        "lot_title": "1932 Ford  Roadster BSOLD$41,440",
        "price_value": "$41,440"
    },
    {
        "lot_code": "lot_code 368",
        "lot_title": "1954 Mercury Monterey Sun Valley HardtopSOLD$40,320",
        "price_value": "$40,320"
    },
    {
        "lot_code": "lot_code 309",
        "lot_title": "1954 Chrysler  Crown Imperial Two-Door HardtopSOLD$39,725",
        "price_value": "$39,725"
    },
    {
        "lot_code": "lot_code 111",
        "lot_title": "1956 Ford Custom PickupSOLD$39,200",
        "price_value": "$39,200"
    },
    {
        "lot_code": "lot_code 357",
        "lot_title": "1955 Volkswagen Type 1 'Oval Window' BeetleSOLD$39,200",
        "price_value": "$39,200"
    },
    {
        "lot_code": "lot_code 160",
        "lot_title": "1946 MG TCSOLD$38,080",
        "price_value": "$38,080"
    },
    {
        "lot_code": "lot_code 406",
        "lot_title": "1952 Ford F2 Pickup RestomodSOLD$36,960",
        "price_value": "$36,960"
    },
    {
        "lot_code": "lot_code 362",
        "lot_title": "1937 Chrysler  Royal Convertible SedanSOLD$36,960",
        "price_value": "$36,960"
    },
    {
        "lot_code": "lot_code 381",
        "lot_title": "1955 DeSoto Firedome Station WagonSOLD$36,960",
        "price_value": "$36,960"
    },
    {
        "lot_code": "lot_code 352",
        "lot_title": "1948 Chevrolet  Fleetline AerosedanSOLD$35,840",
        "price_value": "$35,840"
    },
    {
        "lot_code": "lot_code 312",
        "lot_title": "1930 Ford Model A Roadster Pickup TruckSOLD$35,840",
        "price_value": "$35,840"
    },
    {
        "lot_code": "lot_code 319",
        "lot_title": "1937 Ford  Five-Window CoupeSOLD$35,840",
        "price_value": "$35,840"
    },
    {
        "lot_code": "lot_code 137",
        "lot_title": "1966 Pontiac GTOSOLD$35,840",
        "price_value": "$35,840"
    },
    {
        "lot_code": "lot_code 504",
        "lot_title": "1942 Harley-Davidson Model U74 Motorcycle and Side CarSOLD$35,280",
        "price_value": "$35,280"
    },
    {
        "lot_code": "lot_code 356",
        "lot_title": "1963 Triumph Vitesse Sports 6 ConvertibleSOLD$34,720",
        "price_value": "$34,720"
    },
    {
        "lot_code": "lot_code 673",
        "lot_title": "1935 Ford Miller Indy TributeSOLD$34,720",
        "price_value": "$34,720"
    },
    {
        "lot_code": "lot_code 511",
        "lot_title": "1965 Ford Thunderbird HardtopSOLD$34,720",
        "price_value": "$34,720"
    },
    {
        "lot_code": "lot_code 503",
        "lot_title": "1979 Dodge  Lil' Red Express Pickup TruckSOLD$33,600",
        "price_value": "$33,600"
    },
    {
        "lot_code": "lot_code 390",
        "lot_title": "1946 Hudson Commercial Six Cab PickupSOLD$33,600",
        "price_value": "$33,600"
    },
    {
        "lot_code": "lot_code 315",
        "lot_title": "1999 Plymouth ProwlerSOLD$33,600",
        "price_value": "$33,600"
    },
    {
        "lot_code": "lot_code 162",
        "lot_title": "1974 Plymouth Duster Resto ModSOLD$33,600",
        "price_value": "$33,600"
    },
    {
        "lot_code": "lot_code 149",
        "lot_title": "1932 Ford Model B Five-Window CoupeSOLD$32,915",
        "price_value": "$32,915"
    },
    {
        "lot_code": "lot_code 5071",
        "lot_title": "1928 Auburn Boattail Speedster  Pedal CarSOLD$31,460",
        "price_value": "$31,460"
    },
    {
        "lot_code": "lot_code 338",
        "lot_title": "1937 Ford Deluxe PhaetonSOLD$31,360",
        "price_value": "$31,360"
    },
    {
        "lot_code": "lot_code 668",
        "lot_title": "1940 American Bantam  RoadsterSOLD$31,360",
        "price_value": "$31,360"
    },
    {
        "lot_code": "lot_code 337",
        "lot_title": "1964 Jaguar MKII Four-Door SaloonSOLD$31,212",
        "price_value": "$31,212"
    },
    {
        "lot_code": "lot_code 525",
        "lot_title": "1956 Ford Victoria Two-Door HardtopSOLD$30,800",
        "price_value": "$30,800"
    },
    {
        "lot_code": "lot_code 351",
        "lot_title": "1959 Austin-Healey 100-6SOLD$30,645",
        "price_value": "$30,645"
    },
    {
        "lot_code": "lot_code 602",
        "lot_title": "Packard Dealer Neon SignSOLD$30,250",
        "price_value": "$30,250"
    },
    {
        "lot_code": "lot_code 391",
        "lot_title": "1948 DeSoto Custom ConvertibleSOLD$30,240",
        "price_value": "$30,240"
    },
    {
        "lot_code": "lot_code 141",
        "lot_title": "1940 Mercury  ConvertibleSOLD$30,240",
        "price_value": "$30,240"
    },
    {
        "lot_code": "lot_code 328",
        "lot_title": "1936 Ford  Five-Window CoupeSOLD$30,240",
        "price_value": "$30,240"
    },
    {
        "lot_code": "lot_code 410",
        "lot_title": "1999 Plymouth Prowler RoadsterSOLD$29,680",
        "price_value": "$29,680"
    },
    {
        "lot_code": "lot_code 331",
        "lot_title": "1979 Volkswagen Beetle ConvertibleSOLD$29,680",
        "price_value": "$29,680"
    },
    {
        "lot_code": "lot_code 613",
        "lot_title": "1942 Indian Sport Scout MotorcycleSOLD$29,120",
        "price_value": "$29,120"
    },
    {
        "lot_code": "lot_code 392",
        "lot_title": "1953 Pontiac Chieftain ConvertibleSOLD$29,120",
        "price_value": "$29,120"
    },
    {
        "lot_code": "lot_code 404",
        "lot_title": "1982 Chevrolet  Corvette Collector's Edition CoupeSOLD$29,120",
        "price_value": "$29,120"
    },
    {
        "lot_code": "lot_code 138",
        "lot_title": "1970 Mercury Cougar ConvertibleSOLD$29,120",
        "price_value": "$29,120"
    },
    {
        "lot_code": "lot_code 122",
        "lot_title": "1933 Auburn 8-101 Touring SedanSOLD$29,120",
        "price_value": "$29,120"
    },
    {
        "lot_code": "lot_code 322",
        "lot_title": "1958 Edsel Pacer ConvertibleSOLD$28,942",
        "price_value": "$28,942"
    },
    {
        "lot_code": "lot_code 307",
        "lot_title": "2002 Ford F-150 SVT LightningSOLD$28,560",
        "price_value": "$28,560"
    },
    {
        "lot_code": "lot_code 416",
        "lot_title": "2009 Chevrolet  Corvette ZHZ ConvertibleSOLD$28,000",
        "price_value": "$28,000"
    },
    {
        "lot_code": "lot_code 359",
        "lot_title": "1939 Chevrolet  1/2-Ton PickupSOLD$28,000",
        "price_value": "$28,000"
    },
    {
        "lot_code": "lot_code 393",
        "lot_title": "1960 Edsel Ranger Hardtop CoupeSOLD$28,000",
        "price_value": "$28,000"
    },
    {
        "lot_code": "lot_code 367",
        "lot_title": "1961 Fiat MultiplaSOLD$28,000",
        "price_value": "$28,000"
    },
    {
        "lot_code": "lot_code 374",
        "lot_title": "1951 Ford Custom Deluxe ConvertibleSOLD$28,000",
        "price_value": "$28,000"
    },
    {
        "lot_code": "lot_code 165",
        "lot_title": "1941 Buick  Model 46SSOLD$28,000",
        "price_value": "$28,000"
    },
    {
        "lot_code": "lot_code 145",
        "lot_title": "1963 Chevrolet  ImpalaSOLD$28,000",
        "price_value": "$28,000"
    },
    {
        "lot_code": "lot_code 318",
        "lot_title": "1972 Buick  RivieraSOLD$28,000",
        "price_value": "$28,000"
    },
    {
        "lot_code": "lot_code 164",
        "lot_title": "1964 Chevrolet  C15 PickupSOLD$28,000",
        "price_value": "$28,000"
    },
    {
        "lot_code": "lot_code 121",
        "lot_title": "1968 Ford ThunderbirdSOLD$27,240",
        "price_value": "$27,240"
    },
    {
        "lot_code": "lot_code 321",
        "lot_title": "1939 Ford  CoupeSOLD$26,880",
        "price_value": "$26,880"
    },
    {
        "lot_code": "lot_code 394",
        "lot_title": "1962 Studebaker Lark Regal ConvertibleSOLD$26,320",
        "price_value": "$26,320"
    },
    {
        "lot_code": "lot_code 403",
        "lot_title": "2005 Chevrolet  SSR PickupSOLD$25,760",
        "price_value": "$25,760"
    },
    {
        "lot_code": "lot_code 373",
        "lot_title": "1940 Mercury Eight Convertible SedanSOLD$25,760",
        "price_value": "$25,760"
    },
    {
        "lot_code": "lot_code 353",
        "lot_title": "1953 Pontiac Chieftain Deluxe Station WagonSOLD$25,760",
        "price_value": "$25,760"
    },
    {
        "lot_code": "lot_code 537",
        "lot_title": "1972 Datsun 240ZSOLD$25,760",
        "price_value": "$25,760"
    },
    {
        "lot_code": "lot_code 109",
        "lot_title": "1969 Chevrolet  C-10 CustomSOLD$25,760",
        "price_value": "$25,760"
    },
    {
        "lot_code": "lot_code 107",
        "lot_title": "1992 Ford Mustang 'Summer Edition'SOLD$25,760",
        "price_value": "$25,760"
    },
    {
        "lot_code": "lot_code 323",
        "lot_title": "1940 Ford Opera CoupeSOLD$25,760",
        "price_value": "$25,760"
    },
    {
        "lot_code": "lot_code 104",
        "lot_title": "1954 Morgan Plus 4SOLD$25,000",
        "price_value": "$25,000"
    },
    {
        "lot_code": "lot_code 340",
        "lot_title": "1950 Chevrolet  3100 PickupSOLD$24,640",
        "price_value": "$24,640"
    },
    {
        "lot_code": "lot_code 412",
        "lot_title": "1919 Buick  Bullet Tail Racer/SpeedsterSOLD$24,640",
        "price_value": "$24,640"
    },
    {
        "lot_code": "lot_code 132",
        "lot_title": "1955 Chrysler  New Yorker St. RegisSOLD$24,640",
        "price_value": "$24,640"
    },
    {
        "lot_code": "lot_code 143",
        "lot_title": "1963 Chevrolet  Nova ConvertibleSOLD$24,640",
        "price_value": "$24,640"
    },
    {
        "lot_code": "lot_code 387",
        "lot_title": "1952 Alvis TA21 Drophead CoupSOLD$24,080",
        "price_value": "$24,080"
    },
    {
        "lot_code": "lot_code 327",
        "lot_title": "1951 Ford Custom Deluxe ConvertibleSOLD$24,080",
        "price_value": "$24,080"
    },
    {
        "lot_code": "lot_code 514",
        "lot_title": "1927 Pierce-Arrow Model 36 Seven-Passenger SedanSOLD$23,520",
        "price_value": "$23,520"
    },
    {
        "lot_code": "lot_code 354",
        "lot_title": "1921 Martin Wasp Model B Rickshaw PhaetonSOLD$23,520",
        "price_value": "$23,520"
    },
    {
        "lot_code": "lot_code 326",
        "lot_title": "1939 Ford  Convertible SedanSOLD$23,520",
        "price_value": "$23,520"
    },
    {
        "lot_code": "lot_code 303",
        "lot_title": "1947 Packard Custom Super Clipper Eight Touring SedanSOLD$22,700",
        "price_value": "$22,700"
    },
    {
        "lot_code": "lot_code 157",
        "lot_title": "2006 Cadillac  XLRSOLD$22,400",
        "price_value": "$22,400"
    },
    {
        "lot_code": "lot_code 379",
        "lot_title": "1966 Studebaker Daytona Sport SedanSOLD$22,400",
        "price_value": "$22,400"
    },
    {
        "lot_code": "lot_code 346",
        "lot_title": "1958 Volvo PV445 Duett Station WagonSOLD$22,400",
        "price_value": "$22,400"
    },
    {
        "lot_code": "lot_code 524",
        "lot_title": "2004 Ford ThunderbirdSOLD$22,400",
        "price_value": "$22,400"
    },
    {
        "lot_code": "lot_code 506",
        "lot_title": "1930 Ford Model A Panel DeliverySOLD$21,840",
        "price_value": "$21,840"
    },
    {
        "lot_code": "lot_code 325",
        "lot_title": "1958 Mercury MontereySOLD$21,840",
        "price_value": "$21,840"
    },
    {
        "lot_code": "lot_code 382",
        "lot_title": "1950 Ford Custom Deluxe ConvertibleSOLD$21,280",
        "price_value": "$21,280"
    },
    {
        "lot_code": "lot_code 378",
        "lot_title": "1948 Plymouth Special Deluxe ConvertibleSOLD$21,280",
        "price_value": "$21,280"
    },
    {
        "lot_code": "lot_code 601",
        "lot_title": "37th Annual Charity Auction Qu iltSOLD$21,175",
        "price_value": "$21,175"
    },
    {
        "lot_code": "lot_code 606",
        "lot_title": "1960s Style Porsche Speedster  Electric Go-KartSOLD$20,570",
        "price_value": "$20,570"
    },
    {
        "lot_code": "lot_code 372",
        "lot_title": "1968 Fiat 500 GamineSOLD$20,160",
        "price_value": "$20,160"
    },
    {
        "lot_code": "lot_code 151",
        "lot_title": "1983 Buick  Riviera 20th Anniversary Pace CarSOLD$20,160",
        "price_value": "$20,160"
    },
    {
        "lot_code": "lot_code 343",
        "lot_title": "1954 Citron Traction AvantSOLD$19,600",
        "price_value": "$19,600"
    },
    {
        "lot_code": "lot_code 369",
        "lot_title": "1948 Studebaker Champion ConvertibleSOLD$19,600",
        "price_value": "$19,600"
    },
    {
        "lot_code": "lot_code 155",
        "lot_title": "1966 Volkswagen BeetleSOLD$19,600",
        "price_value": "$19,600"
    },
    {
        "lot_code": "lot_code 5061",
        "lot_title": "Custom \"Welcome to Las Vegas\"  Lighted Neon SignSOLD$19,470",
        "price_value": "$19,470"
    },
    {
        "lot_code": "lot_code 332",
        "lot_title": "1948 Willys Jeepster ConvertibleSOLD$19,295",
        "price_value": "$19,295"
    },
    {
        "lot_code": "lot_code 395",
        "lot_title": "1946 Ford Special Deluxe ConvertibleSOLD$18,480",
        "price_value": "$18,480"
    },
    {
        "lot_code": "lot_code 397",
        "lot_title": "1951 Studebaker 2R5 Pickup TruckSOLD$18,480",
        "price_value": "$18,480"
    },
    {
        "lot_code": "lot_code 161",
        "lot_title": "1957 Ford ThunderbirdSOLD$18,480",
        "price_value": "$18,480"
    },
    {
        "lot_code": "lot_code 336",
        "lot_title": "1960 Triumph TR3SOLD$17,920",
        "price_value": "$17,920"
    },
    {
        "lot_code": "lot_code 389",
        "lot_title": "1949 Willys  Pickup TruckSOLD$17,920",
        "price_value": "$17,920"
    },
    {
        "lot_code": "lot_code 101",
        "lot_title": "1930 Ford Model A PickupSOLD$17,920",
        "price_value": "$17,920"
    },
    {
        "lot_code": "lot_code 316",
        "lot_title": "1947 Ford Super Deluxe CoupeSOLD$17,920",
        "price_value": "$17,920"
    },
    {
        "lot_code": "lot_code 330",
        "lot_title": "1937 Ford  Tanker TruckSOLD$17,920",
        "price_value": "$17,920"
    },
    {
        "lot_code": "lot_code 347",
        "lot_title": "1960 Edsel Ranger Deluxe Two-Door SedanSOLD$17,360",
        "price_value": "$17,360"
    },
    {
        "lot_code": "lot_code 398",
        "lot_title": "1973 Volkswagen Type 181 Thing ConvertibleSOLD$17,360",
        "price_value": "$17,360"
    },
    {
        "lot_code": "lot_code 335",
        "lot_title": "1930 American Austin  RoadsterSOLD$17,360",
        "price_value": "$17,360"
    },
    {
        "lot_code": "lot_code 317",
        "lot_title": "1936 Ford Deluxe Touring Two-Door SedanSOLD$17,360",
        "price_value": "$17,360"
    },
    {
        "lot_code": "lot_code 299",
        "lot_title": "1928 Ford Model ASOLD$16,800",
        "price_value": "$16,800"
    },
    {
        "lot_code": "lot_code 508",
        "lot_title": "1962 Daimler SP250SOLD$16,800",
        "price_value": "$16,800"
    },
    {
        "lot_code": "lot_code 324",
        "lot_title": "1940 Ford  SedanSOLD$16,800",
        "price_value": "$16,800"
    },
    {
        "lot_code": "lot_code 400",
        "lot_title": "1950 Austin A90 Atlantic Sports SaloonSOLD$16,240",
        "price_value": "$16,240"
    },
    {
        "lot_code": "lot_code 133",
        "lot_title": "1974 Porsche 914SOLD$16,240",
        "price_value": "$16,240"
    },
    {
        "lot_code": "lot_code 384",
        "lot_title": "1967 Fiat 1500 CabrioletSOLD$15,890",
        "price_value": "$15,890"
    },
    {
        "lot_code": "lot_code 153",
        "lot_title": "1929 Chevrolet  Street Rod Four-Door SedanSOLD$15,890",
        "price_value": "$15,890"
    },
    {
        "lot_code": "lot_code 386",
        "lot_title": "1953 Austin A40 Somerset ConvertibleSOLD$15,680",
        "price_value": "$15,680"
    },
    {
        "lot_code": "lot_code 370",
        "lot_title": "1961 Morris Minor 1000 Traveller WagonSOLD$15,680",
        "price_value": "$15,680"
    },
    {
        "lot_code": "lot_code 329",
        "lot_title": "1978 Avanti Avanti IISOLD$15,680",
        "price_value": "$15,680"
    },
    {
        "lot_code": "lot_code 528",
        "lot_title": "Tri-C Engineering Charlie's Angels Movie Race CarSOLD$15,680",
        "price_value": "$15,680"
    },
    {
        "lot_code": "lot_code 521",
        "lot_title": "1936 Pierce-Arrow 1601-144WB Seven-Passenger LimoSOLD$15,120",
        "price_value": "$15,120"
    },
    {
        "lot_code": "lot_code 302",
        "lot_title": "Early 1930s Vintage Dirt Track Race CarSOLD$14,560",
        "price_value": "$14,560"
    },
    {
        "lot_code": "lot_code 159",
        "lot_title": "1935 Chevrolet   Street Rod with TrailerSOLD$14,560",
        "price_value": "$14,560"
    },
    {
        "lot_code": "lot_code 417",
        "lot_title": "1931 Ford Model A Slant Windshield SedanSOLD$14,560",
        "price_value": "$14,560"
    },
    {
        "lot_code": "lot_code 334",
        "lot_title": "2018 Mini MokeSOLD$14,000",
        "price_value": "$14,000"
    },
    {
        "lot_code": "lot_code 399",
        "lot_title": "1956 BMW 502 SedanSOLD$13,620",
        "price_value": "$13,620"
    },
    {
        "lot_code": "lot_code 339",
        "lot_title": "1949 Dodge  Wayfarer ConvertibleSOLD$13,440",
        "price_value": "$13,440"
    },
    {
        "lot_code": "lot_code 388",
        "lot_title": "1934 Standard 10 Convertible SedanSOLD$13,440",
        "price_value": "$13,440"
    },
    {
        "lot_code": "lot_code 127",
        "lot_title": "1951 Armstrong SiddeleySOLD$13,440",
        "price_value": "$13,440"
    },
    {
        "lot_code": "lot_code 301",
        "lot_title": "1984 Cadillac  SevilleSOLD$12,880",
        "price_value": "$12,880"
    },
    {
        "lot_code": "lot_code 670",
        "lot_title": "1953 Kaiser Dragon Four-Door SedanSOLD$12,320",
        "price_value": "$12,320"
    },
    {
        "lot_code": "lot_code 604",
        "lot_title": "Bugatti-Wayne Visible PumpSOLD$12,100",
        "price_value": "$12,100"
    },
    {
        "lot_code": "lot_code 5060",
        "lot_title": "Custom Dogs N' Suds Lighted Ne on SignSOLD$12,100",
        "price_value": "$12,100"
    },
    {
        "lot_code": "lot_code 5063",
        "lot_title": "Custom Metropolitan Used Cars  Neon SignSOLD$11,446",
        "price_value": "$11,446"
    },
    {
        "lot_code": "lot_code 166",
        "lot_title": "1959 Buick  Invicta Hardtop SedanSOLD$11,200",
        "price_value": "$11,200"
    },
    {
        "lot_code": "lot_code 396",
        "lot_title": "1960 Alfa Romeo Guilietta SprintSOLD$11,200",
        "price_value": "$11,200"
    },
    {
        "lot_code": "lot_code 305",
        "lot_title": "1930s  Blue-Green Special Midget RacecarSOLD$11,200",
        "price_value": "$11,200"
    },
    {
        "lot_code": "lot_code 311",
        "lot_title": "1919 Ford Model T Pickup TruckSOLD$11,200",
        "price_value": "$11,200"
    },
    {
        "lot_code": "lot_code 313",
        "lot_title": "1930 Ford  Delivery TruckSOLD$11,200",
        "price_value": "$11,200"
    },
    {
        "lot_code": "lot_code 603",
        "lot_title": "Duesenberg-Wayne Visible PumpSOLD$10,890",
        "price_value": "$10,890"
    },
    {
        "lot_code": "lot_code 345",
        "lot_title": "1963 Studebaker AvantiSOLD$10,640",
        "price_value": "$10,640"
    },
    {
        "lot_code": "lot_code 102",
        "lot_title": "2000 Harley-Davidson Heritage Springer Trike KitSOLD$10,640",
        "price_value": "$10,640"
    },
    {
        "lot_code": "lot_code 103",
        "lot_title": "1959 Werner Racecraft 'Lil Champ' Quarter Midget Race CarSOLD$10,080",
        "price_value": "$10,080"
    },
    {
        "lot_code": "lot_code 418",
        "lot_title": "1931 Ford Model A Five-Window CoupeSOLD$10,080",
        "price_value": "$10,080"
    },
    {
        "lot_code": "lot_code 115",
        "lot_title": "1939 International D2 1/2 Ton Pickup TruckSOLD$9,520",
        "price_value": "$9,520"
    },
    {
        "lot_code": "lot_code 605",
        "lot_title": "Mercedes-Benz 300SL Palisades  Amusement Park Go-KartSOLD$9,520",
        "price_value": "$9,520"
    },
    {
        "lot_code": "lot_code 300",
        "lot_title": "1986 Honda Z50RD Christmas Special Mini BikeSOLD$8,680",
        "price_value": "$8,680"
    },
    {
        "lot_code": "lot_code 112",
        "lot_title": "1979 MG B ConvertibleSOLD$8,400",
        "price_value": "$8,400"
    },
    {
        "lot_code": "lot_code 5069",
        "lot_title": "Ferrari 360 Challenge V-8 Disp lay Engine with StandSOLD$8,167",
        "price_value": "$8,167"
    },
    {
        "lot_code": "lot_code 3055",
        "lot_title": "1940s \"Liquors\" Porcelain Neon  SignSOLD$7,380",
        "price_value": "$7,380"
    },
    {
        "lot_code": "lot_code 118",
        "lot_title": "1920 Ford Model T TouringSOLD$7,280",
        "price_value": "$7,280"
    },
    {
        "lot_code": "lot_code 5052",
        "lot_title": "Custom Shelby Cobra SnakeSOLD$7,260",
        "price_value": "$7,260"
    },
    {
        "lot_code": "lot_code 5070",
        "lot_title": "2002 Baja Chetak ScooterSOLD$7,260",
        "price_value": "$7,260"
    },
    {
        "lot_code": "lot_code 5058",
        "lot_title": "Used Cars/Sales Service Lighte d-Neon SignSOLD$6,490",
        "price_value": "$6,490"
    },
    {
        "lot_code": "lot_code 3033",
        "lot_title": "Crosley Porcelain Neon SignSOLD$6,352",
        "price_value": "$6,352"
    },
    {
        "lot_code": "lot_code 5048",
        "lot_title": "Custom Ford-Cobra Jet Neon Sig nSOLD$6,050",
        "price_value": "$6,050"
    },
    {
        "lot_code": "lot_code 3017",
        "lot_title": "Edsel Vertical Lighted Double- Sided SignSOLD$6,050",
        "price_value": "$6,050"
    },
    {
        "lot_code": "lot_code 502",
        "lot_title": "1969 Honda Z50ASOLD$5,320",
        "price_value": "$5,320"
    },
    {
        "lot_code": "lot_code 5042",
        "lot_title": "Custom Road Runner Neon SignSOLD$5,310",
        "price_value": "$5,310"
    },
    {
        "lot_code": "lot_code 365",
        "lot_title": "1974 Volvo 164E Convertible ConversionSOLD$5,000",
        "price_value": "$5,000"
    },
    {
        "lot_code": "lot_code 5026",
        "lot_title": "Pennzoil Motor Oil Neon SignSOLD$4,840",
        "price_value": "$4,840"
    },
    {
        "lot_code": "lot_code 5025",
        "lot_title": "Mobil Gas Pegasus Shield Neon  SignSOLD$4,537",
        "price_value": "$4,537"
    },
    {
        "lot_code": "lot_code 5043",
        "lot_title": "Chieftain Motel Neon SignSOLD$4,537",
        "price_value": "$4,537"
    },
    {
        "lot_code": "lot_code 3053",
        "lot_title": "Goodyear Tires Vertical Single -Sided Porcelain Neon SignSOLD$4,537",
        "price_value": "$4,537"
    },
    {
        "lot_code": "lot_code 5037",
        "lot_title": "1950s Delco Batteries Vertical  Single-Sided Tin and Neon SignSOLD$4,537",
        "price_value": "$4,537"
    },
    {
        "lot_code": "lot_code 168",
        "lot_title": "1955 Ford Thunderbird 'Genuine Ford-Built' Quarter Midget Race CarSOLD$4,480",
        "price_value": "$4,480"
    },
    {
        "lot_code": "lot_code 501",
        "lot_title": "1971 Honda CT70HSOLD$4,480",
        "price_value": "$4,480"
    },
    {
        "lot_code": "lot_code 5033",
        "lot_title": "Ford Garage Stacked Neon SignSOLD$4,235",
        "price_value": "$4,235"
    },
    {
        "lot_code": "lot_code 5032",
        "lot_title": "'Fuel Up with Texaco' Neon Sig nSOLD$4,235",
        "price_value": "$4,235"
    },
    {
        "lot_code": "lot_code 5056",
        "lot_title": "1957 Chevrolet Belair Converti ble Neon SignSOLD$4,235",
        "price_value": "$4,235"
    },
    {
        "lot_code": "lot_code 5053",
        "lot_title": "Custom \"Used Cars\" Illuminated /Neon SignSOLD$4,235",
        "price_value": "$4,235"
    },
    {
        "lot_code": "lot_code 5041",
        "lot_title": "B.F. Goodrich Tires & Batterie s Neon SignSOLD$4,235",
        "price_value": "$4,235"
    },
    {
        "lot_code": "lot_code 5062",
        "lot_title": "1960s Mobil Single-Sided Porce lain SignSOLD$4,114",
        "price_value": "$4,114"
    },
    {
        "lot_code": "lot_code 5018",
        "lot_title": "Delco America's No. 1 Battery  Neon SignSOLD$3,835",
        "price_value": "$3,835"
    },
    {
        "lot_code": "lot_code 3056",
        "lot_title": "B. F. Goodrich Vertical Porcel ain Neon SignSOLD$3,751",
        "price_value": "$3,751"
    },
    {
        "lot_code": "lot_code 5029",
        "lot_title": "Sinclair Gasoline Dinosaur Neo n SignSOLD$3,630",
        "price_value": "$3,630"
    },
    {
        "lot_code": "lot_code 3047",
        "lot_title": "1960s Phillips 66 Neon SignSOLD$3,630",
        "price_value": "$3,630"
    },
    {
        "lot_code": "lot_code 5047",
        "lot_title": "1950s Chevron Gas Station Sing le-Sided Porcelain SignSOLD$3,630",
        "price_value": "$3,630"
    },
    {
        "lot_code": "lot_code 3004",
        "lot_title": "1960s Dunlop Tires Tin Neon Si gnSOLD$3,540",
        "price_value": "$3,540"
    },
    {
        "lot_code": "lot_code 3050",
        "lot_title": "1950s Wolf's Head Vertical Sin gle-Sided Tin Neon SignSOLD$3,388",
        "price_value": "$3,388"
    },
    {
        "lot_code": "lot_code 5002",
        "lot_title": "1940s Vintage Eco Air Meter an d StandSOLD$3,382",
        "price_value": "$3,382"
    },
    {
        "lot_code": "lot_code 5020",
        "lot_title": "1930s Richfield Bennett Model  76 Gas PumpSOLD$3,327",
        "price_value": "$3,327"
    },
    {
        "lot_code": "lot_code 3044",
        "lot_title": "1940s Large Mail Pouch Porcela in ThermometerSOLD$3,267",
        "price_value": "$3,267"
    },
    {
        "lot_code": "lot_code 5013",
        "lot_title": "Vintage Cleveland Neon Clock w ith MarqueeSOLD$3,267",
        "price_value": "$3,267"
    },
    {
        "lot_code": "lot_code 3059",
        "lot_title": "Sinclair Tokheim 36A PumpSOLD$3,100",
        "price_value": "$3,100"
    },
    {
        "lot_code": "lot_code 3045",
        "lot_title": "Original Coca-Cola Single-Side d Tin Neon SignSOLD$3,025",
        "price_value": "$3,025"
    },
    {
        "lot_code": "lot_code 5035",
        "lot_title": "Frontier Tokheim 36B Gas PumpSOLD$3,025",
        "price_value": "$3,025"
    },
    {
        "lot_code": "lot_code 1046",
        "lot_title": "1930s Odin Cigars Yellow Metal  SignSOLD$2,829",
        "price_value": "$2,829"
    },
    {
        "lot_code": "lot_code 3031",
        "lot_title": "Exide Batteries Porcelain Neon  SignSOLD$2,662",
        "price_value": "$2,662"
    },
    {
        "lot_code": "lot_code 3042",
        "lot_title": "1950s Firestone Tires Vertical  Single-Sided Tin and Neon SignSOLD$2,662",
        "price_value": "$2,662"
    },
    {
        "lot_code": "lot_code 3026",
        "lot_title": "1940s \"Fine Food\" Porcelain Ne on SignSOLD$2,583",
        "price_value": "$2,583"
    },
    {
        "lot_code": "lot_code 1035",
        "lot_title": "1940s Wolf's Head Oil Tin SignSOLD$2,583",
        "price_value": "$2,583"
    },
    {
        "lot_code": "lot_code 1019",
        "lot_title": "Indianapolis 500 Neon Sign - N ewSOLD$2,480",
        "price_value": "$2,480"
    },
    {
        "lot_code": "lot_code 1050",
        "lot_title": "1950s Wildroot-Barber Shop Hor izontal Neon SignSOLD$2,420",
        "price_value": "$2,420"
    },
    {
        "lot_code": "lot_code 3037",
        "lot_title": "1950s Coca-Cola Button Porcela in Neon SignSOLD$2,420",
        "price_value": "$2,420"
    },
    {
        "lot_code": "lot_code 3023",
        "lot_title": "1950s Vintage 7-Up Single-Side d Tin Neon SignSOLD$2,420",
        "price_value": "$2,420"
    },
    {
        "lot_code": "lot_code 5017",
        "lot_title": "Vintage Cleveland Octagon Neon  LightSOLD$2,420",
        "price_value": "$2,420"
    },
    {
        "lot_code": "lot_code 1045",
        "lot_title": "1940s Wolf's Head Oil Vertical  Single-Sided Tin Framed SignSOLD$2,420",
        "price_value": "$2,420"
    },
    {
        "lot_code": "lot_code 5031",
        "lot_title": "1930s Ford Genuine Parts Doubl e-Sided Porcelain SignSOLD$2,420",
        "price_value": "$2,420"
    },
    {
        "lot_code": "lot_code 1044",
        "lot_title": "Antique Wooden Phone Booth and  PhoneSOLD$2,360",
        "price_value": "$2,360"
    },
    {
        "lot_code": "lot_code 366",
        "lot_title": "1950 Fiat Topolino Rolling ChassisSOLD$2,352",
        "price_value": "$2,352"
    },
    {
        "lot_code": "lot_code 3040",
        "lot_title": "Wolf's Head Motor Oil Oval Neo n SignSOLD$2,299",
        "price_value": "$2,299"
    },
    {
        "lot_code": "lot_code 3028",
        "lot_title": "AAA Emergency Service Porcelai n Neon SignSOLD$2,299",
        "price_value": "$2,299"
    },
    {
        "lot_code": "lot_code 3015",
        "lot_title": "1960s Delta Tires Single-Sided  Tin and Neon SignSOLD$2,299",
        "price_value": "$2,299"
    },
    {
        "lot_code": "lot_code 5004",
        "lot_title": "Original Big Boy Advertising C haracterSOLD$2,178",
        "price_value": "$2,178"
    },
    {
        "lot_code": "lot_code 5005",
        "lot_title": "1950s B. F. Goodrich/GMC Tow T ruck Pedal Car by AMFSOLD$2,057",
        "price_value": "$2,057"
    },
    {
        "lot_code": "lot_code 5049",
        "lot_title": "1940s Chevron Bennett Gas PumpSOLD$2,006",
        "price_value": "$2,006"
    },
    {
        "lot_code": "lot_code 1031",
        "lot_title": "Original 1960s Sinclair Servic e Station Lighted SignSOLD$1,936",
        "price_value": "$1,936"
    },
    {
        "lot_code": "lot_code 1033",
        "lot_title": "1950s Tru-Ade Soda Bottle Tin  SignSOLD$1,875",
        "price_value": "$1,875"
    },
    {
        "lot_code": "lot_code 1058",
        "lot_title": "Early 1900s H.C Evans & Co. Ch icago Gaming Wheel with StandSOLD$1,815",
        "price_value": "$1,815"
    },
    {
        "lot_code": "lot_code 5050",
        "lot_title": "Restored Orange Crush Ice BoxSOLD$1,815",
        "price_value": "$1,815"
    },
    {
        "lot_code": "lot_code 3022",
        "lot_title": "Original U-Haul Single-Sided T in Neon SignSOLD$1,815",
        "price_value": "$1,815"
    },
    {
        "lot_code": "lot_code 1056",
        "lot_title": "1950s Mercedes-Benz Logo Round  Porcelain SignSOLD$1,694",
        "price_value": "$1,694"
    },
    {
        "lot_code": "lot_code 1054",
        "lot_title": "1970s Budweiser Beer Wagon Rot ating LampSOLD$1,694",
        "price_value": "$1,694"
    },
    {
        "lot_code": "lot_code 5051",
        "lot_title": "1971 Terra Cat 3-Wheeler ORV b y RMISOLD$1,694",
        "price_value": "$1,694"
    },
    {
        "lot_code": "lot_code 1043",
        "lot_title": "Large AC Spark Plug StatueSOLD$1,633",
        "price_value": "$1,633"
    },
    {
        "lot_code": "lot_code 5008",
        "lot_title": "1950s Buick Torpedo Pedal Car  by MurraySOLD$1,612",
        "price_value": "$1,612"
    },
    {
        "lot_code": "lot_code 3034",
        "lot_title": "1960s Quaker State Motor Oil T ombstone Neon SignSOLD$1,573",
        "price_value": "$1,573"
    },
    {
        "lot_code": "lot_code 1036",
        "lot_title": "Waitress Statue with Menu Chal kboardSOLD$1,573",
        "price_value": "$1,573"
    },
    {
        "lot_code": "lot_code 5015",
        "lot_title": "1960s Coca-Cola Ice Cold Drink s Lighted SignSOLD$1,573",
        "price_value": "$1,573"
    },
    {
        "lot_code": "lot_code 3014",
        "lot_title": "Ms. Pacman 25th Anniversary Vi deo GameSOLD$1,573",
        "price_value": "$1,573"
    },
    {
        "lot_code": "lot_code 1057",
        "lot_title": "1959 Cadillac Couch with Funct ional LightsSOLD$1,456",
        "price_value": "$1,456"
    },
    {
        "lot_code": "lot_code 5021",
        "lot_title": "Mobiloil Holder with Six Bottl esSOLD$1,452",
        "price_value": "$1,452"
    },
    {
        "lot_code": "lot_code 5065",
        "lot_title": "Official Garage Wm. Penn Motor  Club Double-Sided Porcelain SignSOLD$1,452",
        "price_value": "$1,452"
    },
    {
        "lot_code": "lot_code 3057",
        "lot_title": "1922 American 48 Triple Pump O il Lubester with Texaco LogoSOLD$1,364",
        "price_value": "$1,364"
    },
    {
        "lot_code": "lot_code 5009",
        "lot_title": "1950s Murray Good Humor Pedal  CarSOLD$1,331",
        "price_value": "$1,331"
    },
    {
        "lot_code": "lot_code 5064",
        "lot_title": "Ford Model T Block Display wit h StandSOLD$1,239",
        "price_value": "$1,239"
    },
    {
        "lot_code": "lot_code 3029",
        "lot_title": "Pepsi 'In' Vertical Tin Neon S ignSOLD$1,210",
        "price_value": "$1,210"
    },
    {
        "lot_code": "lot_code 1038",
        "lot_title": "1960s Triumph \"TR\" Double-Side d Porcelain SignSOLD$1,210",
        "price_value": "$1,210"
    },
    {
        "lot_code": "lot_code 3019",
        "lot_title": "White Eagle Gas Pump Globe - R eproductionSOLD$1,210",
        "price_value": "$1,210"
    },
    {
        "lot_code": "lot_code 1028",
        "lot_title": "Grapette Soda Bottle Cap Tin S ignSOLD$1,210",
        "price_value": "$1,210"
    },
    {
        "lot_code": "lot_code 3020",
        "lot_title": "Ford Model T Shriner's Go-KartSOLD$1,210",
        "price_value": "$1,210"
    },
    {
        "lot_code": "lot_code 5024",
        "lot_title": "Magnet Ales Double-Sided Porce lain SignSOLD$1,100",
        "price_value": "$1,100"
    },
    {
        "lot_code": "lot_code 1053",
        "lot_title": "1950s Mercedes-Benz Logo Round  Porcelain SignSOLD$1,089",
        "price_value": "$1,089"
    },
    {
        "lot_code": "lot_code 3049",
        "lot_title": "1960s Phillips 66 Lighted SignSOLD$1,089",
        "price_value": "$1,089"
    },
    {
        "lot_code": "lot_code 3012",
        "lot_title": "Carousel Horse on Brass Pole w ith BaseSOLD$1,045",
        "price_value": "$1,045"
    },
    {
        "lot_code": "lot_code 1002",
        "lot_title": "Early 1950s Bloodhound Chewing  Tobacco Tin SignSOLD$1,028",
        "price_value": "$1,028"
    },
    {
        "lot_code": "lot_code 1023",
        "lot_title": "Red Crown Gasoline Gas GlobeSOLD$984",
        "price_value": "$984"
    },
    {
        "lot_code": "lot_code 5022",
        "lot_title": "Statue of Liberty Ceramic LampSOLD$968",
        "price_value": "$968"
    },
    {
        "lot_code": "lot_code 5059",
        "lot_title": "Atlantic White Flash Gas SignSOLD$968",
        "price_value": "$968"
    },
    {
        "lot_code": "lot_code 5028",
        "lot_title": "McDonald's Captain Crook Playl and DisplaySOLD$968",
        "price_value": "$968"
    },
    {
        "lot_code": "lot_code 3024",
        "lot_title": "1960s Pepsi Lighted Clock by D ualiteSOLD$968",
        "price_value": "$968"
    },
    {
        "lot_code": "lot_code 5007",
        "lot_title": "Chevrolet Bow-Tie Lighted SignSOLD$907",
        "price_value": "$907"
    },
    {
        "lot_code": "lot_code 1007",
        "lot_title": "1920s Helman Turkish Cigarette s Single-Sided Porcelain SignSOLD$907",
        "price_value": "$907"
    },
    {
        "lot_code": "lot_code 1004",
        "lot_title": "Early 1900s Venos Lightning Co ugh Cure Single-Sided Porcelain SignSOLD$882",
        "price_value": "$882"
    },
    {
        "lot_code": "lot_code 5044",
        "lot_title": "1950s \"Lucky Lil's\" Slot_code Machi ne by Mills with BaseSOLD$868",
        "price_value": "$868"
    },
    {
        "lot_code": "lot_code 1055",
        "lot_title": "1910s Miller Dynamo Lighting B icycle Cut-Out Tin SignSOLD$861",
        "price_value": "$861"
    },
    {
        "lot_code": "lot_code 1021",
        "lot_title": "1990s Large Big Boy Restaurant  Plastic SignSOLD$847",
        "price_value": "$847"
    },
    {
        "lot_code": "lot_code 1059",
        "lot_title": "Odie The Dog Kiddie RideSOLD$847",
        "price_value": "$847"
    },
    {
        "lot_code": "lot_code 1009",
        "lot_title": "1890s Davis Carriage M'F'G Co.  Embossed Tin SignSOLD$847",
        "price_value": "$847"
    },
    {
        "lot_code": "lot_code 5040",
        "lot_title": "WEDO-810 AM Radio Advertising  ClockSOLD$847",
        "price_value": "$847"
    },
    {
        "lot_code": "lot_code 1020",
        "lot_title": "Two 1920s Moor Man's Minerals  Livestock Feed Tin SignsSOLD$806",
        "price_value": "$806"
    },
    {
        "lot_code": "lot_code 1039",
        "lot_title": "1930s Drink Nichol Kola Vertic al Metal SignSOLD$786",
        "price_value": "$786"
    },
    {
        "lot_code": "lot_code 5045",
        "lot_title": "Restored 1950s Murray Champion  Pedal CarSOLD$744",
        "price_value": "$744"
    },
    {
        "lot_code": "lot_code 3001",
        "lot_title": "Vintage Brass and Copper Samov ar UrnSOLD$726",
        "price_value": "$726"
    },
    {
        "lot_code": "lot_code 3027",
        "lot_title": "Ford Genuine Fan Belts Display  RackSOLD$726",
        "price_value": "$726"
    },
    {
        "lot_code": "lot_code 5054",
        "lot_title": "R-Pep Carbonated Beverage SignSOLD$726",
        "price_value": "$726"
    },
    {
        "lot_code": "lot_code 5016",
        "lot_title": "Coca-Cola/Ford Garage Single-S ided Tin SignSOLD$726",
        "price_value": "$726"
    },
    {
        "lot_code": "lot_code 5036",
        "lot_title": "1940s Packard Battery Cable Di splay CabinetSOLD$708",
        "price_value": "$708"
    },
    {
        "lot_code": "lot_code 1005",
        "lot_title": "Auburn Chassis Oil CanSOLD$672",
        "price_value": "$672"
    },
    {
        "lot_code": "lot_code 5057",
        "lot_title": "1920s Passing Show Virginia Ci garettes Single-Sided Porcelain SignSOLD$665",
        "price_value": "$665"
    },
    {
        "lot_code": "lot_code 3052",
        "lot_title": "Polly Gas Globe on Octagon Pol eSOLD$665",
        "price_value": "$665"
    },
    {
        "lot_code": "lot_code 5014",
        "lot_title": "1960s Continental by Sega Slot_code  MachineSOLD$620",
        "price_value": "$620"
    },
    {
        "lot_code": "lot_code 1049",
        "lot_title": "Vintage Popcorn Wagon Rolling  CartSOLD$605",
        "price_value": "$605"
    },
    {
        "lot_code": "lot_code 1011",
        "lot_title": "1950s Cincinnati Neon ClockSOLD$605",
        "price_value": "$605"
    },
    {
        "lot_code": "lot_code 3003",
        "lot_title": "Historic Route 66 Illinois Sig nSOLD$605",
        "price_value": "$605"
    },
    {
        "lot_code": "lot_code 3016",
        "lot_title": "Set of Four Early 1960s Delta  Air Lines Travel PostersSOLD$605",
        "price_value": "$605"
    },
    {
        "lot_code": "lot_code 1026",
        "lot_title": "1960s Hires Root Beer Lighted  SignSOLD$605",
        "price_value": "$605"
    },
    {
        "lot_code": "lot_code 5055",
        "lot_title": "1960s Pennzoil \"Sound Your Z \"  Double-Sided Porcelain SignSOLD$605",
        "price_value": "$605"
    },
    {
        "lot_code": "lot_code 1029",
        "lot_title": "Custom Built Texaco Neon SignSOLD$590",
        "price_value": "$590"
    },
    {
        "lot_code": "lot_code 5019",
        "lot_title": "1920s Steelcraft Inter-City Pr essed Steel Toy BusSOLD$544",
        "price_value": "$544"
    },
    {
        "lot_code": "lot_code 5012",
        "lot_title": "1920s Keystone-Packard Pressed  Steel Fire Engine ToySOLD$544",
        "price_value": "$544"
    },
    {
        "lot_code": "lot_code 1042",
        "lot_title": "1940s Sun Cured Red Coon Chewi ng Tobacco Tin SignSOLD$544",
        "price_value": "$544"
    },
    {
        "lot_code": "lot_code 3046",
        "lot_title": "Dr. Pepper Bottle Cap Sign - R eissue by StoutSOLD$544",
        "price_value": "$544"
    },
    {
        "lot_code": "lot_code 1052",
        "lot_title": "1920s Moore's \"Wonderful Rat D estroyer\" Single-Sided Porcelain SignSOLD$535",
        "price_value": "$535"
    },
    {
        "lot_code": "lot_code 3039",
        "lot_title": "\"We Use an Overland Motor Car\"  Lithographed Tin SignSOLD$514",
        "price_value": "$514"
    },
    {
        "lot_code": "lot_code 1013",
        "lot_title": "1970s Firestone Large Horizont al SignSOLD$496",
        "price_value": "$496"
    },
    {
        "lot_code": "lot_code 3038",
        "lot_title": "Sohio Supreme Gas Globe - Repr oductionSOLD$484",
        "price_value": "$484"
    },
    {
        "lot_code": "lot_code 5023",
        "lot_title": "Hamilton Standard Wooden Prope llerSOLD$484",
        "price_value": "$484"
    },
    {
        "lot_code": "lot_code 1017",
        "lot_title": "Original Pennzoil Lighted SignSOLD$484",
        "price_value": "$484"
    },
    {
        "lot_code": "lot_code 3058",
        "lot_title": "Early 1900s Simplex Wooden Tim e ClockSOLD$484",
        "price_value": "$484"
    },
    {
        "lot_code": "lot_code 1012",
        "lot_title": "1920s Fincks \"Detroit Special\"  Overalls Single-Sided Porcelain SignSOLD$448",
        "price_value": "$448"
    },
    {
        "lot_code": "lot_code 3032",
        "lot_title": "White Gas Globe - ReproductionSOLD$423",
        "price_value": "$423"
    },
    {
        "lot_code": "lot_code 3035",
        "lot_title": "Texaco Red and Black Gas CanSOLD$423",
        "price_value": "$423"
    },
    {
        "lot_code": "lot_code 5039",
        "lot_title": "1960s Murray Radio Sports Peda l CarSOLD$413",
        "price_value": "$413"
    },
    {
        "lot_code": "lot_code 3018",
        "lot_title": "Three \"The House of Lance\" Sna ck ContainersSOLD$399",
        "price_value": "$399"
    },
    {
        "lot_code": "lot_code 1022",
        "lot_title": "1930s Invincible Motor Insuran ce of London Tin SignSOLD$392",
        "price_value": "$392"
    },
    {
        "lot_code": "lot_code 1010",
        "lot_title": "Chevrolet Corvette Neon Sign -  NewSOLD$369",
        "price_value": "$369"
    },
    {
        "lot_code": "lot_code 1018",
        "lot_title": "Hubley \"5-Ton\" Cast Iron Toy T ruckSOLD$369",
        "price_value": "$369"
    },
    {
        "lot_code": "lot_code 5038",
        "lot_title": "Mercedes-Benz 300SL Pedal Car  by Toys-ToysSOLD$363",
        "price_value": "$363"
    },
    {
        "lot_code": "lot_code 5006",
        "lot_title": "1960s Tappan Appliances Double -Sided Lighted SignSOLD$363",
        "price_value": "$363"
    },
    {
        "lot_code": "lot_code 1041",
        "lot_title": "Set of Nine Watkins Glen Poste rs by M. TurnerSOLD$363",
        "price_value": "$363"
    },
    {
        "lot_code": "lot_code 3005",
        "lot_title": "Louis Vuitton Auto Classique O fficial Event Poster by RazziaSOLD$363",
        "price_value": "$363"
    },
    {
        "lot_code": "lot_code 1037",
        "lot_title": "Set of Two Prints - Monaco Gra nd Prix and Dayton ConcoursSOLD$363",
        "price_value": "$363"
    },
    {
        "lot_code": "lot_code 5010",
        "lot_title": "William Tell Cast Iron Mechani cal BankSOLD$363",
        "price_value": "$363"
    },
    {
        "lot_code": "lot_code 1040",
        "lot_title": "1920s The Motor Union Insuranc e Co Ltd. London Tin SignSOLD$363",
        "price_value": "$363"
    },
    {
        "lot_code": "lot_code 5027",
        "lot_title": "Late 1890s Cast Iron Horsedraw n Fire Ladder Wagon ToySOLD$363",
        "price_value": "$363"
    },
    {
        "lot_code": "lot_code 3041",
        "lot_title": "1980s Camel Lights Cigarette E mbossed Tin SignSOLD$363",
        "price_value": "$363"
    },
    {
        "lot_code": "lot_code 1015",
        "lot_title": "Ford Mustang Neon Sign - NewSOLD$354",
        "price_value": "$354"
    },
    {
        "lot_code": "lot_code 5034",
        "lot_title": "Original RAC Silverstone Race  Track Direction Double-Sided Porcelain S ignSOLD$354",
        "price_value": "$354"
    },
    {
        "lot_code": "lot_code 3021",
        "lot_title": "Four 1950s Tom's Toasted Peanu t Snack Containers With LidsSOLD$354",
        "price_value": "$354"
    },
    {
        "lot_code": "lot_code 1016",
        "lot_title": "Original Jonah and the Whale C ast Iron Mechanical BankSOLD$338",
        "price_value": "$338"
    },
    {
        "lot_code": "lot_code 1051",
        "lot_title": "1990s Angola Motor Speedway Ne on SignSOLD$336",
        "price_value": "$336"
    },
    {
        "lot_code": "lot_code 3043",
        "lot_title": "Clark Gas Globe - ReproductionSOLD$302",
        "price_value": "$302"
    },
    {
        "lot_code": "lot_code 3030",
        "lot_title": "Sun Crest Flange Sign - Reissu e by StoutSOLD$302",
        "price_value": "$302"
    },
    {
        "lot_code": "lot_code 1030",
        "lot_title": "Six Watercolor Racecar Prints  in the Style of Geo HamSOLD$295",
        "price_value": "$295"
    },
    {
        "lot_code": "lot_code 1047",
        "lot_title": "180 Al' Heure \"Billy Sullivan\"  Movie PosterSOLD$283",
        "price_value": "$283"
    },
    {
        "lot_code": "lot_code 1024",
        "lot_title": "Custom Willys Neon SignSOLD$280",
        "price_value": "$280"
    },
    {
        "lot_code": "lot_code 3051",
        "lot_title": "Sun Crest Flange Sign - Reissu e by StoutSOLD$272",
        "price_value": "$272"
    },
    {
        "lot_code": "lot_code 1034",
        "lot_title": "Vintage \"Antiques\" Neon SignSOLD$246",
        "price_value": "$246"
    },
    {
        "lot_code": "lot_code 3011",
        "lot_title": "1950s Bowes Battery Cable Disp lay RackSOLD$242",
        "price_value": "$242"
    },
    {
        "lot_code": "lot_code 3010",
        "lot_title": "Late 1940s Bowes Tube Repair D isplaySOLD$242",
        "price_value": "$242"
    },
    {
        "lot_code": "lot_code 3002",
        "lot_title": "Texas Eye Shield with EnvelopeSOLD$242",
        "price_value": "$242"
    },
    {
        "lot_code": "lot_code 1027",
        "lot_title": "1960s Gensee Beer Hispano-Suiz a Tulip Wood Car on Tin SignSOLD$242",
        "price_value": "$242"
    },
    {
        "lot_code": "lot_code 5003",
        "lot_title": "Buster Brown Shoes Balloon Inf latorSOLD$242",
        "price_value": "$242"
    },
    {
        "lot_code": "lot_code 3054",
        "lot_title": "Railway Station \"Baggage\" Pain ted Wood SignSOLD$242",
        "price_value": "$242"
    },
    {
        "lot_code": "lot_code 1008",
        "lot_title": "Collection of Automotive Marqu e PinsSOLD$224",
        "price_value": "$224"
    },
    {
        "lot_code": "lot_code 3048",
        "lot_title": "Marathon Mile-Maker Gas Globe  - ReproductionSOLD$181",
        "price_value": "$181"
    },
    {
        "lot_code": "lot_code 1025",
        "lot_title": "Set of Three German Mercedes R acing Prints by Gerald FreemanSOLD$181",
        "price_value": "$181"
    },
    {
        "lot_code": "lot_code 5011",
        "lot_title": "Vintage Wooden Butter ChurnSOLD$181",
        "price_value": "$181"
    },
    {
        "lot_code": "lot_code 3036",
        "lot_title": "Dr. Pepper Flange Sign - Reiss ue by StoutSOLD$181",
        "price_value": "$181"
    },
    {
        "lot_code": "lot_code 3025",
        "lot_title": "Purol Gasoline Gas Globe - Rep roductionSOLD$151",
        "price_value": "$151"
    },
    {
        "lot_code": "lot_code 3013",
        "lot_title": "1920s Boyce Motometer with Win gsSOLD$125",
        "price_value": "$125"
    },
    {
        "lot_code": "lot_code 1032",
        "lot_title": "1962 Targa Florio/Ferrari Prin t UnsignedSOLD$121",
        "price_value": "$121"
    },
    {
        "lot_code": "lot_code 5046",
        "lot_title": "1900s Saxon Brass HeadlampSOLD$121",
        "price_value": "$121"
    },
    {
        "lot_code": "lot_code 3007",
        "lot_title": "Collection of Automotive Relat ed BooksSOLD$121",
        "price_value": "$121"
    },
    {
        "lot_code": "lot_code 3006",
        "lot_title": "Collection of Automotive Relat ed BooksSOLD$121",
        "price_value": "$121"
    },
    {
        "lot_code": "lot_code 1014",
        "lot_title": "Punch and Judy Mechanical Cast  Iron BankSOLD$121",
        "price_value": "$121"
    },
    {
        "lot_code": "lot_code 1048",
        "lot_title": "Collection of Automotive Event  and Club PinsSOLD$113",
        "price_value": "$113"
    },
    {
        "lot_code": "lot_code 1001",
        "lot_title": "Mid-1980s Carousel Gumball Mac hineSOLD$61",
        "price_value": "$61"
    },
    {
        "lot_code": "lot_code 1003",
        "lot_title": "Bentley Speed Six at Le Mans P rint by Geo HamSOLD$60",
        "price_value": "$60"
    },
    {
        "lot_code": "lot_code 3008",
        "lot_title": "Collection of Automotive Relat ed BooksSOLD$60",
        "price_value": "$60"
    },
    {
        "lot_code": "lot_code 1006",
        "lot_title": "Retro 1980s TGI Fridays SignSOLD$60",
        "price_value": "$60"
    },
    {
        "lot_code": "lot_code 3009",
        "lot_title": "United Select Foods Point of S ale Product ContainerSOLD$60",
        "price_value": "$60"
    }
]