[
    {
        "lot_source_link": "https://rmsothebys.com/auctions/az23/lots/r0040-1930-ford-model-a-roadster/",
        "lot_code": "105",
        "vehicle_chassis_no": null,
        "vehicle_engine_no": "A3787616"
    },
    {
        "lot_source_link": "https://rmsothebys.com/auctions/az23/lots/r0054-1967-mercedesbenz-250-se-coupe/",
        "lot_code": "106",
        "vehicle_chassis_no": "11102110088267",
        "vehicle_engine_no": null
    },
    {
        "lot_source_link": "https://rmsothebys.com/auctions/az23/lots/r0059-1967-chevrolet-corvette-sting-ray-427435-coupe/",
        "lot_code": "107",
        "vehicle_chassis_no": "194377S108317",
        "vehicle_engine_no": "T122OJE7108317"
    },
    {
        "lot_source_link": "https://rmsothebys.com/auctions/az23/lots/r0041-2002-mercedesbenz-g-500/",
        "lot_code": "108",
        "vehicle_chassis_no": "WDCYR49E72X131705",
        "vehicle_engine_no": null
    },
    {
        "lot_source_link": "https://rmsothebys.com/auctions/az23/lots/r0058-1959-buick-lesabre-hardtop-coupe-custom/",
        "lot_code": "109",
        "vehicle_chassis_no": "4F4011964",
        "vehicle_engine_no": null
    },
    {
        "lot_source_link": "https://rmsothebys.com/auctions/az23/lots/r0029-1983-excalibur-series-iv-roadster/",
        "lot_code": "110",
        "vehicle_chassis_no": "1XARF2316DM831427",
        "vehicle_engine_no": null
    },
    {
        "lot_source_link": "https://rmsothebys.com/auctions/az23/lots/r0079-1940-lincoln-continental-cabriolet/",
        "lot_code": "111",
        "vehicle_chassis_no": "H103821",
        "vehicle_engine_no": null
    },
    {
        "lot_source_link": "https://rmsothebys.com/auctions/az23/lots/r0023-1939-talbotlago-t23-major-cabriolet-by-chausson/",
        "lot_code": "112",
        "vehicle_chassis_no": "93463",
        "vehicle_engine_no": "23560"
    },
    {
        "lot_source_link": "https://rmsothebys.com/auctions/az23/lots/r0015-1969-plymouth-gtx-hemi-convertible/",
        "lot_code": "113",
        "vehicle_chassis_no": "RS27J9G277476",
        "vehicle_engine_no": null
    },
    {
        "lot_source_link": "https://rmsothebys.com/auctions/az23/lots/r0095-1970-ford-mustang-boss-429/",
        "lot_code": "114",
        "vehicle_chassis_no": "0F02Z140991",
        "vehicle_engine_no": null
    },
    {
        "lot_source_link": "https://rmsothebys.com/auctions/az23/lots/r0006-2007-chevrolet-impala-ss-nascar-jimmie-johnson/",
        "lot_code": "115",
        "vehicle_chassis_no": "48461",
        "vehicle_engine_no": "8H12032"
    },
    {
        "lot_source_link": "https://rmsothebys.com/auctions/az23/lots/r0063-1989-mercedesbenz-560-sl-by-bespoke-restoration/",
        "lot_code": "116",
        "vehicle_chassis_no": "WDBBA48D0KA091223",
        "vehicle_engine_no": null
    },
    {
        "lot_source_link": "https://rmsothebys.com/auctions/az23/lots/r0039-1978-mercedesbenz-450-sl/",
        "lot_code": "117",
        "vehicle_chassis_no": "10704412043934",
        "vehicle_engine_no": null
    },
    {
        "lot_source_link": "https://rmsothebys.com/auctions/az23/lots/r0019-2011-porsche-911-speedster/",
        "lot_code": "118",
        "vehicle_chassis_no": "WP0CB2A99BS795654",
        "vehicle_engine_no": null
    },
    {
        "lot_source_link": "https://rmsothebys.com/auctions/az23/lots/r0038-1962-ford-thunderbird-mcode-sports-roadster/",
        "lot_code": "119",
        "vehicle_chassis_no": "2Y89M149460",
        "vehicle_engine_no": null
    },
    {
        "lot_source_link": "https://rmsothebys.com/auctions/az23/lots/r0003-2012-lexus-lfa/",
        "lot_code": "120",
        "vehicle_chassis_no": "JTHHX8BH5C1000072",
        "vehicle_engine_no": "1LR0001576"
    },
    {
        "lot_source_link": "https://rmsothebys.com/auctions/az23/lots/r0062-2017-ferrari-f12tdf/",
        "lot_code": "121",
        "vehicle_chassis_no": "ZFF81BFA3H0224694",
        "vehicle_engine_no": null
    },
    {
        "lot_source_link": "https://rmsothebys.com/auctions/az23/lots/r0049-2003-aston-martin-db-ar1-zagato/",
        "lot_code": "122",
        "vehicle_chassis_no": "SCFAE62343K800097",
        "vehicle_engine_no": "00368"
    },
    {
        "lot_source_link": "https://rmsothebys.com/auctions/az23/lots/r0024-1987-mercedesbenz-560-sl/",
        "lot_code": "123",
        "vehicle_chassis_no": "WDBBA48D9HA064904",
        "vehicle_engine_no": "11796712019560"
    },
    {
        "lot_source_link": "https://rmsothebys.com/auctions/az23/lots/r0048-1995-ferrari-f512-m/",
        "lot_code": "124",
        "vehicle_chassis_no": "ZFFVG40AXS0100483",
        "vehicle_engine_no": "37826"
    },
    {
        "lot_source_link": "https://rmsothebys.com/auctions/az23/lots/r0035-1967-aston-martin-db6-coupe/",
        "lot_code": "125",
        "vehicle_chassis_no": "DB62777R",
        "vehicle_engine_no": null
    },
    {
        "lot_source_link": "https://rmsothebys.com/auctions/az23/lots/r0088-1997-porsche-911-turbo-s/",
        "lot_code": "126",
        "vehicle_chassis_no": "WP0AC2999VS375793",
        "vehicle_engine_no": null
    },
    {
        "lot_source_link": "https://rmsothebys.com/auctions/az23/lots/r0078-1957-desoto-adventurer-convertible/",
        "lot_code": "127",
        "vehicle_chassis_no": "50414180",
        "vehicle_engine_no": null
    },
    {
        "lot_source_link": "https://rmsothebys.com/auctions/az23/lots/r0013-1992-aston-martin-virage/",
        "lot_code": "128",
        "vehicle_chassis_no": "SCFCAM2SXNBL50295",
        "vehicle_engine_no": null
    },
    {
        "lot_source_link": "https://rmsothebys.com/auctions/az23/lots/r0020-1971-ferrari-365-gtb4-daytona-berlinetta-by-scaglietti/",
        "lot_code": "129",
        "vehicle_chassis_no": "14207",
        "vehicle_engine_no": "B824"
    },
    {
        "lot_source_link": "https://rmsothebys.com/auctions/az23/lots/r0083-1987-porsche-959-komfort/",
        "lot_code": "130",
        "vehicle_chassis_no": "WP0ZZZ95ZHS900057",
        "vehicle_engine_no": null
    },
    {
        "lot_source_link": "https://rmsothebys.com/auctions/az23/lots/r0034-1954-jaguar-xk-120-se-roadster/",
        "lot_code": "131",
        "vehicle_chassis_no": "S674747",
        "vehicle_engine_no": null
    },
    {
        "lot_source_link": "https://rmsothebys.com/auctions/az23/lots/r0087-1967-ferrari-275-gtb4-by-scaglietti/",
        "lot_code": "132",
        "vehicle_chassis_no": "10325",
        "vehicle_engine_no": "10325"
    },
    {
        "lot_source_link": "https://rmsothebys.com/auctions/az23/lots/r0074-1968-shelby-gt500-kr-fastback/",
        "lot_code": "133",
        "vehicle_chassis_no": "8T02R20478502932",
        "vehicle_engine_no": null
    },
    {
        "lot_source_link": "https://rmsothebys.com/auctions/az23/lots/r0051-1931-duesenberg-model-j-convertible-sedan-by-lebaron/",
        "lot_code": "134",
        "vehicle_chassis_no": null,
        "vehicle_engine_no": "J338"
    },
    {
        "lot_source_link": "https://rmsothebys.com/auctions/az23/lots/r0026-2002-rollsroyce-corniche/",
        "lot_code": "135",
        "vehicle_chassis_no": "SCAZK29E72CX02000",
        "vehicle_engine_no": null
    },
    {
        "lot_source_link": "https://rmsothebys.com/auctions/az23/lots/r0009-1999-lamborghini-diablo-vt-roadster/",
        "lot_code": "136",
        "vehicle_chassis_no": "ZA9RU31B2XLA12228",
        "vehicle_engine_no": null
    },
    {
        "lot_source_link": "https://rmsothebys.com/auctions/az23/lots/r0066-2005-porsche-carrera-gt/",
        "lot_code": "137",
        "vehicle_chassis_no": "WP0CA29815L001372",
        "vehicle_engine_no": null
    },
    {
        "lot_source_link": "https://rmsothebys.com/auctions/az23/lots/r0093-2009-ferrari-430-scuderia/",
        "lot_code": "138",
        "vehicle_chassis_no": "ZFFKW64A190169200",
        "vehicle_engine_no": null
    },
    {
        "lot_source_link": "https://rmsothebys.com/auctions/az23/lots/r0094-1989-porsche-911-turbo-flatnose-cabriolet/",
        "lot_code": "139",
        "vehicle_chassis_no": "WP0EB0934KS070508",
        "vehicle_engine_no": null
    },
    {
        "lot_source_link": "https://rmsothebys.com/auctions/az23/lots/r0025-2002-bmw-z8/",
        "lot_code": "140",
        "vehicle_chassis_no": "WBAEJ13462AH61510",
        "vehicle_engine_no": null
    },
    {
        "lot_source_link": "https://rmsothebys.com/auctions/az23/lots/r0053-2014-ferrari-laferrari/",
        "lot_code": "141",
        "vehicle_chassis_no": "ZFF76ZFA2E0207435",
        "vehicle_engine_no": null
    },
    {
        "lot_source_link": "https://rmsothebys.com/auctions/az23/lots/r0056-1971-iso-grifo-series-ii-by-bertone/",
        "lot_code": "142",
        "vehicle_chassis_no": "GL130348",
        "vehicle_engine_no": null
    },
    {
        "lot_source_link": "https://rmsothebys.com/auctions/az23/lots/r0071-1994-porsche-911-turbo-s-x85-flatnose/",
        "lot_code": "143",
        "vehicle_chassis_no": "WP0AC2969RS480426",
        "vehicle_engine_no": "61R00957"
    },
    {
        "lot_source_link": "https://rmsothebys.com/auctions/az23/lots/r0084-1969-chevrolet-corvette-stingray-zl1-convertible/",
        "lot_code": "144",
        "vehicle_chassis_no": "194679S710209",
        "vehicle_engine_no": null
    },
    {
        "lot_source_link": "https://rmsothebys.com/auctions/az23/lots/r0064-2022-porsche-911-gt3-touring-package/",
        "lot_code": "145",
        "vehicle_chassis_no": "WP0AC2A90NS269924",
        "vehicle_engine_no": null
    },
    {
        "lot_source_link": "https://rmsothebys.com/auctions/az23/lots/r0005-1952-pegaso-z102-by-enasa/",
        "lot_code": "146",
        "vehicle_chassis_no": "01021530113",
        "vehicle_engine_no": "01020170113"
    },
    {
        "lot_source_link": "https://rmsothebys.com/auctions/az23/lots/r0014-1970-porsche-911-e-targa/",
        "lot_code": "147",
        "vehicle_chassis_no": "9110210826",
        "vehicle_engine_no": null
    },
    {
        "lot_source_link": "https://rmsothebys.com/auctions/az23/lots/r0028-1968-mercedesbenz-280-sl-pagoda/",
        "lot_code": "148",
        "vehicle_chassis_no": "11304410000679",
        "vehicle_engine_no": null
    },
    {
        "lot_source_link": "https://rmsothebys.com/auctions/az23/lots/r0075-1939-atalanta-43litre-drophead-coupe-by-abbott/",
        "lot_code": "149",
        "vehicle_chassis_no": "L1020",
        "vehicle_engine_no": null
    },
    {
        "lot_source_link": "https://rmsothebys.com/auctions/az23/lots/r0065-1958-mercedesbenz-300-sl-roadster/",
        "lot_code": "150",
        "vehicle_chassis_no": "1980427500400",
        "vehicle_engine_no": "1989807500427"
    },
    {
        "lot_source_link": "https://rmsothebys.com/auctions/az23/lots/r0044-1956-porsche-356-a-1600-super-speedster-by-reutter/",
        "lot_code": "151",
        "vehicle_chassis_no": "82106",
        "vehicle_engine_no": "80191SeeText"
    },
    {
        "lot_source_link": "https://rmsothebys.com/auctions/az23/lots/r0068-1953-fiat-8v-coupe-by-ghia/",
        "lot_code": "152",
        "vehicle_chassis_no": "106000042",
        "vehicle_engine_no": "BS099"
    },
    {
        "lot_source_link": "https://rmsothebys.com/auctions/az23/lots/r0085-1967-jaguar-etype-series-1-42litre-roadster/",
        "lot_code": "153",
        "vehicle_chassis_no": "1E15634",
        "vehicle_engine_no": "7E135009"
    },
    {
        "lot_source_link": "https://rmsothebys.com/auctions/az23/lots/r0082-1993-porsche-turbo-s-lightweight/",
        "lot_code": "154",
        "vehicle_chassis_no": "WP0ZZZ96ZPS479014",
        "vehicle_engine_no": null
    },
    {
        "lot_source_link": "https://rmsothebys.com/auctions/az23/lots/r0081-2011-porsche-911-gt3-rs/",
        "lot_code": "155",
        "vehicle_chassis_no": "WP0AC2A94BS783531",
        "vehicle_engine_no": null
    },
    {
        "lot_source_link": "https://rmsothebys.com/auctions/az23/lots/r0018-1965-shelby-427-competition-cobra/",
        "lot_code": "156",
        "vehicle_chassis_no": "CSX3011",
        "vehicle_engine_no": null
    },
    {
        "lot_source_link": "https://rmsothebys.com/auctions/az23/lots/r0030-1971-mercedesbenz-280-se-35-cabriolet/",
        "lot_code": "157",
        "vehicle_chassis_no": "11102712003500",
        "vehicle_engine_no": null
    },
    {
        "lot_source_link": "https://rmsothebys.com/auctions/az23/lots/r0043-1992-ferrari-f40/",
        "lot_code": "158",
        "vehicle_chassis_no": "ZFFGJ34B000094277",
        "vehicle_engine_no": null
    },
    {
        "lot_source_link": "https://rmsothebys.com/auctions/az23/lots/r0077-1953-chrysler-special-by-ghia/",
        "lot_code": "159",
        "vehicle_chassis_no": null,
        "vehicle_engine_no": "C53845706"
    },
    {
        "lot_source_link": "https://rmsothebys.com/auctions/az23/lots/r0091-1966-ferrari-500-superfast-series-ii-by-pininfarina/",
        "lot_code": "160",
        "vehicle_chassis_no": "8565SF",
        "vehicle_engine_no": "8565"
    },
    {
        "lot_source_link": "https://rmsothebys.com/auctions/az23/lots/r0027-2008-rollsroyce-phantom-drophead-coupe/",
        "lot_code": "161",
        "vehicle_chassis_no": "SCA2D68588UX16091",
        "vehicle_engine_no": null
    },
    {
        "lot_source_link": "https://rmsothebys.com/auctions/az23/lots/r0010-2008-spyker-c8-spyder/",
        "lot_code": "162",
        "vehicle_chassis_no": "XL9AA11G68Z363209",
        "vehicle_engine_no": null
    },
    {
        "lot_source_link": "https://rmsothebys.com/auctions/az23/lots/r0057-1959-cadillac-eldorado-biarritz/",
        "lot_code": "163",
        "vehicle_chassis_no": "59E039718",
        "vehicle_engine_no": "59E039718"
    },
    {
        "lot_source_link": "https://rmsothebys.com/auctions/az23/lots/r0092-1971-lamborghini-miura-p400-sv-by-bertone/",
        "lot_code": "164",
        "vehicle_chassis_no": "4926",
        "vehicle_engine_no": "30689"
    },
    {
        "lot_source_link": "https://rmsothebys.com/auctions/az23/lots/r0086-2013-bentley-continental-supersports-isr-convertible/",
        "lot_code": "165",
        "vehicle_chassis_no": "SCBDC3ZA3DC078401",
        "vehicle_engine_no": null
    },
    {
        "lot_source_link": "https://rmsothebys.com/auctions/az23/lots/r0012-2012-aston-martin-v12-zagato/",
        "lot_code": "166",
        "vehicle_chassis_no": "SCFEBBGF8CGS31182",
        "vehicle_engine_no": null
    },
    {
        "lot_source_link": "https://rmsothebys.com/auctions/az23/lots/r0033-1958-jaguar-xk-150-34litre-roadster/",
        "lot_code": "167",
        "vehicle_chassis_no": "S830794DN",
        "vehicle_engine_no": "VS11769"
    },
    {
        "lot_source_link": "https://rmsothebys.com/auctions/az23/lots/r0089-1958-bmw-5018/",
        "lot_code": "168",
        "vehicle_chassis_no": "54989",
        "vehicle_engine_no": "12065"
    },
    {
        "lot_source_link": "https://rmsothebys.com/auctions/az23/lots/r0072-1990-lamborghini-countach-25th-anniversary-edition-by-bertone/",
        "lot_code": "169",
        "vehicle_chassis_no": "ZA9CA05A7LLA12718",
        "vehicle_engine_no": null
    },
    {
        "lot_source_link": "https://rmsothebys.com/auctions/az23/lots/r0004-1963-apollo-3500-gt-coupe-by-intermeccanica/",
        "lot_code": "170",
        "vehicle_chassis_no": "1004",
        "vehicle_engine_no": "JN484"
    },
    {
        "lot_source_link": "https://rmsothebys.com/auctions/az23/lots/r0022-1994-bugatti-eb110-gt/",
        "lot_code": "171",
        "vehicle_chassis_no": "ZA9AB01E0RCD39068",
        "vehicle_engine_no": "063"
    },
    {
        "lot_source_link": "https://rmsothebys.com/auctions/az23/lots/r0067-1963-maserati-sebring-3500-gti-series-i-by-vignale/",
        "lot_code": "172",
        "vehicle_chassis_no": "AM10101841",
        "vehicle_engine_no": null
    },
    {
        "lot_source_link": "https://rmsothebys.com/auctions/az23/lots/r0031-1956-chrysler-300b/",
        "lot_code": "173",
        "vehicle_chassis_no": "3N561745",
        "vehicle_engine_no": null
    },
    {
        "lot_source_link": "https://rmsothebys.com/auctions/az23/lots/r0052-2010-ferrari-599-gto/",
        "lot_code": "174",
        "vehicle_chassis_no": "ZFF70RCA8B0175964",
        "vehicle_engine_no": null
    },
    {
        "lot_source_link": "https://rmsothebys.com/auctions/az23/lots/r0076-1955-cadillac-eldorado-convertible/",
        "lot_code": "175",
        "vehicle_chassis_no": "556294293",
        "vehicle_engine_no": null
    },
    {
        "lot_source_link": "https://rmsothebys.com/auctions/az23/lots/r0008-2017-ford-gt/",
        "lot_code": "176",
        "vehicle_chassis_no": "2FAGP9CW2HH200082",
        "vehicle_engine_no": null
    },
    {
        "lot_source_link": "https://rmsothebys.com/auctions/az23/lots/r0047-1959-mercedesbenz-190-sl/",
        "lot_code": "177",
        "vehicle_chassis_no": "121040109500417",
        "vehicle_engine_no": null
    },
    {
        "lot_source_link": "https://rmsothebys.com/auctions/az23/lots/r0070-1962-rollsroyce-silver-cloud-ii-drophead-coupe-adaptation-by-hj-mulliner/",
        "lot_code": "178",
        "vehicle_chassis_no": "LSZD135",
        "vehicle_engine_no": null
    },
    {
        "lot_source_link": "https://rmsothebys.com/auctions/az23/lots/r0016-1970-plymouth-cuda-440-sixbarrel-hardtop/",
        "lot_code": "179",
        "vehicle_chassis_no": "BS23V0E127193",
        "vehicle_engine_no": "CE127193"
    },
    {
        "lot_source_link": "https://rmsothebys.com/auctions/az23/lots/r0046-1977-porsche-911-carrera-30-targa-turbo-look/",
        "lot_code": "180",
        "vehicle_chassis_no": "9117610110",
        "vehicle_engine_no": null
    },
    {
        "lot_source_link": "https://rmsothebys.com/auctions/az23/lots/r0060-1994-lamborghini-diablo-vt/",
        "lot_code": "181",
        "vehicle_chassis_no": "ZA9DU07P1RLA12980",
        "vehicle_engine_no": null
    },
    {
        "lot_source_link": "https://rmsothebys.com/auctions/az23/lots/r0017-1952-allard-k2-factory-special/",
        "lot_code": "182",
        "vehicle_chassis_no": "91K3019",
        "vehicle_engine_no": null
    },
    {
        "lot_source_link": "https://rmsothebys.com/auctions/az23/lots/r0061-2009-alfa-romeo-8c-spider/",
        "lot_code": "183",
        "vehicle_chassis_no": "ZARJA281190050323",
        "vehicle_engine_no": null
    },
    {
        "lot_source_link": "https://rmsothebys.com/auctions/az23/lots/r0036-1969-mercedesbenz-280-sl-pagoda/",
        "lot_code": "184",
        "vehicle_chassis_no": "11304412004171",
        "vehicle_engine_no": null
    },
    {
        "lot_source_link": "https://rmsothebys.com/auctions/az23/lots/r0037-2022-maserati-mc20/",
        "lot_code": "185",
        "vehicle_chassis_no": "ZAM24BXA1N0386017",
        "vehicle_engine_no": null
    },
    {
        "lot_source_link": "https://rmsothebys.com/auctions/az23/lots/r0080-1951-mercury-convertible/",
        "lot_code": "186",
        "vehicle_chassis_no": "51SL77233M",
        "vehicle_engine_no": null
    },
    {
        "lot_source_link": "https://rmsothebys.com/auctions/az23/lots/r0045-1936-mg-nb-magnette-twoseater/",
        "lot_code": "187",
        "vehicle_chassis_no": "NA0858",
        "vehicle_engine_no": "1152164"
    },
    {
        "lot_source_link": "https://rmsothebys.com/auctions/az23/lots/r0042-1975-volkswagen-type-2-westfalia-campmobile-70/",
        "lot_code": "188",
        "vehicle_chassis_no": "2352153613",
        "vehicle_engine_no": null
    },
    {
        "lot_source_link": "https://rmsothebys.com/auctions/az23/lots/r0032-1970-toyota-fj40-land-cruiser/",
        "lot_code": "189",
        "vehicle_chassis_no": "FJ4092465",
        "vehicle_engine_no": "F331937"
    },
    {
        "lot_source_link": "https://rmsothebys.com/auctions/az23/lots/r0055-1947-chrysler-town-and-country-convertible/",
        "lot_code": "190",
        "vehicle_chassis_no": "7404264",
        "vehicle_engine_no": "C3940143"
    },
    {
        "lot_source_link": "https://rmsothebys.com/auctions/az23/lots/r0007-2013-chevrolet-ss-nascar-jeff-gordon/",
        "lot_code": "191",
        "vehicle_chassis_no": null,
        "vehicle_engine_no": "1B14049"
    },
    {
        "lot_source_link": "https://rmsothebys.com/auctions/az23/lots/r0001-1977-mercedesbenz-450-sel-69/",
        "lot_code": "192",
        "vehicle_chassis_no": "11603612002619",
        "vehicle_engine_no": null
    }
]