[
    {
        "lot_source_link": "https://rmsothebys.com/auctions/cc23/lots/r0055-1969-lancia-fulvia-coupe-1600-hf-fanalone/",
        "lot_code": "101",
        "vehicle_chassis_no": "818540001585",
        "vehicle_engine_no": null
    },
    {
        "lot_source_link": "https://rmsothebys.com/auctions/cc23/lots/r0043-1981-mercedesbenz-500-sl/",
        "lot_code": "102",
        "vehicle_chassis_no": "WDB10704612001011",
        "vehicle_engine_no": null
    },
    {
        "lot_source_link": "https://rmsothebys.com/auctions/cc23/lots/r0006-2011-porsche-boxster-spyder/",
        "lot_code": "103",
        "vehicle_chassis_no": "WP0ZZZ98ZBS740231",
        "vehicle_engine_no": null
    },
    {
        "lot_source_link": "https://rmsothebys.com/auctions/cc23/lots/r0025-2001-porsche-911-gt2-clubsport/",
        "lot_code": "104",
        "vehicle_chassis_no": "WP0ZZZ99Z1S695146",
        "vehicle_engine_no": "120582"
    },
    {
        "lot_source_link": "https://rmsothebys.com/auctions/cc23/lots/r0035-1960-mercedesbenz-190-sl/",
        "lot_code": "105",
        "vehicle_chassis_no": "12104210017744",
        "vehicle_engine_no": "12192110017836"
    },
    {
        "lot_source_link": "https://rmsothebys.com/auctions/cc23/lots/r0017-2000-bmw-z8/",
        "lot_code": "106",
        "vehicle_chassis_no": "WBAEJ1348YAH60058",
        "vehicle_engine_no": "60412222"
    },
    {
        "lot_source_link": "https://rmsothebys.com/auctions/cc23/lots/r0041-2000-porsche-911-gt3/",
        "lot_code": "108",
        "vehicle_chassis_no": "WP0ZZZ99ZYS691147",
        "vehicle_engine_no": "01543"
    },
    {
        "lot_source_link": "https://rmsothebys.com/auctions/cc23/lots/r0028-1978-porsche-911-turbo-coupe/",
        "lot_code": "109",
        "vehicle_chassis_no": "9308700081",
        "vehicle_engine_no": "6780083"
    },
    {
        "lot_source_link": "https://rmsothebys.com/auctions/cc23/lots/r0038-2008-mercedesbenz-slr-mclaren-roadster/",
        "lot_code": "110",
        "vehicle_chassis_no": "WDD1994761M001778",
        "vehicle_engine_no": null
    },
    {
        "lot_source_link": "https://rmsothebys.com/auctions/cc23/lots/r0048-1989-porsche-911-speedster/",
        "lot_code": "111",
        "vehicle_chassis_no": "WP0EB0919KS173678",
        "vehicle_engine_no": "64K06292"
    },
    {
        "lot_source_link": "https://rmsothebys.com/auctions/cc23/lots/r0001-1992-porsche-911-carrera-rs/",
        "lot_code": "112",
        "vehicle_chassis_no": "WP0ZZZ96ZNS491921",
        "vehicle_engine_no": "62N82784"
    },
    {
        "lot_source_link": "https://rmsothebys.com/auctions/cc23/lots/r0060-1990-porsche-911-carrera-4-targa/",
        "lot_code": "113",
        "vehicle_chassis_no": "WP0ZZZ96ZLS460321",
        "vehicle_engine_no": "62L09213"
    },
    {
        "lot_source_link": "https://rmsothebys.com/auctions/cc23/lots/r0057-1967-porsche-911-s-coupe/",
        "lot_code": "114",
        "vehicle_chassis_no": "11800942",
        "vehicle_engine_no": "4080025"
    },
    {
        "lot_source_link": "https://rmsothebys.com/auctions/cc23/lots/r0045-2016-porsche-911-r/",
        "lot_code": "115",
        "vehicle_chassis_no": "WP0ZZZ99ZGS194561",
        "vehicle_engine_no": null
    },
    {
        "lot_source_link": "https://rmsothebys.com/auctions/cc23/lots/r0019-1970-mercedesbenz-280-se-35-cabriolet/",
        "lot_code": "116",
        "vehicle_chassis_no": "11102712001031",
        "vehicle_engine_no": null
    },
    {
        "lot_source_link": "https://rmsothebys.com/auctions/cc23/lots/r0004-1973-porsche-911-carrera-rs-27-touring/",
        "lot_code": "117",
        "vehicle_chassis_no": "9113600172",
        "vehicle_engine_no": "6630185"
    },
    {
        "lot_source_link": "https://rmsothebys.com/auctions/cc23/lots/r0064-2004-porsche-911-gt3-rs/",
        "lot_code": "118",
        "vehicle_chassis_no": "WP0ZZZ99Z4S691790",
        "vehicle_engine_no": "3426944"
    },
    {
        "lot_source_link": "https://rmsothebys.com/auctions/cc23/lots/r0059-1989-porsche-911-speedster/",
        "lot_code": "119",
        "vehicle_chassis_no": "WP0ZZZ91ZKS152241",
        "vehicle_engine_no": "64K06079"
    },
    {
        "lot_source_link": "https://rmsothebys.com/auctions/cc23/lots/r0054-1988-porsche-911-carrera-32-club-sport/",
        "lot_code": "120",
        "vehicle_chassis_no": "WP0ZZZ91ZJS105113",
        "vehicle_engine_no": "63J02542"
    },
    {
        "lot_source_link": "https://rmsothebys.com/auctions/cc23/lots/r0027-2001-bmw-z8/",
        "lot_code": "121",
        "vehicle_chassis_no": "WBAEJ13491AH60592",
        "vehicle_engine_no": "60052455"
    },
    {
        "lot_source_link": "https://rmsothebys.com/auctions/cc23/lots/r0050-1993-porsche-911-speedster/",
        "lot_code": "122",
        "vehicle_chassis_no": "WP0CB2968RS465377",
        "vehicle_engine_no": "62P06132"
    },
    {
        "lot_source_link": "https://rmsothebys.com/auctions/cc23/lots/r0040-1963-porsche-356-b-carrera-2-sunroof-coupe-by-reutter/",
        "lot_code": "123",
        "vehicle_chassis_no": "122866",
        "vehicle_engine_no": "97432"
    },
    {
        "lot_source_link": "https://rmsothebys.com/auctions/cc23/lots/r0063-2001-porsche-911-gt2/",
        "lot_code": "124",
        "vehicle_chassis_no": "WP0ZZZ99Z1S695106",
        "vehicle_engine_no": "120539"
    },
    {
        "lot_source_link": "https://rmsothebys.com/auctions/cc23/lots/r0039-1972-porsche-911-s-24-coupe/",
        "lot_code": "125",
        "vehicle_chassis_no": "9112300601",
        "vehicle_engine_no": "6320931"
    },
    {
        "lot_source_link": "https://rmsothebys.com/auctions/cc23/lots/r0036-1956-mercedesbenz-190-sl/",
        "lot_code": "126",
        "vehicle_chassis_no": "1210406503219",
        "vehicle_engine_no": "1219216503228"
    },
    {
        "lot_source_link": "https://rmsothebys.com/auctions/cc23/lots/r0020-1995-porsche-911-gt2-r/",
        "lot_code": "127",
        "vehicle_chassis_no": "WP0ZZZ99ZTS393074",
        "vehicle_engine_no": null
    },
    {
        "lot_source_link": "https://rmsothebys.com/auctions/cc23/lots/r0062-1992-porsche-911-carrera-rs/",
        "lot_code": "128",
        "vehicle_chassis_no": "WP0ZZZ96ZNS490121",
        "vehicle_engine_no": "62N80553"
    },
    {
        "lot_source_link": "https://rmsothebys.com/auctions/cc23/lots/r0009-1966-porsche-911-coupe/",
        "lot_code": "129",
        "vehicle_chassis_no": "304371",
        "vehicle_engine_no": "907615"
    },
    {
        "lot_source_link": "https://rmsothebys.com/auctions/cc23/lots/r0044-2011-porsche-911-gt2-rs/",
        "lot_code": "130",
        "vehicle_chassis_no": "WP0ZZZ99ZBS776201",
        "vehicle_engine_no": null
    },
    {
        "lot_source_link": "https://rmsothebys.com/auctions/cc23/lots/r0061-1994-porsche-911-speedster/",
        "lot_code": "131",
        "vehicle_chassis_no": "WP0ZZZ96ZRS455163",
        "vehicle_engine_no": "62P0452"
    },
    {
        "lot_source_link": "https://rmsothebys.com/auctions/cc23/lots/r0010-1973-porsche-911-carrera-rs-27-touring/",
        "lot_code": "132",
        "vehicle_chassis_no": "9113601062",
        "vehicle_engine_no": "6631032"
    },
    {
        "lot_source_link": "https://rmsothebys.com/auctions/cc23/lots/r0033-2016-porsche-911-gt3-rs-40/",
        "lot_code": "133",
        "vehicle_chassis_no": "WP0ZZZ99ZGS188569",
        "vehicle_engine_no": null
    },
    {
        "lot_source_link": "https://rmsothebys.com/auctions/cc23/lots/r0021-1996-porsche-911-turbo/",
        "lot_code": "134",
        "vehicle_chassis_no": "WP0ZZZ99ZTS371660",
        "vehicle_engine_no": "61T03015"
    },
    {
        "lot_source_link": "https://rmsothebys.com/auctions/cc23/lots/r0022-1971-mercedesbenz-280-se-35-cabriolet/",
        "lot_code": "135",
        "vehicle_chassis_no": "11102712003402",
        "vehicle_engine_no": null
    },
    {
        "lot_source_link": "https://rmsothebys.com/auctions/cc23/lots/r0066-2016-abarth-695-biposto/",
        "lot_code": "136",
        "vehicle_chassis_no": "ZFA3120000J301938",
        "vehicle_engine_no": null
    },
    {
        "lot_source_link": "https://rmsothebys.com/auctions/cc23/lots/r0026-2003-bmw-alpina-roadster-v8/",
        "lot_code": "137",
        "vehicle_chassis_no": "WBAEJ13423AH62042",
        "vehicle_engine_no": "F5116012"
    },
    {
        "lot_source_link": "https://rmsothebys.com/auctions/cc23/lots/r0046-1994-porsche-911-speedster/",
        "lot_code": "138",
        "vehicle_chassis_no": "WP0CB2960RS465440",
        "vehicle_engine_no": "62R00588"
    },
    {
        "lot_source_link": "https://rmsothebys.com/auctions/cc23/lots/r0032-1992-porsche-911-carrera-rs/",
        "lot_code": "139",
        "vehicle_chassis_no": "WP0ZZZ96ZNS490323",
        "vehicle_engine_no": "62N80760"
    },
    {
        "lot_source_link": "https://rmsothebys.com/auctions/cc23/lots/r0002-1995-porsche-911-carrera-rs-38-clubsport/",
        "lot_code": "140",
        "vehicle_chassis_no": "WP0ZZZ99ZSS390116",
        "vehicle_engine_no": "63S85561"
    },
    {
        "lot_source_link": "https://rmsothebys.com/auctions/cc23/lots/r0012-1963-porsche-356-b-carrera-2-2000-gs-coupe-by-reutter/",
        "lot_code": "141",
        "vehicle_chassis_no": "123002",
        "vehicle_engine_no": null
    },
    {
        "lot_source_link": "https://rmsothebys.com/auctions/cc23/lots/r0047-1989-porsche-911-speedster/",
        "lot_code": "142",
        "vehicle_chassis_no": "WP0EB0917KS173596",
        "vehicle_engine_no": "64K06212"
    },
    {
        "lot_source_link": "https://rmsothebys.com/auctions/cc23/lots/r0015-1955-porsche-356-prea-1500-speedster-by-reutter/",
        "lot_code": "143",
        "vehicle_chassis_no": "80288",
        "vehicle_engine_no": "34322"
    },
    {
        "lot_source_link": "https://rmsothebys.com/auctions/cc23/lots/r0005-1995-porsche-911-carrera-rs-38/",
        "lot_code": "144",
        "vehicle_chassis_no": "WP0ZZZ99ZTS390628",
        "vehicle_engine_no": "63S86204"
    },
    {
        "lot_source_link": "https://rmsothebys.com/auctions/cc23/lots/r0029-2004-porsche-911-gt3-rs/",
        "lot_code": "145",
        "vehicle_chassis_no": "WP0ZZZ99Z4S697104",
        "vehicle_engine_no": "427126"
    },
    {
        "lot_source_link": "https://rmsothebys.com/auctions/cc23/lots/r0003-1989-porsche-911-speedster/",
        "lot_code": "146",
        "vehicle_chassis_no": "WP0ZZZ91ZKS152128",
        "vehicle_engine_no": "63K04132"
    },
    {
        "lot_source_link": "https://rmsothebys.com/auctions/cc23/lots/r0056-1967-porsche-911-s-coupe/",
        "lot_code": "147",
        "vehicle_chassis_no": "308484S",
        "vehicle_engine_no": null
    },
    {
        "lot_source_link": "https://rmsothebys.com/auctions/cc23/lots/r0065-2012-porsche-911-turbo-s-coupe-edition-918-spyder/",
        "lot_code": "148",
        "vehicle_chassis_no": "WP0AD2A94CS766209",
        "vehicle_engine_no": null
    },
    {
        "lot_source_link": "https://rmsothebys.com/auctions/cc23/lots/r0031-1989-porsche-911-turbo-cabriolet/",
        "lot_code": "149",
        "vehicle_chassis_no": "WP0EB0935KS070338",
        "vehicle_engine_no": "68K00637"
    },
    {
        "lot_source_link": "https://rmsothebys.com/auctions/cc23/lots/r0016-2001-bmw-z8/",
        "lot_code": "150",
        "vehicle_chassis_no": "WBAEJ13441AH60659",
        "vehicle_engine_no": "60112466"
    },
    {
        "lot_source_link": "https://rmsothebys.com/auctions/cc23/lots/r0024-2011-porsche-911-gt3-rs-38/",
        "lot_code": "151",
        "vehicle_chassis_no": "WP0ZZZ99ZBS780433",
        "vehicle_engine_no": null
    },
    {
        "lot_source_link": "https://rmsothebys.com/auctions/cc23/lots/r0051-1956-chevrolet-corvette/",
        "lot_code": "152",
        "vehicle_chassis_no": "E56S003149",
        "vehicle_engine_no": "0402550F56FG"
    },
    {
        "lot_source_link": "https://rmsothebys.com/auctions/cc23/lots/r0007-1971-mercedesbenz-280-sl/",
        "lot_code": "153",
        "vehicle_chassis_no": "11304412023783",
        "vehicle_engine_no": "13098310016160"
    },
    {
        "lot_source_link": "https://rmsothebys.com/auctions/cc23/lots/r0052-1969-chevrolet-camaro-convertible/",
        "lot_code": "154",
        "vehicle_chassis_no": "124679N637031",
        "vehicle_engine_no": null
    }
]