[
  {
    "lot_source_link": "https://www.mecum.com/lots/377529/1982-buick-riviera-convertible/?aa_id=245886-0",
    "lot_code": "Lot F1",
    "vehicle_chassis_no": "1G4AZ67Y7CE442334"
  },
  {
    "lot_source_link": "https://www.mecum.com/lots/377530/1955-dodge-coronet/?aa_id=245888-0",
    "lot_code": "Lot F2",
    "vehicle_chassis_no": "D55199742"
  },
  {
    "lot_source_link": "https://www.mecum.com/lots/377531/1978-jeep-dj-5/?aa_id=245889-0",
    "lot_code": "Lot F3",
    "vehicle_chassis_no": "DJ5F8173954"
  },
  {
    "lot_source_link": "https://www.mecum.com/lots/377532/1978-cadillac-eldorado/?aa_id=245890-0",
    "lot_code": "Lot F4",
    "vehicle_chassis_no": "6L47S8Q146327"
  },
  {
    "lot_source_link": "https://www.mecum.com/lots/377533/1946-mercury-69m-sedan/?aa_id=245891-0",
    "lot_code": "Lot F5",
    "vehicle_chassis_no": "24G21452"
  },
  {
    "lot_source_link": "https://www.mecum.com/lots/377534/1972-chevrolet-impala-convertible/?aa_id=245892-0",
    "lot_code": "Lot F6",
    "vehicle_chassis_no": "1M67W2S149308"
  },
  {
    "lot_source_link": "https://www.mecum.com/lots/377535/1950-willys-m38-military-jeep/?aa_id=245893-0",
    "lot_code": "Lot F7",
    "vehicle_chassis_no": "26537"
  },
  {
    "lot_source_link": "https://www.mecum.com/lots/377537/1972-ford-mustang-convertible/?aa_id=245894-0",
    "lot_code": "Lot F9",
    "vehicle_chassis_no": "2F03H216566"
  },
  {
    "lot_source_link": "https://www.mecum.com/lots/377538/1979-lincoln-town-car/?aa_id=245895-0",
    "lot_code": "Lot F10",
    "vehicle_chassis_no": "9Y82S708824"
  },
  {
    "lot_source_link": "https://www.mecum.com/lots/377540/1979-chevrolet-el-camino/?aa_id=245896-0",
    "lot_code": "Lot F12",
    "vehicle_chassis_no": "1W80M9K607311"
  },
  {
    "lot_source_link": "https://www.mecum.com/lots/DN19-377541/2014-chevrolet-silverado-pickup/?aa_id=245897-0",
    "lot_code": "Lot F13",
    "vehicle_chassis_no": "1GCNKPECXEZ291525"
  },
  {
    "lot_source_link": "https://www.mecum.com/lots/377543/2003-mercedes-benz-sl500-convertible/?aa_id=245898-0",
    "lot_code": "Lot F15",
    "vehicle_chassis_no": "WDBSK75F13F027703"
  },
  {
    "lot_source_link": "https://www.mecum.com/lots/377544/2002-porsche-911-convertible/?aa_id=245899-0",
    "lot_code": "Lot F16",
    "vehicle_chassis_no": "WP0CA29942S652456"
  },
  {
    "lot_source_link": "https://www.mecum.com/lots/377546/1981-delorean-dmc-12/?aa_id=245900-0",
    "lot_code": "Lot F18",
    "vehicle_chassis_no": "SCEDT26TXBD002037"
  },
  {
    "lot_source_link": "https://www.mecum.com/lots/377547/2003-land-rover-range-rover-hse/?aa_id=245901-0",
    "lot_code": "Lot F19",
    "vehicle_chassis_no": "SALME11403A118597"
  },
  {
    "lot_source_link": "https://www.mecum.com/lots/377548/1973-mercedes-benz-280c/?aa_id=245902-0",
    "lot_code": "Lot F20",
    "vehicle_chassis_no": "11407312002370"
  },
  {
    "lot_source_link": "https://www.mecum.com/lots/387063/1928-pontiac-sedan/?aa_id=251673-0",
    "lot_code": "Lot F20.1",
    "vehicle_chassis_no": "316076"
  },
  {
    "lot_source_link": "https://www.mecum.com/lots/377549/2011-mercedes-benz-glk350/?aa_id=245903-0",
    "lot_code": "Lot F21",
    "vehicle_chassis_no": "WDCGG8HB1BF706449"
  },
  {
    "lot_source_link": "https://www.mecum.com/lots/377550/1964-chevrolet-chevelle-ss/?aa_id=245904-0",
    "lot_code": "Lot F22",
    "vehicle_chassis_no": "45837A156788"
  },
  {
    "lot_source_link": "https://www.mecum.com/lots/377552/1964-willys-cj-5/?aa_id=245906-0",
    "lot_code": "Lot F24",
    "vehicle_chassis_no": "8305166246"
  },
  {
    "lot_source_link": "https://www.mecum.com/lots/377553/1947-fraser-custom/?aa_id=245907-0",
    "lot_code": "Lot F25",
    "vehicle_chassis_no": "F47004955"
  },
  {
    "lot_source_link": "https://www.mecum.com/lots/377554/1981-chevrolet-k5-blazer/?aa_id=245908-0",
    "lot_code": "Lot F26",
    "vehicle_chassis_no": "1G8EK18H2BF134485"
  },
  {
    "lot_source_link": "https://www.mecum.com/lots/387301/2015-ford-mustang-gt/?aa_id=251781-0",
    "lot_code": "Lot F27",
    "vehicle_chassis_no": "1FA6P8CF5F5403929"
  },
  {
    "lot_source_link": "https://www.mecum.com/lots/377556/2004-ford-thunderbird/?aa_id=245909-0",
    "lot_code": "Lot F28",
    "vehicle_chassis_no": "1FAHP60A54Y112347"
  }
]