[
    {
        "collection": "2021 The Enthusiast Auction",
        "lot": "Lot 47",
        "title": "1936 Deco Rides \"Maharaja Special\" One-Off Custom",
        "price": "$346,000"
    },
    {
        "collection": "2021 The Enthusiast Auction",
        "lot": "Lot 45",
        "title": "1932 Packard Twin Six 905 Sport Phaeton",
        "price": "$204,300"
    },
    {
        "collection": "2021 The Enthusiast Auction",
        "lot": "Lot 43",
        "title": "1963 Chevrolet  Corvette Sting Ray \"Split-Window\" Coupe",
        "price": "$148,400"
    },
    {
        "collection": "2021 The Enthusiast Auction",
        "lot": "Lot 31",
        "title": "2021 Chevrolet  Corvette Stingray Convertible",
        "price": "$123,200"
    },
    {
        "collection": "2021 The Enthusiast Auction",
        "lot": "Lot 51",
        "title": "1940 Packard Super 8 Model 1807 Convertible Sedan",
        "price": "$123,200"
    },
    {
        "collection": "2021 The Enthusiast Auction",
        "lot": "Lot 41",
        "title": "1947 Ford Super DeLuxe RestoMod Woodie Wagon",
        "price": "$102,150"
    },
    {
        "collection": "2021 The Enthusiast Auction",
        "lot": "Lot 40",
        "title": "1958 Oldsmobile Ninety-Eight Convertible",
        "price": "$89,600"
    },
    {
        "collection": "2021 The Enthusiast Auction",
        "lot": "Lot 29",
        "title": "1951 Ford F1 'RestoMod' Truck",
        "price": "$89,600"
    },
    {
        "collection": "2021 The Enthusiast Auction",
        "lot": "Lot 39",
        "title": "1957 Buick  Century \"Lavender Persuasion\" Custom Coupe",
        "price": "$78,400"
    },
    {
        "collection": "2021 The Enthusiast Auction",
        "lot": "Lot 46",
        "title": "1957 Ford Thunderbird E-Code Convertible",
        "price": "$70,370"
    },
    {
        "collection": "2021 The Enthusiast Auction",
        "lot": "Lot 21",
        "title": "1964 Pontiac GTO Convertible",
        "price": "$64,960"
    },
    {
        "collection": "2021 The Enthusiast Auction",
        "lot": "Lot 13",
        "title": "1949 Buick  Roadmaster Estate Wagon",
        "price": "$64,400"
    },
    {
        "collection": "2021 The Enthusiast Auction",
        "lot": "Lot 38",
        "title": "1932 Ford Model 18 V-8 Roadster",
        "price": "$64,400"
    },
    {
        "collection": "2021 The Enthusiast Auction",
        "lot": "Lot 19",
        "title": "1952 Hudson 'Twin H-Power' Hornet Six Coupe",
        "price": "$61,600"
    },
    {
        "collection": "2021 The Enthusiast Auction",
        "lot": "Lot 57",
        "title": "1929 Ford Model A Moxie Horse-Mobile",
        "price": "$61,290"
    },
    {
        "collection": "2021 The Enthusiast Auction",
        "lot": "Lot 11",
        "title": "1961 Chrysler  300G Coupe",
        "price": "$59,360"
    },
    {
        "collection": "2021 The Enthusiast Auction",
        "lot": "Lot 32",
        "title": "1948 Buick  Super 8 Convertible",
        "price": "$56,000"
    },
    {
        "collection": "2021 The Enthusiast Auction",
        "lot": "Lot 50",
        "title": "1958 Chevrolet  Cameo Pickup",
        "price": "$53,760"
    },
    {
        "collection": "2021 The Enthusiast Auction",
        "lot": "Lot 15",
        "title": "1957 BMW 502 Sedan",
        "price": "$48,160"
    },
    {
        "collection": "2021 The Enthusiast Auction",
        "lot": "Lot 24",
        "title": "1948 Packard Custom Eight Coupe",
        "price": "$47,040"
    },
    {
        "collection": "2021 The Enthusiast Auction",
        "lot": "Lot 60",
        "title": "1950 Ford F1 Resto Rod Pickup",
        "price": "$43,680"
    },
    {
        "collection": "2021 The Enthusiast Auction",
        "lot": "Lot 18",
        "title": "1935 Studebaker Dictator 2A Phaeton",
        "price": "$42,000"
    },
    {
        "collection": "2021 The Enthusiast Auction",
        "lot": "Lot 20",
        "title": "1959 Ford Fairlane 500 Galaxie Skyliner",
        "price": "$40,880"
    },
    {
        "collection": "2021 The Enthusiast Auction",
        "lot": "Lot 33",
        "title": "1963 Studebaker Avanti",
        "price": "$40,320"
    },
    {
        "collection": "2021 The Enthusiast Auction",
        "lot": "Lot 30",
        "title": "2011 Dodge  Ram Mr. Norm's 'Red Xpress Truck'",
        "price": "$39,200"
    },
    {
        "collection": "2021 The Enthusiast Auction",
        "lot": "Lot 66",
        "title": "1959 Ford Fairlane 500 Galaxie Skyliner",
        "price": "$37,520"
    },
    {
        "collection": "2021 The Enthusiast Auction",
        "lot": "Lot 2117",
        "title": "Dog 'n Suds Single-Sided Neon  Sign",
        "price": "$37,510"
    },
    {
        "collection": "2021 The Enthusiast Auction",
        "lot": "Lot 16",
        "title": "1956 Packard Caribbean Hardtop",
        "price": "$35,185"
    },
    {
        "collection": "2021 The Enthusiast Auction",
        "lot": "Lot 22",
        "title": "1948 Packard Eight Station Sedan with Teardrop Trailer",
        "price": "$33,600"
    },
    {
        "collection": "2021 The Enthusiast Auction",
        "lot": "Lot 37",
        "title": "1955 Chrysler  New Yorker St. Regis Hardtop",
        "price": "$30,645"
    },
    {
        "collection": "2021 The Enthusiast Auction",
        "lot": "Lot 61",
        "title": "1947 Packard Super Clipper",
        "price": "$28,500"
    },
    {
        "collection": "2021 The Enthusiast Auction",
        "lot": "Lot 63",
        "title": "1956 Lincoln Premiere Convertible",
        "price": "$28,000"
    },
    {
        "collection": "2021 The Enthusiast Auction",
        "lot": "Lot 35",
        "title": "1950 Chrysler  Newport Town & Country Hardtop",
        "price": "$26,880"
    },
    {
        "collection": "2021 The Enthusiast Auction",
        "lot": "Lot 52",
        "title": "1956 Packard 400 Coupe",
        "price": "$26,105"
    },
    {
        "collection": "2021 The Enthusiast Auction",
        "lot": "Lot 64",
        "title": "1950 Chrysler  Newport Town & Country Hardtop",
        "price": "$25,760"
    },
    {
        "collection": "2021 The Enthusiast Auction",
        "lot": "Lot 48",
        "title": "1950 Ford Crestliner Street Rod",
        "price": "$25,200"
    },
    {
        "collection": "2021 The Enthusiast Auction",
        "lot": "Lot 26",
        "title": "1951 Packard 400 Patrician",
        "price": "$24,640"
    },
    {
        "collection": "2021 The Enthusiast Auction",
        "lot": "Lot 56",
        "title": "1966 Chevrolet  Chevelle Modified Malibu",
        "price": "$24,000"
    },
    {
        "collection": "2021 The Enthusiast Auction",
        "lot": "Lot 2124",
        "title": "Large Cadillac Script Neon Sig n",
        "price": "$23,600"
    },
    {
        "collection": "2021 The Enthusiast Auction",
        "lot": "Lot 25",
        "title": "1947 Studebaker M5 Coupe Express 1/2-Ton Pickup",
        "price": "$23,520"
    },
    {
        "collection": "2021 The Enthusiast Auction",
        "lot": "Lot 42",
        "title": "1946 Lincoln Continental Convertible",
        "price": "$22,400"
    },
    {
        "collection": "2021 The Enthusiast Auction",
        "lot": "Lot 44",
        "title": "1954 Packard Patrician Touring Sedan",
        "price": "$21,280"
    },
    {
        "collection": "2021 The Enthusiast Auction",
        "lot": "Lot 62",
        "title": "1927 Chrysler  Series 62 Roadster",
        "price": "$20,997"
    },
    {
        "collection": "2021 The Enthusiast Auction",
        "lot": "Lot 9",
        "title": "1987 Mercedes-Benz 560SL Roadster",
        "price": "$20,720"
    },
    {
        "collection": "2021 The Enthusiast Auction",
        "lot": "Lot 10",
        "title": "1926 REO Model T6-E Roadster",
        "price": "$20,720"
    },
    {
        "collection": "2021 The Enthusiast Auction",
        "lot": "Lot 28",
        "title": "1932 Oldsmobile F32 Sedan with Mullins Style Trailer",
        "price": "$18,480"
    },
    {
        "collection": "2021 The Enthusiast Auction",
        "lot": "Lot 55",
        "title": "2000 Dodge  Dakota R/T 'Killer Bee' Pickup Truck",
        "price": "$17,920"
    },
    {
        "collection": "2021 The Enthusiast Auction",
        "lot": "Lot 58",
        "title": "1928 Chevrolet  Capitol LM 1-Ton Grain Truck",
        "price": "$17,920"
    },
    {
        "collection": "2021 The Enthusiast Auction",
        "lot": "Lot 27",
        "title": "1933 REO Flying Cloud Elite Sedan",
        "price": "$16,800"
    },
    {
        "collection": "2021 The Enthusiast Auction",
        "lot": "Lot 49",
        "title": "1932 Buick  Series 50 Business Coupe",
        "price": "$16,800"
    },
    {
        "collection": "2021 The Enthusiast Auction",
        "lot": "Lot 17",
        "title": "1937 Packard 115 Business Coupe",
        "price": "$14,000"
    },
    {
        "collection": "2021 The Enthusiast Auction",
        "lot": "Lot 53",
        "title": "1929 Chrysler  Model 66 Royal Coupe",
        "price": "$14,000"
    },
    {
        "collection": "2021 The Enthusiast Auction",
        "lot": "Lot 2122",
        "title": "Large Chevrolet Porcelain Neon  Sign",
        "price": "$11,800"
    },
    {
        "collection": "2021 The Enthusiast Auction",
        "lot": "Lot 2130",
        "title": "1959 Fiat 600 'Sliding Roof' Coupe",
        "price": "$11,550"
    },
    {
        "collection": "2021 The Enthusiast Auction",
        "lot": "Lot 36",
        "title": "1926 Whippet Model 96 Rumbleseat Roadster",
        "price": "$10,920"
    },
    {
        "collection": "2021 The Enthusiast Auction",
        "lot": "Lot 34",
        "title": "1931 DeSoto Model CK \"Finer-6\" Sedan",
        "price": "$10,640"
    },
    {
        "collection": "2021 The Enthusiast Auction",
        "lot": "Lot 14",
        "title": "1952 Studebaker Champion Coupe",
        "price": "$10,080"
    },
    {
        "collection": "2021 The Enthusiast Auction",
        "lot": "Lot 65",
        "title": "1911 Maxwell Model AB Runabout",
        "price": "$10,080"
    },
    {
        "collection": "2021 The Enthusiast Auction",
        "lot": "Lot 2106",
        "title": "NASCAR - 2001 Daytona 500 Flag",
        "price": "$8,820"
    },
    {
        "collection": "2021 The Enthusiast Auction",
        "lot": "Lot 54",
        "title": "1914 REO \"Bearcat\" Speedster",
        "price": "$8,400"
    },
    {
        "collection": "2021 The Enthusiast Auction",
        "lot": "Lot 2129",
        "title": "2001 Harley-Davidson Road King Classic",
        "price": "$8,120"
    },
    {
        "collection": "2021 The Enthusiast Auction",
        "lot": "Lot 2101",
        "title": "Chevrolet Super Service Porcel ain Neon Sign",
        "price": "$7,260"
    },
    {
        "collection": "2021 The Enthusiast Auction",
        "lot": "Lot 2118",
        "title": "Pair of Gas Station Lights wit h Porcelain Shades",
        "price": "$6,765"
    },
    {
        "collection": "2021 The Enthusiast Auction",
        "lot": "Lot 8",
        "title": "1983 Mercedes-Benz 'Gazelle' SSK Replica",
        "price": "$6,720"
    },
    {
        "collection": "2021 The Enthusiast Auction",
        "lot": "Lot 2128",
        "title": "1996 Harley-Davidson Road King",
        "price": "$6,720"
    },
    {
        "collection": "2021 The Enthusiast Auction",
        "lot": "Lot 59",
        "title": "1971 Ford Pinto Coupe",
        "price": "$6,720"
    },
    {
        "collection": "2021 The Enthusiast Auction",
        "lot": "Lot 1233",
        "title": "Franklin Mint Automotive Treas ures Silver Ingot Collection and Chest",
        "price": "$6,174"
    },
    {
        "collection": "2021 The Enthusiast Auction",
        "lot": "Lot 2119",
        "title": "Texaco Wayne Visible Gas Pump  - Restored",
        "price": "$5,445"
    },
    {
        "collection": "2021 The Enthusiast Auction",
        "lot": "Lot 2116",
        "title": "Texaco DSP Porcelain Gas Stati on Pole Sign - 17 ft.",
        "price": "$5,310"
    },
    {
        "collection": "2021 The Enthusiast Auction",
        "lot": "Lot 2104",
        "title": "Tiwoser Gas Pump",
        "price": "$4,840"
    },
    {
        "collection": "2021 The Enthusiast Auction",
        "lot": "Lot 2114",
        "title": "1951 Gulf Oil Large Double-Sid ed Porcelain Sign",
        "price": "$4,840"
    },
    {
        "collection": "2021 The Enthusiast Auction",
        "lot": "Lot 7",
        "title": "1957 Mustang Stallion Model 8 Motorcycle",
        "price": "$4,356"
    },
    {
        "collection": "2021 The Enthusiast Auction",
        "lot": "Lot 2103",
        "title": "Sinclair Gas Pump",
        "price": "$4,235"
    },
    {
        "collection": "2021 The Enthusiast Auction",
        "lot": "Lot 3",
        "title": "1970s Indian MM5A 50cc Mini-Mini-Motorcycle",
        "price": "$4,130"
    },
    {
        "collection": "2021 The Enthusiast Auction",
        "lot": "Lot 2108",
        "title": "Large Art Deco-Styled Hotpoint  Vertical Neon Double-Sided Sign",
        "price": "$3,932"
    },
    {
        "collection": "2021 The Enthusiast Auction",
        "lot": "Lot 4",
        "title": "Indian SE74 Dirt Bike with Side Car",
        "price": "$3,540"
    },
    {
        "collection": "2021 The Enthusiast Auction",
        "lot": "Lot 2038",
        "title": "Three Early Racing Ascot Speed way-Related Posters",
        "price": "$3,509"
    },
    {
        "collection": "2021 The Enthusiast Auction",
        "lot": "Lot 5",
        "title": "1947 Kit Mfg.  Teardrop Trailer",
        "price": "$3,509"
    },
    {
        "collection": "2021 The Enthusiast Auction",
        "lot": "Lot 1237",
        "title": "\"Ride Porky\" Child's Coin-Oper ated Ride",
        "price": "$3,176"
    },
    {
        "collection": "2021 The Enthusiast Auction",
        "lot": "Lot 1089",
        "title": "1932 Turner Lincoln Panel Deli very Prototype",
        "price": "$3,146"
    },
    {
        "collection": "2021 The Enthusiast Auction",
        "lot": "Lot 2107",
        "title": "NASCAR - 2001 Pepsi 400 Flag",
        "price": "$3,024"
    },
    {
        "collection": "2021 The Enthusiast Auction",
        "lot": "Lot 1088",
        "title": "Sturditoy Coal Side-Dump Truck  Pressed Steel Toy",
        "price": "$2,904"
    },
    {
        "collection": "2021 The Enthusiast Auction",
        "lot": "Lot 2113",
        "title": "Martin & Schwartz Restored Mob il Gas Pump with Globe",
        "price": "$2,722"
    },
    {
        "collection": "2021 The Enthusiast Auction",
        "lot": "Lot 2024",
        "title": "Large Collection of Texaco Rel ated Memorabilia",
        "price": "$2,662"
    },
    {
        "collection": "2021 The Enthusiast Auction",
        "lot": "Lot 2009",
        "title": "Tot's Toys Ltd. Child's Sulky  and Riding Horse Pressed Steel Toy",
        "price": "$2,541"
    },
    {
        "collection": "2021 The Enthusiast Auction",
        "lot": "Lot 2120",
        "title": "Shell Oil Gilbarco Model C996- 2 Gas Pump",
        "price": "$2,420"
    },
    {
        "collection": "2021 The Enthusiast Auction",
        "lot": "Lot 1197",
        "title": "City of Utica Wooden Model Gre at Lakes Steam Ship",
        "price": "$2,420"
    },
    {
        "collection": "2021 The Enthusiast Auction",
        "lot": "Lot 6",
        "title": "Simplex Automatic Motorcycle with Tecumseh Engine",
        "price": "$2,420"
    },
    {
        "collection": "2021 The Enthusiast Auction",
        "lot": "Lot 2112",
        "title": "Bennett Model 541 Restored SMI TH-O-LENE Gas Pump and Globe",
        "price": "$2,420"
    },
    {
        "collection": "2021 The Enthusiast Auction",
        "lot": "Lot 2090",
        "title": "Fantasy Chevrolet Sales & Serv ice Dealership Neon Clock",
        "price": "$2,205"
    },
    {
        "collection": "2021 The Enthusiast Auction",
        "lot": "Lot 2110",
        "title": "Late 1950s Prince George's Cus toms Car Club Member's Jacket",
        "price": "$2,178"
    },
    {
        "collection": "2021 The Enthusiast Auction",
        "lot": "Lot 1049",
        "title": "Jones Stutz Special Boattail R acer 1/8th Scale Model",
        "price": "$2,178"
    },
    {
        "collection": "2021 The Enthusiast Auction",
        "lot": "Lot 2076",
        "title": "Vintage Original Triumph Impor ted Cars Double-Sided Lighted Dealership  Plastic Can Sign",
        "price": "$2,142"
    },
    {
        "collection": "2021 The Enthusiast Auction",
        "lot": "Lot 1150",
        "title": "Buddy L Improved Steam Shovel  #220AB on Treads Pressed Steel Toy",
        "price": "$2,117"
    },
    {
        "collection": "2021 The Enthusiast Auction",
        "lot": "Lot 1",
        "title": "1972 Harley-Davidson MC-65 Shortster",
        "price": "$2,117"
    },
    {
        "collection": "2021 The Enthusiast Auction",
        "lot": "Lot 2123",
        "title": "Schwinn-Whizzer Motor Powered  Bicycle",
        "price": "$2,016"
    },
    {
        "collection": "2021 The Enthusiast Auction",
        "lot": "Lot 1071",
        "title": "Sturditoy U.S. Mail Truck #410  Pressed Steel Toy - Restored",
        "price": "$1,966"
    },
    {
        "collection": "2021 The Enthusiast Auction",
        "lot": "Lot 1024",
        "title": "Child's Pedal Plane AT6/SNJ/Ha rvard",
        "price": "$1,936"
    },
    {
        "collection": "2021 The Enthusiast Auction",
        "lot": "Lot 1065",
        "title": "Sturditoy Dump Truck Pressed S teel Toy - Restored",
        "price": "$1,936"
    },
    {
        "collection": "2021 The Enthusiast Auction",
        "lot": "Lot 2022",
        "title": "Large Collection of Texaco Toy  Trucks, Cars, Trains, Planes, etc.",
        "price": "$1,875"
    },
    {
        "collection": "2021 The Enthusiast Auction",
        "lot": "Lot 1138",
        "title": "Buddy L Road Roller Pressed St eel Toy #209",
        "price": "$1,815"
    },
    {
        "collection": "2021 The Enthusiast Auction",
        "lot": "Lot 1148",
        "title": "Buddy L Large Concrete Mixer # 280 with Treads Pressed Steel Toy",
        "price": "$1,815"
    },
    {
        "collection": "2021 The Enthusiast Auction",
        "lot": "Lot 2050",
        "title": "1986 Sohio Neon Light Fixture  - New in Original Shipping Crate",
        "price": "$1,815"
    },
    {
        "collection": "2021 The Enthusiast Auction",
        "lot": "Lot 1107",
        "title": "1950s Champions Race Car by Yo nezawa, Japan",
        "price": "$1,815"
    },
    {
        "collection": "2021 The Enthusiast Auction",
        "lot": "Lot 1151",
        "title": "Buddy L Locomotive Wrecking Cr ane & Two Coke/Dirt Excavators by Poll M fg. Co. Pressed Steel Toys",
        "price": "$1,815"
    },
    {
        "collection": "2021 The Enthusiast Auction",
        "lot": "Lot 2102",
        "title": "Packard-Earle C. Anthony Prese ntation Gold Watch by Hamilton",
        "price": "$1,815"
    },
    {
        "collection": "2021 The Enthusiast Auction",
        "lot": "Lot 1149",
        "title": "Buddy L Dredger-Excavator on T reads Pressed Steel Toy by T-Reproductio ns",
        "price": "$1,694"
    },
    {
        "collection": "2021 The Enthusiast Auction",
        "lot": "Lot 1054",
        "title": "Sturditoy Armored Truck Presse d Steel Toy",
        "price": "$1,694"
    },
    {
        "collection": "2021 The Enthusiast Auction",
        "lot": "Lot 1193",
        "title": "Five Large Model Ships and Boa ts",
        "price": "$1,638"
    },
    {
        "collection": "2021 The Enthusiast Auction",
        "lot": "Lot 1059",
        "title": "1920s Structo-Packard Hook & L adder Fire Engine",
        "price": "$1,633"
    },
    {
        "collection": "2021 The Enthusiast Auction",
        "lot": "Lot 2115",
        "title": "1948 Tucker Radio in Original  Box",
        "price": "$1,573"
    },
    {
        "collection": "2021 The Enthusiast Auction",
        "lot": "Lot 1170",
        "title": "Smalligan's Large Neon Sign",
        "price": "$1,573"
    },
    {
        "collection": "2021 The Enthusiast Auction",
        "lot": "Lot 2046",
        "title": "Indianapolis 500 Pit Pass Badg e Collection Various Years 1947 to 1981",
        "price": "$1,534"
    },
    {
        "collection": "2021 The Enthusiast Auction",
        "lot": "Lot 2127",
        "title": "Chevron of California Erie Mod el 771 Gas Pump",
        "price": "$1,512"
    },
    {
        "collection": "2021 The Enthusiast Auction",
        "lot": "Lot 2125",
        "title": "1950s Quarter Midget Racing Ca r",
        "price": "$1,476"
    },
    {
        "collection": "2021 The Enthusiast Auction",
        "lot": "Lot 1190",
        "title": "Flashing Double-Sided Arrow",
        "price": "$1,452"
    },
    {
        "collection": "2021 The Enthusiast Auction",
        "lot": "Lot 1192",
        "title": "Two American Folk Art Handbuil t Wooden Model Steam Ships c. 1930s",
        "price": "$1,452"
    },
    {
        "collection": "2021 The Enthusiast Auction",
        "lot": "Lot 1209",
        "title": "Alston's Paint Hand Painted Ad vertising Sign c. 1930",
        "price": "$1,452"
    },
    {
        "collection": "2021 The Enthusiast Auction",
        "lot": "Lot 1066",
        "title": "1920s Sturditoy Huckster (Stre et Vendor) Truck Pressed Steel Toy",
        "price": "$1,452"
    },
    {
        "collection": "2021 The Enthusiast Auction",
        "lot": "Lot 1075",
        "title": "Sturditoy Ambulance Pressed St eel Toy - Restored",
        "price": "$1,452"
    },
    {
        "collection": "2021 The Enthusiast Auction",
        "lot": "Lot 1064",
        "title": "1920s Sturditoy American LaFra nce Water Tower Pressed Steel Toy",
        "price": "$1,452"
    },
    {
        "collection": "2021 The Enthusiast Auction",
        "lot": "Lot 1062",
        "title": "Sturditoy Wrecker Pressed-Stee l Truck - Restored",
        "price": "$1,391"
    },
    {
        "collection": "2021 The Enthusiast Auction",
        "lot": "Lot 2084",
        "title": "NASCAR - 2002 Pepsi 400 Flag",
        "price": "$1,386"
    },
    {
        "collection": "2021 The Enthusiast Auction",
        "lot": "Lot 1104",
        "title": "Keystone Packard Army Ambulanc e Pressed Steel Toy - Restored",
        "price": "$1,331"
    },
    {
        "collection": "2021 The Enthusiast Auction",
        "lot": "Lot 2042",
        "title": "Duesenberg Model J Town Car Or iginal Drawing by Designer Philip O. Wri ght",
        "price": "$1,331"
    },
    {
        "collection": "2021 The Enthusiast Auction",
        "lot": "Lot 1135",
        "title": "Buddy L Outdoor Railroad Steam  Pile Driver Pressed Steel Toy - Restore d",
        "price": "$1,331"
    },
    {
        "collection": "2021 The Enthusiast Auction",
        "lot": "Lot 2082",
        "title": "Alemite Service Station Portab le Lubester",
        "price": "$1,331"
    },
    {
        "collection": "2021 The Enthusiast Auction",
        "lot": "Lot 1077",
        "title": "Sturditoy Gasoline Tanker Truc k Pressed Steel Toy - Restored",
        "price": "$1,331"
    },
    {
        "collection": "2021 The Enthusiast Auction",
        "lot": "Lot 1069",
        "title": "1920s Buddy L Fuel Tanker Truc k Pressed Steel Toy - Restored",
        "price": "$1,331"
    },
    {
        "collection": "2021 The Enthusiast Auction",
        "lot": "Lot 2010",
        "title": "Sieberling Tires Embossed Tin  Sign",
        "price": "$1,331"
    },
    {
        "collection": "2021 The Enthusiast Auction",
        "lot": "Lot 2034",
        "title": "Service Station Lamp Post with  Water and Air Outlets",
        "price": "$1,298"
    },
    {
        "collection": "2021 The Enthusiast Auction",
        "lot": "Lot 2064",
        "title": "NASCAR - 2003 Daytona 500 Flag",
        "price": "$1,260"
    },
    {
        "collection": "2021 The Enthusiast Auction",
        "lot": "Lot 2069",
        "title": "Child's Pedal Airplane, Stearm an Biplane",
        "price": "$1,260"
    },
    {
        "collection": "2021 The Enthusiast Auction",
        "lot": "Lot 2092",
        "title": "Packard Hamilton Pocket Watch  with Stop Watch and Display Case",
        "price": "$1,210"
    },
    {
        "collection": "2021 The Enthusiast Auction",
        "lot": "Lot 1169",
        "title": "c. 1960s Large Cities Service  Double-Sided Sign",
        "price": "$1,210"
    },
    {
        "collection": "2021 The Enthusiast Auction",
        "lot": "Lot 1038",
        "title": "Kiekhaefer Super-10 Hurricane  KG-7H Outboard Motor",
        "price": "$1,210"
    },
    {
        "collection": "2021 The Enthusiast Auction",
        "lot": "Lot 1002",
        "title": "\"No Street Ladies or No Sailo rs Allowed\" Traffic Light",
        "price": "$1,210"
    },
    {
        "collection": "2021 The Enthusiast Auction",
        "lot": "Lot 2",
        "title": "1974 Honda 125XL Dirt Bike",
        "price": "$1,180"
    },
    {
        "collection": "2021 The Enthusiast Auction",
        "lot": "Lot 1073",
        "title": "Sturditoy Police Department Sc reen Side Van Pressed Steel Toy",
        "price": "$1,149"
    },
    {
        "collection": "2021 The Enthusiast Auction",
        "lot": "Lot 2019",
        "title": "Texaco Fuel Truck Neon Sign",
        "price": "$1,149"
    },
    {
        "collection": "2021 The Enthusiast Auction",
        "lot": "Lot 2098",
        "title": "Vintage Pennzoil Motor Oil Ind y 500 Go-Kart Gas Station Promotional Gi veaway",
        "price": "$1,134"
    },
    {
        "collection": "2021 The Enthusiast Auction",
        "lot": "Lot 2083",
        "title": "NASCAR - 2000 Pepsi 400 Flag",
        "price": "$1,134"
    },
    {
        "collection": "2021 The Enthusiast Auction",
        "lot": "Lot 2086",
        "title": "NASCAR - 2002 Daytona 500 Flag",
        "price": "$1,134"
    },
    {
        "collection": "2021 The Enthusiast Auction",
        "lot": "Lot 1063",
        "title": "Buddy L \"Red Baby\" Internation al Harvester Express Truck Pressed Steel  Toy by T-Reproductions",
        "price": "$1,107"
    },
    {
        "collection": "2021 The Enthusiast Auction",
        "lot": "Lot 2021",
        "title": "Large Collection of Texaco Rel ated Toy Trucks, Cars, Planes, etc.",
        "price": "$1,089"
    },
    {
        "collection": "2021 The Enthusiast Auction",
        "lot": "Lot 1020",
        "title": "Junior Wooden Row Boat with Ne ptune WC1 Motor and Display Trailer",
        "price": "$1,089"
    },
    {
        "collection": "2021 The Enthusiast Auction",
        "lot": "Lot 1080",
        "title": "Structo Auto Builder Stutz Bea rcat Speedster #10",
        "price": "$1,089"
    },
    {
        "collection": "2021 The Enthusiast Auction",
        "lot": "Lot 1068",
        "title": "Sturditoy Express Delivery Tru ck Pressed Steel - Restored",
        "price": "$1,089"
    },
    {
        "collection": "2021 The Enthusiast Auction",
        "lot": "Lot 1100",
        "title": "Pair of 1930s Structo Army Amb ulance Pressed Steel Toys - Restored and  Original",
        "price": "$1,089"
    },
    {
        "collection": "2021 The Enthusiast Auction",
        "lot": "Lot 2063",
        "title": "NASCAR - 2000 Daytona 500 Flag",
        "price": "$1,071"
    },
    {
        "collection": "2021 The Enthusiast Auction",
        "lot": "Lot 1167",
        "title": "Buddy L Hoisting Tower Pressed  Steel Toy",
        "price": "$1,071"
    },
    {
        "collection": "2021 The Enthusiast Auction",
        "lot": "Lot 1053",
        "title": "Sturditoy Coal Delivery Truck  Pressed Steel Toy",
        "price": "$1,028"
    },
    {
        "collection": "2021 The Enthusiast Auction",
        "lot": "Lot 1085",
        "title": "1920s Buddy L Open Cab Dump Tr uck Pressed Steel Toy",
        "price": "$1,028"
    },
    {
        "collection": "2021 The Enthusiast Auction",
        "lot": "Lot 1211",
        "title": "Valiant Authorized Service Por celain Sign",
        "price": "$1,028"
    },
    {
        "collection": "2021 The Enthusiast Auction",
        "lot": "Lot 2008",
        "title": "BUICK Illuminated Sign",
        "price": "$1,008"
    },
    {
        "collection": "2021 The Enthusiast Auction",
        "lot": "Lot 1058",
        "title": "Sturditoy American LaFrance Pu mper Fire Engine",
        "price": "$984"
    },
    {
        "collection": "2021 The Enthusiast Auction",
        "lot": "Lot 1103",
        "title": "Sturditoy U.S. Army Truck Pres sed Steel Toy",
        "price": "$968"
    },
    {
        "collection": "2021 The Enthusiast Auction",
        "lot": "Lot 1227",
        "title": "Willard Storage Batteries Porc elainized Large Sign",
        "price": "$968"
    },
    {
        "collection": "2021 The Enthusiast Auction",
        "lot": "Lot 2031",
        "title": "Vintage Marathon Single-Sided  Porcelain Sign",
        "price": "$968"
    },
    {
        "collection": "2021 The Enthusiast Auction",
        "lot": "Lot 1145",
        "title": "Buddy L Concrete Mixer #280 on  Treads Pressed Steel Toy",
        "price": "$968"
    },
    {
        "collection": "2021 The Enthusiast Auction",
        "lot": "Lot 2027",
        "title": "Two Texaco Original Enamel Sig ns Diesel Fuel Pump Plate and Small Star  Logo Plate",
        "price": "$968"
    },
    {
        "collection": "2021 The Enthusiast Auction",
        "lot": "Lot 1027",
        "title": "1913 Waterloo Boy 1 1/2-HP Sta tionary Engine on Cart",
        "price": "$968"
    },
    {
        "collection": "2021 The Enthusiast Auction",
        "lot": "Lot 2023",
        "title": "Large Assortment of Texaco Pro motional Items",
        "price": "$968"
    },
    {
        "collection": "2021 The Enthusiast Auction",
        "lot": "Lot 2054",
        "title": "Buick Authorized Service Neon  Lighted Sign - Reproduction",
        "price": "$968"
    },
    {
        "collection": "2021 The Enthusiast Auction",
        "lot": "Lot 2017",
        "title": "1940s Texaco Lubester - Restor ed",
        "price": "$968"
    },
    {
        "collection": "2021 The Enthusiast Auction",
        "lot": "Lot 1070",
        "title": "1920s Keystone Packard Wrecker  Truck Pressed Steel Toy - Restored",
        "price": "$968"
    },
    {
        "collection": "2021 The Enthusiast Auction",
        "lot": "Lot 1083",
        "title": "Mack Bulldog Tandem Dump Truck  by Turner - Restored",
        "price": "$968"
    },
    {
        "collection": "2021 The Enthusiast Auction",
        "lot": "Lot 1067",
        "title": "1928 Buddy L Wrecker Truck Pre ssed Steel Toy - Restored",
        "price": "$953"
    },
    {
        "collection": "2021 The Enthusiast Auction",
        "lot": "Lot 2065",
        "title": "Duesenberg Model J Boattail Sp eedster Drawing by Car Designer Philip O . Wright",
        "price": "$907"
    },
    {
        "collection": "2021 The Enthusiast Auction",
        "lot": "Lot 2044",
        "title": "Duesenberg Model J Sport Phaet on Original Drawing by Designer Philip O . Wright",
        "price": "$907"
    },
    {
        "collection": "2021 The Enthusiast Auction",
        "lot": "Lot 1183",
        "title": "GULF Gas Station Letters",
        "price": "$907"
    },
    {
        "collection": "2021 The Enthusiast Auction",
        "lot": "Lot 1076",
        "title": "Structo Motor Dispatch Tractor -Trailer Pressed Steel Toy",
        "price": "$882"
    },
    {
        "collection": "2021 The Enthusiast Auction",
        "lot": "Lot 1244",
        "title": "Fisk Tires Pam Lighted Clock",
        "price": "$877"
    },
    {
        "collection": "2021 The Enthusiast Auction",
        "lot": "Lot 2041",
        "title": "Original Silver Arrow Renderin g by Car Designer Philip O. Wright",
        "price": "$847"
    },
    {
        "collection": "2021 The Enthusiast Auction",
        "lot": "Lot 1121",
        "title": "Steelcraft GMC Scissor Action  Dump Truck",
        "price": "$847"
    },
    {
        "collection": "2021 The Enthusiast Auction",
        "lot": "Lot 1091",
        "title": "Fordson Tractor Snow Machine C onversion Salesman's Model and Sled Trai ler",
        "price": "$847"
    },
    {
        "collection": "2021 The Enthusiast Auction",
        "lot": "Lot 2005",
        "title": "Large Vintage Plastic 76 Gas S tation Half Ball Sign",
        "price": "$847"
    },
    {
        "collection": "2021 The Enthusiast Auction",
        "lot": "Lot 2109",
        "title": "Early 1950s Child's Cast Alumi num Carousel Car",
        "price": "$847"
    },
    {
        "collection": "2021 The Enthusiast Auction",
        "lot": "Lot 1004",
        "title": "Three Modern Issue Children's  Push-Pedal Cars",
        "price": "$847"
    },
    {
        "collection": "2021 The Enthusiast Auction",
        "lot": "Lot 1005",
        "title": "Three Vintage Children's Pedal  Cars",
        "price": "$847"
    },
    {
        "collection": "2021 The Enthusiast Auction",
        "lot": "Lot 1194",
        "title": "Lakes Cruiser Steam Powered Bo at by H. E. Boucher c. 1931",
        "price": "$847"
    },
    {
        "collection": "2021 The Enthusiast Auction",
        "lot": "Lot 2096",
        "title": "Texaco Fire Chief Martin & Sch wartz Gasoline Pump Shell",
        "price": "$847"
    },
    {
        "collection": "2021 The Enthusiast Auction",
        "lot": "Lot 2049",
        "title": "1990 Corvette Leather Couch",
        "price": "$847"
    },
    {
        "collection": "2021 The Enthusiast Auction",
        "lot": "Lot 2073",
        "title": "National Cash Register Candy S tore Model 216",
        "price": "$847"
    },
    {
        "collection": "2021 The Enthusiast Auction",
        "lot": "Lot 1180",
        "title": "Two Buffalo Wire Wheel Center  Hub Wrenches",
        "price": "$786"
    },
    {
        "collection": "2021 The Enthusiast Auction",
        "lot": "Lot 1044",
        "title": "Ford Tri-Motor Army Scout Plat e by Steelcraft",
        "price": "$786"
    },
    {
        "collection": "2021 The Enthusiast Auction",
        "lot": "Lot 1087",
        "title": "1928 Buddy L Hydraulic Dump Tr uck Pressed Steel Toy - Restored",
        "price": "$786"
    },
    {
        "collection": "2021 The Enthusiast Auction",
        "lot": "Lot 1246",
        "title": "Stanocola Gasoline Porcelain F lange Sign",
        "price": "$786"
    },
    {
        "collection": "2021 The Enthusiast Auction",
        "lot": "Lot 2078",
        "title": "Lot of 3 - 1940s and 1950s Con oco, Standard Oil and Texaco 5-Gallon Co ntainers",
        "price": "$756"
    },
    {
        "collection": "2021 The Enthusiast Auction",
        "lot": "Lot 2072",
        "title": "NASCAR - Dale Earnhardt One-of -a-Kind Preliminary Pencil Sketch for 19 90 Auto Sport Gallery",
        "price": "$756"
    },
    {
        "collection": "2021 The Enthusiast Auction",
        "lot": "Lot 1215",
        "title": "Pair of Speedway Fuel Oil Glob e Glass Face Plates",
        "price": "$756"
    },
    {
        "collection": "2021 The Enthusiast Auction",
        "lot": "Lot 1105",
        "title": "Son-Ny U.S. Army 1120 Artiller y Truck Pressed Steel Toy",
        "price": "$726"
    },
    {
        "collection": "2021 The Enthusiast Auction",
        "lot": "Lot 1137",
        "title": "Handcrafted Steam Traction Eng ine Tractor Miniature Replica",
        "price": "$726"
    },
    {
        "collection": "2021 The Enthusiast Auction",
        "lot": "Lot 1079",
        "title": "Cor-Cor Inner City Bus Pressed  Steel Toy",
        "price": "$726"
    },
    {
        "collection": "2021 The Enthusiast Auction",
        "lot": "Lot 1124",
        "title": "Three Vintage 1920s-1930s Pres sed Steel Trucks",
        "price": "$726"
    },
    {
        "collection": "2021 The Enthusiast Auction",
        "lot": "Lot 2100",
        "title": "c. 1954 Goalie Arcade Game by  Chicago Coins",
        "price": "$726"
    },
    {
        "collection": "2021 The Enthusiast Auction",
        "lot": "Lot 2111",
        "title": "Shell Oil Portable Lubester",
        "price": "$726"
    },
    {
        "collection": "2021 The Enthusiast Auction",
        "lot": "Lot 1132",
        "title": "1920s Keystone Packard Wrecker  Truck Pressed Steel Toy - Restored",
        "price": "$726"
    },
    {
        "collection": "2021 The Enthusiast Auction",
        "lot": "Lot 1134",
        "title": "Keystone Steam Roller #60 Pres sed Steel Toy",
        "price": "$726"
    },
    {
        "collection": "2021 The Enthusiast Auction",
        "lot": "Lot 2080",
        "title": "NASCAR - Chase Elliott Guitar",
        "price": "$726"
    },
    {
        "collection": "2021 The Enthusiast Auction",
        "lot": "Lot 1202",
        "title": "1940s Champion Spark Plug Porc elain Advertising Sign",
        "price": "$726"
    },
    {
        "collection": "2021 The Enthusiast Auction",
        "lot": "Lot 2025",
        "title": "Texaco Lubester Display Case a nd Lamp",
        "price": "$726"
    },
    {
        "collection": "2021 The Enthusiast Auction",
        "lot": "Lot 1021",
        "title": "Soap Box Derby Race Car",
        "price": "$726"
    },
    {
        "collection": "2021 The Enthusiast Auction",
        "lot": "Lot 2071",
        "title": "NASCAR - Richard Petty One-of- a-Kind Preliminary Pencil Sketch of the  1991 Daytona 500 Program Cover",
        "price": "$726"
    },
    {
        "collection": "2021 The Enthusiast Auction",
        "lot": "Lot 1172",
        "title": "Coca-Cola Porcelain 36\" Button  Sign",
        "price": "$726"
    },
    {
        "collection": "2021 The Enthusiast Auction",
        "lot": "Lot 1074",
        "title": "Sturditoy Traveling Store Van  Pressed Steel Toy",
        "price": "$726"
    },
    {
        "collection": "2021 The Enthusiast Auction",
        "lot": "Lot 1178",
        "title": "Beauty Shoppe Milk Glass Light ed Sign",
        "price": "$726"
    },
    {
        "collection": "2021 The Enthusiast Auction",
        "lot": "Lot 2121",
        "title": "Porsche 24 Hours of Daytona Fr amed Race Poster",
        "price": "$726"
    },
    {
        "collection": "2021 The Enthusiast Auction",
        "lot": "Lot 1106",
        "title": "Oh-Boy #110 Pressed Steel Race  Car",
        "price": "$726"
    },
    {
        "collection": "2021 The Enthusiast Auction",
        "lot": "Lot 2002",
        "title": "Child's Pedal Airplane in Styl e of P51 Mustang",
        "price": "$693"
    },
    {
        "collection": "2021 The Enthusiast Auction",
        "lot": "Lot 2062",
        "title": "Illinois Route 66 Highway Sign",
        "price": "$682"
    },
    {
        "collection": "2021 The Enthusiast Auction",
        "lot": "Lot 1094",
        "title": "Buddy L Ice Truck #207 by T-Re productions",
        "price": "$665"
    },
    {
        "collection": "2021 The Enthusiast Auction",
        "lot": "Lot 2032",
        "title": "Chevrolet Dealership Items, Fo ur Table Lamps, Wall Plaque and Desk Set",
        "price": "$665"
    },
    {
        "collection": "2021 The Enthusiast Auction",
        "lot": "Lot 2000",
        "title": "GMC Illuminated Sign",
        "price": "$665"
    },
    {
        "collection": "2021 The Enthusiast Auction",
        "lot": "Lot 1205",
        "title": "1930s Large Rent-A-Car Hand Pa inted Sign",
        "price": "$665"
    },
    {
        "collection": "2021 The Enthusiast Auction",
        "lot": "Lot 2003",
        "title": "1930s Warsaw (Indiana) Auto Cl ub Sign",
        "price": "$665"
    },
    {
        "collection": "2021 The Enthusiast Auction",
        "lot": "Lot 2018",
        "title": "Texaco Oil Bottle Carrier and  Bottles/Jars",
        "price": "$665"
    },
    {
        "collection": "2021 The Enthusiast Auction",
        "lot": "Lot 2020",
        "title": "Texaco Oil Bottle Carrier Rack  and Bottles - Restored",
        "price": "$665"
    },
    {
        "collection": "2021 The Enthusiast Auction",
        "lot": "Lot 2079",
        "title": "NASCAR 50 Greatest",
        "price": "$630"
    },
    {
        "collection": "2021 The Enthusiast Auction",
        "lot": "Lot 1195",
        "title": "Radio Controlled Submarine #23 7",
        "price": "$630"
    },
    {
        "collection": "2021 The Enthusiast Auction",
        "lot": "Lot 2097",
        "title": "Vintage Weathervane with Early  Speedster Automobile",
        "price": "$630"
    },
    {
        "collection": "2021 The Enthusiast Auction",
        "lot": "Lot 1238",
        "title": "Drink Orange Crush Tin Sign",
        "price": "$630"
    },
    {
        "collection": "2021 The Enthusiast Auction",
        "lot": "Lot 1051",
        "title": "Vintage Republic Tool & Die C2  Corvette 427 Sting Ray Dealer Promo Chi ld's Ride-On Toy Car",
        "price": "$615"
    },
    {
        "collection": "2021 The Enthusiast Auction",
        "lot": "Lot 1256",
        "title": "Lighted Coca-Cola Clock",
        "price": "$605"
    },
    {
        "collection": "2021 The Enthusiast Auction",
        "lot": "Lot 2093",
        "title": "Studebaker Pocket Watch with S top Watch and Display Case",
        "price": "$605"
    },
    {
        "collection": "2021 The Enthusiast Auction",
        "lot": "Lot 1097",
        "title": "Chein Hercules Roadster Presse d Steel Toy",
        "price": "$605"
    },
    {
        "collection": "2021 The Enthusiast Auction",
        "lot": "Lot 2040",
        "title": "Two Movie World Hand-Painted S igns by Von Dutch",
        "price": "$605"
    },
    {
        "collection": "2021 The Enthusiast Auction",
        "lot": "Lot 1146",
        "title": "Buddy L Large Concrete Mixer # 280A on Casters Pressed Steel Toy",
        "price": "$605"
    },
    {
        "collection": "2021 The Enthusiast Auction",
        "lot": "Lot 1147",
        "title": "Buddy L Concrete Mixer #280 on  Treads Pressed Steel Toy",
        "price": "$605"
    },
    {
        "collection": "2021 The Enthusiast Auction",
        "lot": "Lot 1218",
        "title": "1930s NOS Medical Doctor's Veh icle Light",
        "price": "$605"
    },
    {
        "collection": "2021 The Enthusiast Auction",
        "lot": "Lot 2036",
        "title": "Collapsible Landaulet Portrait  by Bill Dobson - Original Artwork",
        "price": "$605"
    },
    {
        "collection": "2021 The Enthusiast Auction",
        "lot": "Lot 2085",
        "title": "NASCAR - 2003 Pepsi 400 Flag",
        "price": "$605"
    },
    {
        "collection": "2021 The Enthusiast Auction",
        "lot": "Lot 1007",
        "title": "Child's \"Comet\" Pedal Car by M urray",
        "price": "$605"
    },
    {
        "collection": "2021 The Enthusiast Auction",
        "lot": "Lot 1009",
        "title": "Gendron Hot Rod Pedal Car - Re stored",
        "price": "$605"
    },
    {
        "collection": "2021 The Enthusiast Auction",
        "lot": "Lot 1023",
        "title": "Child's Pedal Airplane Pitts B iplane",
        "price": "$605"
    },
    {
        "collection": "2021 The Enthusiast Auction",
        "lot": "Lot 2016",
        "title": "1950s Gas Station Steel Trash  Receptacle",
        "price": "$605"
    },
    {
        "collection": "2021 The Enthusiast Auction",
        "lot": "Lot 2006",
        "title": "Three High-Quality Restored Po lly Gas Oil Cans",
        "price": "$605"
    },
    {
        "collection": "2021 The Enthusiast Auction",
        "lot": "Lot 1043",
        "title": "Early Passenger Plane Movie Pr op Model in Style of Stout",
        "price": "$605"
    },
    {
        "collection": "2021 The Enthusiast Auction",
        "lot": "Lot 1045",
        "title": "Lockheed Sirius Dual Cockpit A irplane by Steelcraft",
        "price": "$605"
    },
    {
        "collection": "2021 The Enthusiast Auction",
        "lot": "Lot 1056",
        "title": "1920s Structo Moving Van Press ed Steel Toy Truck",
        "price": "$605"
    },
    {
        "collection": "2021 The Enthusiast Auction",
        "lot": "Lot 1243",
        "title": "Lighted Grain Belt Beer Double -Sided Sign",
        "price": "$605"
    },
    {
        "collection": "2021 The Enthusiast Auction",
        "lot": "Lot 2011",
        "title": "Circa 1950s Hair Style Lighted  Barber Pole",
        "price": "$605"
    },
    {
        "collection": "2021 The Enthusiast Auction",
        "lot": "Lot 1078",
        "title": "Buddy L Ford Model T Roadster  Pickup Pressed Steel Toy - Restored",
        "price": "$605"
    },
    {
        "collection": "2021 The Enthusiast Auction",
        "lot": "Lot 1086",
        "title": "Sturditoy Railway Express Truc k Pressed Steel Toy",
        "price": "$605"
    },
    {
        "collection": "2021 The Enthusiast Auction",
        "lot": "Lot 1093",
        "title": "Keystone Packard U.S. Army Tru ck No. 48 Pressed Steel Toy",
        "price": "$605"
    },
    {
        "collection": "2021 The Enthusiast Auction",
        "lot": "Lot 2043",
        "title": "Two Original Drawings 1935 and  1936 Fords by Designer Philip O. Wright",
        "price": "$590"
    },
    {
        "collection": "2021 The Enthusiast Auction",
        "lot": "Lot 1028",
        "title": "Harley-Davidson Blackhawk Boy' s Bicycle by Roadmaster Industries 1994",
        "price": "$553"
    },
    {
        "collection": "2021 The Enthusiast Auction",
        "lot": "Lot 1116",
        "title": "Collection of Five WeeBee Toys  Pressed Steel Art Toys by Robinson",
        "price": "$544"
    },
    {
        "collection": "2021 The Enthusiast Auction",
        "lot": "Lot 2047",
        "title": "Ed \"Big Daddy\" Roth Custom Pai nted Container",
        "price": "$544"
    },
    {
        "collection": "2021 The Enthusiast Auction",
        "lot": "Lot 1223",
        "title": "1959-1960 Chevrolet Corvette F iberglass Go-Kart Body",
        "price": "$544"
    },
    {
        "collection": "2021 The Enthusiast Auction",
        "lot": "Lot 1191",
        "title": "Citgo Exterior Wall Sign",
        "price": "$544"
    },
    {
        "collection": "2021 The Enthusiast Auction",
        "lot": "Lot 1072",
        "title": "Chein Hercules Dump Truck Pres sed Steel Toy",
        "price": "$544"
    },
    {
        "collection": "2021 The Enthusiast Auction",
        "lot": "Lot 2055",
        "title": "Pair of Auto or Carriage Peerl ess \"O\" Brass Lamps",
        "price": "$544"
    },
    {
        "collection": "2021 The Enthusiast Auction",
        "lot": "Lot 1006",
        "title": "Two Children's Pedal Cars in t he Style of Murray",
        "price": "$544"
    },
    {
        "collection": "2021 The Enthusiast Auction",
        "lot": "Lot 1186",
        "title": "Texaco Gas Station Restroom Ke y Board 1974",
        "price": "$544"
    },
    {
        "collection": "2021 The Enthusiast Auction",
        "lot": "Lot 1047",
        "title": "Restored Goodyear Zeppelin by  Steelcraft",
        "price": "$544"
    },
    {
        "collection": "2021 The Enthusiast Auction",
        "lot": "Lot 1052",
        "title": "1920s Buddy L Insurance Patrol  Truck Pressed Steel Toy - Restored",
        "price": "$544"
    },
    {
        "collection": "2021 The Enthusiast Auction",
        "lot": "Lot 1175",
        "title": "1950s Lone Star Beer Neon Sign",
        "price": "$544"
    },
    {
        "collection": "2021 The Enthusiast Auction",
        "lot": "Lot 1098",
        "title": "Early 1930s Schieble Toys Oper a Coupe Pressed Steel Toy",
        "price": "$544"
    },
    {
        "collection": "2021 The Enthusiast Auction",
        "lot": "Lot 2004",
        "title": "1960s Atlantic Gasoline Porcel ain Sign",
        "price": "$544"
    },
    {
        "collection": "2021 The Enthusiast Auction",
        "lot": "Lot 1212",
        "title": "Pepsi Double Dot Telechron Clo ck",
        "price": "$544"
    },
    {
        "collection": "2021 The Enthusiast Auction",
        "lot": "Lot 1242",
        "title": "NOS Sunbeam Bread Sign",
        "price": "$535"
    },
    {
        "collection": "2021 The Enthusiast Auction",
        "lot": "Lot 1249",
        "title": "Fantasy Orange Crush Double Bu bble Clock",
        "price": "$514"
    },
    {
        "collection": "2021 The Enthusiast Auction",
        "lot": "Lot 1185",
        "title": "Dependable Delco-Light Embosse d Tin Sign",
        "price": "$514"
    },
    {
        "collection": "2021 The Enthusiast Auction",
        "lot": "Lot 1210",
        "title": "Pair of Speedway \"79\" Gas Glob e Glass Face Plates",
        "price": "$504"
    },
    {
        "collection": "2021 The Enthusiast Auction",
        "lot": "Lot 2026",
        "title": "Three Large Texaco Trucks, Pre ssed Steel Toys",
        "price": "$496"
    },
    {
        "collection": "2021 The Enthusiast Auction",
        "lot": "Lot 1214",
        "title": "Fantasy Nesbitt's Orange Doubl e Bubble Clock",
        "price": "$484"
    },
    {
        "collection": "2021 The Enthusiast Auction",
        "lot": "Lot 2091",
        "title": "Pontiac Elgin Pocket Watch wit h Glass Display Case",
        "price": "$484"
    },
    {
        "collection": "2021 The Enthusiast Auction",
        "lot": "Lot 1128",
        "title": "Handbuilt Tandem Large Travel  Trailer",
        "price": "$484"
    },
    {
        "collection": "2021 The Enthusiast Auction",
        "lot": "Lot 1251",
        "title": "Lighted Coca-Cola Clock",
        "price": "$484"
    },
    {
        "collection": "2021 The Enthusiast Auction",
        "lot": "Lot 1196",
        "title": "Lighted Coca-Cola Clock",
        "price": "$484"
    },
    {
        "collection": "2021 The Enthusiast Auction",
        "lot": "Lot 2059",
        "title": "Arizona Route 66 Highway Sign",
        "price": "$484"
    },
    {
        "collection": "2021 The Enthusiast Auction",
        "lot": "Lot 2052",
        "title": "California Route 66 Highway Si gn",
        "price": "$484"
    },
    {
        "collection": "2021 The Enthusiast Auction",
        "lot": "Lot 1118",
        "title": "Girard Auto Transport Deluxe T ruck-Trailer and Cars Pressed Steel Toys",
        "price": "$484"
    },
    {
        "collection": "2021 The Enthusiast Auction",
        "lot": "Lot 2061",
        "title": "Kansas Route 66 Highway Sign",
        "price": "$484"
    },
    {
        "collection": "2021 The Enthusiast Auction",
        "lot": "Lot 1224",
        "title": "Structo Yuba Tractor Wind-Up P ressed Steel Toy",
        "price": "$484"
    },
    {
        "collection": "2021 The Enthusiast Auction",
        "lot": "Lot 2048",
        "title": "Vintage Cardboard Super-Mark T ires Advertising Sign",
        "price": "$484"
    },
    {
        "collection": "2021 The Enthusiast Auction",
        "lot": "Lot 1108",
        "title": "1927 Sunbeam Land Speed Record  Pressed-Steel Toy Car by Kingsbury - Re stored",
        "price": "$484"
    },
    {
        "collection": "2021 The Enthusiast Auction",
        "lot": "Lot 1165",
        "title": "Blue Bird Napier-Campbell Spec ial Pressed Steel Toy by Kingsbury - Res tored",
        "price": "$484"
    },
    {
        "collection": "2021 The Enthusiast Auction",
        "lot": "Lot 1129",
        "title": "1930s Wyandotte Dump Truck Pre ssed Steel Toy - Restored",
        "price": "$484"
    },
    {
        "collection": "2021 The Enthusiast Auction",
        "lot": "Lot 2037",
        "title": "Fernandez & Darrin Sedanaca De ville by Bill Dobson",
        "price": "$484"
    },
    {
        "collection": "2021 The Enthusiast Auction",
        "lot": "Lot 1050",
        "title": "Vintage Large Scale Quality Cr aftsman Built Standard Oil / Drake Oil D rilling Rig",
        "price": "$484"
    },
    {
        "collection": "2021 The Enthusiast Auction",
        "lot": "Lot 1141",
        "title": "Nylint Pressed Steel Mobile Ho me Camper Toy Truck & Trailer",
        "price": "$484"
    },
    {
        "collection": "2021 The Enthusiast Auction",
        "lot": "Lot 1030",
        "title": "Collection of Large Oil Cans C apitol Eastern State and Capitol",
        "price": "$484"
    },
    {
        "collection": "2021 The Enthusiast Auction",
        "lot": "Lot 1198",
        "title": "1940s Coca-Cola Running Board  Ice Cooler",
        "price": "$484"
    },
    {
        "collection": "2021 The Enthusiast Auction",
        "lot": "Lot 1252",
        "title": "Rocky Marciano Autograph",
        "price": "$484"
    },
    {
        "collection": "2021 The Enthusiast Auction",
        "lot": "Lot 1216",
        "title": "Vintage Biplane Weathervane",
        "price": "$484"
    },
    {
        "collection": "2021 The Enthusiast Auction",
        "lot": "Lot 2070",
        "title": "APBA Junior Racing Boat",
        "price": "$484"
    },
    {
        "collection": "2021 The Enthusiast Auction",
        "lot": "Lot 1092",
        "title": "1920s Steelcraft Mack Bulldog  Dump Truck Pressed Steel Toy",
        "price": "$484"
    },
    {
        "collection": "2021 The Enthusiast Auction",
        "lot": "Lot 1204",
        "title": "Lighted Double-Sided RC Cola S ign",
        "price": "$484"
    },
    {
        "collection": "2021 The Enthusiast Auction",
        "lot": "Lot 1155",
        "title": "1930s Buddy L Sand Screener Pr essed Steel Toy",
        "price": "$484"
    },
    {
        "collection": "2021 The Enthusiast Auction",
        "lot": "Lot 1061",
        "title": "Late 1920s Structo U.S. Mail T ruck Pressed Steel - Restored",
        "price": "$484"
    },
    {
        "collection": "2021 The Enthusiast Auction",
        "lot": "Lot 1203",
        "title": "Coca-Cola Porcelain 24\" Button  Sign",
        "price": "$484"
    },
    {
        "collection": "2021 The Enthusiast Auction",
        "lot": "Lot 1060",
        "title": "1920s Structo Police Patrol Pr essed Steel Toy - Restored",
        "price": "$484"
    },
    {
        "collection": "2021 The Enthusiast Auction",
        "lot": "Lot 1011",
        "title": "Two Michiana Flyer Irish Mail  Carts",
        "price": "$472"
    },
    {
        "collection": "2021 The Enthusiast Auction",
        "lot": "Lot 1036",
        "title": "Monark Silver King 1950s Boy's  Bicycle",
        "price": "$453"
    },
    {
        "collection": "2021 The Enthusiast Auction",
        "lot": "Lot 1184",
        "title": "Enjoy Grapette Pam Clock",
        "price": "$423"
    },
    {
        "collection": "2021 The Enthusiast Auction",
        "lot": "Lot 1125",
        "title": "Marx Deluxe Delivery Pressed S teel \"Ride-On\" Truck",
        "price": "$423"
    },
    {
        "collection": "2021 The Enthusiast Auction",
        "lot": "Lot 2058",
        "title": "Oklahoma Route 66 Highway Sign",
        "price": "$423"
    },
    {
        "collection": "2021 The Enthusiast Auction",
        "lot": "Lot 2030",
        "title": "Parking Meter Table Lamp",
        "price": "$423"
    },
    {
        "collection": "2021 The Enthusiast Auction",
        "lot": "Lot 1261",
        "title": "Set of SHELL Illuminated Lette rs",
        "price": "$423"
    },
    {
        "collection": "2021 The Enthusiast Auction",
        "lot": "Lot 1010",
        "title": "Oliver Row Crop 70 Pedal Tract or 1999",
        "price": "$423"
    },
    {
        "collection": "2021 The Enthusiast Auction",
        "lot": "Lot 2057",
        "title": "Oliver Row Crop 88 Child's Ped al Tractor and Trailer",
        "price": "$423"
    },
    {
        "collection": "2021 The Enthusiast Auction",
        "lot": "Lot 1014",
        "title": "AMF Minneapolis-Moline Tot-Tra ctor Pedal Toy",
        "price": "$423"
    },
    {
        "collection": "2021 The Enthusiast Auction",
        "lot": "Lot 2014",
        "title": "Formula 1 - Nicholas Watts Unf ramed Print Titled \"Targa Florio 1970\"",
        "price": "$423"
    },
    {
        "collection": "2021 The Enthusiast Auction",
        "lot": "Lot 2007",
        "title": "Two Polly Gas Restored Oil Can s",
        "price": "$423"
    },
    {
        "collection": "2021 The Enthusiast Auction",
        "lot": "Lot 1048",
        "title": "U.S. Army Curtis-Hawk by Cramp  & Junior Aviation Construction Series S et Airplane",
        "price": "$423"
    },
    {
        "collection": "2021 The Enthusiast Auction",
        "lot": "Lot 1055",
        "title": "Steelcraft 1928 Mack AC C-Cab  Dump Truck",
        "price": "$423"
    },
    {
        "collection": "2021 The Enthusiast Auction",
        "lot": "Lot 1173",
        "title": "Floyd Rink's Tin Flange Sign",
        "price": "$423"
    },
    {
        "collection": "2021 The Enthusiast Auction",
        "lot": "Lot 1174",
        "title": "Fruit Bowl Soda Tin Flange Sig n",
        "price": "$423"
    },
    {
        "collection": "2021 The Enthusiast Auction",
        "lot": "Lot 1084",
        "title": "Late 1920s Cor-Cor Tractor & T railer Set Pressed Steel Toy",
        "price": "$423"
    },
    {
        "collection": "2021 The Enthusiast Auction",
        "lot": "Lot 1082",
        "title": "1930s Dayton Friction Toy Co.  Roadster Pressed Steel Toy",
        "price": "$423"
    },
    {
        "collection": "2021 The Enthusiast Auction",
        "lot": "Lot 2053",
        "title": "Texas Route 66 Highway Sign",
        "price": "$413"
    },
    {
        "collection": "2021 The Enthusiast Auction",
        "lot": "Lot 2033",
        "title": "Six NOS Indianapolis 500 Yearb ooks by Clymer",
        "price": "$378"
    },
    {
        "collection": "2021 The Enthusiast Auction",
        "lot": "Lot 2013",
        "title": "Formula 1 - Nicholas Watts Fra med Print \"The Hippie Car\"",
        "price": "$378"
    },
    {
        "collection": "2021 The Enthusiast Auction",
        "lot": "Lot 2105",
        "title": "Formula 1 - Michael Schumacher  Shadow Box and Autographed Framed Item",
        "price": "$372"
    },
    {
        "collection": "2021 The Enthusiast Auction",
        "lot": "Lot 1003",
        "title": "Lighted Coca-Cola Clock",
        "price": "$369"
    },
    {
        "collection": "2021 The Enthusiast Auction",
        "lot": "Lot 1265",
        "title": "1990s Fun Kart Go-Kart",
        "price": "$369"
    },
    {
        "collection": "2021 The Enthusiast Auction",
        "lot": "Lot 1095",
        "title": "Son-Ny Dump Truck Pressed Stee l Toy",
        "price": "$363"
    },
    {
        "collection": "2021 The Enthusiast Auction",
        "lot": "Lot 2060",
        "title": "New Mexico Route 66 Highway Si gn",
        "price": "$363"
    },
    {
        "collection": "2021 The Enthusiast Auction",
        "lot": "Lot 1119",
        "title": "Schieble Toys Sedan Pressed St eel Toy Car",
        "price": "$363"
    },
    {
        "collection": "2021 The Enthusiast Auction",
        "lot": "Lot 1111",
        "title": "Two Trucks Steelcraft 1920s Ma ck Bulldog Tractor and Buddy L 1960s Aut o Transport",
        "price": "$363"
    },
    {
        "collection": "2021 The Enthusiast Auction",
        "lot": "Lot 1112",
        "title": "Collection of Minneapolis-Moli ne Pressed Steel Toys - Restored",
        "price": "$363"
    },
    {
        "collection": "2021 The Enthusiast Auction",
        "lot": "Lot 1122",
        "title": "Two Doepke American LaFrance L adder Truck Pressed Steel Toys",
        "price": "$363"
    },
    {
        "collection": "2021 The Enthusiast Auction",
        "lot": "Lot 2089",
        "title": "Two Vintage Heavy Duty Hydraul ic Floor Jacks",
        "price": "$363"
    },
    {
        "collection": "2021 The Enthusiast Auction",
        "lot": "Lot 1139",
        "title": "Child's Riding Steam Tractor P ush Toy",
        "price": "$363"
    },
    {
        "collection": "2021 The Enthusiast Auction",
        "lot": "Lot 1133",
        "title": "Two Chein Hercules Trucks Pres sed Steel Toys",
        "price": "$363"
    },
    {
        "collection": "2021 The Enthusiast Auction",
        "lot": "Lot 1131",
        "title": "Buddy L Stake Bed Custom Resto ration Truck Pressed Steel Toy",
        "price": "$363"
    },
    {
        "collection": "2021 The Enthusiast Auction",
        "lot": "Lot 1123",
        "title": "Three Orange Structo Trucks Pr essed Steel Toys",
        "price": "$363"
    },
    {
        "collection": "2021 The Enthusiast Auction",
        "lot": "Lot 2028",
        "title": "Texaco Sky Chief Supreme With  Petrox 1960 Gas Pump Enamel Sign",
        "price": "$363"
    },
    {
        "collection": "2021 The Enthusiast Auction",
        "lot": "Lot 1159",
        "title": "Four Doepke and Structo Bulldo zer, Land Mover Pressed Steel Toys",
        "price": "$363"
    },
    {
        "collection": "2021 The Enthusiast Auction",
        "lot": "Lot 1140",
        "title": "Vintage Structo Farms Pressed  Steel Toy Truck, Van & Trailer Set in Bo x",
        "price": "$363"
    },
    {
        "collection": "2021 The Enthusiast Auction",
        "lot": "Lot 1257",
        "title": "Vintage Original 1961 Texaco F ire Chief Porcelain Gas Pump Plate Sign",
        "price": "$363"
    },
    {
        "collection": "2021 The Enthusiast Auction",
        "lot": "Lot 1188",
        "title": "PAM Dairy Queen Advertising Cl ock",
        "price": "$363"
    },
    {
        "collection": "2021 The Enthusiast Auction",
        "lot": "Lot 1126",
        "title": "1930s Wyandotte Heavy-Duty Gas  Truck Pressed Steel Toy",
        "price": "$363"
    },
    {
        "collection": "2021 The Enthusiast Auction",
        "lot": "Lot 1157",
        "title": "Three Vintage Army Tanks Press ed Steel Toys",
        "price": "$363"
    },
    {
        "collection": "2021 The Enthusiast Auction",
        "lot": "Lot 1008",
        "title": "Stutz Bearcat Battery Powered  Child's Car by Marx",
        "price": "$363"
    },
    {
        "collection": "2021 The Enthusiast Auction",
        "lot": "Lot 1012",
        "title": "Taylor Velocipede Chain Drive  Tricycle",
        "price": "$363"
    },
    {
        "collection": "2021 The Enthusiast Auction",
        "lot": "Lot 1013",
        "title": "Three Child Powered Vehicles",
        "price": "$363"
    },
    {
        "collection": "2021 The Enthusiast Auction",
        "lot": "Lot 1228",
        "title": "Large Traffic Signal Decorator  Light",
        "price": "$363"
    },
    {
        "collection": "2021 The Enthusiast Auction",
        "lot": "Lot 1022",
        "title": "Child's Pedal Airplane in the  Style of P51 Mustang",
        "price": "$363"
    },
    {
        "collection": "2021 The Enthusiast Auction",
        "lot": "Lot 1037",
        "title": "Worksman Industrial Tricycle",
        "price": "$363"
    },
    {
        "collection": "2021 The Enthusiast Auction",
        "lot": "Lot 2015",
        "title": "Formula 1 - Nicholas Watts Unf ramed Print Titled \"Champagne Victory\"",
        "price": "$363"
    },
    {
        "collection": "2021 The Enthusiast Auction",
        "lot": "Lot 1042",
        "title": "Large Waco SRE-UC-72 High-Wing  Radio-Controlled Model Airplane",
        "price": "$363"
    },
    {
        "collection": "2021 The Enthusiast Auction",
        "lot": "Lot 1046",
        "title": "Two 1930s Tip-Top Toys No. 300  Monoplane Pressed Steel Toys",
        "price": "$363"
    },
    {
        "collection": "2021 The Enthusiast Auction",
        "lot": "Lot 2035",
        "title": "Fantasy Polly Gas Neon Clock",
        "price": "$363"
    },
    {
        "collection": "2021 The Enthusiast Auction",
        "lot": "Lot 1081",
        "title": "1920s Structo Police Patrol Pr essed Steel Toy",
        "price": "$363"
    },
    {
        "collection": "2021 The Enthusiast Auction",
        "lot": "Lot 1154",
        "title": "Doepke No. 2013 Barber Greene  Mobile High-Capacity Bucket Loader Press ed Steel Toy",
        "price": "$363"
    },
    {
        "collection": "2021 The Enthusiast Auction",
        "lot": "Lot 1219",
        "title": "American Bald Eagle Copper Scu lpture",
        "price": "$363"
    },
    {
        "collection": "2021 The Enthusiast Auction",
        "lot": "Lot 1171",
        "title": "NOS Turtle Wax Display Rack wi th Box",
        "price": "$363"
    },
    {
        "collection": "2021 The Enthusiast Auction",
        "lot": "Lot 1176",
        "title": "Duco Dulux Necol Paints Porcel ain Flange Sign",
        "price": "$363"
    },
    {
        "collection": "2021 The Enthusiast Auction",
        "lot": "Lot 1177",
        "title": "Shell Fertilizers Pam Clock",
        "price": "$363"
    },
    {
        "collection": "2021 The Enthusiast Auction",
        "lot": "Lot 1156",
        "title": "Collection of 4 Tractors on Tr eads",
        "price": "$332"
    },
    {
        "collection": "2021 The Enthusiast Auction",
        "lot": "Lot 1025",
        "title": "Child's Pedal Airplane Navy Fi ghter",
        "price": "$315"
    },
    {
        "collection": "2021 The Enthusiast Auction",
        "lot": "Lot 1200",
        "title": "Six Green Porcelain Vintage Ga s Station Light Fixtures",
        "price": "$302"
    },
    {
        "collection": "2021 The Enthusiast Auction",
        "lot": "Lot 1096",
        "title": "Doepke Euclid Land Scraper Pre ssed Steel Toy",
        "price": "$302"
    },
    {
        "collection": "2021 The Enthusiast Auction",
        "lot": "Lot 1163",
        "title": "Structo Builder High Wheel Tra ctor with Trailer-Land Scraper Pressed S teel Toys",
        "price": "$302"
    },
    {
        "collection": "2021 The Enthusiast Auction",
        "lot": "Lot 1230",
        "title": "Pair of 1920s Darrell-Lite Dri ving Lamps",
        "price": "$302"
    },
    {
        "collection": "2021 The Enthusiast Auction",
        "lot": "Lot 1153",
        "title": "Doepke Barber Greene High Capa city Bucket Loader Pressed Steel Toy",
        "price": "$302"
    },
    {
        "collection": "2021 The Enthusiast Auction",
        "lot": "Lot 1201",
        "title": "Copper Roadster Weathervane To pper - American Folk Art",
        "price": "$302"
    },
    {
        "collection": "2021 The Enthusiast Auction",
        "lot": "Lot 1158",
        "title": "Arcade McCormick-Deering Tract or-Thresher Cast Iron Toy",
        "price": "$302"
    },
    {
        "collection": "2021 The Enthusiast Auction",
        "lot": "Lot 1029",
        "title": "1960s Original Prestone Antifr eeze Thermometer",
        "price": "$302"
    },
    {
        "collection": "2021 The Enthusiast Auction",
        "lot": "Lot 1168",
        "title": "Underground Railway Monument C ast Aluminum",
        "price": "$302"
    },
    {
        "collection": "2021 The Enthusiast Auction",
        "lot": "Lot 1207",
        "title": "1934 Ionia Free Fair Auto Race s with Lou Schneider Official Promotiona l Poster",
        "price": "$302"
    },
    {
        "collection": "2021 The Enthusiast Auction",
        "lot": "Lot 1040",
        "title": "German BF109 Large Radio-Contr olled Model Airplane",
        "price": "$302"
    },
    {
        "collection": "2021 The Enthusiast Auction",
        "lot": "Lot 1187",
        "title": "Gulf Oil New No-Nox Gas Pump P late",
        "price": "$302"
    },
    {
        "collection": "2021 The Enthusiast Auction",
        "lot": "Lot 1057",
        "title": "1950s Marx Willys Jeep with Tr ailer Pressed Steel Toy",
        "price": "$302"
    },
    {
        "collection": "2021 The Enthusiast Auction",
        "lot": "Lot 2051",
        "title": "Early Fordson Tractor Cutaway  Advertisement",
        "price": "$302"
    },
    {
        "collection": "2021 The Enthusiast Auction",
        "lot": "Lot 1239",
        "title": "Early Leak's Ice Cream Tin Tac ker Sign",
        "price": "$302"
    },
    {
        "collection": "2021 The Enthusiast Auction",
        "lot": "Lot 1247",
        "title": "Wix Filters Lighted Sign",
        "price": "$302"
    },
    {
        "collection": "2021 The Enthusiast Auction",
        "lot": "Lot 1034",
        "title": "Hiawatha-Gambles Boy's Bicycle",
        "price": "$276"
    },
    {
        "collection": "2021 The Enthusiast Auction",
        "lot": "Lot 1232",
        "title": "1920s NOS Moon Motors Radiator  Car Emblem",
        "price": "$272"
    },
    {
        "collection": "2021 The Enthusiast Auction",
        "lot": "Lot 1166",
        "title": "Two Large Vintage Model Airpla ne Engines",
        "price": "$252"
    },
    {
        "collection": "2021 The Enthusiast Auction",
        "lot": "Lot 2066",
        "title": "IndyCar - 1912 Indy 500 Joe Da wson Pencil Sketch by John Napier Hill",
        "price": "$252"
    },
    {
        "collection": "2021 The Enthusiast Auction",
        "lot": "Lot 2067",
        "title": "IndyCar - 1913 Indy 500 Jules  Goux Pencil Sketch by John Napier Hill",
        "price": "$252"
    },
    {
        "collection": "2021 The Enthusiast Auction",
        "lot": "Lot 2075",
        "title": "Lot of 2 Vintage NOS Auburn Ti re Display Stand Signs",
        "price": "$246"
    },
    {
        "collection": "2021 The Enthusiast Auction",
        "lot": "Lot 1250",
        "title": "Lighted Burger Beer Advertisin g Light",
        "price": "$242"
    },
    {
        "collection": "2021 The Enthusiast Auction",
        "lot": "Lot 2056",
        "title": "1907 REO Country Road Meeting  Original Artwork",
        "price": "$242"
    },
    {
        "collection": "2021 The Enthusiast Auction",
        "lot": "Lot 2094",
        "title": "Oldsmobile Elgin Pocket Watch  with Stop Watch and Display Case",
        "price": "$242"
    },
    {
        "collection": "2021 The Enthusiast Auction",
        "lot": "Lot 1114",
        "title": "Structo Army Truck Pressed Ste el Toy With Headlights",
        "price": "$242"
    },
    {
        "collection": "2021 The Enthusiast Auction",
        "lot": "Lot 1113",
        "title": "Dayton Armored Car Pressed Ste el Toy",
        "price": "$242"
    },
    {
        "collection": "2021 The Enthusiast Auction",
        "lot": "Lot 2029",
        "title": "Collection of Vintage Texaco I tems",
        "price": "$242"
    },
    {
        "collection": "2021 The Enthusiast Auction",
        "lot": "Lot 1164",
        "title": "Collection of Three Tractor To ys",
        "price": "$242"
    },
    {
        "collection": "2021 The Enthusiast Auction",
        "lot": "Lot 1109",
        "title": "1933 Blue Bird and Golden Arro w Land Speed Records Cars by Schylling -  Lot of 2",
        "price": "$242"
    },
    {
        "collection": "2021 The Enthusiast Auction",
        "lot": "Lot 2039",
        "title": "F.lli Marchand Piacenza Automo bili e Velocipedi Original Poster",
        "price": "$242"
    },
    {
        "collection": "2021 The Enthusiast Auction",
        "lot": "Lot 1130",
        "title": "1920s Structo Fire Truck Press ed Steel Toy",
        "price": "$242"
    },
    {
        "collection": "2021 The Enthusiast Auction",
        "lot": "Lot 1225",
        "title": "Early 1920s Structo Traction C rawler Wind-Up Toy with Two Trailers",
        "price": "$242"
    },
    {
        "collection": "2021 The Enthusiast Auction",
        "lot": "Lot 1143",
        "title": "Sturditoy Steam Shovel Pressed  Steel Toy",
        "price": "$242"
    },
    {
        "collection": "2021 The Enthusiast Auction",
        "lot": "Lot 2087",
        "title": "1930s-1960s Collection of Serv ice Station Tools",
        "price": "$242"
    },
    {
        "collection": "2021 The Enthusiast Auction",
        "lot": "Lot 1120",
        "title": "Dayton Friction Toy Opera Coup e Pressed Steel Toy",
        "price": "$242"
    },
    {
        "collection": "2021 The Enthusiast Auction",
        "lot": "Lot 2095",
        "title": "1950s Vintage Arrowhead Bottle d Water Dispenser",
        "price": "$242"
    },
    {
        "collection": "2021 The Enthusiast Auction",
        "lot": "Lot 1160",
        "title": "Three Doepke-Structo Land Move r Pressed Steel Toys",
        "price": "$242"
    },
    {
        "collection": "2021 The Enthusiast Auction",
        "lot": "Lot 1142",
        "title": "Buddy L Pile Driver Pressed St eel Toy",
        "price": "$242"
    },
    {
        "collection": "2021 The Enthusiast Auction",
        "lot": "Lot 1102",
        "title": "1940s Structo Army Transport T ruck Pressed Steel Toy",
        "price": "$242"
    },
    {
        "collection": "2021 The Enthusiast Auction",
        "lot": "Lot 1115",
        "title": "Handbuilt Pre-WWII Military Ta nk Folk Art",
        "price": "$242"
    },
    {
        "collection": "2021 The Enthusiast Auction",
        "lot": "Lot 2081",
        "title": "AC Spark Plug Cleaner Model K",
        "price": "$242"
    },
    {
        "collection": "2021 The Enthusiast Auction",
        "lot": "Lot 1181",
        "title": "Three Cadillac, Camaro Pace Ca r and Corvette Dealership Display Items",
        "price": "$242"
    },
    {
        "collection": "2021 The Enthusiast Auction",
        "lot": "Lot 1234",
        "title": "Two Shell Gas Station Attendan t Jackets",
        "price": "$242"
    },
    {
        "collection": "2021 The Enthusiast Auction",
        "lot": "Lot 1161",
        "title": "Three Walbert, Wolverine and M iyazawa Military Pressed Steel Toys USA  & Japan",
        "price": "$242"
    },
    {
        "collection": "2021 The Enthusiast Auction",
        "lot": "Lot 2074",
        "title": "Vintage Original Michigan High way M10 Sign",
        "price": "$242"
    },
    {
        "collection": "2021 The Enthusiast Auction",
        "lot": "Lot 1260",
        "title": "Vintage Original Bear-Shaped 1 970 Northwest Territories",
        "price": "$242"
    },
    {
        "collection": "2021 The Enthusiast Auction",
        "lot": "Lot 2045",
        "title": "Renault at Speed Grand Prix de  Prix 1906 by E. Montaut Period Print",
        "price": "$242"
    },
    {
        "collection": "2021 The Enthusiast Auction",
        "lot": "Lot 2001",
        "title": "1970s VW Volkswagen Rear Deck  Lid Display Sign with License Plate",
        "price": "$242"
    },
    {
        "collection": "2021 The Enthusiast Auction",
        "lot": "Lot 1189",
        "title": "WCEC WFMA Rocky Mount, North C arolina Radio Station Art Deco Call Lett ers Sign",
        "price": "$242"
    },
    {
        "collection": "2021 The Enthusiast Auction",
        "lot": "Lot 1015",
        "title": "Murray Two-Ton Pedal Tractor a nd Trailer",
        "price": "$242"
    },
    {
        "collection": "2021 The Enthusiast Auction",
        "lot": "Lot 1179",
        "title": "Two Dunlop Wheel Wrenches",
        "price": "$242"
    },
    {
        "collection": "2021 The Enthusiast Auction",
        "lot": "Lot 1016",
        "title": "Hand-built Roadster Pedal Car  from House of David",
        "price": "$242"
    },
    {
        "collection": "2021 The Enthusiast Auction",
        "lot": "Lot 1017",
        "title": "Early 1900s Child's Bicycle",
        "price": "$242"
    },
    {
        "collection": "2021 The Enthusiast Auction",
        "lot": "Lot 1018",
        "title": "Three Vintage Children's Tricy cles",
        "price": "$242"
    },
    {
        "collection": "2021 The Enthusiast Auction",
        "lot": "Lot 1019",
        "title": "Homemade Locomotive Riding Pul l Toy",
        "price": "$242"
    },
    {
        "collection": "2021 The Enthusiast Auction",
        "lot": "Lot 2068",
        "title": "IndyCar - 1914 Indy 500 Rene T homas Pencil Sketch by John Napier Hill",
        "price": "$242"
    },
    {
        "collection": "2021 The Enthusiast Auction",
        "lot": "Lot 1199",
        "title": "Three Vintage 5-Gallon Oil Con tainers",
        "price": "$242"
    },
    {
        "collection": "2021 The Enthusiast Auction",
        "lot": "Lot 1026",
        "title": "Child's Ride Space Shuttle Bod y",
        "price": "$242"
    },
    {
        "collection": "2021 The Enthusiast Auction",
        "lot": "Lot 1208",
        "title": "Large Reo Motor Car Factory Ae rial Photo",
        "price": "$242"
    },
    {
        "collection": "2021 The Enthusiast Auction",
        "lot": "Lot 1039",
        "title": "Corsair F4 Large Radio-Control led Model Airplane",
        "price": "$242"
    },
    {
        "collection": "2021 The Enthusiast Auction",
        "lot": "Lot 1041",
        "title": "RAF Bristol M.1 Large Static M odel",
        "price": "$242"
    },
    {
        "collection": "2021 The Enthusiast Auction",
        "lot": "Lot 1099",
        "title": "Early 1930s Girard Pressed Ste el Deluxe Coupe",
        "price": "$242"
    },
    {
        "collection": "2021 The Enthusiast Auction",
        "lot": "Lot 1152",
        "title": "Buddy L Sand Bucket Loader #23 0",
        "price": "$242"
    },
    {
        "collection": "2021 The Enthusiast Auction",
        "lot": "Lot 1144",
        "title": "Doepke Model Toys Unit Mobile  Crane",
        "price": "$242"
    },
    {
        "collection": "2021 The Enthusiast Auction",
        "lot": "Lot 1245",
        "title": "Monroe Shock Absorbers Embosse d Aluminum Sign",
        "price": "$242"
    },
    {
        "collection": "2021 The Enthusiast Auction",
        "lot": "Lot 1117",
        "title": "Early 1930s Schieble Toys Oper a Coupe Pressed Steel Toy",
        "price": "$211"
    },
    {
        "collection": "2021 The Enthusiast Auction",
        "lot": "Lot 1264",
        "title": "Lot of 4 ERTL American Muscle  1:18 Scale Die-Cast Cars in the Box",
        "price": "$211"
    },
    {
        "collection": "2021 The Enthusiast Auction",
        "lot": "Lot 1035",
        "title": "Hiawatha-Gambles Girl's Bicycl e",
        "price": "$184"
    },
    {
        "collection": "2021 The Enthusiast Auction",
        "lot": "Lot 1221",
        "title": "Heavy-Duty Lubester Pump by Be nnett",
        "price": "$181"
    },
    {
        "collection": "2021 The Enthusiast Auction",
        "lot": "Lot 1222",
        "title": "Early 1930s White Truck/Erecto r Set",
        "price": "$181"
    },
    {
        "collection": "2021 The Enthusiast Auction",
        "lot": "Lot 1231",
        "title": "Two Vintage White Wheel Hub Wr enches, Houk and Buffalo Wire Wheel",
        "price": "$181"
    },
    {
        "collection": "2021 The Enthusiast Auction",
        "lot": "Lot 1110",
        "title": "Three Streamline Race Cars, Pr essed Steel",
        "price": "$181"
    },
    {
        "collection": "2021 The Enthusiast Auction",
        "lot": "Lot 2012",
        "title": "Chicago Motor Club Member Coll ection - 12 Items",
        "price": "$181"
    },
    {
        "collection": "2021 The Enthusiast Auction",
        "lot": "Lot 1236",
        "title": "Chevrolet Corvette Aluminum Wh eel Bookends",
        "price": "$181"
    },
    {
        "collection": "2021 The Enthusiast Auction",
        "lot": "Lot 2077",
        "title": "Collection of 20 Indianapolis  500 Drivers and Cars 1963-1968",
        "price": "$181"
    },
    {
        "collection": "2021 The Enthusiast Auction",
        "lot": "Lot 1259",
        "title": "Vintage Original Replica Colt  45 Re-Enactment Black Powder Long Barrel  Pistol Gun",
        "price": "$181"
    },
    {
        "collection": "2021 The Enthusiast Auction",
        "lot": "Lot 1206",
        "title": "Native State Gasoline Original  Artwork",
        "price": "$181"
    },
    {
        "collection": "2021 The Enthusiast Auction",
        "lot": "Lot 1253",
        "title": "WWII August 11, 1945 VJ Day Me mo and Ticker Tape, Plus Wartime Radio I nstructions",
        "price": "$181"
    },
    {
        "collection": "2021 The Enthusiast Auction",
        "lot": "Lot 1248",
        "title": "Luster Seal Oil Lighted Sign",
        "price": "$181"
    },
    {
        "collection": "2021 The Enthusiast Auction",
        "lot": "Lot 1254",
        "title": "Martin Luther King Jr. Memoria l Brochure and Roy Wilkins Signed Letter",
        "price": "$126"
    },
    {
        "collection": "2021 The Enthusiast Auction",
        "lot": "Lot 1213",
        "title": "1950s NOS Casite Display Rack  with Box",
        "price": "$121"
    },
    {
        "collection": "2021 The Enthusiast Auction",
        "lot": "Lot 1136",
        "title": "Steelcraft Early Steam Roller  Pressed Steel Toy",
        "price": "$121"
    },
    {
        "collection": "2021 The Enthusiast Auction",
        "lot": "Lot 1220",
        "title": "Set of Three Genuine Bolser Fl ares with Mounting Bracket",
        "price": "$121"
    },
    {
        "collection": "2021 The Enthusiast Auction",
        "lot": "Lot 1127",
        "title": "Two 1930s Vintage Pressed Stee l Toy Trucks",
        "price": "$121"
    },
    {
        "collection": "2021 The Enthusiast Auction",
        "lot": "Lot 2088",
        "title": "1940s-1950s Collection of Two  A. C. Gilbert Erector Sets",
        "price": "$121"
    },
    {
        "collection": "2021 The Enthusiast Auction",
        "lot": "Lot 1229",
        "title": "1959 Cadillac Fleetwood 60 Fou r-Door Hardtop Tin Toy by Bandai-Japan",
        "price": "$121"
    },
    {
        "collection": "2021 The Enthusiast Auction",
        "lot": "Lot 1182",
        "title": "Revell Models 1952 Highway Pio neers Built-Up Model Store Displays",
        "price": "$121"
    },
    {
        "collection": "2021 The Enthusiast Auction",
        "lot": "Lot 1235",
        "title": "1975 Chevrolet Official Dealer  Color and Upholstery Album",
        "price": "$121"
    },
    {
        "collection": "2021 The Enthusiast Auction",
        "lot": "Lot 1162",
        "title": "American Flyer Roadside Diner  Pressed Steel Accessory",
        "price": "$121"
    },
    {
        "collection": "2021 The Enthusiast Auction",
        "lot": "Lot 2099",
        "title": "Vintage Old School Valvoline M otor Oil Advertising Promotional Giveawa y 200 BMX Bicycle",
        "price": "$121"
    },
    {
        "collection": "2021 The Enthusiast Auction",
        "lot": "Lot 1255",
        "title": "Indian Chief Child's Ride-On P lastic Motorcycle by Smarter Brand",
        "price": "$121"
    },
    {
        "collection": "2021 The Enthusiast Auction",
        "lot": "Lot 1258",
        "title": "Vintage Stetson Sergeant - Boy  Scout Hat in Original Hat Box",
        "price": "$121"
    },
    {
        "collection": "2021 The Enthusiast Auction",
        "lot": "Lot 1217",
        "title": "1920s Tronick Tourist Tool Tru nk",
        "price": "$121"
    }
]