[
    {
        "collection": "2022 The Enthusiast Auction",
        "lot": "Lot 40",
        "title": "1930 Cadillac  Series 452 V-16 Roadster",
        "price": "$758,500"
    },
    {
        "collection": "2022 The Enthusiast Auction",
        "lot": "Lot 23",
        "title": "1936 Auburn 852 SC Boattail Speedster",
        "price": "$283,750"
    },
    {
        "collection": "2022 The Enthusiast Auction",
        "lot": "Lot 25",
        "title": "1933 Chrysler  Imperial CL Close Coupled Sedan",
        "price": "$246,400"
    },
    {
        "collection": "2022 The Enthusiast Auction",
        "lot": "Lot 35",
        "title": "1932 Chrysler  Imperial CH Eight Convertible Sedan",
        "price": "$224,000"
    },
    {
        "collection": "2022 The Enthusiast Auction",
        "lot": "Lot 20",
        "title": "1989 Porsche 930 Turbo Slantnose Coupe",
        "price": "$212,800"
    },
    {
        "collection": "2022 The Enthusiast Auction",
        "lot": "Lot 51",
        "title": "1958 Mercedes-Benz 190SL Roadster",
        "price": "$212,800"
    },
    {
        "collection": "2022 The Enthusiast Auction",
        "lot": "Lot 31",
        "title": "1965 Mercedes-Benz 600 LWB Pullman Four-Door Limousine",
        "price": "$200,000"
    },
    {
        "collection": "2022 The Enthusiast Auction",
        "lot": "Lot 38",
        "title": "1937 Cord 812 'Sportsman' Convertible Coupe",
        "price": "$192,950"
    },
    {
        "collection": "2022 The Enthusiast Auction",
        "lot": "Lot 43",
        "title": "1960 Edsel Ranger Convertible Pilot Car",
        "price": "$168,000"
    },
    {
        "collection": "2022 The Enthusiast Auction",
        "lot": "Lot 15",
        "title": "1955 Jaguar XK140 Roadster",
        "price": "$162,400"
    },
    {
        "collection": "2022 The Enthusiast Auction",
        "lot": "Lot 33",
        "title": "1967 Sunbeam Tiger MK II",
        "price": "$148,400"
    },
    {
        "collection": "2022 The Enthusiast Auction",
        "lot": "Lot 26",
        "title": "1952 Muntz Jet",
        "price": "$137,200"
    },
    {
        "collection": "2022 The Enthusiast Auction",
        "lot": "Lot 30",
        "title": "1932 Chrysler  Imperial CH Eight Coupe",
        "price": "$123,200"
    },
    {
        "collection": "2022 The Enthusiast Auction",
        "lot": "Lot 45",
        "title": "1970 Mercedes-Benz 280SL Roadster",
        "price": "$109,200"
    },
    {
        "collection": "2022 The Enthusiast Auction",
        "lot": "Lot 12",
        "title": "2022 Chevrolet  Corvette Sting Ray 2LT Convertible",
        "price": "$106,400"
    },
    {
        "collection": "2022 The Enthusiast Auction",
        "lot": "Lot 13",
        "title": "1938 Packard 1605 Super 8 Convertible Sedan",
        "price": "$103,040"
    },
    {
        "collection": "2022 The Enthusiast Auction",
        "lot": "Lot 53",
        "title": "1938 Cadillac  Series 75 Convertible Sedan",
        "price": "$81,200"
    },
    {
        "collection": "2022 The Enthusiast Auction",
        "lot": "Lot 21",
        "title": "1941 Lincoln Continental Coupe",
        "price": "$73,920"
    },
    {
        "collection": "2022 The Enthusiast Auction",
        "lot": "Lot 16",
        "title": "1970 Chevrolet  Chevelle SS 396/350 Sport Coupe",
        "price": "$67,200"
    },
    {
        "collection": "2022 The Enthusiast Auction",
        "lot": "Lot 19",
        "title": "1967 Chevrolet  Corvette Roadster",
        "price": "$64,400"
    },
    {
        "collection": "2022 The Enthusiast Auction",
        "lot": "Lot 29",
        "title": "1957 Ford Thunderbird Convertible",
        "price": "$54,880"
    },
    {
        "collection": "2022 The Enthusiast Auction",
        "lot": "Lot 17",
        "title": "1982 Buick  Regal Grand National Coupe",
        "price": "$53,200"
    },
    {
        "collection": "2022 The Enthusiast Auction",
        "lot": "Lot 39",
        "title": "1952 Nash-Healey  Roadster",
        "price": "$48,237"
    },
    {
        "collection": "2022 The Enthusiast Auction",
        "lot": "Lot 36",
        "title": "1957 Buick  Special Riviera Hardtop",
        "price": "$47,600"
    },
    {
        "collection": "2022 The Enthusiast Auction",
        "lot": "Lot 11",
        "title": "1958 Edsel Pacer Convertible",
        "price": "$47,040"
    },
    {
        "collection": "2022 The Enthusiast Auction",
        "lot": "Lot 41",
        "title": "1912 Lambert Model 66C Touring",
        "price": "$44,800"
    },
    {
        "collection": "2022 The Enthusiast Auction",
        "lot": "Lot 62",
        "title": "2002 BMW Z3 M Roadster",
        "price": "$43,120"
    },
    {
        "collection": "2022 The Enthusiast Auction",
        "lot": "Lot 44",
        "title": "1932 Oldsmobile F-32 Convertible Roadster",
        "price": "$42,560"
    },
    {
        "collection": "2022 The Enthusiast Auction",
        "lot": "Lot 54",
        "title": "1969 Chevrolet  C10 Custom Truck",
        "price": "$40,320"
    },
    {
        "collection": "2022 The Enthusiast Auction",
        "lot": "Lot 63",
        "title": "1935 Chevrolet   School Bus Resto Rod",
        "price": "$29,510"
    },
    {
        "collection": "2022 The Enthusiast Auction",
        "lot": "Lot 9",
        "title": "2005 Ford Thunderbird",
        "price": "$29,120"
    },
    {
        "collection": "2022 The Enthusiast Auction",
        "lot": "Lot 55",
        "title": "2000 Rolls-Royce Silver Seraph",
        "price": "$26,880"
    },
    {
        "collection": "2022 The Enthusiast Auction",
        "lot": "Lot 58",
        "title": "1935 Buick  Model 56S Sport Coupe",
        "price": "$26,880"
    },
    {
        "collection": "2022 The Enthusiast Auction",
        "lot": "Lot 49",
        "title": "1976 Mercedes-Benz 450SL Convertible",
        "price": "$26,880"
    },
    {
        "collection": "2022 The Enthusiast Auction",
        "lot": "Lot 5",
        "title": "1956 Willys 4x4 Pickup",
        "price": "$26,320"
    },
    {
        "collection": "2022 The Enthusiast Auction",
        "lot": "Lot 7",
        "title": "1937 Packard Series 115-C Business Coupe",
        "price": "$24,640"
    },
    {
        "collection": "2022 The Enthusiast Auction",
        "lot": "Lot 8",
        "title": "1969 Jaguar XKE Series II Coupe",
        "price": "$24,640"
    },
    {
        "collection": "2022 The Enthusiast Auction",
        "lot": "Lot 4",
        "title": "1955 Ford Thunderbird Convertible",
        "price": "$21,840"
    },
    {
        "collection": "2022 The Enthusiast Auction",
        "lot": "Lot 3",
        "title": "1988 Mazda RX-7 Convertible",
        "price": "$21,280"
    },
    {
        "collection": "2022 The Enthusiast Auction",
        "lot": "Lot 34",
        "title": "1990 Ford Mustang LX 5.0 Convertible",
        "price": "$20,720"
    },
    {
        "collection": "2022 The Enthusiast Auction",
        "lot": "Lot 32",
        "title": "1950 Ford  Street Rod",
        "price": "$20,430"
    },
    {
        "collection": "2022 The Enthusiast Auction",
        "lot": "Lot 24",
        "title": "1931 Buick  56C Series Convertible Coupe",
        "price": "$19,295"
    },
    {
        "collection": "2022 The Enthusiast Auction",
        "lot": "Lot 6",
        "title": "1977 Chevrolet  Corvette Coupe",
        "price": "$19,040"
    },
    {
        "collection": "2022 The Enthusiast Auction",
        "lot": "Lot 52",
        "title": "1996 Chevrolet  Corvette Convertible Collector Edition",
        "price": "$17,360"
    },
    {
        "collection": "2022 The Enthusiast Auction",
        "lot": "Lot 60",
        "title": "1959 Buick  Invicta Hardtop Sedan",
        "price": "$15,120"
    },
    {
        "collection": "2022 The Enthusiast Auction",
        "lot": "Lot 37",
        "title": "1925 Willys-Overland Model 91 Roadster",
        "price": "$14,000"
    },
    {
        "collection": "2022 The Enthusiast Auction",
        "lot": "Lot 46",
        "title": "1977 Datsun 200SX Fastback",
        "price": "$13,620"
    },
    {
        "collection": "2022 The Enthusiast Auction",
        "lot": "Lot 61",
        "title": "1925 Studebaker ER Standard Duplex Phaeton",
        "price": "$12,880"
    },
    {
        "collection": "2022 The Enthusiast Auction",
        "lot": "Lot 27",
        "title": "1926 Ford Model T Touring",
        "price": "$12,485"
    },
    {
        "collection": "2022 The Enthusiast Auction",
        "lot": "Lot 22",
        "title": "1931 Chevrolet   Five-Window Coupe",
        "price": "$12,320"
    },
    {
        "collection": "2022 The Enthusiast Auction",
        "lot": "Lot 2061",
        "title": "Large Edsel Dealership Two-Sid ed Sign - Original",
        "price": "$11,800"
    },
    {
        "collection": "2022 The Enthusiast Auction",
        "lot": "Lot 1187",
        "title": "Indian Motorcycle - Chicago Ne on Sign",
        "price": "$9,920"
    },
    {
        "collection": "2022 The Enthusiast Auction",
        "lot": "Lot 2067",
        "title": "Circa 1958 Edsel Service Deale rship Clock - Original",
        "price": "$8,260"
    },
    {
        "collection": "2022 The Enthusiast Auction",
        "lot": "Lot 2068",
        "title": "Large Packard Approved Service  Neon Sign and Mounting",
        "price": "$7,865"
    },
    {
        "collection": "2022 The Enthusiast Auction",
        "lot": "Lot 2064",
        "title": "American Airlines Neon Sign",
        "price": "$7,562"
    },
    {
        "collection": "2022 The Enthusiast Auction",
        "lot": "Lot 2063",
        "title": "Mobilgas - Tokheim Visible Pum p",
        "price": "$6,050"
    },
    {
        "collection": "2022 The Enthusiast Auction",
        "lot": "Lot 2005",
        "title": "Federal Tires Single-Sided Neo n Sign",
        "price": "$5,747"
    },
    {
        "collection": "2022 The Enthusiast Auction",
        "lot": "Lot 2065",
        "title": "Mobilgas - Tokheim Visible Pum p",
        "price": "$4,425"
    },
    {
        "collection": "2022 The Enthusiast Auction",
        "lot": "Lot 2062",
        "title": "Mobilgas Pegasus Original Neon  Sign",
        "price": "$4,235"
    },
    {
        "collection": "2022 The Enthusiast Auction",
        "lot": "Lot 1185",
        "title": "Chieftain Motel Neon Sign",
        "price": "$4,000"
    },
    {
        "collection": "2022 The Enthusiast Auction",
        "lot": "Lot 1188",
        "title": "Drugs Single-Sided Neon Sign",
        "price": "$3,382"
    },
    {
        "collection": "2022 The Enthusiast Auction",
        "lot": "Lot 2008",
        "title": "Indianapolis 500 Neon Sign NIB",
        "price": "$3,025"
    },
    {
        "collection": "2022 The Enthusiast Auction",
        "lot": "Lot 2004",
        "title": "1940s Peters Shoes Large Singl e-Sided Neon Sign",
        "price": "$3,025"
    },
    {
        "collection": "2022 The Enthusiast Auction",
        "lot": "Lot 1075",
        "title": "1960s Alemite Automotive Servi ce Merchandiser Cabinets with Tool-Rack  Backing",
        "price": "$2,950"
    },
    {
        "collection": "2022 The Enthusiast Auction",
        "lot": "Lot 1183",
        "title": "1960s Dr. Pepper/Route 66 Mark et Neon Sign",
        "price": "$2,722"
    },
    {
        "collection": "2022 The Enthusiast Auction",
        "lot": "Lot 1190",
        "title": "1940s Ship's Brass Telegraph b y Bendix",
        "price": "$2,420"
    },
    {
        "collection": "2022 The Enthusiast Auction",
        "lot": "Lot 1218",
        "title": "Coin-Operated Children's Carou sel Ride",
        "price": "$2,420"
    },
    {
        "collection": "2022 The Enthusiast Auction",
        "lot": "Lot 1184",
        "title": "Chevrolet OK Used Cars Neon Si gn",
        "price": "$2,065"
    },
    {
        "collection": "2022 The Enthusiast Auction",
        "lot": "Lot 2024",
        "title": "Circa 1940s Cities Service Oil s \"Once-Always\" Double-Sided Porcelain S ign",
        "price": "$1,845"
    },
    {
        "collection": "2022 The Enthusiast Auction",
        "lot": "Lot 2003",
        "title": "1929 Duesenberg J Chassis Blue print",
        "price": "$1,815"
    },
    {
        "collection": "2022 The Enthusiast Auction",
        "lot": "Lot 2056",
        "title": "TEXACO Gas Station Letters",
        "price": "$1,815"
    },
    {
        "collection": "2022 The Enthusiast Auction",
        "lot": "Lot 1317",
        "title": "1958 Edsel Showroom Banner",
        "price": "$1,701"
    },
    {
        "collection": "2022 The Enthusiast Auction",
        "lot": "Lot 2027",
        "title": "Kendall Motor Oil Double-Sided  Lighted Sign",
        "price": "$1,633"
    },
    {
        "collection": "2022 The Enthusiast Auction",
        "lot": "Lot 1258",
        "title": "Early 1930s Indian Cig-A-Rolla  Machine by O.D. Jenning & Co.",
        "price": "$1,575"
    },
    {
        "collection": "2022 The Enthusiast Auction",
        "lot": "Lot 1027",
        "title": "2005 Pac-Man 25th Anniversary  Video Game",
        "price": "$1,573"
    },
    {
        "collection": "2022 The Enthusiast Auction",
        "lot": "Lot 1186",
        "title": "Large F-O-R-D Neon Sign",
        "price": "$1,573"
    },
    {
        "collection": "2022 The Enthusiast Auction",
        "lot": "Lot 2039",
        "title": "1960s Vintage Pepsi Bottle Cap  - Vida's Drive Inn Sign",
        "price": "$1,260"
    },
    {
        "collection": "2022 The Enthusiast Auction",
        "lot": "Lot 2029",
        "title": "1950s Style Wooden Hotel Phone  Booth",
        "price": "$1,210"
    },
    {
        "collection": "2022 The Enthusiast Auction",
        "lot": "Lot 2030",
        "title": "Late 1940s Packard Dealership  Pennant Flags",
        "price": "$1,210"
    },
    {
        "collection": "2022 The Enthusiast Auction",
        "lot": "Lot 1037",
        "title": "Circa 1950s F-O-R-D Lighted Si gn",
        "price": "$1,210"
    },
    {
        "collection": "2022 The Enthusiast Auction",
        "lot": "Lot 2053",
        "title": "Schwinn Manta Ray Bicycle - Or iginal",
        "price": "$1,045"
    },
    {
        "collection": "2022 The Enthusiast Auction",
        "lot": "Lot 2034",
        "title": "Hyvis Motor Oils Double-Sided  Porcelain Curb Sign",
        "price": "$1,008"
    },
    {
        "collection": "2022 The Enthusiast Auction",
        "lot": "Lot 1328",
        "title": "Seeburg 100 Select-O-Matic Juk ebox",
        "price": "$1,008"
    },
    {
        "collection": "2022 The Enthusiast Auction",
        "lot": "Lot 2048",
        "title": "2019 Coca-Cola Camping Teardro p Trailer",
        "price": "$1,008"
    },
    {
        "collection": "2022 The Enthusiast Auction",
        "lot": "Lot 2049",
        "title": "1940s Goodyear Tires Two-Piece  Enamel Sign",
        "price": "$1,003"
    },
    {
        "collection": "2022 The Enthusiast Auction",
        "lot": "Lot 2006",
        "title": "Buick Vertical Neon Sign - Rep roduction",
        "price": "$984"
    },
    {
        "collection": "2022 The Enthusiast Auction",
        "lot": "Lot 1299",
        "title": "Coin-Operated Turnstyle by Per ry",
        "price": "$968"
    },
    {
        "collection": "2022 The Enthusiast Auction",
        "lot": "Lot 1084",
        "title": "1930s Fuel/Oil Dispensing Cart",
        "price": "$968"
    },
    {
        "collection": "2022 The Enthusiast Auction",
        "lot": "Lot 1006",
        "title": "1950s Gas Station Island Light",
        "price": "$968"
    },
    {
        "collection": "2022 The Enthusiast Auction",
        "lot": "Lot 1164",
        "title": "Circa Early 1950s Road Closed  Bridge Out Traffic Sign",
        "price": "$945"
    },
    {
        "collection": "2022 The Enthusiast Auction",
        "lot": "Lot 2043",
        "title": "1947-1953 Chevrolet Truck Fron t End Wall Display",
        "price": "$944"
    },
    {
        "collection": "2022 The Enthusiast Auction",
        "lot": "Lot 1136",
        "title": "New Idea Farm Equipment Sales  and Service Double-Sided Porcelain Sign",
        "price": "$922"
    },
    {
        "collection": "2022 The Enthusiast Auction",
        "lot": "Lot 1131",
        "title": "1970s Vintage Telephone Booth",
        "price": "$922"
    },
    {
        "collection": "2022 The Enthusiast Auction",
        "lot": "Lot 1179",
        "title": "1950s Vintage Rotomatic Automa tic Arcade Game",
        "price": "$907"
    },
    {
        "collection": "2022 The Enthusiast Auction",
        "lot": "Lot 1201",
        "title": "Chevrolet Parts-Service Large  Lighted Sign",
        "price": "$907"
    },
    {
        "collection": "2022 The Enthusiast Auction",
        "lot": "Lot 1093",
        "title": "Circa 1940s Pace 76 Slot Machi ne",
        "price": "$847"
    },
    {
        "collection": "2022 The Enthusiast Auction",
        "lot": "Lot 2020",
        "title": "Indian Motorcycle Picnic Coole r",
        "price": "$826"
    },
    {
        "collection": "2022 The Enthusiast Auction",
        "lot": "Lot 1122",
        "title": "1940s Elgin Boy's Bicycle",
        "price": "$819"
    },
    {
        "collection": "2022 The Enthusiast Auction",
        "lot": "Lot 1229",
        "title": "14 Vintage Original 1960s Delt a Airlines Travel Posters",
        "price": "$799"
    },
    {
        "collection": "2022 The Enthusiast Auction",
        "lot": "Lot 1266",
        "title": "White Crown Standard Oil Porce lain Globe",
        "price": "$767"
    },
    {
        "collection": "2022 The Enthusiast Auction",
        "lot": "Lot 1242",
        "title": "1930s Vintage Fly With Airco -  Goshen Airport Tin Sign - Original",
        "price": "$756"
    },
    {
        "collection": "2022 The Enthusiast Auction",
        "lot": "Lot 1036",
        "title": "Hi-Plane Tobacco Enamel Neon S ign",
        "price": "$738"
    },
    {
        "collection": "2022 The Enthusiast Auction",
        "lot": "Lot 2066",
        "title": "Packard Approved Service Neon  Sign",
        "price": "$726"
    },
    {
        "collection": "2022 The Enthusiast Auction",
        "lot": "Lot 1052",
        "title": "Mills Poinsettia 5-Cent Slot M achine",
        "price": "$726"
    },
    {
        "collection": "2022 The Enthusiast Auction",
        "lot": "Lot 1090",
        "title": "1950s King Edward Double-Sided  Porcelain Sign",
        "price": "$708"
    },
    {
        "collection": "2022 The Enthusiast Auction",
        "lot": "Lot 1224",
        "title": "1970s Phillips 66 Plastic Ligh ted Sign",
        "price": "$708"
    },
    {
        "collection": "2022 The Enthusiast Auction",
        "lot": "Lot 2014",
        "title": "Alfa Romeo 8C-2900 California  Mille Miglia Sculpture by Steve Posson",
        "price": "$708"
    },
    {
        "collection": "2022 The Enthusiast Auction",
        "lot": "Lot 1204",
        "title": "Mid-1970s Champion Sparkplug T able Lamp",
        "price": "$682"
    },
    {
        "collection": "2022 The Enthusiast Auction",
        "lot": "Lot 2001",
        "title": "Kendall GT-1 Racing Oil Sign",
        "price": "$676"
    },
    {
        "collection": "2022 The Enthusiast Auction",
        "lot": "Lot 1300",
        "title": "1950s-1960s School Children/St udent Driver Roof Sign",
        "price": "$676"
    },
    {
        "collection": "2022 The Enthusiast Auction",
        "lot": "Lot 2042",
        "title": "1970s Mobil Circular Pegasus L ighted Sign",
        "price": "$665"
    },
    {
        "collection": "2022 The Enthusiast Auction",
        "lot": "Lot 1166",
        "title": "Coffee Cup Cafe Neon Sign",
        "price": "$665"
    },
    {
        "collection": "2022 The Enthusiast Auction",
        "lot": "Lot 1334",
        "title": "Miller Lite Scrolling View Bar  Light",
        "price": "$635"
    },
    {
        "collection": "2022 The Enthusiast Auction",
        "lot": "Lot 1297",
        "title": "Barber's Pole Model 55 by Will iam Marvey",
        "price": "$632"
    },
    {
        "collection": "2022 The Enthusiast Auction",
        "lot": "Lot 1295",
        "title": "Vintage Gumball/Candy Penny Ve nding Machine",
        "price": "$615"
    },
    {
        "collection": "2022 The Enthusiast Auction",
        "lot": "Lot 1097",
        "title": "Early 1950s Vendo Round Top Co ca-Cola Dispenser",
        "price": "$615"
    },
    {
        "collection": "2022 The Enthusiast Auction",
        "lot": "Lot 1325",
        "title": "Carousel Horse on Brass Pole",
        "price": "$615"
    },
    {
        "collection": "2022 The Enthusiast Auction",
        "lot": "Lot 2019",
        "title": "Late 1940s to Early 1950s Ureg as Double-Sided Porcelain Sign",
        "price": "$605"
    },
    {
        "collection": "2022 The Enthusiast Auction",
        "lot": "Lot 1094",
        "title": "Liquid Dispenser Gas Pump by T okheim",
        "price": "$605"
    },
    {
        "collection": "2022 The Enthusiast Auction",
        "lot": "Lot 1254",
        "title": "Bosley Mark I Scale Resin Mode l by Richard Bosley",
        "price": "$605"
    },
    {
        "collection": "2022 The Enthusiast Auction",
        "lot": "Lot 1158",
        "title": "William Bennett Packard Lighte d Sign",
        "price": "$605"
    },
    {
        "collection": "2022 The Enthusiast Auction",
        "lot": "Lot 1086",
        "title": "Pan American Child's Tricycle",
        "price": "$605"
    },
    {
        "collection": "2022 The Enthusiast Auction",
        "lot": "Lot 1311",
        "title": "Pair of Penguin Point Vertical  Lighted Signs",
        "price": "$605"
    },
    {
        "collection": "2022 The Enthusiast Auction",
        "lot": "Lot 1207",
        "title": "1997 Louis Vuitton Classic at  Broadway Awards Judge Trophy",
        "price": "$598"
    },
    {
        "collection": "2022 The Enthusiast Auction",
        "lot": "Lot 2016",
        "title": "Circa 1950 Polly Stamps Tin Si gn",
        "price": "$590"
    },
    {
        "collection": "2022 The Enthusiast Auction",
        "lot": "Lot 2047",
        "title": "Late 1910s \"Keep Smiling With  Kellys\" - Kelly Tires Advertising Sign",
        "price": "$590"
    },
    {
        "collection": "2022 The Enthusiast Auction",
        "lot": "Lot 1287",
        "title": "Replica Bomb Display Sign",
        "price": "$553"
    },
    {
        "collection": "2022 The Enthusiast Auction",
        "lot": "Lot 1091",
        "title": "Circa 1970 Johnson Sea Horse M otors Large Lighted Sign",
        "price": "$544"
    },
    {
        "collection": "2022 The Enthusiast Auction",
        "lot": "Lot 1129",
        "title": "Art Deco Style Portable Displa y Sign",
        "price": "$544"
    },
    {
        "collection": "2022 The Enthusiast Auction",
        "lot": "Lot 2060",
        "title": "Michelin Man - Mr. Bibendum Ca st Iron Statue",
        "price": "$531"
    },
    {
        "collection": "2022 The Enthusiast Auction",
        "lot": "Lot 1",
        "title": "1959-1960 Corvette Go-Kart Bod y",
        "price": "$504"
    },
    {
        "collection": "2022 The Enthusiast Auction",
        "lot": "Lot 1051",
        "title": "National Cash Register Model 4 41 - Brass",
        "price": "$504"
    },
    {
        "collection": "2022 The Enthusiast Auction",
        "lot": "Lot 1160",
        "title": "Circa 1950s Coca-Cola Bottle B utton Porcelain Sign",
        "price": "$492"
    },
    {
        "collection": "2022 The Enthusiast Auction",
        "lot": "Lot 1081",
        "title": "Circa 1910s Bohemian Beer - Bu ffalo Brewing Co. Framed Tin Sign",
        "price": "$492"
    },
    {
        "collection": "2022 The Enthusiast Auction",
        "lot": "Lot 1282",
        "title": "Indian Motorcycle Painted Sign",
        "price": "$492"
    },
    {
        "collection": "2022 The Enthusiast Auction",
        "lot": "Lot 1078",
        "title": "1930s Koken Barber's Chair",
        "price": "$492"
    },
    {
        "collection": "2022 The Enthusiast Auction",
        "lot": "Lot 1249",
        "title": "1950s Takara-Belmont Barber's  Chair",
        "price": "$484"
    },
    {
        "collection": "2022 The Enthusiast Auction",
        "lot": "Lot 1139",
        "title": "Circa 1930s Close Clearance Ve rtical Porcelain Sign",
        "price": "$484"
    },
    {
        "collection": "2022 The Enthusiast Auction",
        "lot": "Lot 1244",
        "title": "1940s Acme Quality Paint Doubl e-Sided Porcelain Sign",
        "price": "$484"
    },
    {
        "collection": "2022 The Enthusiast Auction",
        "lot": "Lot 2059",
        "title": "1960s Vintage Gasboy-Texaco Ga s Pump by Wilson",
        "price": "$484"
    },
    {
        "collection": "2022 The Enthusiast Auction",
        "lot": "Lot 2035",
        "title": "Mobil Double-Sided Hanging Sig n",
        "price": "$484"
    },
    {
        "collection": "2022 The Enthusiast Auction",
        "lot": "Lot 1114",
        "title": "Circa Mid-1950s Borden's Dairy  Clock",
        "price": "$472"
    },
    {
        "collection": "2022 The Enthusiast Auction",
        "lot": "Lot 1147",
        "title": "Jayco Builders - House Movers  Hand-Painted Sign",
        "price": "$461"
    },
    {
        "collection": "2022 The Enthusiast Auction",
        "lot": "Lot 1039",
        "title": "Circa 1930s Liberty Jr. Slot M achine",
        "price": "$441"
    },
    {
        "collection": "2022 The Enthusiast Auction",
        "lot": "Lot 2002",
        "title": "Sohio Gas Tanker Toy Truck",
        "price": "$441"
    },
    {
        "collection": "2022 The Enthusiast Auction",
        "lot": "Lot 1046",
        "title": "Simplex Drive-In Movie Speaker s and Stand",
        "price": "$441"
    },
    {
        "collection": "2022 The Enthusiast Auction",
        "lot": "Lot 1176",
        "title": "Circa 1970s 7-Up Flower Power  Lighted Clock",
        "price": "$441"
    },
    {
        "collection": "2022 The Enthusiast Auction",
        "lot": "Lot 1092",
        "title": "Ringling Bros. Circus Chevrole t Truck Hood",
        "price": "$441"
    },
    {
        "collection": "2022 The Enthusiast Auction",
        "lot": "Lot 1189",
        "title": "Coca-Cola Junior Cooler by Wes tinghouse",
        "price": "$430"
    },
    {
        "collection": "2022 The Enthusiast Auction",
        "lot": "Lot 1004",
        "title": "Circa 1950s Drink Coca-Cola Li ghted Clock",
        "price": "$423"
    },
    {
        "collection": "2022 The Enthusiast Auction",
        "lot": "Lot 1307",
        "title": "Pennzoil Neon Sign - New",
        "price": "$423"
    },
    {
        "collection": "2022 The Enthusiast Auction",
        "lot": "Lot 1157",
        "title": "Coin-Operated U. S. Marshals A rcade Shooting Game",
        "price": "$423"
    },
    {
        "collection": "2022 The Enthusiast Auction",
        "lot": "Lot 1289",
        "title": "Circa 1990s Mickey Mouse Neon  Sign",
        "price": "$423"
    },
    {
        "collection": "2022 The Enthusiast Auction",
        "lot": "Lot 1126",
        "title": "\"What's The Hurry\" Bronze Scul pture",
        "price": "$413"
    },
    {
        "collection": "2022 The Enthusiast Auction",
        "lot": "Lot 1125",
        "title": "Late 1950s - Early 1960s Tom's  Nuts Snack Vending Machine",
        "price": "$399"
    },
    {
        "collection": "2022 The Enthusiast Auction",
        "lot": "Lot 1260",
        "title": "Alhambra Cigars Clock Face Sig n",
        "price": "$393"
    },
    {
        "collection": "2022 The Enthusiast Auction",
        "lot": "Lot 2036",
        "title": "Late 1960s Mobil Double Gas Pu mp - Original",
        "price": "$378"
    },
    {
        "collection": "2022 The Enthusiast Auction",
        "lot": "Lot 1272",
        "title": "1960s Hot Nuts Vending Machine",
        "price": "$378"
    },
    {
        "collection": "2022 The Enthusiast Auction",
        "lot": "Lot 1315",
        "title": "1930s Style JCPenney Enamel Si gn",
        "price": "$372"
    },
    {
        "collection": "2022 The Enthusiast Auction",
        "lot": "Lot 1245",
        "title": "Camel Lights Cigarette Box Sig n",
        "price": "$372"
    },
    {
        "collection": "2022 The Enthusiast Auction",
        "lot": "Lot 1326",
        "title": "Circa 1950s Mail Pouch Tobacco  Thermometer",
        "price": "$369"
    },
    {
        "collection": "2022 The Enthusiast Auction",
        "lot": "Lot 2033",
        "title": "1970s B. F. Goodrich Tires Tin  Sign",
        "price": "$369"
    },
    {
        "collection": "2022 The Enthusiast Auction",
        "lot": "Lot 2011",
        "title": "1940s Vintage \"Capture Sluggy\"  KW Auto Tune-Up Advertising Poster",
        "price": "$369"
    },
    {
        "collection": "2022 The Enthusiast Auction",
        "lot": "Lot 2028",
        "title": "Hires Root Beer Syrup Dispense r",
        "price": "$369"
    },
    {
        "collection": "2022 The Enthusiast Auction",
        "lot": "Lot 2057",
        "title": "Circa 1930s Ford Laboratory Te st Set Sign",
        "price": "$369"
    },
    {
        "collection": "2022 The Enthusiast Auction",
        "lot": "Lot 1144",
        "title": "Early 1900s New Bachelor Cigar  Framed Advertising",
        "price": "$369"
    },
    {
        "collection": "2022 The Enthusiast Auction",
        "lot": "Lot 1134",
        "title": "Circa 1950s Mail Pouch Tobacco  Porcelain Thermometer",
        "price": "$369"
    },
    {
        "collection": "2022 The Enthusiast Auction",
        "lot": "Lot 2013",
        "title": "Texaco-Ellison 5-Gallon Test C ontainer",
        "price": "$369"
    },
    {
        "collection": "2022 The Enthusiast Auction",
        "lot": "Lot 1239",
        "title": "Circa 1985 Coke With Ice Neon  Sign - Original",
        "price": "$369"
    },
    {
        "collection": "2022 The Enthusiast Auction",
        "lot": "Lot 1022",
        "title": "Circa 1980 Brigand Beer Single -Sided Sign",
        "price": "$363"
    },
    {
        "collection": "2022 The Enthusiast Auction",
        "lot": "Lot 2031",
        "title": "1970s Vintage Dodge Colt Doubl e-Sided Sign",
        "price": "$363"
    },
    {
        "collection": "2022 The Enthusiast Auction",
        "lot": "Lot 1007",
        "title": "Circa 1960s Kentucky Club Pipe  Tobacco Thermometer",
        "price": "$363"
    },
    {
        "collection": "2022 The Enthusiast Auction",
        "lot": "Lot 1066",
        "title": "Schwinn Authorized Dealer Ligh ted Clock",
        "price": "$363"
    },
    {
        "collection": "2022 The Enthusiast Auction",
        "lot": "Lot 2045",
        "title": "Three Mercedes-Benz 380 (W22)  Factory Prints",
        "price": "$363"
    },
    {
        "collection": "2022 The Enthusiast Auction",
        "lot": "Lot 1271",
        "title": "Auburn Boattail Speedster Pain ting by Steve Griffin",
        "price": "$363"
    },
    {
        "collection": "2022 The Enthusiast Auction",
        "lot": "Lot 1120",
        "title": "1940s Red Crown (Standard Oil)  Banner",
        "price": "$363"
    },
    {
        "collection": "2022 The Enthusiast Auction",
        "lot": "Lot 1058",
        "title": "1950s Vintage Countertop Cigar ette Machine with Stand",
        "price": "$363"
    },
    {
        "collection": "2022 The Enthusiast Auction",
        "lot": "Lot 1113",
        "title": "Late 1970s Gas Shortage Tin Si gns - Repurposed",
        "price": "$363"
    },
    {
        "collection": "2022 The Enthusiast Auction",
        "lot": "Lot 1338",
        "title": "1950s Vintage Barber Shop Wait ing Seats",
        "price": "$363"
    },
    {
        "collection": "2022 The Enthusiast Auction",
        "lot": "Lot 2018",
        "title": "Schwinn Corvette Bicycle",
        "price": "$363"
    },
    {
        "collection": "2022 The Enthusiast Auction",
        "lot": "Lot 1049",
        "title": "Ride-A-Bicycle Parts Box",
        "price": "$363"
    },
    {
        "collection": "2022 The Enthusiast Auction",
        "lot": "Lot 1196",
        "title": "Phillips 66 Rag Chamois/Wash R ag Wringer",
        "price": "$363"
    },
    {
        "collection": "2022 The Enthusiast Auction",
        "lot": "Lot 2050",
        "title": "Mobilgas Pump Photo Display",
        "price": "$363"
    },
    {
        "collection": "2022 The Enthusiast Auction",
        "lot": "Lot 1132",
        "title": "Rollfast Bicycles Lighted Cloc k-Sign",
        "price": "$363"
    },
    {
        "collection": "2022 The Enthusiast Auction",
        "lot": "Lot 1283",
        "title": "The Life and Times of Briggs S wift Cunningham, Book, Sculpture and Pho tograph",
        "price": "$363"
    },
    {
        "collection": "2022 The Enthusiast Auction",
        "lot": "Lot 2007",
        "title": "1930s Blackhawk Four-Ton Floor  Jack",
        "price": "$354"
    },
    {
        "collection": "2022 The Enthusiast Auction",
        "lot": "Lot 1116",
        "title": "Three Original Woodstock Music  Festival and Art Faire Framed Tickets",
        "price": "$354"
    },
    {
        "collection": "2022 The Enthusiast Auction",
        "lot": "Lot 1115",
        "title": "Indiana Beach \"Lake Shafer\" Si gn",
        "price": "$354"
    },
    {
        "collection": "2022 The Enthusiast Auction",
        "lot": "Lot 1253",
        "title": "Winston Cigarette Pack Tin Sig n with Bracket",
        "price": "$354"
    },
    {
        "collection": "2022 The Enthusiast Auction",
        "lot": "Lot 2017",
        "title": "Chris-Craft Customized Fuel Ta nk",
        "price": "$354"
    },
    {
        "collection": "2022 The Enthusiast Auction",
        "lot": "Lot 1275",
        "title": "Scuderia Ferrari Team Fiat Tra nsporter by John Lamm",
        "price": "$354"
    },
    {
        "collection": "2022 The Enthusiast Auction",
        "lot": "Lot 1069",
        "title": "Four Original 1940s Packard/Br unn Drawings and Renderings",
        "price": "$354"
    },
    {
        "collection": "2022 The Enthusiast Auction",
        "lot": "Lot 1156",
        "title": "1960s Drive-In Movie Speaker a nd Post",
        "price": "$346"
    },
    {
        "collection": "2022 The Enthusiast Auction",
        "lot": "Lot 1222",
        "title": "1908-1912 Fairy Velocipede (Tr icycle)",
        "price": "$345"
    },
    {
        "collection": "2022 The Enthusiast Auction",
        "lot": "Lot 1251",
        "title": "Schwinn Bicycles Neon Sign",
        "price": "$338"
    },
    {
        "collection": "2022 The Enthusiast Auction",
        "lot": "Lot 1123",
        "title": "Eye Exam Chart Lighted Sign",
        "price": "$324"
    },
    {
        "collection": "2022 The Enthusiast Auction",
        "lot": "Lot 1128",
        "title": "Circa Late 1950s Royal Crown C ola Lighted Clock by Pam",
        "price": "$315"
    },
    {
        "collection": "2022 The Enthusiast Auction",
        "lot": "Lot 1141",
        "title": "1950s Coca-Cola Portable Ice C ooler",
        "price": "$315"
    },
    {
        "collection": "2022 The Enthusiast Auction",
        "lot": "Lot 1177",
        "title": "Route 66 Motel and Restaurant  Sign",
        "price": "$307"
    },
    {
        "collection": "2022 The Enthusiast Auction",
        "lot": "Lot 1048",
        "title": "1960s Taxi Topper Lighted Sign",
        "price": "$307"
    },
    {
        "collection": "2022 The Enthusiast Auction",
        "lot": "Lot 1099",
        "title": "Circa 1955 Chesterfield Best f or You Double Pack Sign",
        "price": "$302"
    },
    {
        "collection": "2022 The Enthusiast Auction",
        "lot": "Lot 2052",
        "title": "1967 Soap Box Derby Race Car",
        "price": "$302"
    },
    {
        "collection": "2022 The Enthusiast Auction",
        "lot": "Lot 1340",
        "title": "1931 GE Mazda Super Auto Lamps  Cabinet",
        "price": "$302"
    },
    {
        "collection": "2022 The Enthusiast Auction",
        "lot": "Lot 1089",
        "title": "Motorcycle Roadside Art",
        "price": "$302"
    },
    {
        "collection": "2022 The Enthusiast Auction",
        "lot": "Lot 1305",
        "title": "Sunoco Clock - Reproduction",
        "price": "$302"
    },
    {
        "collection": "2022 The Enthusiast Auction",
        "lot": "Lot 1060",
        "title": "Kendall Oil Products Collectio n",
        "price": "$302"
    },
    {
        "collection": "2022 The Enthusiast Auction",
        "lot": "Lot 1109",
        "title": "Buick Fluids and Accessory Col lection",
        "price": "$302"
    },
    {
        "collection": "2022 The Enthusiast Auction",
        "lot": "Lot 1327",
        "title": "Large Flashing Arrow Sign",
        "price": "$302"
    },
    {
        "collection": "2022 The Enthusiast Auction",
        "lot": "Lot 1257",
        "title": "1907 Fiat 130 HP Grand Prix Ra cer 1/8th Scale Model by Pocher",
        "price": "$302"
    },
    {
        "collection": "2022 The Enthusiast Auction",
        "lot": "Lot 1145",
        "title": "Two Ferrari Factory Desk Acces sory Items",
        "price": "$295"
    },
    {
        "collection": "2022 The Enthusiast Auction",
        "lot": "Lot 1319",
        "title": "Dan Gurney at Speed in 1967 AA R Gurney-Eagle by John Lamm",
        "price": "$295"
    },
    {
        "collection": "2022 The Enthusiast Auction",
        "lot": "Lot 2055",
        "title": "Rene Dreyfus with Bugatti Type  53 at La Tubrie by John Lamm",
        "price": "$295"
    },
    {
        "collection": "2022 The Enthusiast Auction",
        "lot": "Lot 1181",
        "title": "1930s Railroad Baggage Cart",
        "price": "$283"
    },
    {
        "collection": "2022 The Enthusiast Auction",
        "lot": "Lot 1321",
        "title": "Gilbert & Barker T-8 Curbside  Gas Pump",
        "price": "$276"
    },
    {
        "collection": "2022 The Enthusiast Auction",
        "lot": "Lot 1198",
        "title": "1990s Budweiser Guitar Neon Si gn",
        "price": "$265"
    },
    {
        "collection": "2022 The Enthusiast Auction",
        "lot": "Lot 1269",
        "title": "Honda Kick-N-Go Scooter",
        "price": "$252"
    },
    {
        "collection": "2022 The Enthusiast Auction",
        "lot": "Lot 1288",
        "title": "Circa 1965 Toro Moist-O-Matic  Sprinkler Lighted Sign",
        "price": "$252"
    },
    {
        "collection": "2022 The Enthusiast Auction",
        "lot": "Lot 1323",
        "title": "Breath Mint Penny Vending Mach ine",
        "price": "$252"
    },
    {
        "collection": "2022 The Enthusiast Auction",
        "lot": "Lot 1291",
        "title": "1960s Coca-Cola Cooler",
        "price": "$252"
    },
    {
        "collection": "2022 The Enthusiast Auction",
        "lot": "Lot 1153",
        "title": "Circa 1960s Drive-In Movie Spe akers",
        "price": "$252"
    },
    {
        "collection": "2022 The Enthusiast Auction",
        "lot": "Lot 2012",
        "title": "1970s Delco Energizer Display  Rack With Batteries - Original",
        "price": "$252"
    },
    {
        "collection": "2022 The Enthusiast Auction",
        "lot": "Lot 2025",
        "title": "Ford Model A Trunk",
        "price": "$252"
    },
    {
        "collection": "2022 The Enthusiast Auction",
        "lot": "Lot 1199",
        "title": "International Fantasy Neon Sig n",
        "price": "$252"
    },
    {
        "collection": "2022 The Enthusiast Auction",
        "lot": "Lot 1223",
        "title": "1950s Canada Dry Spur Tin Sign",
        "price": "$252"
    },
    {
        "collection": "2022 The Enthusiast Auction",
        "lot": "Lot 1047",
        "title": "Large Pepsi Outdoor Display Si gn",
        "price": "$252"
    },
    {
        "collection": "2022 The Enthusiast Auction",
        "lot": "Lot 1238",
        "title": "Westinghouse Television Lighte d Sign",
        "price": "$252"
    },
    {
        "collection": "2022 The Enthusiast Auction",
        "lot": "Lot 1030",
        "title": "Pepsi/Smith's Market Lighted S ign",
        "price": "$252"
    },
    {
        "collection": "2022 The Enthusiast Auction",
        "lot": "Lot 1026",
        "title": "Circa 1940 Storz's Beer Lighte d Clock",
        "price": "$246"
    },
    {
        "collection": "2022 The Enthusiast Auction",
        "lot": "Lot 1322",
        "title": "1930s Watling Penny Scale",
        "price": "$246"
    },
    {
        "collection": "2022 The Enthusiast Auction",
        "lot": "Lot 2032",
        "title": "Large Pennzoil 10 Minute Oil C hange Sign",
        "price": "$246"
    },
    {
        "collection": "2022 The Enthusiast Auction",
        "lot": "Lot 1085",
        "title": "Circa 1950s Decal Signs Displa y Metal Box",
        "price": "$242"
    },
    {
        "collection": "2022 The Enthusiast Auction",
        "lot": "Lot 1088",
        "title": "Circa 1970s Elkhart-Traveler P arts & Service Lighted Clock-Sign",
        "price": "$242"
    },
    {
        "collection": "2022 The Enthusiast Auction",
        "lot": "Lot 1150",
        "title": "Holsum Bread Double-Sided Tin  Sign",
        "price": "$242"
    },
    {
        "collection": "2022 The Enthusiast Auction",
        "lot": "Lot 1306",
        "title": "Vintage Clown's Head Helium Ba lloon Filler",
        "price": "$242"
    },
    {
        "collection": "2022 The Enthusiast Auction",
        "lot": "Lot 1055",
        "title": "Circa 1960s Get Back to Duke T in Thermometer Sign",
        "price": "$242"
    },
    {
        "collection": "2022 The Enthusiast Auction",
        "lot": "Lot 1043",
        "title": "1960s Quaker State Motor Oil D ouble-Sided Sign",
        "price": "$242"
    },
    {
        "collection": "2022 The Enthusiast Auction",
        "lot": "Lot 1057",
        "title": "Atlas Golden-Cream Bread Porce lain Sign",
        "price": "$242"
    },
    {
        "collection": "2022 The Enthusiast Auction",
        "lot": "Lot 2038",
        "title": "1930s-1950s Vintage SOHIO Prod ucts Collection",
        "price": "$242"
    },
    {
        "collection": "2022 The Enthusiast Auction",
        "lot": "Lot 1015",
        "title": "1947-1953 Chevrolet Truck Fron t End Wall Display",
        "price": "$242"
    },
    {
        "collection": "2022 The Enthusiast Auction",
        "lot": "Lot 2023",
        "title": "1960s Coca-Cola Machine by Wes tinghouse",
        "price": "$242"
    },
    {
        "collection": "2022 The Enthusiast Auction",
        "lot": "Lot 1104",
        "title": "1967 Paidar Barber's Chair",
        "price": "$242"
    },
    {
        "collection": "2022 The Enthusiast Auction",
        "lot": "Lot 1252",
        "title": "Wheel'M In Arcade Game by Brom ley Ind.",
        "price": "$242"
    },
    {
        "collection": "2022 The Enthusiast Auction",
        "lot": "Lot 2022",
        "title": "Delco Pleasurizers Service Cab inet",
        "price": "$242"
    },
    {
        "collection": "2022 The Enthusiast Auction",
        "lot": "Lot 1087",
        "title": "Circa 1973 Alfa Romeo 8C2300 1 /8th Scale Model by Pocher",
        "price": "$242"
    },
    {
        "collection": "2022 The Enthusiast Auction",
        "lot": "Lot 1054",
        "title": "1970s Dependable Champion Spar k Plug Display Cabinet",
        "price": "$242"
    },
    {
        "collection": "2022 The Enthusiast Auction",
        "lot": "Lot 1059",
        "title": "Circa 1950s \"Fresh Up\" 7-Up Cl ock",
        "price": "$236"
    },
    {
        "collection": "2022 The Enthusiast Auction",
        "lot": "Lot 1003",
        "title": "Art Deco Femme d'Automobile Co llection",
        "price": "$236"
    },
    {
        "collection": "2022 The Enthusiast Auction",
        "lot": "Lot 2054",
        "title": "1940s Traffic Signal \"DT\" Beac on",
        "price": "$236"
    },
    {
        "collection": "2022 The Enthusiast Auction",
        "lot": "Lot 1308",
        "title": "1930s Paint and Varnish Tin Si gn - Original",
        "price": "$236"
    },
    {
        "collection": "2022 The Enthusiast Auction",
        "lot": "Lot 2041",
        "title": "1950s Greyhound Lines Uniform  Jacket and Pants",
        "price": "$236"
    },
    {
        "collection": "2022 The Enthusiast Auction",
        "lot": "Lot 2026",
        "title": "Circa Early 1960s Pepsi Lighte d Clock",
        "price": "$236"
    },
    {
        "collection": "2022 The Enthusiast Auction",
        "lot": "Lot 1001",
        "title": "Dutch Boy Paint Lighted Sign",
        "price": "$236"
    },
    {
        "collection": "2022 The Enthusiast Auction",
        "lot": "Lot 2058",
        "title": "1933 Mercedes-Benz Sales Liter ature 380-SS-SSK - Original",
        "price": "$236"
    },
    {
        "collection": "2022 The Enthusiast Auction",
        "lot": "Lot 2040",
        "title": "Dario's Dream Lotus-Ford by Jo hn Lamm",
        "price": "$236"
    },
    {
        "collection": "2022 The Enthusiast Auction",
        "lot": "Lot 2",
        "title": "Early 2000s Mercedes-Benz Road ster Pedal Car by Legacy",
        "price": "$224"
    },
    {
        "collection": "2022 The Enthusiast Auction",
        "lot": "Lot 1146",
        "title": "Late 1920s Lionel Train Set",
        "price": "$220"
    },
    {
        "collection": "2022 The Enthusiast Auction",
        "lot": "Lot 1256",
        "title": "Mid 1950s 7-Up \"You Like It\" L ighted Clock",
        "price": "$211"
    },
    {
        "collection": "2022 The Enthusiast Auction",
        "lot": "Lot 1331",
        "title": "Circa 1970s Bulova (Watches) L ighted Clock",
        "price": "$211"
    },
    {
        "collection": "2022 The Enthusiast Auction",
        "lot": "Lot 1111",
        "title": "Early 1950s Wyandotte Pressed  Steel Truck, Flatbed and Shovel Set",
        "price": "$211"
    },
    {
        "collection": "2022 The Enthusiast Auction",
        "lot": "Lot 1237",
        "title": "Coin-Operated Candy Machine St and with Four Units",
        "price": "$211"
    },
    {
        "collection": "2022 The Enthusiast Auction",
        "lot": "Lot 1233",
        "title": "Circa 1960s Falstaff Beer Ligh ted Clock",
        "price": "$211"
    },
    {
        "collection": "2022 The Enthusiast Auction",
        "lot": "Lot 1137",
        "title": "Spinning Wheel of Luck",
        "price": "$211"
    },
    {
        "collection": "2022 The Enthusiast Auction",
        "lot": "Lot 1280",
        "title": "Circa 1960s Dr. Pepper Lighted  Clock",
        "price": "$193"
    },
    {
        "collection": "2022 The Enthusiast Auction",
        "lot": "Lot 1096",
        "title": "Circa 1960s Meadow Gold Milk",
        "price": "$189"
    },
    {
        "collection": "2022 The Enthusiast Auction",
        "lot": "Lot 1250",
        "title": "1960s \"Have a Knick\" Knickerbo cker Beer Clock",
        "price": "$189"
    },
    {
        "collection": "2022 The Enthusiast Auction",
        "lot": "Lot 1016",
        "title": "Circa 1970s AGRICO Lighted Sig n",
        "price": "$189"
    },
    {
        "collection": "2022 The Enthusiast Auction",
        "lot": "Lot 1152",
        "title": "Mack Bulldog City Coal Truck b y Marx",
        "price": "$189"
    },
    {
        "collection": "2022 The Enthusiast Auction",
        "lot": "Lot 1268",
        "title": "World Bestos-Firestone Lighted  Clock-Sign",
        "price": "$189"
    },
    {
        "collection": "2022 The Enthusiast Auction",
        "lot": "Lot 1079",
        "title": "Circa 1970s Stroh's Beer \"Welc ome Aboard\" Lighted Sign",
        "price": "$189"
    },
    {
        "collection": "2022 The Enthusiast Auction",
        "lot": "Lot 1219",
        "title": "Early 1960s American Flyer Sto ck Car Race Track",
        "price": "$189"
    },
    {
        "collection": "2022 The Enthusiast Auction",
        "lot": "Lot 1243",
        "title": "Fresh Candy Vending Machine",
        "price": "$189"
    },
    {
        "collection": "2022 The Enthusiast Auction",
        "lot": "Lot 1138",
        "title": "\"We Give Eagle Stamps\" Lighted  Sign",
        "price": "$189"
    },
    {
        "collection": "2022 The Enthusiast Auction",
        "lot": "Lot 1267",
        "title": "Circa 1950s Cain's Potato Chip s Lighted Clock",
        "price": "$184"
    },
    {
        "collection": "2022 The Enthusiast Auction",
        "lot": "Lot 1335",
        "title": "Circa 1950s Mason's Root Beer  Lighted Clock",
        "price": "$184"
    },
    {
        "collection": "2022 The Enthusiast Auction",
        "lot": "Lot 1313",
        "title": "Kodak Film Retail Display Sign",
        "price": "$184"
    },
    {
        "collection": "2022 The Enthusiast Auction",
        "lot": "Lot 1012",
        "title": "Circa 1930s Drink Nichol Kola  5-Cents Tin Sign",
        "price": "$184"
    },
    {
        "collection": "2022 The Enthusiast Auction",
        "lot": "Lot 1274",
        "title": "Circa 1980s Budweiser Neon Sig n",
        "price": "$184"
    },
    {
        "collection": "2022 The Enthusiast Auction",
        "lot": "Lot 1194",
        "title": "Walker Muffler Lighted Clock-S ign",
        "price": "$184"
    },
    {
        "collection": "2022 The Enthusiast Auction",
        "lot": "Lot 1314",
        "title": "1960s Coca-Cola Refreshment Ce nter Cart with Wood Crates",
        "price": "$184"
    },
    {
        "collection": "2022 The Enthusiast Auction",
        "lot": "Lot 1200",
        "title": "Budweiser Woodtone Lighted Bee r Sign",
        "price": "$184"
    },
    {
        "collection": "2022 The Enthusiast Auction",
        "lot": "Lot 1083",
        "title": "Circa 1950 Coin-Operated Kandy  King Candy Dispenser",
        "price": "$184"
    },
    {
        "collection": "2022 The Enthusiast Auction",
        "lot": "Lot 1261",
        "title": "Circa Early 1960s Coca-Cola Li ghted Clock",
        "price": "$181"
    },
    {
        "collection": "2022 The Enthusiast Auction",
        "lot": "Lot 1014",
        "title": "Circa 1980 Dr. Pepper Lighted  Clock",
        "price": "$181"
    },
    {
        "collection": "2022 The Enthusiast Auction",
        "lot": "Lot 1174",
        "title": "1920s Toledo Butcher's Scale",
        "price": "$181"
    },
    {
        "collection": "2022 The Enthusiast Auction",
        "lot": "Lot 1095",
        "title": "1955/1956/1957 Tri-Five Chevy  Trunk Lid - Original",
        "price": "$181"
    },
    {
        "collection": "2022 The Enthusiast Auction",
        "lot": "Lot 2010",
        "title": "Circa 1994 Camel Cigarettes Ne on Sign",
        "price": "$181"
    },
    {
        "collection": "2022 The Enthusiast Auction",
        "lot": "Lot 1312",
        "title": "Coors Light 2000 Indy 500 Neon  Sign",
        "price": "$181"
    },
    {
        "collection": "2022 The Enthusiast Auction",
        "lot": "Lot 1050",
        "title": "Ringling Bros. and Barnum & Ba iley Circus Tent Flap",
        "price": "$181"
    },
    {
        "collection": "2022 The Enthusiast Auction",
        "lot": "Lot 1203",
        "title": "1940s US Army Aviation Brass F uel Nozzle by OPW",
        "price": "$181"
    },
    {
        "collection": "2022 The Enthusiast Auction",
        "lot": "Lot 1234",
        "title": "1930s General Electric Refrige rator",
        "price": "$181"
    },
    {
        "collection": "2022 The Enthusiast Auction",
        "lot": "Lot 1232",
        "title": "Cooper Tires Lighted Clock-Sig n",
        "price": "$181"
    },
    {
        "collection": "2022 The Enthusiast Auction",
        "lot": "Lot 2044",
        "title": "1953 International Harvester R efrigerator",
        "price": "$181"
    },
    {
        "collection": "2022 The Enthusiast Auction",
        "lot": "Lot 1073",
        "title": "Autographed Portrait of Two-Ti me World Champion Jack Brabham by John L amm",
        "price": "$181"
    },
    {
        "collection": "2022 The Enthusiast Auction",
        "lot": "Lot 1106",
        "title": "Mountain Dew Bicycle Neon Sign",
        "price": "$181"
    },
    {
        "collection": "2022 The Enthusiast Auction",
        "lot": "Lot 1284",
        "title": "Union 76 Waste Paper Can",
        "price": "$177"
    },
    {
        "collection": "2022 The Enthusiast Auction",
        "lot": "Lot 1206",
        "title": "Circa 1980s Coors Light Neon L ighted Sign",
        "price": "$177"
    },
    {
        "collection": "2022 The Enthusiast Auction",
        "lot": "Lot 1103",
        "title": "1957 Chevy Hood - Original",
        "price": "$177"
    },
    {
        "collection": "2022 The Enthusiast Auction",
        "lot": "Lot 1236",
        "title": "Mario Andretti in the JPS Lotu s by John Lamm",
        "price": "$177"
    },
    {
        "collection": "2022 The Enthusiast Auction",
        "lot": "Lot 1324",
        "title": "Bentley Radiator Badge by John  Lamm",
        "price": "$177"
    },
    {
        "collection": "2022 The Enthusiast Auction",
        "lot": "Lot 1228",
        "title": "Martini-Porsche 935 Turbo Coup e 1/12th Scale Model Kit by Tamiya",
        "price": "$177"
    },
    {
        "collection": "2022 The Enthusiast Auction",
        "lot": "Lot 1339",
        "title": "Circa 1970s NAPA Muffler Cente r/Smith Bros Clock-Sign",
        "price": "$157"
    },
    {
        "collection": "2022 The Enthusiast Auction",
        "lot": "Lot 1211",
        "title": "Circa 1950s Silver King Hot Nu ts Vending Machine",
        "price": "$157"
    },
    {
        "collection": "2022 The Enthusiast Auction",
        "lot": "Lot 1175",
        "title": "Circa 1960s Cain's Potato Chip s Lighted Clock",
        "price": "$157"
    },
    {
        "collection": "2022 The Enthusiast Auction",
        "lot": "Lot 1173",
        "title": "Circa 1976 Major Muffler Light ed Electric Clock",
        "price": "$157"
    },
    {
        "collection": "2022 The Enthusiast Auction",
        "lot": "Lot 1216",
        "title": "Circa 1970s RC Cola-Royal Crow n Lighted Sign",
        "price": "$157"
    },
    {
        "collection": "2022 The Enthusiast Auction",
        "lot": "Lot 1100",
        "title": "Dean's Saf-T-Belt Tires Lighte d Clock",
        "price": "$157"
    },
    {
        "collection": "2022 The Enthusiast Auction",
        "lot": "Lot 1336",
        "title": "Vintage 1960s Gift House Stamp s Lighted Clock-Sign",
        "price": "$157"
    },
    {
        "collection": "2022 The Enthusiast Auction",
        "lot": "Lot 1169",
        "title": "Vintage 1960s IBM Double-Faced  Office Clock",
        "price": "$157"
    },
    {
        "collection": "2022 The Enthusiast Auction",
        "lot": "Lot 1063",
        "title": "Phillips 66 Rag Barrel/Caniste r",
        "price": "$157"
    },
    {
        "collection": "2022 The Enthusiast Auction",
        "lot": "Lot 1344",
        "title": "Collection of Vintage Car Care  Products",
        "price": "$157"
    },
    {
        "collection": "2022 The Enthusiast Auction",
        "lot": "Lot 1155",
        "title": "Circa 1982 Budweiser Light Lig hted Beer Clock",
        "price": "$153"
    },
    {
        "collection": "2022 The Enthusiast Auction",
        "lot": "Lot 1142",
        "title": "1960s Compare & Save Rexall Pr oducts Clock",
        "price": "$153"
    },
    {
        "collection": "2022 The Enthusiast Auction",
        "lot": "Lot 1302",
        "title": "1970s Mountain Dew Lighted Clo ck",
        "price": "$153"
    },
    {
        "collection": "2022 The Enthusiast Auction",
        "lot": "Lot 1303",
        "title": "Cooper Tires Lighted Clock-Sig n",
        "price": "$153"
    },
    {
        "collection": "2022 The Enthusiast Auction",
        "lot": "Lot 1135",
        "title": "1960s Collection of Ford Produ cts",
        "price": "$151"
    },
    {
        "collection": "2022 The Enthusiast Auction",
        "lot": "Lot 1210",
        "title": "Buckeye Brass Aviation Fuel No zzle - U.S. Army - Air Force",
        "price": "$151"
    },
    {
        "collection": "2022 The Enthusiast Auction",
        "lot": "Lot 1108",
        "title": "Decorative Dark Gray Horse Sta tue",
        "price": "$151"
    },
    {
        "collection": "2022 The Enthusiast Auction",
        "lot": "Lot 1304",
        "title": "Railroad Switching Signal Ligh t",
        "price": "$151"
    },
    {
        "collection": "2022 The Enthusiast Auction",
        "lot": "Lot 1215",
        "title": "BP Helios Logo Sign",
        "price": "$151"
    },
    {
        "collection": "2022 The Enthusiast Auction",
        "lot": "Lot 1231",
        "title": "1960s Vintage Old Crown Thermo meter",
        "price": "$147"
    },
    {
        "collection": "2022 The Enthusiast Auction",
        "lot": "Lot 1225",
        "title": "1960s Gates Heater Hose Displa y Dispenser",
        "price": "$147"
    },
    {
        "collection": "2022 The Enthusiast Auction",
        "lot": "Lot 1330",
        "title": "Chancellor Hdwe Painted Double -Sided Tin Sign",
        "price": "$147"
    },
    {
        "collection": "2022 The Enthusiast Auction",
        "lot": "Lot 1221",
        "title": "Circa 1970s Auto-Owners Insura nce Lighted Clock",
        "price": "$136"
    },
    {
        "collection": "2022 The Enthusiast Auction",
        "lot": "Lot 1159",
        "title": "Grolisch Beer Neon Sign",
        "price": "$133"
    },
    {
        "collection": "2022 The Enthusiast Auction",
        "lot": "Lot 1020",
        "title": "EZ Tire & Tubes Repair Kit Cab inet",
        "price": "$126"
    },
    {
        "collection": "2022 The Enthusiast Auction",
        "lot": "Lot 1263",
        "title": "Chrome Dreams - Motor Magazine  Art Collection",
        "price": "$126"
    },
    {
        "collection": "2022 The Enthusiast Auction",
        "lot": "Lot 1278",
        "title": "Circa 1980s Walker Advantage M uffler Lighted Clock",
        "price": "$126"
    },
    {
        "collection": "2022 The Enthusiast Auction",
        "lot": "Lot 1053",
        "title": "Household Oil Can Collection",
        "price": "$126"
    },
    {
        "collection": "2022 The Enthusiast Auction",
        "lot": "Lot 1273",
        "title": "Circa 1990 Bud Light Neon Sign",
        "price": "$126"
    },
    {
        "collection": "2022 The Enthusiast Auction",
        "lot": "Lot 1121",
        "title": "Four Vintage Gallon Cans",
        "price": "$126"
    },
    {
        "collection": "2022 The Enthusiast Auction",
        "lot": "Lot 1171",
        "title": "Early 1900s Tokheim Hand-Crank  Oil Pump",
        "price": "$126"
    },
    {
        "collection": "2022 The Enthusiast Auction",
        "lot": "Lot 1241",
        "title": "Maremont Mufflers & Pipes Ligh ted Clock",
        "price": "$126"
    },
    {
        "collection": "2022 The Enthusiast Auction",
        "lot": "Lot 1105",
        "title": "Rope Light Motorcycle Artwork",
        "price": "$123"
    },
    {
        "collection": "2022 The Enthusiast Auction",
        "lot": "Lot 1064",
        "title": "Circa 1970s Sunkist Orange Sod a \"Good Vibrations\" Lighted Clock",
        "price": "$123"
    },
    {
        "collection": "2022 The Enthusiast Auction",
        "lot": "Lot 1130",
        "title": "Circa 1980 Pepsi Light Sign",
        "price": "$123"
    },
    {
        "collection": "2022 The Enthusiast Auction",
        "lot": "Lot 1301",
        "title": "1980s Vintage Pepsi-Certified  Quality Neon Sign",
        "price": "$123"
    },
    {
        "collection": "2022 The Enthusiast Auction",
        "lot": "Lot 1067",
        "title": "Vintage Golden Glow Spotlight",
        "price": "$123"
    },
    {
        "collection": "2022 The Enthusiast Auction",
        "lot": "Lot 1098",
        "title": "Drug Store, Smoking and Health  Related Collectibles",
        "price": "$123"
    },
    {
        "collection": "2022 The Enthusiast Auction",
        "lot": "Lot 1021",
        "title": "Tire and Tube Repair Kit Colle ction",
        "price": "$123"
    },
    {
        "collection": "2022 The Enthusiast Auction",
        "lot": "Lot 1140",
        "title": "Circa Early 2000s UPS Retail S tore Lighted Sign",
        "price": "$123"
    },
    {
        "collection": "2022 The Enthusiast Auction",
        "lot": "Lot 1013",
        "title": "1950s Ansul Dry Chemical Fire  Extinguisher",
        "price": "$123"
    },
    {
        "collection": "2022 The Enthusiast Auction",
        "lot": "Lot 1068",
        "title": "Circa 1970s Selectorama Four-S election Gum/Capsule Vending Machine",
        "price": "$123"
    },
    {
        "collection": "2022 The Enthusiast Auction",
        "lot": "Lot 1341",
        "title": "Late 1970s Vintage Lighted Pep si Clock",
        "price": "$123"
    },
    {
        "collection": "2022 The Enthusiast Auction",
        "lot": "Lot 1332",
        "title": "Circuit Des Ardennes - 1906 Li thograph by Ernst Montaut",
        "price": "$123"
    },
    {
        "collection": "2022 The Enthusiast Auction",
        "lot": "Lot 1163",
        "title": "Edelbrock's Special Coupe and  Vintage Roadster by John Lamm",
        "price": "$123"
    },
    {
        "collection": "2022 The Enthusiast Auction",
        "lot": "Lot 1286",
        "title": "Mid-1950s 7-Up \"You Like It\" L ighted Clock",
        "price": "$121"
    },
    {
        "collection": "2022 The Enthusiast Auction",
        "lot": "Lot 1293",
        "title": "Circa 1960s Indiana Bank & Tru st Co. Lighted Clock",
        "price": "$121"
    },
    {
        "collection": "2022 The Enthusiast Auction",
        "lot": "Lot 1292",
        "title": "Circa 1960s Hartford Insurance  Clock",
        "price": "$121"
    },
    {
        "collection": "2022 The Enthusiast Auction",
        "lot": "Lot 1162",
        "title": "Circa 1960s Motorists Mutual I nsurance Clock",
        "price": "$121"
    },
    {
        "collection": "2022 The Enthusiast Auction",
        "lot": "Lot 1002",
        "title": "Circa 1980s Dupont Thermometer /Barometer",
        "price": "$121"
    },
    {
        "collection": "2022 The Enthusiast Auction",
        "lot": "Lot 2046",
        "title": "Phillips Oil Lubester-Dispense r",
        "price": "$121"
    },
    {
        "collection": "2022 The Enthusiast Auction",
        "lot": "Lot 1023",
        "title": "Circa 1970s Lincoln Electric -  Authorized Dealer Clock",
        "price": "$121"
    },
    {
        "collection": "2022 The Enthusiast Auction",
        "lot": "Lot 1154",
        "title": "Circa Mid-1960s Hershey's Ice  Cream Lighted Clock-Sign",
        "price": "$121"
    },
    {
        "collection": "2022 The Enthusiast Auction",
        "lot": "Lot 1056",
        "title": "Circa 1980s RC-Royal Crown Col a Electric Clock",
        "price": "$121"
    },
    {
        "collection": "2022 The Enthusiast Auction",
        "lot": "Lot 1044",
        "title": "1960s Chesterfield 21/20 Embos sed Tin Sign",
        "price": "$121"
    },
    {
        "collection": "2022 The Enthusiast Auction",
        "lot": "Lot 1019",
        "title": "1980s Aetna Drivotrainer Simul ator",
        "price": "$121"
    },
    {
        "collection": "2022 The Enthusiast Auction",
        "lot": "Lot 1262",
        "title": "1950s Double Cola Tin Thermome ter",
        "price": "$121"
    },
    {
        "collection": "2022 The Enthusiast Auction",
        "lot": "Lot 1127",
        "title": "1900s Everlast Hall of Fame Bo xing Glove Display",
        "price": "$121"
    },
    {
        "collection": "2022 The Enthusiast Auction",
        "lot": "Lot 2009",
        "title": "1970s GM \"Guardian Maintenance \" Embossed Tin Litho Sign",
        "price": "$121"
    },
    {
        "collection": "2022 The Enthusiast Auction",
        "lot": "Lot 1151",
        "title": "Panasonic Lighted Sign-Digital  Clock",
        "price": "$121"
    },
    {
        "collection": "2022 The Enthusiast Auction",
        "lot": "Lot 2021",
        "title": "Circa 1970s Winston Cigarettes  Lighted Clock",
        "price": "$121"
    },
    {
        "collection": "2022 The Enthusiast Auction",
        "lot": "Lot 1309",
        "title": "Levenstein's Jeweler Advertisi ng Clock",
        "price": "$121"
    },
    {
        "collection": "2022 The Enthusiast Auction",
        "lot": "Lot 1025",
        "title": "1960s E.R Squibb & Sons Lighte d Display Sign",
        "price": "$121"
    },
    {
        "collection": "2022 The Enthusiast Auction",
        "lot": "Lot 1031",
        "title": "Mobil Self Serve Island Double -Sided Lighted Sign",
        "price": "$121"
    },
    {
        "collection": "2022 The Enthusiast Auction",
        "lot": "Lot 1165",
        "title": "Circa 1990 Kenda (Tires) Light ed Sign",
        "price": "$121"
    },
    {
        "collection": "2022 The Enthusiast Auction",
        "lot": "Lot 1008",
        "title": "Neapco Driveline Parts Lighted  Clock-Sign",
        "price": "$121"
    },
    {
        "collection": "2022 The Enthusiast Auction",
        "lot": "Lot 1310",
        "title": "Bronze Aladdin's Lamp Post and  Light",
        "price": "$121"
    },
    {
        "collection": "2022 The Enthusiast Auction",
        "lot": "Lot 1209",
        "title": "Railroad Pullman Car Wash Basi n and Holder",
        "price": "$121"
    },
    {
        "collection": "2022 The Enthusiast Auction",
        "lot": "Lot 1259",
        "title": "Collection of Automotive Addit ives Tins",
        "price": "$121"
    },
    {
        "collection": "2022 The Enthusiast Auction",
        "lot": "Lot 1119",
        "title": "1950s Vintage Buss Fuse Retail  Display",
        "price": "$121"
    },
    {
        "collection": "2022 The Enthusiast Auction",
        "lot": "Lot 1029",
        "title": "1960s Vintage Mack Truck and T exaco Large Lead Printer Blocks",
        "price": "$121"
    },
    {
        "collection": "2022 The Enthusiast Auction",
        "lot": "Lot 1009",
        "title": "Go Big Red Continental Trailwa ys Sign",
        "price": "$121"
    },
    {
        "collection": "2022 The Enthusiast Auction",
        "lot": "Lot 1247",
        "title": "Knuck's Wheelhouse Large Woode n Sign",
        "price": "$121"
    },
    {
        "collection": "2022 The Enthusiast Auction",
        "lot": "Lot 1277",
        "title": "Falstaff Beer Lighted Sign",
        "price": "$121"
    },
    {
        "collection": "2022 The Enthusiast Auction",
        "lot": "Lot 1149",
        "title": "Pepsi Cap Sign",
        "price": "$121"
    },
    {
        "collection": "2022 The Enthusiast Auction",
        "lot": "Lot 1195",
        "title": "Buffalo Vintage Brass Fire Ext inguisher",
        "price": "$121"
    },
    {
        "collection": "2022 The Enthusiast Auction",
        "lot": "Lot 1017",
        "title": "Rattlesnake Weatherford Pontia c Hood",
        "price": "$121"
    },
    {
        "collection": "2022 The Enthusiast Auction",
        "lot": "Lot 1193",
        "title": "New Departure Coaster Brake an d Hub Parts Box",
        "price": "$121"
    },
    {
        "collection": "2022 The Enthusiast Auction",
        "lot": "Lot 1202",
        "title": "Phillips 66 Fuel Oil Canister",
        "price": "$121"
    },
    {
        "collection": "2022 The Enthusiast Auction",
        "lot": "Lot 1167",
        "title": "Giant Bicycles Neon Clock-Sign",
        "price": "$121"
    },
    {
        "collection": "2022 The Enthusiast Auction",
        "lot": "Lot 1281",
        "title": "1980s Enjoy Coca-Cola Neon Sig n",
        "price": "$121"
    },
    {
        "collection": "2022 The Enthusiast Auction",
        "lot": "Lot 2051",
        "title": "1933 Mercedes-Benz Factory Pho tos - Original",
        "price": "$121"
    },
    {
        "collection": "2022 The Enthusiast Auction",
        "lot": "Lot 2037",
        "title": "Chaparrel 2A and Jim Hall by J ohn Lamm",
        "price": "$121"
    },
    {
        "collection": "2022 The Enthusiast Auction",
        "lot": "Lot 1028",
        "title": "1961 Cooper-Climax T54 Kimberl y-Cooper Special Montage by John Lamm",
        "price": "$121"
    },
    {
        "collection": "2022 The Enthusiast Auction",
        "lot": "Lot 1205",
        "title": "Three Original Automotive Phot ographs by John Lamm",
        "price": "$121"
    },
    {
        "collection": "2022 The Enthusiast Auction",
        "lot": "Lot 1034",
        "title": "Phil Hill with Ferrari 250 Tes tarossa by John Lamm",
        "price": "$121"
    },
    {
        "collection": "2022 The Enthusiast Auction",
        "lot": "Lot 1080",
        "title": "Felice Navarro's 1907 Fiat and  Lancia D50 Grand Prix Racer by John Lam m",
        "price": "$121"
    },
    {
        "collection": "2022 The Enthusiast Auction",
        "lot": "Lot 1018",
        "title": "1970s NAPA Martin Senour Abras ives Cabinet",
        "price": "$121"
    },
    {
        "collection": "2022 The Enthusiast Auction",
        "lot": "Lot 1045",
        "title": "Early 1990s Bud Light Bicycle  Neon Sign",
        "price": "$121"
    },
    {
        "collection": "2022 The Enthusiast Auction",
        "lot": "Lot 1197",
        "title": "Budweiser Lighted Sign and Clo ck",
        "price": "$121"
    },
    {
        "collection": "2022 The Enthusiast Auction",
        "lot": "Lot 1148",
        "title": "1960s Vintage Old Crown Thermo meter",
        "price": "$118"
    },
    {
        "collection": "2022 The Enthusiast Auction",
        "lot": "Lot 1182",
        "title": "I.N.R. Beatty Single-Sided Por celain Sign",
        "price": "$118"
    },
    {
        "collection": "2022 The Enthusiast Auction",
        "lot": "Lot 1077",
        "title": "Chevrolet Stingray Racer Portr ait by John Lamm, Signed",
        "price": "$118"
    },
    {
        "collection": "2022 The Enthusiast Auction",
        "lot": "Lot 1212",
        "title": "Early 2000s Champion \"Performa nce Driven\" Metal Cabinet",
        "price": "$118"
    },
    {
        "collection": "2022 The Enthusiast Auction",
        "lot": "Lot 1180",
        "title": "Circa Early 1970s L.W. Harper  Whiskey Thermometer",
        "price": "$110"
    },
    {
        "collection": "2022 The Enthusiast Auction",
        "lot": "Lot 1333",
        "title": "1960s Buddy L Sanitation Press ed Steel Truck",
        "price": "$110"
    },
    {
        "collection": "2022 The Enthusiast Auction",
        "lot": "Lot 1033",
        "title": "Circa 1940s Vintage Gumball/Ca ndy Penny Vending Machine",
        "price": "$108"
    },
    {
        "collection": "2022 The Enthusiast Auction",
        "lot": "Lot 1264",
        "title": "Frankenmuth Mutual Insurance G lass Pam Clock Face",
        "price": "$108"
    },
    {
        "collection": "2022 The Enthusiast Auction",
        "lot": "Lot 1005",
        "title": "Circa 1970s Farm Bureau Insura nce-Kansas Lighted Clock",
        "price": "$100"
    },
    {
        "collection": "2022 The Enthusiast Auction",
        "lot": "Lot 1143",
        "title": "Rye Whiskey Aging Barrel",
        "price": "$98"
    },
    {
        "collection": "2022 The Enthusiast Auction",
        "lot": "Lot 1170",
        "title": "Circa 1950s Bundyflex Brake Li ne Display Rack",
        "price": "$94"
    },
    {
        "collection": "2022 The Enthusiast Auction",
        "lot": "Lot 1227",
        "title": "Circa 1970s Skil Power Tools L ighted Clock-Sign",
        "price": "$94"
    },
    {
        "collection": "2022 The Enthusiast Auction",
        "lot": "Lot 1172",
        "title": "Circa 1970s Concord Bicyles Li ghted Clock-Sign Board",
        "price": "$94"
    },
    {
        "collection": "2022 The Enthusiast Auction",
        "lot": "Lot 1298",
        "title": "Pepsi-Cola Retail Display Rack",
        "price": "$94"
    },
    {
        "collection": "2022 The Enthusiast Auction",
        "lot": "Lot 1270",
        "title": "1960s Dole Radiator Caps Displ ay Rack",
        "price": "$94"
    },
    {
        "collection": "2022 The Enthusiast Auction",
        "lot": "Lot 1107",
        "title": "1970s Kay's Candies Lighted Si gn",
        "price": "$94"
    },
    {
        "collection": "2022 The Enthusiast Auction",
        "lot": "Lot 1178",
        "title": "Schlitz Rotating Globe Sign",
        "price": "$90"
    },
    {
        "collection": "2022 The Enthusiast Auction",
        "lot": "Lot 1226",
        "title": "Light Gray Horse Statue",
        "price": "$90"
    },
    {
        "collection": "2022 The Enthusiast Auction",
        "lot": "Lot 1279",
        "title": "1950s Two Puritan Brand Gallon  Brake Fluid Cans",
        "price": "$90"
    },
    {
        "collection": "2022 The Enthusiast Auction",
        "lot": "Lot 1070",
        "title": "Two Vintage Gallon Oil Cans",
        "price": "$90"
    },
    {
        "collection": "2022 The Enthusiast Auction",
        "lot": "Lot 1110",
        "title": "1890s Sessions Schoolhouse Reg ulator Clock",
        "price": "$90"
    },
    {
        "collection": "2022 The Enthusiast Auction",
        "lot": "Lot 1071",
        "title": "1990s Basketball Hoop and Ball  Light Fixture",
        "price": "$90"
    },
    {
        "collection": "2022 The Enthusiast Auction",
        "lot": "Lot 1061",
        "title": "Bicycle Wheel Clock",
        "price": "$86"
    },
    {
        "collection": "2022 The Enthusiast Auction",
        "lot": "Lot 1329",
        "title": "1940s Vintage Oak Gumball Penn y Vending Machine - Original",
        "price": "$86"
    },
    {
        "collection": "2022 The Enthusiast Auction",
        "lot": "Lot 1168",
        "title": "Autographed Phil Hill and Jim  Hall with Chaparral 2F by John Lamm",
        "price": "$75"
    },
    {
        "collection": "2022 The Enthusiast Auction",
        "lot": "Lot 1316",
        "title": "Coca-Cola Case Storage Caddy",
        "price": "$73"
    },
    {
        "collection": "2022 The Enthusiast Auction",
        "lot": "Lot 1133",
        "title": "Richfield Hi-Octane Gas Canist er with Legs",
        "price": "$73"
    },
    {
        "collection": "2022 The Enthusiast Auction",
        "lot": "Lot 1296",
        "title": "Various Collectible Gallon Can s",
        "price": "$72"
    },
    {
        "collection": "2022 The Enthusiast Auction",
        "lot": "Lot 1161",
        "title": "Allstate-Sears Automotive Flui d Can Collection",
        "price": "$72"
    },
    {
        "collection": "2022 The Enthusiast Auction",
        "lot": "Lot 1342",
        "title": "Collection of Vintage Car Care  Products",
        "price": "$72"
    },
    {
        "collection": "2022 The Enthusiast Auction",
        "lot": "Lot 1318",
        "title": "Paramount Neon Sign",
        "price": "$72"
    },
    {
        "collection": "2022 The Enthusiast Auction",
        "lot": "Lot 1248",
        "title": "Two MPG Dean Batchelor Awards  to John Lamm 2001 and 2004",
        "price": "$69"
    },
    {
        "collection": "2022 The Enthusiast Auction",
        "lot": "Lot 1337",
        "title": "Lone Star Beer Embossed Metal  Sign",
        "price": "$63"
    },
    {
        "collection": "2022 The Enthusiast Auction",
        "lot": "Lot 1230",
        "title": "1950s Vintage Telechron Office  Clock",
        "price": "$63"
    },
    {
        "collection": "2022 The Enthusiast Auction",
        "lot": "Lot 1118",
        "title": "Tower Insurance Round Thermome ter",
        "price": "$61"
    },
    {
        "collection": "2022 The Enthusiast Auction",
        "lot": "Lot 1213",
        "title": "Roeper Crane Iron Nameplate",
        "price": "$61"
    },
    {
        "collection": "2022 The Enthusiast Auction",
        "lot": "Lot 1011",
        "title": "Auto-Owners Insurance Clock",
        "price": "$60"
    },
    {
        "collection": "2022 The Enthusiast Auction",
        "lot": "Lot 1217",
        "title": "Circas 1970s Wick's Building T hermometer",
        "price": "$60"
    },
    {
        "collection": "2022 The Enthusiast Auction",
        "lot": "Lot 1112",
        "title": "Circa 2000 Pepsi Lighted Clock",
        "price": "$60"
    },
    {
        "collection": "2022 The Enthusiast Auction",
        "lot": "Lot 1255",
        "title": "Circa Late 1970s Pepsi Lighted  Clock",
        "price": "$60"
    },
    {
        "collection": "2022 The Enthusiast Auction",
        "lot": "Lot 1074",
        "title": "Circa 1980s NAPA Windshield Pr oducts Lighted Clock",
        "price": "$60"
    },
    {
        "collection": "2022 The Enthusiast Auction",
        "lot": "Lot 1082",
        "title": "Circa Early 1990s Hoosier Lott ery Lighted Sign",
        "price": "$60"
    },
    {
        "collection": "2022 The Enthusiast Auction",
        "lot": "Lot 1010",
        "title": "Trostel Oil Seals Adversting a nd Products Cabinet",
        "price": "$60"
    },
    {
        "collection": "2022 The Enthusiast Auction",
        "lot": "Lot 1062",
        "title": "Weatherhead Company Small Engi ne Repair Kit Metal Drawers",
        "price": "$60"
    },
    {
        "collection": "2022 The Enthusiast Auction",
        "lot": "Lot 1076",
        "title": "Glidden Lighted Clock-Sign",
        "price": "$60"
    },
    {
        "collection": "2022 The Enthusiast Auction",
        "lot": "Lot 1320",
        "title": "Minneapolis Moline Modern Mach inery Gas Can",
        "price": "$60"
    },
    {
        "collection": "2022 The Enthusiast Auction",
        "lot": "Lot 1285",
        "title": "Health-O-Meter Physician's Sca le",
        "price": "$60"
    },
    {
        "collection": "2022 The Enthusiast Auction",
        "lot": "Lot 1035",
        "title": "NAPA Classic Extreme Alignment  Clock-Sign",
        "price": "$60"
    },
    {
        "collection": "2022 The Enthusiast Auction",
        "lot": "Lot 1072",
        "title": "Winston Cigarettes Advertising  Clock",
        "price": "$60"
    },
    {
        "collection": "2022 The Enthusiast Auction",
        "lot": "Lot 1102",
        "title": "Buckeye Brass Aviation Fueling  Nozzle",
        "price": "$60"
    },
    {
        "collection": "2022 The Enthusiast Auction",
        "lot": "Lot 1246",
        "title": "Buckeye Brass Aviation Fuel No zzle - U.S. Army - Air Corp.",
        "price": "$60"
    },
    {
        "collection": "2022 The Enthusiast Auction",
        "lot": "Lot 1220",
        "title": "Lionel Chevrolet Bow-Tie Expre ss Train Set",
        "price": "$60"
    },
    {
        "collection": "2022 The Enthusiast Auction",
        "lot": "Lot 1276",
        "title": "Early 2000s Formula Race Car C eiling Light",
        "price": "$60"
    },
    {
        "collection": "2022 The Enthusiast Auction",
        "lot": "Lot 1290",
        "title": "Collection of Vintage Car Care  Products",
        "price": "$60"
    },
    {
        "collection": "2022 The Enthusiast Auction",
        "lot": "Lot 1117",
        "title": "1960s Dean Tire Stand",
        "price": "$60"
    },
    {
        "collection": "2022 The Enthusiast Auction",
        "lot": "Lot 1192",
        "title": "Early 1980s Coors Beer Clock-M enu Board",
        "price": "$60"
    },
    {
        "collection": "2022 The Enthusiast Auction",
        "lot": "Lot 1042",
        "title": "Boot Hill Fiesta - Dodge City",
        "price": "$60"
    },
    {
        "collection": "2022 The Enthusiast Auction",
        "lot": "Lot 1041",
        "title": "Coca-Cola 1984 Olympics Patio  Umbrella",
        "price": "$60"
    },
    {
        "collection": "2022 The Enthusiast Auction",
        "lot": "Lot 1124",
        "title": "1970s Railroad Crossing Sign",
        "price": "$60"
    },
    {
        "collection": "2022 The Enthusiast Auction",
        "lot": "Lot 1265",
        "title": "Miller Chemical Fire Engine-Ex tinguisher",
        "price": "$60"
    },
    {
        "collection": "2022 The Enthusiast Auction",
        "lot": "Lot 1065",
        "title": "Telephone Remote Control Switc hboard",
        "price": "$60"
    },
    {
        "collection": "2022 The Enthusiast Auction",
        "lot": "Lot 1032",
        "title": "Exit Sign Light Box",
        "price": "$60"
    },
    {
        "collection": "2022 The Enthusiast Auction",
        "lot": "Lot 1294",
        "title": "1970s Budweiser Sidewalk Chalk board Sign",
        "price": "$60"
    },
    {
        "collection": "2022 The Enthusiast Auction",
        "lot": "Lot 1191",
        "title": "Early 1900s Standard Oil of In diana Grease Bucket",
        "price": "$60"
    },
    {
        "collection": "2022 The Enthusiast Auction",
        "lot": "Lot 1345",
        "title": "Collection of Snowmobile and R elated Chemicals was 1311",
        "price": "$60"
    },
    {
        "collection": "2022 The Enthusiast Auction",
        "lot": "Lot 1343",
        "title": "Collection of Vintage Automoti ve Service Parts",
        "price": "$60"
    },
    {
        "collection": "2022 The Enthusiast Auction",
        "lot": "Lot 1214",
        "title": "Phil Hill Portrait of a Champi on by John Lamm",
        "price": "$60"
    },
    {
        "collection": "2022 The Enthusiast Auction",
        "lot": "Lot 1240",
        "title": "Trio of Auto Related Photos fr om John Lamm",
        "price": "$60"
    },
    {
        "collection": "2022 The Enthusiast Auction",
        "lot": "Lot 1208",
        "title": "Barnum & Bailey Circus/Ringlin g Brothers Metal Container",
        "price": "$60"
    },
    {
        "collection": "2022 The Enthusiast Auction",
        "lot": "Lot 1024",
        "title": "1970s NAPA Belden Spark Plug W ires Cabinet",
        "price": "$60"
    },
    {
        "collection": "2022 The Enthusiast Auction",
        "lot": "Lot 1101",
        "title": "1960s Tung-Sol Auto Lamp/Flash er Product Display Case",
        "price": "$60"
    },
    {
        "collection": "2022 The Enthusiast Auction",
        "lot": "Lot 1235",
        "title": "1986 Chevrolet Corvette Conver tible Print by Harold Cleworth",
        "price": "$59"
    },
    {
        "collection": "2022 The Enthusiast Auction",
        "lot": "Lot 1040",
        "title": "1990s Vintage Drink Coca-Cola  Themometer - Reproduction",
        "price": "$30"
    }
]