[
    {
        "lot_source_link": "https://rmsothebys.com/auctions/fl22/lots/",
        "lot_code": null,
        "vehicle_chassis_no": null,
        "vehicle_engine_no": null,
        "lot_description": null
    },
    {
        "lot_source_link": "https://rmsothebys.com/auctions/fl22/lots/r0317-1949-bentley-mark-vi-super-sport-saloon/",
        "lot_code": "1049A",
        "vehicle_chassis_no": "B399DZ",
        "vehicle_engine_no": null,
        "lot_description": null
    },
    {
        "lot_source_link": "https://rmsothebys.com/auctions/fl22/lots/r0317-1949-bentley-mark-vi-super-sport-saloon/",
        "lot_code": "1049A",
        "vehicle_chassis_no": "B399DZ",
        "vehicle_engine_no": null,
        "lot_description": null
    },
    {
        "lot_source_link": "https://rmsothebys.com/auctions/fl22/lots/r0177-1994-lexus-sc-300/",
        "lot_code": "1024",
        "vehicle_chassis_no": "JT8JZ31C7R0018964",
        "vehicle_engine_no": null,
        "lot_description": "Lexus\u2019 exquisitely well-engineered sports luxury coupe | Directly related to the legendary fourth-generation Toyota Supra | 225 hp 3.0-liter 2JZ-GE inline-six engine; four-speed automatic transmission | One of 1,978 examples so equipped produced for the model year | Garnet Pearl exterior over a tan leather interior | Exterior highlights include gold badges | Power steering, brakes, windows, and sunroof; heated power seats; air conditioning; stereo with CD player | Rides on BBS wheels with Lexus center caps | Carefully preserved, with two owners from new; acquired by a dedicated enthusiast of the model in February 2021 | Said to benefit from a new timing belt under present ownership; new radio installed August 2017, and new tires fitted April 2021 | Driven a modest 47,575 mi at cataloguing | A model increasingly recognized for its appealing visual design, luxurious appointments, and renowned Japanese build quality | An excellent coupe option for comfortable driving\u2014or a suitable platform for performance modifications"
    },
    {
        "lot_source_link": "https://rmsothebys.com/auctions/fl22/lots/r0177-1994-lexus-sc-300/",
        "lot_code": "1024",
        "vehicle_chassis_no": "JT8JZ31C7R0018964",
        "vehicle_engine_no": null,
        "lot_description": "Lexus\u2019 exquisitely well-engineered sports luxury coupe | Directly related to the legendary fourth-generation Toyota Supra | 225 hp 3.0-liter 2JZ-GE inline-six engine; four-speed automatic transmission | One of 1,978 examples so equipped produced for the model year | Garnet Pearl exterior over a tan leather interior | Exterior highlights include gold badges | Power steering, brakes, windows, and sunroof; heated power seats; air conditioning; stereo with CD player | Rides on BBS wheels with Lexus center caps | Carefully preserved, with two owners from new; acquired by a dedicated enthusiast of the model in February 2021 | Said to benefit from a new timing belt under present ownership; new radio installed August 2017, and new tires fitted April 2021 | Driven a modest 47,575 mi at cataloguing | A model increasingly recognized for its appealing visual design, luxurious appointments, and renowned Japanese build quality | An excellent coupe option for comfortable driving\u2014or a suitable platform for performance modifications"
    },
    {
        "lot_source_link": "https://rmsothebys.com/auctions/fl22/lots/r0279-1937-ford-v8-deluxe-roadster/",
        "lot_code": "1025",
        "vehicle_chassis_no": "184771217",
        "vehicle_engine_no": null,
        "lot_description": "Sporty and rare DeLuxe Roadster body style, with just 1,250 produced for 1937 | New-four-1937 streamlined styling, including fender-integrated headlamps | 85 hp, 221 cu. in. flathead V-8; three-speed manual transmission | Finished in maroon over a tan interior; tan convertible top | Nicely restored example, never exhibited | Accompanied by restoration documentation"
    },
    {
        "lot_source_link": "https://rmsothebys.com/auctions/fl22/lots/r0279-1937-ford-v8-deluxe-roadster/",
        "lot_code": "1025",
        "vehicle_chassis_no": "184771217",
        "vehicle_engine_no": null,
        "lot_description": "Sporty and rare DeLuxe Roadster body style, with just 1,250 produced for 1937 | New-four-1937 streamlined styling, including fender-integrated headlamps | 85 hp, 221 cu. in. flathead V-8; three-speed manual transmission | Finished in maroon over a tan interior; tan convertible top | Nicely restored example, never exhibited | Accompanied by restoration documentation"
    },
    {
        "lot_source_link": "https://rmsothebys.com/auctions/fl22/lots/r0284-1926-ford-model-t-touring/",
        "lot_code": "1026",
        "vehicle_chassis_no": "MVIN38103IND",
        "vehicle_engine_no": "12750824",
        "lot_description": "Finished in Burgundy with black fenders and running boards | Upgraded with a 12-volt electrical system with alternator and distributor for reliability and ease of starting | Well-presented older restoration | Desirable late-built Model T | Equipped with amperes meter, speedometer, motometer, mirror, and driving lamp | Powered by a 177-cI, inline, four-cylinder engine paired with a two-speed, planetary transmission | Accompanied by hand pump, jack, Model T instruction manuals and books, and running board racks"
    },
    {
        "lot_source_link": "https://rmsothebys.com/auctions/fl22/lots/r0284-1926-ford-model-t-touring/",
        "lot_code": "1026",
        "vehicle_chassis_no": "MVIN38103IND",
        "vehicle_engine_no": "12750824",
        "lot_description": "Finished in Burgundy with black fenders and running boards | Upgraded with a 12-volt electrical system with alternator and distributor for reliability and ease of starting | Well-presented older restoration | Desirable late-built Model T | Equipped with amperes meter, speedometer, motometer, mirror, and driving lamp | Powered by a 177-cI, inline, four-cylinder engine paired with a two-speed, planetary transmission | Accompanied by hand pump, jack, Model T instruction manuals and books, and running board racks"
    },
    {
        "lot_source_link": "https://rmsothebys.com/auctions/fl22/lots/r0109-1951-lagonda-26litre-drophead-coupe-by-tickford/",
        "lot_code": "1027",
        "vehicle_chassis_no": "LAG50188",
        "vehicle_engine_no": null,
        "lot_description": "A rare, luxurious, and technologically advanced open-top Lagonda | One of 550 2.6-Litre examples produced 1948-1953, of which relatively few were Drophead Coupes | Elegant coachwork by Tickford features rear-hinged \u201csuicide\u201d doors | Sophisticated 105 hp, 2.6-liter dual-overhead cam inline-six designed by W.O. Bentley | Four-speed manual gearbox with column shift; right-hand drive configuration | A luxuriously appointed cabin with wood dashboard | Fully independent front and rear suspension; rack-and-pinion steering | Wears an older restoration in dark racing green  with cream accents over a beige interior; tan convertible top | Engine and transmission said to have been rebuilt under previous ownership"
    },
    {
        "lot_source_link": "https://rmsothebys.com/auctions/fl22/lots/r0109-1951-lagonda-26litre-drophead-coupe-by-tickford/",
        "lot_code": "1027",
        "vehicle_chassis_no": "LAG50188",
        "vehicle_engine_no": null,
        "lot_description": "A rare, luxurious, and technologically advanced open-top Lagonda | One of 550 2.6-Litre examples produced 1948-1953, of which relatively few were Drophead Coupes | Elegant coachwork by Tickford features rear-hinged \u201csuicide\u201d doors | Sophisticated 105 hp, 2.6-liter dual-overhead cam inline-six designed by W.O. Bentley | Four-speed manual gearbox with column shift; right-hand drive configuration | A luxuriously appointed cabin with wood dashboard | Fully independent front and rear suspension; rack-and-pinion steering | Wears an older restoration in dark racing green  with cream accents over a beige interior; tan convertible top | Engine and transmission said to have been rebuilt under previous ownership"
    },
    {
        "lot_source_link": "https://rmsothebys.com/auctions/fl22/lots/r0153-1990-porsche-944-s2-cabriolet/",
        "lot_code": "1028",
        "vehicle_chassis_no": "WP0CB2947LN481395",
        "vehicle_engine_no": null,
        "lot_description": "Low-mileage example of a rare, transaxle S2 Cabriolet | Showing less than 34,000 miles on the odometer at cataloguing time | Only produced for two years, due in part to its enormous cost, spurred by the highly involved process of modifying the 944 S2 Coupe body to receive a convertible top | Powered by a 3.0-liter, dual-overhead camshaft, 16-valve, inline four-cylinder engine, the largest production four-cylinder at the time | Finished in factory-correct combination of Guards Red over black, partial leather | Equipped with correct Blaupunkt AM/FM stereo cassette player and black soft-top | Rides on 17-inch, Boxster-style, five-spoke, alloy wheels | Maintained as part of a collection in a climate-controlled environment | Accompanied by factory manuals with leather folio, repair manual, and top boot"
    },
    {
        "lot_source_link": "https://rmsothebys.com/auctions/fl22/lots/r0153-1990-porsche-944-s2-cabriolet/",
        "lot_code": "1028",
        "vehicle_chassis_no": "WP0CB2947LN481395",
        "vehicle_engine_no": null,
        "lot_description": "Low-mileage example of a rare, transaxle S2 Cabriolet | Showing less than 34,000 miles on the odometer at cataloguing time | Only produced for two years, due in part to its enormous cost, spurred by the highly involved process of modifying the 944 S2 Coupe body to receive a convertible top | Powered by a 3.0-liter, dual-overhead camshaft, 16-valve, inline four-cylinder engine, the largest production four-cylinder at the time | Finished in factory-correct combination of Guards Red over black, partial leather | Equipped with correct Blaupunkt AM/FM stereo cassette player and black soft-top | Rides on 17-inch, Boxster-style, five-spoke, alloy wheels | Maintained as part of a collection in a climate-controlled environment | Accompanied by factory manuals with leather folio, repair manual, and top boot"
    },
    {
        "lot_source_link": "https://rmsothebys.com/auctions/fl22/lots/r0280-1935-auburn-851-supercharged-cabriolet-conversion/",
        "lot_code": "1029",
        "vehicle_chassis_no": null,
        "vehicle_engine_no": null,
        "lot_description": "A dashing and finely detailed Auburn complete with rumble seat and rear-mounted spare | The cabriolet counterpart to the exclusive Auburn Boattail Speedster | Said to have been owned by the mayor of Auburn, Indiana in the 1960s | Professionally converted from a coupe to its present cabriolet form under his stewardship | Upgraded to supercharged specification\u2014then a common and respected modification\u2014at this time, complete with signature exhaust pipes on driver\u2019s side and Ab Jenkins dashboard plate | 280 cu. in. supercharged straight-eight Lycoming engine; manual transmission with floor shift | Subtle two-tone ivory and cream exterior over a brown leather interior | Black convertible top and red wire wheels wrapped in blackwall tires provide a touch of visual contrast | Benefits from an engine and supercharger rebuild, as well as the installation of a new radiator core and the overhaul of numerous additional mechanical systems, by Steve Babinsky\u2019s Automotive Restorations of New Jersey | Accompanied by 2016\u20132017 invoices from Automotive Restorations totaling nearly $75,000, as well as detailed descriptions of work performed | A CCCA Full Classic; also eligible for Auburn-Cord-Duesenberg Club events"
    },
    {
        "lot_source_link": "https://rmsothebys.com/auctions/fl22/lots/r0280-1935-auburn-851-supercharged-cabriolet-conversion/",
        "lot_code": "1029",
        "vehicle_chassis_no": null,
        "vehicle_engine_no": null,
        "lot_description": "A dashing and finely detailed Auburn complete with rumble seat and rear-mounted spare | The cabriolet counterpart to the exclusive Auburn Boattail Speedster | Said to have been owned by the mayor of Auburn, Indiana in the 1960s | Professionally converted from a coupe to its present cabriolet form under his stewardship | Upgraded to supercharged specification\u2014then a common and respected modification\u2014at this time, complete with signature exhaust pipes on driver\u2019s side and Ab Jenkins dashboard plate | 280 cu. in. supercharged straight-eight Lycoming engine; manual transmission with floor shift | Subtle two-tone ivory and cream exterior over a brown leather interior | Black convertible top and red wire wheels wrapped in blackwall tires provide a touch of visual contrast | Benefits from an engine and supercharger rebuild, as well as the installation of a new radiator core and the overhaul of numerous additional mechanical systems, by Steve Babinsky\u2019s Automotive Restorations of New Jersey | Accompanied by 2016\u20132017 invoices from Automotive Restorations totaling nearly $75,000, as well as detailed descriptions of work performed | A CCCA Full Classic; also eligible for Auburn-Cord-Duesenberg Club events"
    },
    {
        "lot_source_link": "https://rmsothebys.com/auctions/fl22/lots/r0311-1953-chevrolet-sedan-delivery/",
        "lot_code": "1030",
        "vehicle_chassis_no": "D530041760",
        "vehicle_engine_no": null,
        "lot_description": "Splendid, light-duty delivery sedan with classical appeal and enduring functionality | Perfect for commercial advertising opportunities around town | Finished in classic red Coca-Cola livery over a black interior; benefits from a previous restoration | Powered by a 235-cI, inline, six-cylinder engine paired with a three-speed automatic transmission | Notable features include auxiliary gauges, Malibu-type rear end, external sunshade, fog lights, chrome bumpers, and nearly 90 cubic feet of storage area | Rides on steel wheels with chrome center caps clad in wide whitewall tires"
    },
    {
        "lot_source_link": "https://rmsothebys.com/auctions/fl22/lots/r0311-1953-chevrolet-sedan-delivery/",
        "lot_code": "1030",
        "vehicle_chassis_no": "D530041760",
        "vehicle_engine_no": null,
        "lot_description": "Splendid, light-duty delivery sedan with classical appeal and enduring functionality | Perfect for commercial advertising opportunities around town | Finished in classic red Coca-Cola livery over a black interior; benefits from a previous restoration | Powered by a 235-cI, inline, six-cylinder engine paired with a three-speed automatic transmission | Notable features include auxiliary gauges, Malibu-type rear end, external sunshade, fog lights, chrome bumpers, and nearly 90 cubic feet of storage area | Rides on steel wheels with chrome center caps clad in wide whitewall tires"
    },
    {
        "lot_source_link": "https://rmsothebys.com/auctions/fl22/lots/r0208-1988-chrysler-conquest-tsi/",
        "lot_code": "1031",
        "vehicle_chassis_no": "JJ3CC54N3JZ038227",
        "vehicle_engine_no": null,
        "lot_description": "Desirable turbo coupe with low miles and an eye-catching exterior | Powered by a 2.6-liter, turbocharged, four-cylinder engine paired with a five-speed manual transmission | Desirable TSi specification with wide body and intercooler | Received cosmetic service totaling $4,126 in August 2021 and a $1,500 detail in October 2021 | Odometer displayed 26,533 miles at the time of cataloging | Finished in desirable Fuji Blue over a black interior | Accompanied by spare wheel, jack, stock muffler, manuals, purchase documents, and service invoices"
    },
    {
        "lot_source_link": "https://rmsothebys.com/auctions/fl22/lots/r0208-1988-chrysler-conquest-tsi/",
        "lot_code": "1031",
        "vehicle_chassis_no": "JJ3CC54N3JZ038227",
        "vehicle_engine_no": null,
        "lot_description": "Desirable turbo coupe with low miles and an eye-catching exterior | Powered by a 2.6-liter, turbocharged, four-cylinder engine paired with a five-speed manual transmission | Desirable TSi specification with wide body and intercooler | Received cosmetic service totaling $4,126 in August 2021 and a $1,500 detail in October 2021 | Odometer displayed 26,533 miles at the time of cataloging | Finished in desirable Fuji Blue over a black interior | Accompanied by spare wheel, jack, stock muffler, manuals, purchase documents, and service invoices"
    },
    {
        "lot_source_link": "https://rmsothebys.com/auctions/fl22/lots/r0257-1984-mercedesbenz-300-td/",
        "lot_code": "1032",
        "vehicle_chassis_no": "WDBAB33A6EA187474",
        "vehicle_engine_no": null,
        "lot_description": "Well-presented, late-production example of the legendary code W123 chassis Mercedes-Benz | One owner car from new | Factory options include an electric sliding roof, cruise control, central locking, Becker Grand Prix stereo, front folding arm rest, automatic climate control, power windows, and 15-hole alloy wheels | Finished in Astral Silver metallic paint over Blue MB-Tex upholstery | Powered by 3.0-liter, inline, five-cylinder, turbodiesel engine paired with a four-speed automatic transmission | Odometer showing less than 78,000 miles at time of cataloguing | Accompanied by floor mats and owner\u2019s manual"
    },
    {
        "lot_source_link": "https://rmsothebys.com/auctions/fl22/lots/r0257-1984-mercedesbenz-300-td/",
        "lot_code": "1032",
        "vehicle_chassis_no": "WDBAB33A6EA187474",
        "vehicle_engine_no": null,
        "lot_description": "Well-presented, late-production example of the legendary code W123 chassis Mercedes-Benz | One owner car from new | Factory options include an electric sliding roof, cruise control, central locking, Becker Grand Prix stereo, front folding arm rest, automatic climate control, power windows, and 15-hole alloy wheels | Finished in Astral Silver metallic paint over Blue MB-Tex upholstery | Powered by 3.0-liter, inline, five-cylinder, turbodiesel engine paired with a four-speed automatic transmission | Odometer showing less than 78,000 miles at time of cataloguing | Accompanied by floor mats and owner\u2019s manual"
    },
    {
        "lot_source_link": "https://rmsothebys.com/auctions/fl22/lots/r0195-1961-mg-mga/",
        "lot_code": "1033",
        "vehicle_chassis_no": "GHNL92388",
        "vehicle_engine_no": null,
        "lot_description": "Desirable, late-production Mark II example of one of MG\u2019s most memorable sports cars | Said to be the recipient of a restoration, including new PPG paint in white, as well as new tan upholstery, black carpet, and dark blue convertible top | Restoration is said to have included replacing the tires and wiring harness, and refurbishing or replacing the brightwork where needed | Powered by a 1.6-liter, inline, four-cylinder engine mated to a four-speed manual transmission | Equipped with dual sideview mirrors; riding on model-correct steel wheels with center caps"
    },
    {
        "lot_source_link": "https://rmsothebys.com/auctions/fl22/lots/r0195-1961-mg-mga/",
        "lot_code": "1033",
        "vehicle_chassis_no": "GHNL92388",
        "vehicle_engine_no": null,
        "lot_description": "Desirable, late-production Mark II example of one of MG\u2019s most memorable sports cars | Said to be the recipient of a restoration, including new PPG paint in white, as well as new tan upholstery, black carpet, and dark blue convertible top | Restoration is said to have included replacing the tires and wiring harness, and refurbishing or replacing the brightwork where needed | Powered by a 1.6-liter, inline, four-cylinder engine mated to a four-speed manual transmission | Equipped with dual sideview mirrors; riding on model-correct steel wheels with center caps"
    },
    {
        "lot_source_link": "https://rmsothebys.com/auctions/fl22/lots/r0196-1937-ford-coupe-custom/",
        "lot_code": "1034",
        "vehicle_chassis_no": "18336573",
        "vehicle_engine_no": null,
        "lot_description": "Fiberglass-bodied example of one of the most popular American hot rods | Built by Wild Rod Factory and powered by a 350-cid Chevrolet Vortec 5700 V-8 engine with polished valve covers, March air cleaner, and alternator | Heavy-duty Turbo 400 automatic transmission with polished B&M floor shifter | Finished in Brilliant White over custom white leather upholstery with blue velour inserts, blue and white carpet, and white leather-wrapped center console | Riding on Mustang II coil-over front suspension with Ford nine-inch rear end, Wilwood power disc brakes on all four corners, and custom chromed Panther wheels | Equipped with air conditioning by Vintage Air, Kenwood stereo, rear facing camera, power windows, power door entry, and powered open and close hood and trunk"
    },
    {
        "lot_source_link": "https://rmsothebys.com/auctions/fl22/lots/r0196-1937-ford-coupe-custom/",
        "lot_code": "1034",
        "vehicle_chassis_no": "18336573",
        "vehicle_engine_no": null,
        "lot_description": "Fiberglass-bodied example of one of the most popular American hot rods | Built by Wild Rod Factory and powered by a 350-cid Chevrolet Vortec 5700 V-8 engine with polished valve covers, March air cleaner, and alternator | Heavy-duty Turbo 400 automatic transmission with polished B&M floor shifter | Finished in Brilliant White over custom white leather upholstery with blue velour inserts, blue and white carpet, and white leather-wrapped center console | Riding on Mustang II coil-over front suspension with Ford nine-inch rear end, Wilwood power disc brakes on all four corners, and custom chromed Panther wheels | Equipped with air conditioning by Vintage Air, Kenwood stereo, rear facing camera, power windows, power door entry, and powered open and close hood and trunk"
    },
    {
        "lot_source_link": "https://rmsothebys.com/auctions/fl22/lots/r0194-1964-mercedesbenz-230-sl-pagoda/",
        "lot_code": "1035",
        "vehicle_chassis_no": "11304212006973",
        "vehicle_engine_no": null,
        "lot_description": "Desirable first-generation, European specification W113 \u201cPagoda\u201d SL | European-specification model with Euro-style, single lens headlights and metric gauges | First sports car constructed with a rigid passenger cell and designated crumple zones for absorbing front and rear impacts | Presented in white over black upholstery with a Haartz fabic convertible top in black | Equipped with desirable \u201cPagoda\u201d concave hardtop in complimentary dark grey | Powered by a 2.3-liter, inline, six-cylinder engine with Bosch mechanical, multi-port fuel injection; mated to an automatic transmission | Riding on black-wall radial tires over white steel wheels clad in paint-matched chrome hubcaps with chrome beauty rings"
    },
    {
        "lot_source_link": "https://rmsothebys.com/auctions/fl22/lots/r0194-1964-mercedesbenz-230-sl-pagoda/",
        "lot_code": "1035",
        "vehicle_chassis_no": "11304212006973",
        "vehicle_engine_no": null,
        "lot_description": "Desirable first-generation, European specification W113 \u201cPagoda\u201d SL | European-specification model with Euro-style, single lens headlights and metric gauges | First sports car constructed with a rigid passenger cell and designated crumple zones for absorbing front and rear impacts | Presented in white over black upholstery with a Haartz fabic convertible top in black | Equipped with desirable \u201cPagoda\u201d concave hardtop in complimentary dark grey | Powered by a 2.3-liter, inline, six-cylinder engine with Bosch mechanical, multi-port fuel injection; mated to an automatic transmission | Riding on black-wall radial tires over white steel wheels clad in paint-matched chrome hubcaps with chrome beauty rings"
    },
    {
        "lot_source_link": "https://rmsothebys.com/auctions/fl22/lots/r0218-1987-mercedesbenz-560-sl/",
        "lot_code": "1036",
        "vehicle_chassis_no": "WDBBA48D6HA064729",
        "vehicle_engine_no": null,
        "lot_description": "Most desirable, top-of-the-range variant of the R107-chassis, third-generation SL | 5.6-liter V-8 engine mated to a four-speed automatic transmission | Refinished in white over gray interior with matching white hardtop | Equipped with air conditioning, power brakes, and power steering"
    },
    {
        "lot_source_link": "https://rmsothebys.com/auctions/fl22/lots/r0218-1987-mercedesbenz-560-sl/",
        "lot_code": "1036",
        "vehicle_chassis_no": "WDBBA48D6HA064729",
        "vehicle_engine_no": null,
        "lot_description": "Most desirable, top-of-the-range variant of the R107-chassis, third-generation SL | 5.6-liter V-8 engine mated to a four-speed automatic transmission | Refinished in white over gray interior with matching white hardtop | Equipped with air conditioning, power brakes, and power steering"
    },
    {
        "lot_source_link": "https://rmsothebys.com/auctions/fl22/lots/r0080-1929-reo-flying-cloud-sedan/",
        "lot_code": "1037",
        "vehicle_chassis_no": "C9846",
        "vehicle_engine_no": "9820",
        "lot_description": "Benefits from an older, frame-off restoration to national show standards | Winner of multiple awards, including Antique Auto Club of America 1981 First National and 1982 Grand National prizes | Presented in striking period colors of green over black with green cloth interior | Riding on handsome, wood-spoked wheels with steel rims wrapped in black-wall tires | Powered by an inline, \u201cL-head,\u201d six-cylinder engine producing 73 hp, mated to a three-speed manual transmission | First American car to use hydraulic assisted, internally expanding brakes from a design by Lockheed | Recent engine tune-up said to have included rebuilding the carburetor and fuel accumulator | Accompanied by extra parts, including a spare transmission"
    },
    {
        "lot_source_link": "https://rmsothebys.com/auctions/fl22/lots/r0080-1929-reo-flying-cloud-sedan/",
        "lot_code": "1037",
        "vehicle_chassis_no": "C9846",
        "vehicle_engine_no": "9820",
        "lot_description": "Benefits from an older, frame-off restoration to national show standards | Winner of multiple awards, including Antique Auto Club of America 1981 First National and 1982 Grand National prizes | Presented in striking period colors of green over black with green cloth interior | Riding on handsome, wood-spoked wheels with steel rims wrapped in black-wall tires | Powered by an inline, \u201cL-head,\u201d six-cylinder engine producing 73 hp, mated to a three-speed manual transmission | First American car to use hydraulic assisted, internally expanding brakes from a design by Lockheed | Recent engine tune-up said to have included rebuilding the carburetor and fuel accumulator | Accompanied by extra parts, including a spare transmission"
    },
    {
        "lot_source_link": "https://rmsothebys.com/auctions/fl22/lots/r0130-1955-chevrolet-150-business-coupe-custom/",
        "lot_code": "1038",
        "vehicle_chassis_no": "A55B060944",
        "vehicle_engine_no": null,
        "lot_description": "An early, second-generation example of Chevrolet\u2019s smart 150 Business Coupe, benefitting from developments that included an all-new chassis and sleek, single-bow styling | Fitted with a later 396-ci, big-block, Chevrolet V-8 engine, as introduced in the 1965 Corvette Performance modifications include an Edelbrock aluminum intake manifold with Holley carburetor, and MSD distributor and ignition coil with billet aluminum brackets | Muncie four-speed manual transmission with Hurst shifter, driving the rear wheels via a 3.7:1 rear axle | Said to have been the subject of a frame-off restoration; finished in non-standard burnt orange complemented with aftermarket chrome Cragar wheels | Custom tan leather interior with aftermarket gauges, polished steering column, and a wood-rimmed steering wheel | Fitted with Vintage Air air-conditioning and power steering"
    },
    {
        "lot_source_link": "https://rmsothebys.com/auctions/fl22/lots/r0130-1955-chevrolet-150-business-coupe-custom/",
        "lot_code": "1038",
        "vehicle_chassis_no": "A55B060944",
        "vehicle_engine_no": null,
        "lot_description": "An early, second-generation example of Chevrolet\u2019s smart 150 Business Coupe, benefitting from developments that included an all-new chassis and sleek, single-bow styling | Fitted with a later 396-ci, big-block, Chevrolet V-8 engine, as introduced in the 1965 Corvette Performance modifications include an Edelbrock aluminum intake manifold with Holley carburetor, and MSD distributor and ignition coil with billet aluminum brackets | Muncie four-speed manual transmission with Hurst shifter, driving the rear wheels via a 3.7:1 rear axle | Said to have been the subject of a frame-off restoration; finished in non-standard burnt orange complemented with aftermarket chrome Cragar wheels | Custom tan leather interior with aftermarket gauges, polished steering column, and a wood-rimmed steering wheel | Fitted with Vintage Air air-conditioning and power steering"
    },
    {
        "lot_source_link": "https://rmsothebys.com/auctions/fl22/lots/r0132-1965-ford-mustang-convertible/",
        "lot_code": "1039",
        "vehicle_chassis_no": "5R08A138843",
        "vehicle_engine_no": null,
        "lot_description": "Desirable \u201cA Code\u201d example, benefitting from the optional 225-hp, 289-ci, V-8 engine, fed by a four-barrel carburettor | Sought-after \u201cblack plate\u201d car that left Ford\u2019s San Jose, California, plant on 16 May 1965 wearing Poppy Red paintwork with a white soft-top over a matching red vinyl interior with red trim | Well-equipped from the factory with a three-speed automatic transmission, 3.25:1 locking rear-differential, power-assisted steering and brakes, power-operated convertible soft-top, Rally-Pac tachometer and clock package, and styled steel wheels | Performance modifications include an Edelbrock intake manifold, Hedman headers, Holley carburetor, Cobra rocker covers, chrome air-filter housing, and an MSD ignition system comprising distributor, wires, and coil | Accompanied by an owner\u2019s manual and top boot"
    },
    {
        "lot_source_link": "https://rmsothebys.com/auctions/fl22/lots/r0132-1965-ford-mustang-convertible/",
        "lot_code": "1039",
        "vehicle_chassis_no": "5R08A138843",
        "vehicle_engine_no": null,
        "lot_description": "Desirable \u201cA Code\u201d example, benefitting from the optional 225-hp, 289-ci, V-8 engine, fed by a four-barrel carburettor | Sought-after \u201cblack plate\u201d car that left Ford\u2019s San Jose, California, plant on 16 May 1965 wearing Poppy Red paintwork with a white soft-top over a matching red vinyl interior with red trim | Well-equipped from the factory with a three-speed automatic transmission, 3.25:1 locking rear-differential, power-assisted steering and brakes, power-operated convertible soft-top, Rally-Pac tachometer and clock package, and styled steel wheels | Performance modifications include an Edelbrock intake manifold, Hedman headers, Holley carburetor, Cobra rocker covers, chrome air-filter housing, and an MSD ignition system comprising distributor, wires, and coil | Accompanied by an owner\u2019s manual and top boot"
    },
    {
        "lot_source_link": "https://rmsothebys.com/auctions/fl22/lots/r0096-1981-chevrolet-malibu-pro-street/",
        "lot_code": "1040",
        "vehicle_chassis_no": "2G1AT27J1B1491264",
        "vehicle_engine_no": null,
        "lot_description": "A highly modified Chevrolet Malibu evocative of the heyday of the \u201cPro Street\u201d scene | 496 cu. in. V-8 fitted with a 6-71 supercharger, mated to a GM TH400 three-speed automatic transmission | Two-piece forged aluminum Weld Draglite wheels, race bucket seats, and vacuum-pump-assisted brakes | Line lock to allow the front brakes to lock independently of the rear during burnouts | Period-style flame graphics; tinted windows | Accompanied by starting instructions"
    },
    {
        "lot_source_link": "https://rmsothebys.com/auctions/fl22/lots/r0096-1981-chevrolet-malibu-pro-street/",
        "lot_code": "1040",
        "vehicle_chassis_no": "2G1AT27J1B1491264",
        "vehicle_engine_no": null,
        "lot_description": "A highly modified Chevrolet Malibu evocative of the heyday of the \u201cPro Street\u201d scene | 496 cu. in. V-8 fitted with a 6-71 supercharger, mated to a GM TH400 three-speed automatic transmission | Two-piece forged aluminum Weld Draglite wheels, race bucket seats, and vacuum-pump-assisted brakes | Line lock to allow the front brakes to lock independently of the rear during burnouts | Period-style flame graphics; tinted windows | Accompanied by starting instructions"
    },
    {
        "lot_source_link": "https://rmsothebys.com/auctions/fl22/lots/r0021-1961-amphicar-770/",
        "lot_code": "1040A",
        "vehicle_chassis_no": "100053",
        "vehicle_engine_no": "GK123HE",
        "lot_description": "Believed to be one of the earliest surviving examples; never fitted with a bilge blower | One of just 3,878 examples of the ambitious Amphicar ever produced, of which 3,046 were sold in the United States | Subject to a bare-metal restoration including extensive structural repairs carried out by marque specialist East Coast Amphicar; numerous invoices from parts supplier Gordon Imports, Inc. | Odometer reading 5,435 miles at the time of cataloging | Factory combination of Beach Sand White over red and white interior with white top | Complete with unfitted bilge blower kit housed in a custom storage box | Converted to negative earth for a simpler electronic system; with uprated alternator and Bluetooth-enabled, period-look radio | Powered by a 1,147cc Triumph inline-four engine with four-speed manual transmission"
    },
    {
        "lot_source_link": "https://rmsothebys.com/auctions/fl22/lots/r0021-1961-amphicar-770/",
        "lot_code": "1040A",
        "vehicle_chassis_no": "100053",
        "vehicle_engine_no": "GK123HE",
        "lot_description": "Believed to be one of the earliest surviving examples; never fitted with a bilge blower | One of just 3,878 examples of the ambitious Amphicar ever produced, of which 3,046 were sold in the United States | Subject to a bare-metal restoration including extensive structural repairs carried out by marque specialist East Coast Amphicar; numerous invoices from parts supplier Gordon Imports, Inc. | Odometer reading 5,435 miles at the time of cataloging | Factory combination of Beach Sand White over red and white interior with white top | Complete with unfitted bilge blower kit housed in a custom storage box | Converted to negative earth for a simpler electronic system; with uprated alternator and Bluetooth-enabled, period-look radio | Powered by a 1,147cc Triumph inline-four engine with four-speed manual transmission"
    },
    {
        "lot_source_link": "https://rmsothebys.com/auctions/fl22/lots/r0283-1973-mg-mgb-gt/",
        "lot_code": "1041",
        "vehicle_chassis_no": "GHD5UD316763G",
        "vehicle_engine_no": "18V883AEL6129",
        "lot_description": "Finished in Green Mallard over a tan interior with chrome wire wheels | Powered by a 1.4-liter, inline, four-cylinder engine paired with a four-speed manual transmission | Reported to have spent much of its life in California before coming into the hands of several midwestern owners | Well-presented older restoration | Accompanied by wheel wrench, Haynes manual, jack, spare wheel, and hammer"
    },
    {
        "lot_source_link": "https://rmsothebys.com/auctions/fl22/lots/r0283-1973-mg-mgb-gt/",
        "lot_code": "1041",
        "vehicle_chassis_no": "GHD5UD316763G",
        "vehicle_engine_no": "18V883AEL6129",
        "lot_description": "Finished in Green Mallard over a tan interior with chrome wire wheels | Powered by a 1.4-liter, inline, four-cylinder engine paired with a four-speed manual transmission | Reported to have spent much of its life in California before coming into the hands of several midwestern owners | Well-presented older restoration | Accompanied by wheel wrench, Haynes manual, jack, spare wheel, and hammer"
    },
    {
        "lot_source_link": "https://rmsothebys.com/auctions/fl22/lots/r0147-1969-austin-america-coupe/",
        "lot_code": "1042",
        "vehicle_chassis_no": "AA2SD34141M",
        "vehicle_engine_no": null,
        "lot_description": "Export version of the British Motor Corporation\u2019s forward-thinking and compact \u201cAD016\u201d; Alec Issigonis\u2019s larger and more technologically advanced follow-up to the lauded Mini | Uncommon variant only sold in the United States, Canada, and Switzerland | Equipped with a transverse-mounted, four-cylinder, 1,275-cc, A-Series engine driving the front wheels via a four-speed automatic transmission | Finished in Chartreuse Yellow over black vinyl interior | Mileage according to state title 29,449; odometer reading 29,453 at time of cataloguing"
    },
    {
        "lot_source_link": "https://rmsothebys.com/auctions/fl22/lots/r0147-1969-austin-america-coupe/",
        "lot_code": "1042",
        "vehicle_chassis_no": "AA2SD34141M",
        "vehicle_engine_no": null,
        "lot_description": "Export version of the British Motor Corporation\u2019s forward-thinking and compact \u201cAD016\u201d; Alec Issigonis\u2019s larger and more technologically advanced follow-up to the lauded Mini | Uncommon variant only sold in the United States, Canada, and Switzerland | Equipped with a transverse-mounted, four-cylinder, 1,275-cc, A-Series engine driving the front wheels via a four-speed automatic transmission | Finished in Chartreuse Yellow over black vinyl interior | Mileage according to state title 29,449; odometer reading 29,453 at time of cataloguing"
    },
    {
        "lot_source_link": "https://rmsothebys.com/auctions/fl22/lots/r0176-2009-bentley-azure/",
        "lot_code": "1043",
        "vehicle_chassis_no": "SCBDC47L09CX13771",
        "vehicle_engine_no": null,
        "lot_description": "Final model year of Bentley\u2019s flagship convertible | 6.75-liter twin-turbocharged V-8; automatic transmission | Believed to be one of less than 150 left-hand-drive examples built for the 2009 model year | Showing only 32,037 on the odometer at time of cataloguing"
    },
    {
        "lot_source_link": "https://rmsothebys.com/auctions/fl22/lots/r0176-2009-bentley-azure/",
        "lot_code": "1043",
        "vehicle_chassis_no": "SCBDC47L09CX13771",
        "vehicle_engine_no": null,
        "lot_description": "Final model year of Bentley\u2019s flagship convertible | 6.75-liter twin-turbocharged V-8; automatic transmission | Believed to be one of less than 150 left-hand-drive examples built for the 2009 model year | Showing only 32,037 on the odometer at time of cataloguing"
    },
    {
        "lot_source_link": "https://rmsothebys.com/auctions/fl22/lots/r0187-1950-studebaker-champion/",
        "lot_code": "1044",
        "vehicle_chassis_no": null,
        "vehicle_engine_no": null,
        "lot_description": "First year for Studebaker\u2019s aerodynamic \u201cbullet-nose\u201d styling | Split \u201cwraparound\u201d rear window | 85 hp, 169.9 cu. in. L-head inline-six; three-speed manual transmission | Aqua Green over a Gray wool interior, an appealing combination | Benefits from a total nut-and-bolt restoration completed circa 2000 | Rides on whitewall tires; body-color wheels with chrome covers | Recipient of AACA Senior National First (2000) and Senior Grand National (2004) awards | Exhibited at the AACA National Museum in Hershey, Pennsylvania under previous ownership | Well-maintained condition today, including interior, undercarriage, and engine compartment | Accompanied by spare and jack; featured in the Fort Lauderdale, Florida region AACA publication Steering Wheel, January-February 2022 issue"
    },
    {
        "lot_source_link": "https://rmsothebys.com/auctions/fl22/lots/r0187-1950-studebaker-champion/",
        "lot_code": "1044",
        "vehicle_chassis_no": null,
        "vehicle_engine_no": null,
        "lot_description": "First year for Studebaker\u2019s aerodynamic \u201cbullet-nose\u201d styling | Split \u201cwraparound\u201d rear window | 85 hp, 169.9 cu. in. L-head inline-six; three-speed manual transmission | Aqua Green over a Gray wool interior, an appealing combination | Benefits from a total nut-and-bolt restoration completed circa 2000 | Rides on whitewall tires; body-color wheels with chrome covers | Recipient of AACA Senior National First (2000) and Senior Grand National (2004) awards | Exhibited at the AACA National Museum in Hershey, Pennsylvania under previous ownership | Well-maintained condition today, including interior, undercarriage, and engine compartment | Accompanied by spare and jack; featured in the Fort Lauderdale, Florida region AACA publication Steering Wheel, January-February 2022 issue"
    },
    {
        "lot_source_link": "https://rmsothebys.com/auctions/fl22/lots/r0259-1988-lancia-delta-hf-integrale-8v/",
        "lot_code": "1045",
        "vehicle_chassis_no": "ZLA831AB000429171",
        "vehicle_engine_no": null,
        "lot_description": "Race-bred, road version of Lancia\u2019s legendary Delta HF Integrale rally car | Showing just over 107,500 km on the odometer at time of cataloguing, believed to be actual | Equipped with Alfa\u2019s desirable 2.0-liter, turbocharged, inline, four-cylinder engine; five-speed manual transmission | Finished in white over a gray interior with multicolor seat inserts | Rally-derived all-wheel-drive system | Said to have had new cylinder head installed under current ownership | Rides on gray, 15-inch, alloy wheels"
    },
    {
        "lot_source_link": "https://rmsothebys.com/auctions/fl22/lots/r0259-1988-lancia-delta-hf-integrale-8v/",
        "lot_code": "1045",
        "vehicle_chassis_no": "ZLA831AB000429171",
        "vehicle_engine_no": null,
        "lot_description": "Race-bred, road version of Lancia\u2019s legendary Delta HF Integrale rally car | Showing just over 107,500 km on the odometer at time of cataloguing, believed to be actual | Equipped with Alfa\u2019s desirable 2.0-liter, turbocharged, inline, four-cylinder engine; five-speed manual transmission | Finished in white over a gray interior with multicolor seat inserts | Rally-derived all-wheel-drive system | Said to have had new cylinder head installed under current ownership | Rides on gray, 15-inch, alloy wheels"
    },
    {
        "lot_source_link": "https://rmsothebys.com/auctions/fl22/lots/r0202-1976-toyota-hj45/",
        "lot_code": "1046",
        "vehicle_chassis_no": "HJ45006319",
        "vehicle_engine_no": null,
        "lot_description": "Restored example of one of the most formidable, classic, off-road vehicles | Robust, body-on-frame construction with leaf-spring suspension and solid axles, front and back | Powered by a 3.6-liter, inline, six-cylinder diesel engine mated to a four-speed manual transmission | Presented in a period-correct shade of pale yellow over dark gray vinyl | Equipped with fold-down windshield, bench seat, power steering, power brakes, and four-wheel-drive differential with floor-mounted engagement lever | Riding on 16-inch, dark gray, steel wheels with chrome, dog-dish hubcaps wearing black-wall, all-terrain tires"
    },
    {
        "lot_source_link": "https://rmsothebys.com/auctions/fl22/lots/r0202-1976-toyota-hj45/",
        "lot_code": "1046",
        "vehicle_chassis_no": "HJ45006319",
        "vehicle_engine_no": null,
        "lot_description": "Restored example of one of the most formidable, classic, off-road vehicles | Robust, body-on-frame construction with leaf-spring suspension and solid axles, front and back | Powered by a 3.6-liter, inline, six-cylinder diesel engine mated to a four-speed manual transmission | Presented in a period-correct shade of pale yellow over dark gray vinyl | Equipped with fold-down windshield, bench seat, power steering, power brakes, and four-wheel-drive differential with floor-mounted engagement lever | Riding on 16-inch, dark gray, steel wheels with chrome, dog-dish hubcaps wearing black-wall, all-terrain tires"
    },
    {
        "lot_source_link": "https://rmsothebys.com/auctions/fl22/lots/r0277-1964-plymouth-savoy-station-wagon/",
        "lot_code": "1047",
        "vehicle_chassis_no": "3545131674",
        "vehicle_engine_no": null,
        "lot_description": "Award-winning custom clone of a 426 \u201cMax Wedge\u201d Plymouth, one of the ultimate \u201csleeper\u201d muscle-car configurations | Equipped with Chrysler 440-ci, big-block engine, which has been bored and stroked to 458 ci by Reaper\u2019s Racing and Engine Development of Prescott Valley, AZ. | Additional engine upgrades include Edelbrock Aluminum cylinder heads, A&A alloy Cross Ram intake manifold, Twin Carter 3447 AFB carburetors, MOPAR electronic ignition, Long-tube Headman ceramic coated headers, Milodon oil pan, and Mark 7 aluminum radiator | Power is transferred to the Torque Thrust-style wheels through a three-speed Torque Flight Transmission fitted with a 2500 stall converter | Presented in a multi-step shade of French Vanilla over custom Sierra Gold upholstery with beige and silver accents | Accompanied by meticulously curated documents, including receipts and pictures of work performed, as well as a 117-page, pre-purchase inspection report"
    },
    {
        "lot_source_link": "https://rmsothebys.com/auctions/fl22/lots/r0277-1964-plymouth-savoy-station-wagon/",
        "lot_code": "1047",
        "vehicle_chassis_no": "3545131674",
        "vehicle_engine_no": null,
        "lot_description": "Award-winning custom clone of a 426 \u201cMax Wedge\u201d Plymouth, one of the ultimate \u201csleeper\u201d muscle-car configurations | Equipped with Chrysler 440-ci, big-block engine, which has been bored and stroked to 458 ci by Reaper\u2019s Racing and Engine Development of Prescott Valley, AZ. | Additional engine upgrades include Edelbrock Aluminum cylinder heads, A&A alloy Cross Ram intake manifold, Twin Carter 3447 AFB carburetors, MOPAR electronic ignition, Long-tube Headman ceramic coated headers, Milodon oil pan, and Mark 7 aluminum radiator | Power is transferred to the Torque Thrust-style wheels through a three-speed Torque Flight Transmission fitted with a 2500 stall converter | Presented in a multi-step shade of French Vanilla over custom Sierra Gold upholstery with beige and silver accents | Accompanied by meticulously curated documents, including receipts and pictures of work performed, as well as a 117-page, pre-purchase inspection report"
    },
    {
        "lot_source_link": "https://rmsothebys.com/auctions/fl22/lots/r0204-1986-jaguar-xjs-custom/",
        "lot_code": "1048",
        "vehicle_chassis_no": "SAJNV5845GC130605",
        "vehicle_engine_no": null,
        "lot_description": "An iconic British design updated with a custom American powertrain | Equipped with a big-block, 502-ci, V-8 engine; said to have been driven sparingly since completion | Custom suspension system from Gemini racing, heavy duty General Motors 700R4 automatic transmission, power brakes, and power steering | Accompanied by paperwork and receipts documenting the work performed during the 1996 build in Arizona | Wearing the Chevrolet Corvette factory color of Marina Blue over custom, two-tone, gray fabric and leather upholstery | Presented with correct Jaguar XJS burled-wood dash, leather-wrapped steering wheel and center console, as well as power windows and air conditioning | Equipped with aftermarket Alpine stereo with CD player and auxiliary input | Riding on chromed Jaguar XJS alloy rims wearing the American muscle-car staple of raised, white-letter radial tires"
    },
    {
        "lot_source_link": "https://rmsothebys.com/auctions/fl22/lots/r0204-1986-jaguar-xjs-custom/",
        "lot_code": "1048",
        "vehicle_chassis_no": "SAJNV5845GC130605",
        "vehicle_engine_no": null,
        "lot_description": "An iconic British design updated with a custom American powertrain | Equipped with a big-block, 502-ci, V-8 engine; said to have been driven sparingly since completion | Custom suspension system from Gemini racing, heavy duty General Motors 700R4 automatic transmission, power brakes, and power steering | Accompanied by paperwork and receipts documenting the work performed during the 1996 build in Arizona | Wearing the Chevrolet Corvette factory color of Marina Blue over custom, two-tone, gray fabric and leather upholstery | Presented with correct Jaguar XJS burled-wood dash, leather-wrapped steering wheel and center console, as well as power windows and air conditioning | Equipped with aftermarket Alpine stereo with CD player and auxiliary input | Riding on chromed Jaguar XJS alloy rims wearing the American muscle-car staple of raised, white-letter radial tires"
    },
    {
        "lot_source_link": "https://rmsothebys.com/auctions/fl22/lots/r0116-1949-bentley-mark-vi-super-sport-saloon-by-hj-mulliner/",
        "lot_code": "1049",
        "vehicle_chassis_no": "B399DZ",
        "vehicle_engine_no": null,
        "lot_description": "A striking and rare coachbuilt example of the Bentley Mk VI, Crewe\u2019s first luxury model of the post-war period | One of just five examples bodied in this style by H.J. Mulliner & Co., Ltd. | One of only 5,208 Bentley Mk VIs built between 1946 and 1952 | Said to have been restored in 2007; multiple Rolls-Royce Owners\u2019 Club award winner | Intriguing, all-aluminum, four-door coachwork, accentuated by a split windshield and stylish rear wheel-spats | Rear fold-out trays, reading lights, and faceted vanity mirrors | Powered by a 4.3-liter, inline, six-cylinder engine, with four-speed manual transmission, and servo-assisted drum brakes | Fitted with an Alpine Bluetooth stereo and JBL speakers | Accompanied by restoration notes, period photographs, full-size spare, and a number of awards"
    },
    {
        "lot_source_link": "https://rmsothebys.com/auctions/fl22/lots/r0116-1949-bentley-mark-vi-super-sport-saloon-by-hj-mulliner/",
        "lot_code": "1049",
        "vehicle_chassis_no": "B399DZ",
        "vehicle_engine_no": null,
        "lot_description": "A striking and rare coachbuilt example of the Bentley Mk VI, Crewe\u2019s first luxury model of the post-war period | One of just five examples bodied in this style by H.J. Mulliner & Co., Ltd. | One of only 5,208 Bentley Mk VIs built between 1946 and 1952 | Said to have been restored in 2007; multiple Rolls-Royce Owners\u2019 Club award winner | Intriguing, all-aluminum, four-door coachwork, accentuated by a split windshield and stylish rear wheel-spats | Rear fold-out trays, reading lights, and faceted vanity mirrors | Powered by a 4.3-liter, inline, six-cylinder engine, with four-speed manual transmission, and servo-assisted drum brakes | Fitted with an Alpine Bluetooth stereo and JBL speakers | Accompanied by restoration notes, period photographs, full-size spare, and a number of awards"
    },
    {
        "lot_source_link": "https://rmsothebys.com/auctions/fl22/lots/r0308-1977-porsche-911-s-coupe/",
        "lot_code": "1050",
        "vehicle_chassis_no": "9117200409",
        "vehicle_engine_no": "6270187",
        "lot_description": "A fascinating and limited-production, air-cooled \u201cG-body\u201d 911 | Believed to be one of just 3,388 examples produced for the model year | Presented in India Red over black upholstery; color-matched alloy wheels | Powered by a correct-type, replacement, 2.7-liter, flat, six-cylinder \u201cS\u201d engine and five-speed transaxle; both units rebuilt under previous ownership | Benefits from over $30,000 in mechanical servicing; new wheels, tires, brakes, and clutch | Delivered new to Forest Lane Porsche-Audi of Dallas, Texas in November 1976"
    },
    {
        "lot_source_link": "https://rmsothebys.com/auctions/fl22/lots/r0308-1977-porsche-911-s-coupe/",
        "lot_code": "1050",
        "vehicle_chassis_no": "9117200409",
        "vehicle_engine_no": "6270187",
        "lot_description": "A fascinating and limited-production, air-cooled \u201cG-body\u201d 911 | Believed to be one of just 3,388 examples produced for the model year | Presented in India Red over black upholstery; color-matched alloy wheels | Powered by a correct-type, replacement, 2.7-liter, flat, six-cylinder \u201cS\u201d engine and five-speed transaxle; both units rebuilt under previous ownership | Benefits from over $30,000 in mechanical servicing; new wheels, tires, brakes, and clutch | Delivered new to Forest Lane Porsche-Audi of Dallas, Texas in November 1976"
    },
    {
        "lot_source_link": "https://rmsothebys.com/auctions/fl22/lots/r0094-1989-lancia-delta-hf-integrale-16v/",
        "lot_code": "1051",
        "vehicle_chassis_no": "ZLA831AB000484381",
        "vehicle_engine_no": null,
        "lot_description": "A wonderful roadgoing example of Lancia\u2019s storied Delta HF Integrale rally car | First year for the highly desirable 16-valve engine | Further new-for-1989 improvements include wider wheels, lowered suspension, and a distinctive hood bulge | 197 hp turbocharged 2.0-liter engine; five-speed manual transmission | Rally-derived all-wheel drive system | Odometer indicates 82,025 km (~ 50,968 mi) at cataloguing | Finished in white over a grey interior with multicolor accents | Imported to the United States in 2018 | Exterior repaint completed under prior ownership and freshened October 2021; well-preserved and largely original interior | Benefits from careful upkeep and mechanical service as needed | Accompanied by tools and jack, spare, and invoices and inspection paperwork spanning 2017-2022"
    },
    {
        "lot_source_link": "https://rmsothebys.com/auctions/fl22/lots/r0094-1989-lancia-delta-hf-integrale-16v/",
        "lot_code": "1051",
        "vehicle_chassis_no": "ZLA831AB000484381",
        "vehicle_engine_no": null,
        "lot_description": "A wonderful roadgoing example of Lancia\u2019s storied Delta HF Integrale rally car | First year for the highly desirable 16-valve engine | Further new-for-1989 improvements include wider wheels, lowered suspension, and a distinctive hood bulge | 197 hp turbocharged 2.0-liter engine; five-speed manual transmission | Rally-derived all-wheel drive system | Odometer indicates 82,025 km (~ 50,968 mi) at cataloguing | Finished in white over a grey interior with multicolor accents | Imported to the United States in 2018 | Exterior repaint completed under prior ownership and freshened October 2021; well-preserved and largely original interior | Benefits from careful upkeep and mechanical service as needed | Accompanied by tools and jack, spare, and invoices and inspection paperwork spanning 2017-2022"
    },
    {
        "lot_source_link": "https://rmsothebys.com/auctions/fl22/lots/r0135-1970-buick-electra-convertible-custom/",
        "lot_code": "1052",
        "vehicle_chassis_no": "464670H131512",
        "vehicle_engine_no": null,
        "lot_description": "The final model year of the third-generation Buick Electra, and the last year the Electra featured a convertible body style | Fitted with the sought-after 455-ci V-8 engine introduced in 1970, and a date-correct, three-speed Super Turbine 400 automatic transmission | Numerous performance modifications including aluminum cylinder-heads and intake manifold, Edelbrock carburetor, powder-coated headers, high-capacity aluminum radiator, aluminum air compressor, dual electric cooling fans, braided steel brake lines, chrome master-cylinder, and March Performance billet belt pulleys | Custom metallic paintwork with ostrich-style leather interior and 18-inch Foose alloy wheels | JL Audio sound system with Kenwood head unit and bespoke trunk installation | Equipped with power-assisted steering, four-wheel disc brakes with booster and vacuum pump, power locks, power windows, power mirrors, power soft-top, tilt steering wheel, air conditioning, and delay wipers"
    },
    {
        "lot_source_link": "https://rmsothebys.com/auctions/fl22/lots/r0135-1970-buick-electra-convertible-custom/",
        "lot_code": "1052",
        "vehicle_chassis_no": "464670H131512",
        "vehicle_engine_no": null,
        "lot_description": "The final model year of the third-generation Buick Electra, and the last year the Electra featured a convertible body style | Fitted with the sought-after 455-ci V-8 engine introduced in 1970, and a date-correct, three-speed Super Turbine 400 automatic transmission | Numerous performance modifications including aluminum cylinder-heads and intake manifold, Edelbrock carburetor, powder-coated headers, high-capacity aluminum radiator, aluminum air compressor, dual electric cooling fans, braided steel brake lines, chrome master-cylinder, and March Performance billet belt pulleys | Custom metallic paintwork with ostrich-style leather interior and 18-inch Foose alloy wheels | JL Audio sound system with Kenwood head unit and bespoke trunk installation | Equipped with power-assisted steering, four-wheel disc brakes with booster and vacuum pump, power locks, power windows, power mirrors, power soft-top, tilt steering wheel, air conditioning, and delay wipers"
    },
    {
        "lot_source_link": "https://rmsothebys.com/auctions/fl22/lots/r0136-1932-buick-series-60-twodoor-coupe/",
        "lot_code": "1053",
        "vehicle_chassis_no": "OR2602780",
        "vehicle_engine_no": null,
        "lot_description": "A heavily modified, street-rod interpretation of Buick\u2019s upmarket, five-window, Series 60 Coupe | Fitted with a 350-ci Chevrolet ZZ3 V-8 crate engine said to be rated at 345 hp; 700R4 Turbo Hydra-Matic four-speed automatic transmission with Lokar shifter; nine-inch Ford rear axle | Performance modifications include a Holley fuel pump, chrome alternator, HEI distributor, and aluminum rocker covers and air filter | Features all-steel bodywork, custom, boxed chassis-frame, coil-over suspension with tubular control arms front and rear, rack-and-pinion power steering, power-assisted front disc brakes, Vintage Air air-conditioning, and AM/FM radio with CD player | Finished in black, with a custom interior featuring power-operated leather front seats, a custom, tilting, banjo steering wheel, factory rear-view mirror with bevelled glass, and factory clock | Nicely accented with Boyd Custom aluminum wheels, dual chrome horns, and a rear-mounted luggage rack"
    },
    {
        "lot_source_link": "https://rmsothebys.com/auctions/fl22/lots/r0136-1932-buick-series-60-twodoor-coupe/",
        "lot_code": "1053",
        "vehicle_chassis_no": "OR2602780",
        "vehicle_engine_no": null,
        "lot_description": "A heavily modified, street-rod interpretation of Buick\u2019s upmarket, five-window, Series 60 Coupe | Fitted with a 350-ci Chevrolet ZZ3 V-8 crate engine said to be rated at 345 hp; 700R4 Turbo Hydra-Matic four-speed automatic transmission with Lokar shifter; nine-inch Ford rear axle | Performance modifications include a Holley fuel pump, chrome alternator, HEI distributor, and aluminum rocker covers and air filter | Features all-steel bodywork, custom, boxed chassis-frame, coil-over suspension with tubular control arms front and rear, rack-and-pinion power steering, power-assisted front disc brakes, Vintage Air air-conditioning, and AM/FM radio with CD player | Finished in black, with a custom interior featuring power-operated leather front seats, a custom, tilting, banjo steering wheel, factory rear-view mirror with bevelled glass, and factory clock | Nicely accented with Boyd Custom aluminum wheels, dual chrome horns, and a rear-mounted luggage rack"
    },
    {
        "lot_source_link": "https://rmsothebys.com/auctions/fl22/lots/r0203-1964-chevrolet-corvette-sting-ray-convertible/",
        "lot_code": "1054",
        "vehicle_chassis_no": "40867S116271",
        "vehicle_engine_no": null,
        "lot_description": "Second-year example of the C2 Sting Ray Corvette with what is believed to be a numbers-matching engine, finished in one of its most striking factory colors | Presented in correct Riverside Red over white vinyl interior with red carpet, teak wood steering wheel, and white convertible top | 327-ci V-8 engine believed to be numbers-matching and wearing period-correct, finned, aluminum valve covers and chrome air cleaner | Equipped with a four-speed manual transmission and pushbutton AM/FM radio | Notoriously fickle hideaway headlights said to have been converted to more reliable electronic actuators | Riding whitewall tires mounted to 14-inch steels wheels with Corvette spinner covers"
    },
    {
        "lot_source_link": "https://rmsothebys.com/auctions/fl22/lots/r0203-1964-chevrolet-corvette-sting-ray-convertible/",
        "lot_code": "1054",
        "vehicle_chassis_no": "40867S116271",
        "vehicle_engine_no": null,
        "lot_description": "Second-year example of the C2 Sting Ray Corvette with what is believed to be a numbers-matching engine, finished in one of its most striking factory colors | Presented in correct Riverside Red over white vinyl interior with red carpet, teak wood steering wheel, and white convertible top | 327-ci V-8 engine believed to be numbers-matching and wearing period-correct, finned, aluminum valve covers and chrome air cleaner | Equipped with a four-speed manual transmission and pushbutton AM/FM radio | Notoriously fickle hideaway headlights said to have been converted to more reliable electronic actuators | Riding whitewall tires mounted to 14-inch steels wheels with Corvette spinner covers"
    },
    {
        "lot_source_link": "https://rmsothebys.com/auctions/fl22/lots/r0282-1976-porsche-911-s-targa/",
        "lot_code": "1055",
        "vehicle_chassis_no": "9116211886",
        "vehicle_engine_no": "6462014",
        "lot_description": "Well-presented Targa with numbers-matching engine, period colors, and mild exterior modifications | Finished in Sienna Brown Metallic over a rare tan cloth interior | Engine number matches build information on file | Features all-steel SC flares, rear spoiler, painted Fuchs wheels, and Hella fog lights | Powered by a 2.7-liter, flat, six-cylinder engine paired with a five-speed manual transmission | Accompanied by jack, spare wheel, tool roll, and owner\u2019s books"
    },
    {
        "lot_source_link": "https://rmsothebys.com/auctions/fl22/lots/r0282-1976-porsche-911-s-targa/",
        "lot_code": "1055",
        "vehicle_chassis_no": "9116211886",
        "vehicle_engine_no": "6462014",
        "lot_description": "Well-presented Targa with numbers-matching engine, period colors, and mild exterior modifications | Finished in Sienna Brown Metallic over a rare tan cloth interior | Engine number matches build information on file | Features all-steel SC flares, rear spoiler, painted Fuchs wheels, and Hella fog lights | Powered by a 2.7-liter, flat, six-cylinder engine paired with a five-speed manual transmission | Accompanied by jack, spare wheel, tool roll, and owner\u2019s books"
    },
    {
        "lot_source_link": "https://rmsothebys.com/auctions/fl22/lots/r0047-1971-jaguar-etype-series-3-v12-22/",
        "lot_code": "1056",
        "vehicle_chassis_no": "1S71905BW",
        "vehicle_engine_no": null,
        "lot_description": "First-year, left-hand-drive, Series III E-Type benefitting from a full restoration to exacting standards | Manufacture date of 28 June 1971; dispatched to New York on 21 July 1971 | Refinished in factory-correct Ascot Fawn; interior was originally in Cinnamon leather, now refinished to a high degree in Biscuit leather | 5.3-liter V-12 engine mated to an automatic transmission | Equipped with factory air conditioning and chrome wire wheels | Offered with Jaguar Daimler Heritage Trust certificate"
    },
    {
        "lot_source_link": "https://rmsothebys.com/auctions/fl22/lots/r0047-1971-jaguar-etype-series-3-v12-22/",
        "lot_code": "1056",
        "vehicle_chassis_no": "1S71905BW",
        "vehicle_engine_no": null,
        "lot_description": "First-year, left-hand-drive, Series III E-Type benefitting from a full restoration to exacting standards | Manufacture date of 28 June 1971; dispatched to New York on 21 July 1971 | Refinished in factory-correct Ascot Fawn; interior was originally in Cinnamon leather, now refinished to a high degree in Biscuit leather | 5.3-liter V-12 engine mated to an automatic transmission | Equipped with factory air conditioning and chrome wire wheels | Offered with Jaguar Daimler Heritage Trust certificate"
    },
    {
        "lot_source_link": "https://rmsothebys.com/auctions/fl22/lots/r0137-1968-imperial-crown-convertible/",
        "lot_code": "1057",
        "vehicle_chassis_no": "YM27K8C329595",
        "vehicle_engine_no": null,
        "lot_description": "Well-presented in Burgundy Metallic over red leather | Equipped with a 440-ci V-8 engine rated at 350 hp and mated to a three-speed Torqueflite automatic transmission | Power steering, power brakes, power soft-top, power windows, and power seats | Interior amenities include, bucket seats, Tilt-A-Scope steering wheel, push-button AM radio, and remote driver\u2019s mirror | Rides on whitewall tires mounted to steel wheels with full covers | Accompanied by a spare tire, jack, and original build sheet"
    },
    {
        "lot_source_link": "https://rmsothebys.com/auctions/fl22/lots/r0137-1968-imperial-crown-convertible/",
        "lot_code": "1057",
        "vehicle_chassis_no": "YM27K8C329595",
        "vehicle_engine_no": null,
        "lot_description": "Well-presented in Burgundy Metallic over red leather | Equipped with a 440-ci V-8 engine rated at 350 hp and mated to a three-speed Torqueflite automatic transmission | Power steering, power brakes, power soft-top, power windows, and power seats | Interior amenities include, bucket seats, Tilt-A-Scope steering wheel, push-button AM radio, and remote driver\u2019s mirror | Rides on whitewall tires mounted to steel wheels with full covers | Accompanied by a spare tire, jack, and original build sheet"
    },
    {
        "lot_source_link": "https://rmsothebys.com/auctions/fl22/lots/r0138-1991-cadillac-allante-by-pininfarina/",
        "lot_code": "1058",
        "vehicle_chassis_no": "1G6VS3382MU126140",
        "vehicle_engine_no": null,
        "lot_description": "Cadillac\u2019s futuristic answer to the Mercedes-Benz SL; the intriguing result of a joint international venture between the Detroit powerhouse and Italian carrozzeria Pininfarina | A 1991 example benefitting from the improved LW2, 4.5-liter, multi-port-injection, V-8 engine, rated at 200 hp; four-speed automatic transmission | Mileage according to state title 28,300; odometer reading 28,311 at time of cataloguing | Finished in factory-correct Opaque White over Medium Maroon leather interior with Dark Maple Red trim and carpet | Impressive specification that includes digital display dashboard, air conditioning, keyless entry, and digital AM/FM radio with cassette player | Equipped with power steering, power brakes, power windows, power door locks, power mirrors, and power seats | Accompanied by owner\u2019s manual with case, top boot, gold-colored key, Carfax report"
    },
    {
        "lot_source_link": "https://rmsothebys.com/auctions/fl22/lots/r0138-1991-cadillac-allante-by-pininfarina/",
        "lot_code": "1058",
        "vehicle_chassis_no": "1G6VS3382MU126140",
        "vehicle_engine_no": null,
        "lot_description": "Cadillac\u2019s futuristic answer to the Mercedes-Benz SL; the intriguing result of a joint international venture between the Detroit powerhouse and Italian carrozzeria Pininfarina | A 1991 example benefitting from the improved LW2, 4.5-liter, multi-port-injection, V-8 engine, rated at 200 hp; four-speed automatic transmission | Mileage according to state title 28,300; odometer reading 28,311 at time of cataloguing | Finished in factory-correct Opaque White over Medium Maroon leather interior with Dark Maple Red trim and carpet | Impressive specification that includes digital display dashboard, air conditioning, keyless entry, and digital AM/FM radio with cassette player | Equipped with power steering, power brakes, power windows, power door locks, power mirrors, and power seats | Accompanied by owner\u2019s manual with case, top boot, gold-colored key, Carfax report"
    },
    {
        "lot_source_link": "https://rmsothebys.com/auctions/fl22/lots/r0231-1973-ford-mustang-convertible/",
        "lot_code": "1059",
        "vehicle_chassis_no": "3F03Q261453",
        "vehicle_engine_no": null,
        "lot_description": "Striking, triple-black, final-year example of the first-generation Mustang convertible | Factory Q-code example equipped with 1973\u2019s most powerful engine, the 351-4V Cobra Jet V-8 | Believed to be one of 293 built with this engine and transmission combination for 1973 | Odometer showing just over 44,000 miles at time of cataloguing, believed to be original | Engine updated with modern Holley electronic fuel injection with rubber seal mounting directly to a true Ram Air setup featuring a functional under-hood plenum as well as hood pins, front spoiler, and dual sideview mirrors | Presented in the stunning combination of black exterior complimented by silver-trimmed Ram Air hood with black upholstery and convertible top | Riding on the muscle-car staple of chromed, 15-inch, Ridler wheels wearing BFGoodrich Radial | T/A tires | Equipped from the factory with air conditioning, power convertible top with glass backlight, Philco pushbutton AM/FM radio, power windows, power front disc brakes, and color-keyed carpeting | Further optioned from the factory with four-speed, manual transmission, power steering, competition suspension, and color-keyed racing mirrors | Fitted with attractive, period-look, aftermarket, wood-rimmed steering wheel and remote for modern stereo said to be mounted in the console | Accompanied by original build sheet, owner\u2019s manual, warranty card, and a Deluxe Marti Report"
    },
    {
        "lot_source_link": "https://rmsothebys.com/auctions/fl22/lots/r0231-1973-ford-mustang-convertible/",
        "lot_code": "1059",
        "vehicle_chassis_no": "3F03Q261453",
        "vehicle_engine_no": null,
        "lot_description": "Striking, triple-black, final-year example of the first-generation Mustang convertible | Factory Q-code example equipped with 1973\u2019s most powerful engine, the 351-4V Cobra Jet V-8 | Believed to be one of 293 built with this engine and transmission combination for 1973 | Odometer showing just over 44,000 miles at time of cataloguing, believed to be original | Engine updated with modern Holley electronic fuel injection with rubber seal mounting directly to a true Ram Air setup featuring a functional under-hood plenum as well as hood pins, front spoiler, and dual sideview mirrors | Presented in the stunning combination of black exterior complimented by silver-trimmed Ram Air hood with black upholstery and convertible top | Riding on the muscle-car staple of chromed, 15-inch, Ridler wheels wearing BFGoodrich Radial | T/A tires | Equipped from the factory with air conditioning, power convertible top with glass backlight, Philco pushbutton AM/FM radio, power windows, power front disc brakes, and color-keyed carpeting | Further optioned from the factory with four-speed, manual transmission, power steering, competition suspension, and color-keyed racing mirrors | Fitted with attractive, period-look, aftermarket, wood-rimmed steering wheel and remote for modern stereo said to be mounted in the console | Accompanied by original build sheet, owner\u2019s manual, warranty card, and a Deluxe Marti Report"
    },
    {
        "lot_source_link": "https://rmsothebys.com/auctions/fl22/lots/r0126-1967-cadillac-eldorado-coupe/",
        "lot_code": "1060",
        "vehicle_chassis_no": "H7246505",
        "vehicle_engine_no": null,
        "lot_description": "Cadillac\u2019s entry in the personal luxury car market\u2014evocatively marketed as \u201cThe World\u2019s Finest Personal Car\u201d\u2014attractively restyled for 1967 | Refinished in Flamenco Red over a black leather interior with black vinyl roof | 429-ci V-8 engine driving the front wheels via a three-speed Turbo Hydra-Matic automatic transmission | Mileage according to state title 71,374; matching odometer reading at time of cataloguing | Numerous power features including steering, brakes, door locks, mirrors, windows, and seats, plus rear defrost, AM/FM radio, and a tilt steering wheel | Accompanied by a spare wheel and jack"
    },
    {
        "lot_source_link": "https://rmsothebys.com/auctions/fl22/lots/r0126-1967-cadillac-eldorado-coupe/",
        "lot_code": "1060",
        "vehicle_chassis_no": "H7246505",
        "vehicle_engine_no": null,
        "lot_description": "Cadillac\u2019s entry in the personal luxury car market\u2014evocatively marketed as \u201cThe World\u2019s Finest Personal Car\u201d\u2014attractively restyled for 1967 | Refinished in Flamenco Red over a black leather interior with black vinyl roof | 429-ci V-8 engine driving the front wheels via a three-speed Turbo Hydra-Matic automatic transmission | Mileage according to state title 71,374; matching odometer reading at time of cataloguing | Numerous power features including steering, brakes, door locks, mirrors, windows, and seats, plus rear defrost, AM/FM radio, and a tilt steering wheel | Accompanied by a spare wheel and jack"
    },
    {
        "lot_source_link": "https://rmsothebys.com/auctions/fl22/lots/r0297-1954-chevrolet-corvette/",
        "lot_code": "1062",
        "vehicle_chassis_no": "E54S003896",
        "vehicle_engine_no": "0792458F54YG",
        "lot_description": "One of 3,640 built for 1954 | Regional Top Flight Award winner in 2006 | Displayed at the NCRS Gallery IX Corvettes @ Carlisle in 2009 | Beneficiary of a Frame-off restoration; finished in red with a tan top | Powered by a 235 cu. in. Blue Flame inline six-cylinder engine | Powerglide two-speed automatic transmission | Rides on thin whitewall tires mounted on red painted steel wheels with full wheel covers | Red interior features a push-button AM radio | Accompanied by restoration photos, NCRS documentation, side curtains with bag, jack and spare"
    },
    {
        "lot_source_link": "https://rmsothebys.com/auctions/fl22/lots/r0297-1954-chevrolet-corvette/",
        "lot_code": "1062",
        "vehicle_chassis_no": "E54S003896",
        "vehicle_engine_no": "0792458F54YG",
        "lot_description": "One of 3,640 built for 1954 | Regional Top Flight Award winner in 2006 | Displayed at the NCRS Gallery IX Corvettes @ Carlisle in 2009 | Beneficiary of a Frame-off restoration; finished in red with a tan top | Powered by a 235 cu. in. Blue Flame inline six-cylinder engine | Powerglide two-speed automatic transmission | Rides on thin whitewall tires mounted on red painted steel wheels with full wheel covers | Red interior features a push-button AM radio | Accompanied by restoration photos, NCRS documentation, side curtains with bag, jack and spare"
    }
]