[
  {
    "lot_source_link": "https://www.mecum.com/lots/531792/1962-chevrolet-impala-ss-hardtop/?aa_id=319724-0",
    "lot_code": "Lot S75",
    "vehicle_chassis_no": "21847J249435"
  },
  {
    "lot_source_link": "https://www.mecum.com/lots/531795/1941-chevrolet-master-deluxe/?aa_id=319725-0",
    "lot_code": "Lot S78",
    "vehicle_chassis_no": "21AG1111582"
  },
  {
    "lot_source_link": "https://www.mecum.com/lots/531796/1965-ford-mustang-fastback/?aa_id=319726-0",
    "lot_code": "Lot S79",
    "vehicle_chassis_no": "5F09C648128"
  },
  {
    "lot_source_link": "https://www.mecum.com/lots/531797/1932-ford-model-b-pickup/?aa_id=319727-0",
    "lot_code": "Lot S80",
    "vehicle_chassis_no": "AB5092041"
  },
  {
    "lot_source_link": "https://www.mecum.com/lots/531799/1956-chevrolet-bel-air-hardtop/?aa_id=319728-0",
    "lot_code": "Lot S82",
    "vehicle_chassis_no": "VC56J107079"
  },
  {
    "lot_source_link": "https://www.mecum.com/lots/531800/1962-oldsmobile-starfire-hardtop/?aa_id=319729-0",
    "lot_code": "Lot S83",
    "vehicle_chassis_no": "626M16487"
  },
  {
    "lot_source_link": "https://www.mecum.com/lots/531801/1969-chevrolet-impala/?aa_id=319730-0",
    "lot_code": "Lot S84",
    "vehicle_chassis_no": "164479J293515"
  },
  {
    "lot_source_link": "https://www.mecum.com/lots/531802/1939-plymouth-business-coupe/?aa_id=319731-0",
    "lot_code": "Lot S85",
    "vehicle_chassis_no": "G1414C007"
  },
  {
    "lot_source_link": "https://www.mecum.com/lots/531803/1962-ford-galaxie-500xl/?aa_id=319732-0",
    "lot_code": "Lot S86",
    "vehicle_chassis_no": "2G67B201542"
  },
  {
    "lot_source_link": "https://www.mecum.com/lots/531804/1964-chevrolet-malibu-ss-convertible/?aa_id=319733-0",
    "lot_code": "Lot S87",
    "vehicle_chassis_no": "45867L124820"
  },
  {
    "lot_source_link": "https://www.mecum.com/lots/531805/1933-ford-custom-hot-rod/?aa_id=319734-0",
    "lot_code": "Lot S88",
    "vehicle_chassis_no": "474224"
  },
  {
    "lot_source_link": "https://www.mecum.com/lots/531806/1967-volkswagen-dune-buggy/?aa_id=319735-0",
    "lot_code": "Lot S89",
    "vehicle_chassis_no": "117039442"
  },
  {
    "lot_source_link": "https://www.mecum.com/lots/531807/1933-rolls-royce-20-25-saloon/?aa_id=319736-0",
    "lot_code": "Lot S90",
    "vehicle_chassis_no": "GYZ17"
  },
  {
    "lot_source_link": "https://www.mecum.com/lots/531808/1965-chevrolet-malibu/?aa_id=319737-0",
    "lot_code": "Lot S91",
    "vehicle_chassis_no": "136375K119313"
  },
  {
    "lot_source_link": "https://www.mecum.com/lots/531809/1932-ford-tudor-sedan-custom/?aa_id=319738-0",
    "lot_code": "Lot S92",
    "vehicle_chassis_no": "36188"
  },
  {
    "lot_source_link": "https://www.mecum.com/lots/531810/1910-ford-model-t-runabout/?aa_id=319739-0",
    "lot_code": "Lot S93",
    "vehicle_chassis_no": "7093332"
  },
  {
    "lot_source_link": "https://www.mecum.com/lots/531812/1966-pontiac-catalina/?aa_id=319740-0",
    "lot_code": "Lot S95",
    "vehicle_chassis_no": "252376X179057"
  },
  {
    "lot_source_link": "https://www.mecum.com/lots/531813/1969-plymouth-road-runner/?aa_id=319741-0",
    "lot_code": "Lot S96",
    "vehicle_chassis_no": "RM21H9G257095"
  },
  {
    "lot_source_link": "https://www.mecum.com/lots/531814/1946-lincoln-continental-cabriolet/?aa_id=319742-0",
    "lot_code": "Lot S97",
    "vehicle_chassis_no": "145323"
  },
  {
    "lot_source_link": "https://www.mecum.com/lots/531816/1958-chevrolet-impala-convertible/?aa_id=319744-0",
    "lot_code": "Lot S99",
    "vehicle_chassis_no": "F58L159629"
  },
  {
    "lot_source_link": "https://www.mecum.com/lots/531817/1924-hupmobile-r-series-touring/?aa_id=319745-0",
    "lot_code": "Lot S100",
    "vehicle_chassis_no": "R149743"
  },
  {
    "lot_source_link": "https://www.mecum.com/lots/531818/1966-ford-mustang-convertible/?aa_id=319746-0",
    "lot_code": "Lot S101",
    "vehicle_chassis_no": "6F08C229334"
  },
  {
    "lot_source_link": "https://www.mecum.com/lots/531819/1964-chevrolet-malibu-ss/?aa_id=319747-0",
    "lot_code": "Lot S102",
    "vehicle_chassis_no": "45837K115402"
  },
  {
    "lot_source_link": "https://www.mecum.com/lots/531821/1963-studebaker-gran-turismo-hawk/?aa_id=319748-0",
    "lot_code": "Lot S104",
    "vehicle_chassis_no": "63V4938"
  },
  {
    "lot_source_link": "https://www.mecum.com/lots/531826/1918-chevrolet-490-touring/?aa_id=319749-0",
    "lot_code": "Lot S109",
    "vehicle_chassis_no": "143216"
  },
  {
    "lot_source_link": "https://www.mecum.com/lots/531827/1966-pontiac-gto/?aa_id=319750-0",
    "lot_code": "Lot S110",
    "vehicle_chassis_no": "242176P168471"
  },
  {
    "lot_source_link": "https://www.mecum.com/lots/531828/1972-suzuki-jimny/?aa_id=319751-0",
    "lot_code": "Lot S111",
    "vehicle_chassis_no": "105058"
  },
  {
    "lot_source_link": "https://www.mecum.com/lots/531829/1951-chevrolet-coupe/?aa_id=319752-0",
    "lot_code": "Lot S112",
    "vehicle_chassis_no": "21JKH69770"
  },
  {
    "lot_source_link": "https://www.mecum.com/lots/531830/1949-oldsmobile-futuramic-deluxe-sedan/?aa_id=319753-0",
    "lot_code": "Lot S113",
    "vehicle_chassis_no": "499M30664"
  },
  {
    "lot_source_link": "https://www.mecum.com/lots/531835/1949-crosley-station-wagon/?aa_id=319754-0",
    "lot_code": "Lot S118",
    "vehicle_chassis_no": "CD101430"
  },
  {
    "lot_source_link": "https://www.mecum.com/lots/531836/1950-pontiac-star-chief-convertible/?aa_id=319755-0",
    "lot_code": "Lot S119",
    "vehicle_chassis_no": "P8TH123990"
  },
  {
    "lot_source_link": "https://www.mecum.com/lots/531838/1951-mg-td-roadster/?aa_id=319756-0",
    "lot_code": "Lot S121",
    "vehicle_chassis_no": "TD3439"
  },
  {
    "lot_source_link": "https://www.mecum.com/lots/531841/1953-ford-crestline-victoria/?aa_id=319757-0",
    "lot_code": "Lot S124",
    "vehicle_chassis_no": "B3PV108736"
  },
  {
    "lot_source_link": "https://www.mecum.com/lots/531842/1963-chevrolet-corvette-convertible/?aa_id=319758-0",
    "lot_code": "Lot S125",
    "vehicle_chassis_no": "30867S112186"
  },
  {
    "lot_source_link": "https://www.mecum.com/lots/531843/1969-chevrolet-camaro-rs-ss-pace-car-edition-convertible/?aa_id=319759-0",
    "lot_code": "Lot S126",
    "vehicle_chassis_no": "124679N628485"
  },
  {
    "lot_source_link": "https://www.mecum.com/lots/531845/1970-ford-torino-gt-convertible/?aa_id=319760-0",
    "lot_code": "Lot S128",
    "vehicle_chassis_no": "0H37N124948"
  },
  {
    "lot_source_link": "https://www.mecum.com/lots/531847/1957-chrysler-300c/?aa_id=319761-0",
    "lot_code": "Lot S130",
    "vehicle_chassis_no": "3N572855"
  },
  {
    "lot_source_link": "https://www.mecum.com/lots/531848/1940-ford-deluxe-convertible/?aa_id=319762-0",
    "lot_code": "Lot S131",
    "vehicle_chassis_no": "185503120"
  },
  {
    "lot_source_link": "https://www.mecum.com/lots/531851/1965-pontiac-grand-prix-hardtop/?aa_id=319764-0",
    "lot_code": "Lot S134",
    "vehicle_chassis_no": "266575P314454"
  },
  {
    "lot_source_link": "https://www.mecum.com/lots/531853/1968-chevrolet-chevelle-ss-convertible/?aa_id=319765-0",
    "lot_code": "Lot S136",
    "vehicle_chassis_no": "138678K213683"
  },
  {
    "lot_source_link": "https://www.mecum.com/lots/531856/1963-studebaker-avanti/?aa_id=319766-0",
    "lot_code": "Lot S139",
    "vehicle_chassis_no": "63R02142"
  },
  {
    "lot_source_link": "https://www.mecum.com/lots/531859/1982-chrysler-lebaron-medallion-convertible/?aa_id=319767-0",
    "lot_code": "Lot S142",
    "vehicle_chassis_no": "1C3BC55D4CG136284"
  },
  {
    "lot_source_link": "https://www.mecum.com/lots/531860/1972-chevrolet-monte-carlo/?aa_id=319768-0",
    "lot_code": "Lot S143",
    "vehicle_chassis_no": "1H57J2L580440"
  },
  {
    "lot_source_link": "https://www.mecum.com/lots/531861/1974-volkswagen-thing/?aa_id=319769-0",
    "lot_code": "Lot S144",
    "vehicle_chassis_no": "1842543131"
  },
  {
    "lot_source_link": "https://www.mecum.com/lots/531862/1964-amphicar-770/?aa_id=319770-0",
    "lot_code": "Lot S145",
    "vehicle_chassis_no": "100937"
  },
  {
    "lot_source_link": "https://www.mecum.com/lots/531863/1938-chevrolet-master-deluxe/?aa_id=319771-0",
    "lot_code": "Lot S146",
    "vehicle_chassis_no": "5HA0321862"
  },
  {
    "lot_source_link": "https://www.mecum.com/lots/531864/1979-volkswagen-bus/?aa_id=319772-0",
    "lot_code": "Lot S147",
    "vehicle_chassis_no": "2292130964"
  },
  {
    "lot_source_link": "https://www.mecum.com/lots/531865/1972-chevrolet-malibu-sedan/?aa_id=319773-0",
    "lot_code": "Lot S148",
    "vehicle_chassis_no": "1D69J2L508145"
  },
  {
    "lot_source_link": "https://www.mecum.com/lots/531867/1958-chevrolet-delray/?aa_id=319774-0",
    "lot_code": "Lot S150",
    "vehicle_chassis_no": "B58J257031"
  },
  {
    "lot_source_link": "https://www.mecum.com/lots/531868/1957-chevrolet-corvette-convertible/?aa_id=319775-0",
    "lot_code": "Lot S151",
    "vehicle_chassis_no": "E57S103266"
  },
  {
    "lot_source_link": "https://www.mecum.com/lots/531869/1972-honda-600/?aa_id=319776-0",
    "lot_code": "Lot S152",
    "vehicle_chassis_no": "AZ6001015956"
  },
  {
    "lot_source_link": "https://www.mecum.com/lots/531870/1936-ford-tudor-sedan/?aa_id=319777-0",
    "lot_code": "Lot S153",
    "vehicle_chassis_no": "2576946"
  },
  {
    "lot_source_link": "https://www.mecum.com/lots/531871/1975-excalibur-phaeton/?aa_id=319778-0",
    "lot_code": "Lot S154",
    "vehicle_chassis_no": "756454"
  },
  {
    "lot_source_link": "https://www.mecum.com/lots/531872/1978-chevrolet-corvette-silver-anniversary/?aa_id=319779-0",
    "lot_code": "Lot S155",
    "vehicle_chassis_no": "1Z87L8S418777"
  },
  {
    "lot_source_link": "https://www.mecum.com/lots/531874/1956-chevrolet-race-car/?aa_id=319781-0",
    "lot_code": "Lot S157",
    "vehicle_chassis_no": "BILL OF SALE"
  },
  {
    "lot_source_link": "https://www.mecum.com/lots/531875/1962-chevrolet-impala-convertible/?aa_id=319782-0",
    "lot_code": "Lot S158",
    "vehicle_chassis_no": "21867A114354"
  },
  {
    "lot_source_link": "https://www.mecum.com/lots/531876/custom-mini-sprint-dirt-track-racer/?aa_id=319783-0",
    "lot_code": "Lot S159",
    "vehicle_chassis_no": null
  },
  {
    "lot_source_link": "https://www.mecum.com/lots/531877/1959-chevrolet-impala-convertible/?aa_id=319784-0",
    "lot_code": "Lot S160",
    "vehicle_chassis_no": "F59F272190"
  },
  {
    "lot_source_link": "https://www.mecum.com/lots/531878/1969-dodge-charger-500/?aa_id=319785-0",
    "lot_code": "Lot S161",
    "vehicle_chassis_no": "XX29L9B225530"
  },
  {
    "lot_source_link": "https://www.mecum.com/lots/531879/1937-plymouth-business-coupe/?aa_id=319786-0",
    "lot_code": "Lot S162",
    "vehicle_chassis_no": "10410220"
  },
  {
    "lot_source_link": "https://www.mecum.com/lots/531880/1964-chevrolet-corvair-convertible/?aa_id=319787-0",
    "lot_code": "Lot S163",
    "vehicle_chassis_no": "40967W265247"
  },
  {
    "lot_source_link": "https://www.mecum.com/lots/531881/1962-ford-galaxie-500xl/?aa_id=319788-0",
    "lot_code": "Lot S164",
    "vehicle_chassis_no": "2D67Z153817"
  },
  {
    "lot_source_link": "https://www.mecum.com/lots/531882/1968-chevrolet-caprice-hardtop/?aa_id=319789-0",
    "lot_code": "Lot S165",
    "vehicle_chassis_no": "166478J285404"
  },
  {
    "lot_source_link": "https://www.mecum.com/lots/531883/1957-dodge-custom-royal-sedan/?aa_id=319790-0",
    "lot_code": "Lot S166",
    "vehicle_chassis_no": "37297725"
  },
  {
    "lot_source_link": "https://www.mecum.com/lots/531884/1968-plymouth-gtx-convertible/?aa_id=319791-0",
    "lot_code": "Lot S167",
    "vehicle_chassis_no": "RS27L8G226070"
  },
  {
    "lot_source_link": "https://www.mecum.com/lots/531885/1970-chevrolet-chevelle-ss/?aa_id=319792-0",
    "lot_code": "Lot S168",
    "vehicle_chassis_no": "136370K198473"
  },
  {
    "lot_source_link": "https://www.mecum.com/lots/531886/1958-chevrolet-impala/?aa_id=319793-0",
    "lot_code": "Lot S169",
    "vehicle_chassis_no": "F58J183802"
  },
  {
    "lot_source_link": "https://www.mecum.com/lots/531887/1962-chevrolet-chevy-ii-nova-400-convertible/?aa_id=319794-0",
    "lot_code": "Lot S170",
    "vehicle_chassis_no": "20467W116062"
  },
  {
    "lot_source_link": "https://www.mecum.com/lots/531888/1955-packard-400-hardtop/?aa_id=319795-0",
    "lot_code": "Lot S171",
    "vehicle_chassis_no": "55876424"
  },
  {
    "lot_source_link": "https://www.mecum.com/lots/531889/1959-volkswagen-beetle/?aa_id=319796-0",
    "lot_code": "Lot S172",
    "vehicle_chassis_no": "2288855"
  },
  {
    "lot_source_link": "https://www.mecum.com/lots/531891/1929-ford-model-a-tudor-sedan/?aa_id=319798-0",
    "lot_code": "Lot S174",
    "vehicle_chassis_no": "A1659492"
  },
  {
    "lot_source_link": "https://www.mecum.com/lots/531892/1935-auburn-851-cabriolet/?aa_id=319799-0",
    "lot_code": "Lot S175",
    "vehicle_chassis_no": "2808H"
  },
  {
    "lot_source_link": "https://www.mecum.com/lots/531893/1969-plymouth-road-runner-convertible/?aa_id=319800-0",
    "lot_code": "Lot S176",
    "vehicle_chassis_no": "RM27H9G289764"
  },
  {
    "lot_source_link": "https://www.mecum.com/lots/531894/1986-pontiac-grand-prix-le/?aa_id=319801-0",
    "lot_code": "Lot S177",
    "vehicle_chassis_no": "2G2GK37HXG2239283"
  },
  {
    "lot_source_link": "https://www.mecum.com/lots/531895/1932-ford-tudor-sedan/?aa_id=319802-0",
    "lot_code": "Lot S178",
    "vehicle_chassis_no": "AB5031506"
  },
  {
    "lot_source_link": "https://www.mecum.com/lots/531896/1950-mercury-sedan/?aa_id=319803-0",
    "lot_code": "Lot S179",
    "vehicle_chassis_no": "50DA15307M"
  },
  {
    "lot_source_link": "https://www.mecum.com/lots/531897/1961-ford-galaxie/?aa_id=319804-0",
    "lot_code": "Lot S180",
    "vehicle_chassis_no": "1P57X130961"
  },
  {
    "lot_source_link": "https://www.mecum.com/lots/531899/1971-dodge-challenger-r-t/?aa_id=319806-0",
    "lot_code": "Lot S182",
    "vehicle_chassis_no": "JS23N1B179534"
  },
  {
    "lot_source_link": "https://www.mecum.com/lots/531900/1973-mercury-comet-gt/?aa_id=319807-0",
    "lot_code": "Lot S183",
    "vehicle_chassis_no": "3F31F551761"
  },
  {
    "lot_source_link": "https://www.mecum.com/lots/531901/1952-chevrolet-deluxe-coupe/?aa_id=319808-0",
    "lot_code": "Lot S184",
    "vehicle_chassis_no": "5KK158794"
  },
  {
    "lot_source_link": "https://www.mecum.com/lots/531902/1930-pontiac-6-3-series-sedan/?aa_id=319809-0",
    "lot_code": "Lot S185",
    "vehicle_chassis_no": "P726488"
  },
  {
    "lot_source_link": "https://www.mecum.com/lots/531903/1964-chevrolet-nova-ss/?aa_id=319810-0",
    "lot_code": "Lot S186",
    "vehicle_chassis_no": "40447N215607"
  },
  {
    "lot_source_link": "https://www.mecum.com/lots/531904/1969-chevrolet-camaro-convertible/?aa_id=319811-0",
    "lot_code": "Lot S187",
    "vehicle_chassis_no": "124679N668158"
  },
  {
    "lot_source_link": "https://www.mecum.com/lots/531905/1959-pontiac-star-chief/?aa_id=319812-0",
    "lot_code": "Lot S188",
    "vehicle_chassis_no": "459K7923"
  },
  {
    "lot_source_link": "https://www.mecum.com/lots/531906/1970-plymouth-road-runner/?aa_id=319813-0",
    "lot_code": "Lot S189",
    "vehicle_chassis_no": "RM23N0G150369"
  },
  {
    "lot_source_link": "https://www.mecum.com/lots/531907/1954-nash-metropolitan-convertible/?aa_id=319814-0",
    "lot_code": "Lot S190",
    "vehicle_chassis_no": "E40214"
  },
  {
    "lot_source_link": "https://www.mecum.com/lots/531908/1960-chrysler-300f/?aa_id=319815-0",
    "lot_code": "Lot S191",
    "vehicle_chassis_no": "8403114772"
  },
  {
    "lot_source_link": "https://www.mecum.com/lots/531909/1951-chevrolet-bel-air/?aa_id=319816-0",
    "lot_code": "Lot S192",
    "vehicle_chassis_no": "5JKA15822"
  },
  {
    "lot_source_link": "https://www.mecum.com/lots/531910/1949-ford-f7-firetruck/?aa_id=319817-0",
    "lot_code": "Lot S193",
    "vehicle_chassis_no": "98EQ31979"
  },
  {
    "lot_source_link": "https://www.mecum.com/lots/531911/2004-chevrolet-monte-carlo-nascar/?aa_id=319818-0",
    "lot_code": "Lot S194",
    "vehicle_chassis_no": "BILL OF SALE"
  },
  {
    "lot_source_link": "https://www.mecum.com/lots/531912/1975-dodge-d100-custom-pickup/?aa_id=319819-0",
    "lot_code": "Lot S195",
    "vehicle_chassis_no": "D14BE5S022719"
  },
  {
    "lot_source_link": "https://www.mecum.com/lots/531913/1948-ford-super-deluxe-woody-wagon/?aa_id=319820-0",
    "lot_code": "Lot S196",
    "vehicle_chassis_no": "899A2147571"
  },
  {
    "lot_source_link": "https://www.mecum.com/lots/531914/1934-plymouth-5-window-coupe-street-rod/?aa_id=319821-0",
    "lot_code": "Lot S197",
    "vehicle_chassis_no": "1028647"
  },
  {
    "lot_source_link": "https://www.mecum.com/lots/531915/1957-chevrolet-bel-air-convertible-custom/?aa_id=319822-0",
    "lot_code": "Lot S198",
    "vehicle_chassis_no": "VC57J235606"
  },
  {
    "lot_source_link": "https://www.mecum.com/lots/531916/1955-studebaker-commander/?aa_id=319823-0",
    "lot_code": "Lot S199",
    "vehicle_chassis_no": "8418486"
  },
  {
    "lot_source_link": "https://www.mecum.com/lots/531917/1982-chevrolet-camaro-z28-pace-car-edition/?aa_id=319824-0",
    "lot_code": "Lot S200",
    "vehicle_chassis_no": "1G1AP8776CL135562"
  },
  {
    "lot_source_link": "https://www.mecum.com/lots/531918/1936-ford-tudor-sedan/?aa_id=319825-0",
    "lot_code": "Lot S201",
    "vehicle_chassis_no": "182689597"
  },
  {
    "lot_source_link": "https://www.mecum.com/lots/531920/1966-plymouth-hemi-belvedere-i/?aa_id=319827-0",
    "lot_code": "Lot S203",
    "vehicle_chassis_no": "RL21H67196755"
  },
  {
    "lot_source_link": "https://www.mecum.com/lots/531947/1992-geo-metro-convertible/?aa_id=319845-0",
    "lot_code": "Lot S204",
    "vehicle_chassis_no": "JG1MR3366NK216951"
  },
  {
    "lot_source_link": "https://www.mecum.com/lots/531948/1979-amc-concord-station-wagon/?aa_id=319846-0",
    "lot_code": "Lot S205",
    "vehicle_chassis_no": "A9A087E112301"
  },
  {
    "lot_source_link": "https://www.mecum.com/lots/531923/1961-pontiac-ventura/?aa_id=319830-0",
    "lot_code": "Lot S206",
    "vehicle_chassis_no": "561P8099"
  },
  {
    "lot_source_link": "https://www.mecum.com/lots/531924/1920-dodge-touring-car/?aa_id=319831-0",
    "lot_code": "Lot S207",
    "vehicle_chassis_no": "7541337"
  },
  {
    "lot_source_link": "https://www.mecum.com/lots/531925/1937-pontiac-sedan/?aa_id=319832-0",
    "lot_code": "Lot S208",
    "vehicle_chassis_no": "6CA131153"
  },
  {
    "lot_source_link": "https://www.mecum.com/lots/531926/1932-midget-racer/?aa_id=319833-0",
    "lot_code": "Lot S209",
    "vehicle_chassis_no": "BILL OF SALE"
  },
  {
    "lot_source_link": "https://www.mecum.com/lots/531927/1964-volkswagen-beetle-cabriolet/?aa_id=319834-0",
    "lot_code": "Lot S210",
    "vehicle_chassis_no": "6338536"
  },
  {
    "lot_source_link": "https://www.mecum.com/lots/531935/1934-pontiac-5-window-coupe/?aa_id=319835-0",
    "lot_code": "Lot S218",
    "vehicle_chassis_no": "1061456"
  },
  {
    "lot_source_link": "https://www.mecum.com/lots/531938/1970-plymouth-satellite-convertible/?aa_id=319836-0",
    "lot_code": "Lot S221",
    "vehicle_chassis_no": "RH27G0G221450"
  },
  {
    "lot_source_link": "https://www.mecum.com/lots/531939/1967-chevrolet-camaro-rs-convertible/?aa_id=319837-0",
    "lot_code": "Lot S222",
    "vehicle_chassis_no": "124677N127840"
  },
  {
    "lot_source_link": "https://www.mecum.com/lots/531940/1965-ford-mustang-convertible/?aa_id=319838-0",
    "lot_code": "Lot S223",
    "vehicle_chassis_no": "5F08A251266"
  },
  {
    "lot_source_link": "https://www.mecum.com/lots/531941/1973-chrysler-imperial-lebaron/?aa_id=319839-0",
    "lot_code": "Lot S224",
    "vehicle_chassis_no": "YM43T3C148128"
  },
  {
    "lot_source_link": "https://www.mecum.com/lots/531942/1966-volkswagen-beetle/?aa_id=319840-0",
    "lot_code": "Lot S225",
    "vehicle_chassis_no": "116458505"
  },
  {
    "lot_source_link": "https://www.mecum.com/lots/531943/1934-ford-5-window-coupe-race-car/?aa_id=319841-0",
    "lot_code": "Lot S226",
    "vehicle_chassis_no": "2934"
  },
  {
    "lot_source_link": "https://www.mecum.com/lots/531944/1939-plymouth-pickup/?aa_id=319842-0",
    "lot_code": "Lot S227",
    "vehicle_chassis_no": "M1218738"
  },
  {
    "lot_source_link": "https://www.mecum.com/lots/531945/1971-ford-pinto/?aa_id=319843-0",
    "lot_code": "Lot S228",
    "vehicle_chassis_no": "1X10W100032"
  },
  {
    "lot_source_link": "https://www.mecum.com/lots/531946/1946-ford-pickup/?aa_id=319844-0",
    "lot_code": "Lot S229",
    "vehicle_chassis_no": "699C1142143"
  },
  {
    "lot_source_link": "https://www.mecum.com/lots/531815/1969-chevrolet-impala-custom/?aa_id=319743-0",
    "lot_code": "Lot S235",
    "vehicle_chassis_no": "164479J117563"
  },
  {
    "lot_source_link": "https://www.mecum.com/lots/531850/1972-chevrolet-monte-carlo-race-car/?aa_id=319763-0",
    "lot_code": "Lot S236",
    "vehicle_chassis_no": "BILL OF SALE"
  },
  {
    "lot_source_link": "https://www.mecum.com/lots/531873/1963-volkswagen-custom-dune-buggy/?aa_id=319780-0",
    "lot_code": "Lot S237",
    "vehicle_chassis_no": "5260558"
  },
  {
    "lot_source_link": "https://www.mecum.com/lots/531890/1978-lincoln-continental-mark-v/?aa_id=319797-0",
    "lot_code": "Lot S238",
    "vehicle_chassis_no": "8Y89A924694"
  },
  {
    "lot_source_link": "https://www.mecum.com/lots/531898/1981-chevrolet-chevette-scooter/?aa_id=319805-0",
    "lot_code": "Lot S239",
    "vehicle_chassis_no": "1G1AJ0891BY356555"
  },
  {
    "lot_source_link": "https://www.mecum.com/lots/531919/jalopy-race-car/?aa_id=319826-0",
    "lot_code": "Lot S240",
    "vehicle_chassis_no": "BILL OF SALE"
  },
  {
    "lot_source_link": "https://www.mecum.com/lots/531921/1947-hudson-sedan-racer/?aa_id=319828-0",
    "lot_code": "Lot S241",
    "vehicle_chassis_no": "BILL OF SALE"
  },
  {
    "lot_source_link": "https://www.mecum.com/lots/531922/1957-ford-thunderbird-race-car/?aa_id=319829-0",
    "lot_code": "Lot S242",
    "vehicle_chassis_no": "BILL OF SALE"
  }
]