[
  {
    "lot_source_link": "https://www.mecum.com/lots/1132647/2005-chrysler-crossfire/?aa_id=629149-0",
    "lot_code": "Lot S236",
    "vehicle_chassis_no": "1C3AN69L75X033988"
  },
  {
    "lot_source_link": "https://www.mecum.com/lots/1132646/2010-bmw-128i-convertible/?aa_id=629148-0",
    "lot_code": "Lot S235",
    "vehicle_chassis_no": "WBAUL7C53AVJ78205"
  },
  {
    "lot_source_link": "https://www.mecum.com/lots/1132645/2001-mazda-miata-convertible/?aa_id=629147-0",
    "lot_code": "Lot S234",
    "vehicle_chassis_no": "JMINB353210201128"
  },
  {
    "lot_source_link": "https://www.mecum.com/lots/1132649/2005-ac-cobra-replica-mkv-roadster/?aa_id=629169-0",
    "lot_code": "Lot S232.1",
    "vehicle_chassis_no": "C0B10001"
  },
  {
    "lot_source_link": "https://www.mecum.com/lots/1132279/2023-dodge-challenger-srt-hellcat-jailbreak-convertible/?aa_id=628536-0",
    "lot_code": "Lot S231",
    "vehicle_chassis_no": "2C3CDZC91PH590381"
  },
  {
    "lot_source_link": "https://www.mecum.com/lots/1131500/2005-ford-mustang-gt/?aa_id=626106-0",
    "lot_code": "Lot S227",
    "vehicle_chassis_no": "1ZVFT82H355190354"
  },
  {
    "lot_source_link": "https://www.mecum.com/lots/1131135/1981-chevrolet-1500-pickup/?aa_id=626105-0",
    "lot_code": "Lot S225",
    "vehicle_chassis_no": "1GCDC14DXBF367807"
  },
  {
    "lot_source_link": "https://www.mecum.com/lots/1131499/2002-ford-mustang-gt/?aa_id=626686-0",
    "lot_code": "Lot S224",
    "vehicle_chassis_no": "1FAFP42X12F221619"
  },
  {
    "lot_source_link": "https://www.mecum.com/lots/1131514/1970-chevrolet-chevelle/?aa_id=627322-0",
    "lot_code": "Lot S222",
    "vehicle_chassis_no": "136370K172940"
  },
  {
    "lot_source_link": "https://www.mecum.com/lots/1131134/1971-chevrolet-c10-pickup/?aa_id=626104-0",
    "lot_code": "Lot S221",
    "vehicle_chassis_no": "CS141J637552"
  },
  {
    "lot_source_link": "https://www.mecum.com/lots/1131498/2019-jeep-wrangler-suv/?aa_id=626299-0",
    "lot_code": "Lot S220",
    "vehicle_chassis_no": "1C4GJXAG1KW530011"
  },
  {
    "lot_source_link": "https://www.mecum.com/lots/1131455/1959-nash-metropolitan-convertible/?aa_id=625995-0",
    "lot_code": "Lot S219",
    "vehicle_chassis_no": "E62543"
  },
  {
    "lot_source_link": "https://www.mecum.com/lots/1132522/2000-pontiac-trans-am-coupe/?aa_id=628838-0",
    "lot_code": "Lot S218.1",
    "vehicle_chassis_no": "2G2FV22G4Y2131061"
  },
  {
    "lot_source_link": "https://www.mecum.com/lots/1131392/1989-chevrolet-k5-blazer-suv/?aa_id=626178-0",
    "lot_code": "Lot S217",
    "vehicle_chassis_no": "1GNEV18K6KF145604"
  },
  {
    "lot_source_link": "https://www.mecum.com/lots/1131295/1987-ferrari-testarossa/?aa_id=626808-0",
    "lot_code": "Lot S216",
    "vehicle_chassis_no": "ZFFSG17A9H0068285"
  },
  {
    "lot_source_link": "https://www.mecum.com/lots/1131205/1931-ford-model-a-custom-sedan/?aa_id=627444-0",
    "lot_code": "Lot S214",
    "vehicle_chassis_no": "A451531"
  },
  {
    "lot_source_link": "https://www.mecum.com/lots/1130731/1970-plymouth-cuda-convertible/?aa_id=625594-0",
    "lot_code": "Lot S213",
    "vehicle_chassis_no": "BH27G0B163299"
  },
  {
    "lot_source_link": "https://www.mecum.com/lots/1131137/1977-ford-f150-xlt-pickup/?aa_id=625291-0",
    "lot_code": "Lot S211",
    "vehicle_chassis_no": "F14HL005310"
  },
  {
    "lot_source_link": "https://www.mecum.com/lots/1127477/1999-porsche-911-carrera-cabriolet/?aa_id=621406-0",
    "lot_code": "Lot S207",
    "vehicle_chassis_no": "WP0CA2998XS651737"
  },
  {
    "lot_source_link": "https://www.mecum.com/lots/1130179/1995-chevrolet-camaro-z28-convertible/?aa_id=626756-0",
    "lot_code": "Lot S206",
    "vehicle_chassis_no": "2G1FP32P4S2112442"
  },
  {
    "lot_source_link": "https://www.mecum.com/lots/1128706/1948-crosley-hot-rod-roadster/?aa_id=622302-0",
    "lot_code": "Lot S205",
    "vehicle_chassis_no": "CC55283"
  },
  {
    "lot_source_link": "https://www.mecum.com/lots/1130082/1971-chevrolet-el-camino/?aa_id=624327-0",
    "lot_code": "Lot S202",
    "vehicle_chassis_no": "134801L134918"
  },
  {
    "lot_source_link": "https://www.mecum.com/lots/1129641/1970-chevrolet-el-camino-ss/?aa_id=627525-0",
    "lot_code": "Lot S201",
    "vehicle_chassis_no": "136800L164504"
  },
  {
    "lot_source_link": "https://www.mecum.com/lots/1130094/1985-ferrari-mondial-convertible/?aa_id=625605-0",
    "lot_code": "Lot S200",
    "vehicle_chassis_no": "ZFFLC15B000050797"
  },
  {
    "lot_source_link": "https://www.mecum.com/lots/1132034/1970-chevrolet-nova-ss/?aa_id=626788-0",
    "lot_code": "Lot S198.1",
    "vehicle_chassis_no": "114270W311945"
  },
  {
    "lot_source_link": "https://www.mecum.com/lots/1130441/1968-chevrolet-nova/?aa_id=626996-0",
    "lot_code": "Lot S198",
    "vehicle_chassis_no": "114278W365320"
  },
  {
    "lot_source_link": "https://www.mecum.com/lots/1132240/1956-chevrolet-210-coupe/?aa_id=628348-0",
    "lot_code": "Lot S197.1",
    "vehicle_chassis_no": "B56K118778"
  },
  {
    "lot_source_link": "https://www.mecum.com/lots/1131121/1970-buick-gs-stage-1/?aa_id=628387-0",
    "lot_code": "Lot S195",
    "vehicle_chassis_no": "446370H204117"
  },
  {
    "lot_source_link": "https://www.mecum.com/lots/1132033/1967-ford-mustang-fastback/?aa_id=627080-0",
    "lot_code": "Lot S194.1",
    "vehicle_chassis_no": "7R02T153945"
  },
  {
    "lot_source_link": "https://www.mecum.com/lots/1131120/1955-chevrolet-bel-air-custom-convertible/?aa_id=629130-0",
    "lot_code": "Lot S193",
    "vehicle_chassis_no": "VC55T060635"
  },
  {
    "lot_source_link": "https://www.mecum.com/lots/1131012/1962-ford-thunderbird-hardtop/?aa_id=627542-0",
    "lot_code": "Lot S191",
    "vehicle_chassis_no": "2Y83Z133425"
  },
  {
    "lot_source_link": "https://www.mecum.com/lots/1132508/1969-chevrolet-chevelle-ss/?aa_id=628537-0",
    "lot_code": "Lot S189.1",
    "vehicle_chassis_no": "136379K336423"
  },
  {
    "lot_source_link": "https://www.mecum.com/lots/1131011/1971-amc-javelin-amx/?aa_id=627127-0",
    "lot_code": "Lot S188",
    "vehicle_chassis_no": "A1C798P254366"
  },
  {
    "lot_source_link": "https://www.mecum.com/lots/1131397/2000-bmw-m-roadster/?aa_id=628822-0",
    "lot_code": "Lot S187.1",
    "vehicle_chassis_no": "WBSCK9347YLC91810"
  },
  {
    "lot_source_link": "https://www.mecum.com/lots/1130175/2001-chevrolet-corvette-coupe/?aa_id=625884-0",
    "lot_code": "Lot S187",
    "vehicle_chassis_no": "1G1YY22GX15129829"
  },
  {
    "lot_source_link": "https://www.mecum.com/lots/1130186/2011-dodge-1500-laramie-pickup/?aa_id=625654-0",
    "lot_code": "Lot S185",
    "vehicle_chassis_no": "1D7RB1GT7BS567858"
  },
  {
    "lot_source_link": "https://www.mecum.com/lots/1130182/2009-mercedes-benz-sl550-convertible/?aa_id=627905-0",
    "lot_code": "Lot S183",
    "vehicle_chassis_no": "WDBSK71F19F150948"
  },
  {
    "lot_source_link": "https://www.mecum.com/lots/1130083/2006-bentley-continental-flying-spur-sedan/?aa_id=625034-0",
    "lot_code": "Lot S182",
    "vehicle_chassis_no": "SCBBR53W76C036340"
  },
  {
    "lot_source_link": "https://www.mecum.com/lots/1127480/2007-ford-shelby-gt500/?aa_id=625727-0",
    "lot_code": "Lot S181",
    "vehicle_chassis_no": "1ZVHT88S375325816"
  },
  {
    "lot_source_link": "https://www.mecum.com/lots/1128442/1973-chevrolet-corvette-custom-coupe/?aa_id=623583-0",
    "lot_code": "Lot S179",
    "vehicle_chassis_no": "1Z37T3S404729"
  },
  {
    "lot_source_link": "https://www.mecum.com/lots/1126451/2008-dodge-challenger-srt-8-pilot-line-coupe/?aa_id=613771-0",
    "lot_code": "Lot S175",
    "vehicle_chassis_no": "2B3LJ74WX8H182882"
  },
  {
    "lot_source_link": "https://www.mecum.com/lots/1121560/2024-evolution-maverick-4-golf-cart/?aa_id=626765-0",
    "lot_code": "Lot S174",
    "vehicle_chassis_no": "EVBD1263661"
  },
  {
    "lot_source_link": "https://www.mecum.com/lots/1121559/2015-mercedes-benz-ml350-4matic/?aa_id=626586-0",
    "lot_code": "Lot S173",
    "vehicle_chassis_no": "4JGDA5HB6FA544874"
  },
  {
    "lot_source_link": "https://www.mecum.com/lots/1121558/2008-jeep-wrangler-unlimited-rubicon/?aa_id=626712-0",
    "lot_code": "Lot S172",
    "vehicle_chassis_no": "1J4GA691X8L615461"
  },
  {
    "lot_source_link": "https://www.mecum.com/lots/1121557/1998-gmc-sierra-1500-pickup/?aa_id=628644-0",
    "lot_code": "Lot S171",
    "vehicle_chassis_no": "1GTEC14M3WZ524263"
  },
  {
    "lot_source_link": "https://www.mecum.com/lots/1121556/2007-chevrolet-silverado-2500hd-pickup/?aa_id=627883-0",
    "lot_code": "Lot S170",
    "vehicle_chassis_no": "1GCHK29U67E105654"
  },
  {
    "lot_source_link": "https://www.mecum.com/lots/1121555/2019-chevrolet-corvette-convertible/?aa_id=626678-0",
    "lot_code": "Lot S169",
    "vehicle_chassis_no": "1G1YH3D78K5115190"
  },
  {
    "lot_source_link": "https://www.mecum.com/lots/1121554/1932-ford-hi-boy-roadster/?aa_id=626761-0",
    "lot_code": "Lot S168",
    "vehicle_chassis_no": "DRMVB0000163279M0"
  },
  {
    "lot_source_link": "https://www.mecum.com/lots/1121553/2012-mercedes-benz-e350-convertible/?aa_id=627746-0",
    "lot_code": "Lot S167",
    "vehicle_chassis_no": "WDDKK5KF7CF163320"
  },
  {
    "lot_source_link": "https://www.mecum.com/lots/1121552/1978-chevrolet-corvette-pace-car-edition/?aa_id=626588-0",
    "lot_code": "Lot S166",
    "vehicle_chassis_no": "1Z87L8S902494"
  },
  {
    "lot_source_link": "https://www.mecum.com/lots/1121551/2016-maserati-ghibli/?aa_id=626695-0",
    "lot_code": "Lot S165",
    "vehicle_chassis_no": "ZAM57XSA5G1164215"
  },
  {
    "lot_source_link": "https://www.mecum.com/lots/1121550/1997-chevrolet-camaro-z28-30th-anniversary-coupe/?aa_id=626778-0",
    "lot_code": "Lot S164",
    "vehicle_chassis_no": "2G1FP22P2V2140657"
  },
  {
    "lot_source_link": "https://www.mecum.com/lots/1121549/2008-mercedes-benz-slk350-convertible/?aa_id=626674-0",
    "lot_code": "Lot S163",
    "vehicle_chassis_no": "WDBWK56F68F176569"
  },
  {
    "lot_source_link": "https://www.mecum.com/lots/1121547/1967-mercury-comet-caliente-convertible/?aa_id=626724-0",
    "lot_code": "Lot S161",
    "vehicle_chassis_no": "7H12H561625"
  },
  {
    "lot_source_link": "https://www.mecum.com/lots/1121546/1979-pontiac-trans-am/?aa_id=626789-0",
    "lot_code": "Lot S160",
    "vehicle_chassis_no": "2W87K9N116868"
  },
  {
    "lot_source_link": "https://www.mecum.com/lots/1130317/1957-chevrolet-bel-air-hardtop/?aa_id=624592-0",
    "lot_code": "Lot S159",
    "vehicle_chassis_no": "VC57L207681"
  },
  {
    "lot_source_link": "https://www.mecum.com/lots/1132644/1968-chevrolet-chevelle/?aa_id=629144-0",
    "lot_code": "Lot S157.1",
    "vehicle_chassis_no": "133278Z107644"
  },
  {
    "lot_source_link": "https://www.mecum.com/lots/1131459/1966-chevrolet-chevelle-ss-hardtop/?aa_id=626760-0",
    "lot_code": "Lot S155.1",
    "vehicle_chassis_no": "138176K137380"
  },
  {
    "lot_source_link": "https://www.mecum.com/lots/1125988/1969-shelby-gt500-fastback/?aa_id=613253-0",
    "lot_code": "Lot S153",
    "vehicle_chassis_no": "9F02R480454"
  },
  {
    "lot_source_link": "https://www.mecum.com/lots/1132061/1948-chevrolet-3100-pickup/?aa_id=628323-0",
    "lot_code": "Lot S150.1",
    "vehicle_chassis_no": "FBA593814"
  },
  {
    "lot_source_link": "https://www.mecum.com/lots/1130101/2014-ford-mustang-roush/?aa_id=628306-0",
    "lot_code": "Lot S150",
    "vehicle_chassis_no": "1ZVBP8CF5E5295428"
  },
  {
    "lot_source_link": "https://www.mecum.com/lots/1126789/1977-pontiac-trans-am-se/?aa_id=614444-0",
    "lot_code": "Lot S147",
    "vehicle_chassis_no": "2W87Z7N241948"
  },
  {
    "lot_source_link": "https://www.mecum.com/lots/1125593/1960-chevrolet-impala-convertible/?aa_id=610336-0",
    "lot_code": "Lot S144",
    "vehicle_chassis_no": "01867T271806"
  },
  {
    "lot_source_link": "https://www.mecum.com/lots/1125592/1959-chevrolet-impala-convertible/?aa_id=610337-0",
    "lot_code": "Lot S143",
    "vehicle_chassis_no": "F59B233303"
  },
  {
    "lot_source_link": "https://www.mecum.com/lots/1130669/2024-dodge-durango-srt-hellcat/?aa_id=625731-0",
    "lot_code": "Lot S141",
    "vehicle_chassis_no": "1C4SDJH92RC204509"
  },
  {
    "lot_source_link": "https://www.mecum.com/lots/1128324/2021-ford-shelby-super-snake-speedster/?aa_id=625728-0",
    "lot_code": "Lot S140",
    "vehicle_chassis_no": "1FATP8FF3M5135345"
  },
  {
    "lot_source_link": "https://www.mecum.com/lots/1130667/2024-chevrolet-corvette-z06-3lz-convertible/?aa_id=625722-0",
    "lot_code": "Lot S139",
    "vehicle_chassis_no": "1G1YF3D30R5603482"
  },
  {
    "lot_source_link": "https://www.mecum.com/lots/1130668/2023-dodge-challenger-srt-demon-170/?aa_id=625721-0",
    "lot_code": "Lot S138",
    "vehicle_chassis_no": "2C3CDZL97PH100557"
  },
  {
    "lot_source_link": "https://www.mecum.com/lots/1128327/2023-dodge-challenger-black-ghost/?aa_id=625717-0",
    "lot_code": "Lot S137",
    "vehicle_chassis_no": "2C3CDZL9XPH545827"
  },
  {
    "lot_source_link": "https://www.mecum.com/lots/1128326/2023-dodge-challenger-srt-hellcat-jailbreak/?aa_id=625715-0",
    "lot_code": "Lot S136",
    "vehicle_chassis_no": "2C3CDZC91PH649526"
  },
  {
    "lot_source_link": "https://www.mecum.com/lots/1128325/2023-jeep-wrangler-unlimited-rubicon-392-20th-anniversary/?aa_id=625713-0",
    "lot_code": "Lot S135",
    "vehicle_chassis_no": "1C4JJXSJ8PW691561"
  },
  {
    "lot_source_link": "https://www.mecum.com/lots/1130666/2023-ford-f250-super-duty-harley-davidson-edition-pickup/?aa_id=625708-0",
    "lot_code": "Lot S134",
    "vehicle_chassis_no": "1FT8W2BT3PED50708"
  },
  {
    "lot_source_link": "https://www.mecum.com/lots/1128323/2023-ford-f250-shelby-super-baja-pickup/?aa_id=625709-0",
    "lot_code": "Lot S133",
    "vehicle_chassis_no": "1FT8W2BT8PED53068"
  },
  {
    "lot_source_link": "https://www.mecum.com/lots/1128322/2021-ford-shelby-gt500/?aa_id=625704-0",
    "lot_code": "Lot S132",
    "vehicle_chassis_no": "1FA6P8SJ4M5501031"
  },
  {
    "lot_source_link": "https://www.mecum.com/lots/1128321/2022-ford-f550-super-duty-pickup/?aa_id=625699-0",
    "lot_code": "Lot S131",
    "vehicle_chassis_no": "1FD0W5HT7NEF54278"
  },
  {
    "lot_source_link": "https://www.mecum.com/lots/1128320/2021-ford-shelby-gt500/?aa_id=625698-0",
    "lot_code": "Lot S130",
    "vehicle_chassis_no": "1FA6P8SJ0M5500149"
  },
  {
    "lot_source_link": "https://www.mecum.com/lots/1128319/1974-ford-bronco/?aa_id=625696-0",
    "lot_code": "Lot S129",
    "vehicle_chassis_no": "U15GLU42866"
  },
  {
    "lot_source_link": "https://www.mecum.com/lots/1128318/2020-ford-carroll-shelby-signature-series/?aa_id=625694-0",
    "lot_code": "Lot S128",
    "vehicle_chassis_no": "1FA6P8CF9L5115407"
  },
  {
    "lot_source_link": "https://www.mecum.com/lots/1131641/1969-chevrolet-camaro-z28/?aa_id=627162-0",
    "lot_code": "Lot S124.1",
    "vehicle_chassis_no": "124379L512175"
  },
  {
    "lot_source_link": "https://www.mecum.com/lots/1128301/1965-porsche-356c-coupe/?aa_id=620287-0",
    "lot_code": "Lot S124",
    "vehicle_chassis_no": "219141"
  },
  {
    "lot_source_link": "https://www.mecum.com/lots/1128066/1961-chevrolet-corvette-custom-convertible/?aa_id=623405-0",
    "lot_code": "Lot S122",
    "vehicle_chassis_no": "10867S110388"
  },
  {
    "lot_source_link": "https://www.mecum.com/lots/1132060/1970-chevrolet-c10-pickup/?aa_id=628371-0",
    "lot_code": "Lot S121.1",
    "vehicle_chassis_no": "CS140A116055"
  },
  {
    "lot_source_link": "https://www.mecum.com/lots/1131642/1969-chevrolet-camaro-z28-coupe/?aa_id=627164-0",
    "lot_code": "Lot S119.1",
    "vehicle_chassis_no": "124379N709890"
  },
  {
    "lot_source_link": "https://www.mecum.com/lots/1132324/2018-dodge-challenger-srt-demon/?aa_id=627521-0",
    "lot_code": "Lot S119",
    "vehicle_chassis_no": "2C3CDZH95JH100542"
  },
  {
    "lot_source_link": "https://www.mecum.com/lots/1125596/1957-chevrolet-bel-air-convertible/?aa_id=615779-0",
    "lot_code": "Lot S118",
    "vehicle_chassis_no": "VC57N180870"
  },
  {
    "lot_source_link": "https://www.mecum.com/lots/1127269/1970-chevrolet-chevelle-ls6-convertible/?aa_id=616692-0",
    "lot_code": "Lot S117",
    "vehicle_chassis_no": "136670B175145"
  },
  {
    "lot_source_link": "https://www.mecum.com/lots/1122146/1969-dodge-charger-r-t-hardtop/?aa_id=610137-0",
    "lot_code": "Lot S116",
    "vehicle_chassis_no": "XS29L9B190526"
  },
  {
    "lot_source_link": "https://www.mecum.com/lots/1130383/1966-plymouth-belvedere-ii-hardtop/?aa_id=625990-0",
    "lot_code": "Lot S115",
    "vehicle_chassis_no": "RH23E67297799"
  },
  {
    "lot_source_link": "https://www.mecum.com/lots/1127731/1969-chevrolet-camaro-ss/?aa_id=618616-0",
    "lot_code": "Lot S110",
    "vehicle_chassis_no": "123379N608114"
  },
  {
    "lot_source_link": "https://www.mecum.com/lots/1124082/1971-pontiac-gto-judge/?aa_id=610704-0",
    "lot_code": "Lot S109",
    "vehicle_chassis_no": "242371P116662"
  },
  {
    "lot_source_link": "https://www.mecum.com/lots/1124081/2018-ford-mustang-roush-jackhammer-coupe/?aa_id=610727-0",
    "lot_code": "Lot S108",
    "vehicle_chassis_no": "1FA6P8CF0J5166775"
  },
  {
    "lot_source_link": "https://www.mecum.com/lots/1124080/2022-chevrolet-camaro-ss-pace-car-edition-convertible/?aa_id=610725-0",
    "lot_code": "Lot S107",
    "vehicle_chassis_no": "1G1FH3D75N0112501"
  },
  {
    "lot_source_link": "https://www.mecum.com/lots/1129840/1969-dodge-charger-hardtop/?aa_id=624642-0",
    "lot_code": "Lot S105",
    "vehicle_chassis_no": "XP29H9B254090"
  },
  {
    "lot_source_link": "https://www.mecum.com/lots/1129817/1957-chevrolet-bel-air-convertible/?aa_id=624008-0",
    "lot_code": "Lot S104",
    "vehicle_chassis_no": "VC57N207421"
  },
  {
    "lot_source_link": "https://www.mecum.com/lots/1131247/1963-chevrolet-corvette-split-window-coupe/?aa_id=625886-0",
    "lot_code": "Lot S102.1",
    "vehicle_chassis_no": "30837S107431"
  },
  {
    "lot_source_link": "https://www.mecum.com/lots/1131248/1964-chevrolet-impala-ss-hardtop/?aa_id=625895-0",
    "lot_code": "Lot S99.1",
    "vehicle_chassis_no": "41447Y123345"
  },
  {
    "lot_source_link": "https://www.mecum.com/lots/1128403/1970-oldsmobile-442-w-30/?aa_id=623534-0",
    "lot_code": "Lot S98",
    "vehicle_chassis_no": "344870M169731"
  },
  {
    "lot_source_link": "https://www.mecum.com/lots/1130388/1966-ford-mustang-gt-fastback/?aa_id=624632-0",
    "lot_code": "Lot S97",
    "vehicle_chassis_no": "6R09A188663"
  },
  {
    "lot_source_link": "https://www.mecum.com/lots/1127515/1966-chevrolet-corvette-convertible/?aa_id=616813-0",
    "lot_code": "Lot S96",
    "vehicle_chassis_no": "194676S101457"
  },
  {
    "lot_source_link": "https://www.mecum.com/lots/1131665/1970-chevrolet-camaro-z28-coupe/?aa_id=627478-0",
    "lot_code": "Lot S95.1",
    "vehicle_chassis_no": "124870N588785"
  },
  {
    "lot_source_link": "https://www.mecum.com/lots/1129636/1987-chevrolet-blazer/?aa_id=626464-0",
    "lot_code": "Lot S95",
    "vehicle_chassis_no": "1GNEV18H5HF164528"
  },
  {
    "lot_source_link": "https://www.mecum.com/lots/1126471/2003-chevrolet-corvette-50th-anniversary-convertible/?aa_id=625275-0",
    "lot_code": "Lot S89",
    "vehicle_chassis_no": "1G1YY32GX35122002"
  },
  {
    "lot_source_link": "https://www.mecum.com/lots/1123214/1994-chevrolet-silverado-pickup/?aa_id=610355-0",
    "lot_code": "Lot S87",
    "vehicle_chassis_no": "1GCDC14Z5RZ133210"
  },
  {
    "lot_source_link": "https://www.mecum.com/lots/1121567/1979-chevrolet-k10-scottsdale-pickup/?aa_id=626687-0",
    "lot_code": "Lot S85",
    "vehicle_chassis_no": "CKL149Z183044"
  },
  {
    "lot_source_link": "https://www.mecum.com/lots/1132413/2016-land-rover-range-rover-sport/?aa_id=628076-0",
    "lot_code": "Lot S84.1",
    "vehicle_chassis_no": "SALWR2EF2GA103619"
  },
  {
    "lot_source_link": "https://www.mecum.com/lots/1121575/2014-bentley-continental-flying-spur/?aa_id=626474-0",
    "lot_code": "Lot S84",
    "vehicle_chassis_no": "SCBEC9ZA6EC092592"
  },
  {
    "lot_source_link": "https://www.mecum.com/lots/1132196/2017-ford-shelby-gt350r/?aa_id=627583-0",
    "lot_code": "Lot S83.1",
    "vehicle_chassis_no": "1FATP8JZ7H5525064"
  },
  {
    "lot_source_link": "https://www.mecum.com/lots/1132201/2006-porsche-boxster-convertible/?aa_id=627744-0",
    "lot_code": "Lot S81.1",
    "vehicle_chassis_no": "WP0CA29826U710520"
  },
  {
    "lot_source_link": "https://www.mecum.com/lots/1121570/1996-shelby-cobra-replica-roadster/?aa_id=626638-0",
    "lot_code": "Lot S79",
    "vehicle_chassis_no": "MI0135A186L052296"
  },
  {
    "lot_source_link": "https://www.mecum.com/lots/1121569/1981-chevrolet-blazer/?aa_id=626683-0",
    "lot_code": "Lot S78",
    "vehicle_chassis_no": "1G8DC18H8BF106960"
  },
  {
    "lot_source_link": "https://www.mecum.com/lots/1121568/1972-chevrolet-blazer/?aa_id=626681-0",
    "lot_code": "Lot S77",
    "vehicle_chassis_no": "CCE182F176526"
  },
  {
    "lot_source_link": "https://www.mecum.com/lots/1121566/1964-pontiac-gto/?aa_id=626780-0",
    "lot_code": "Lot S76",
    "vehicle_chassis_no": "824P127011"
  },
  {
    "lot_source_link": "https://www.mecum.com/lots/1121564/1966-chevrolet-el-camino/?aa_id=626477-0",
    "lot_code": "Lot S74",
    "vehicle_chassis_no": "136806K135951"
  },
  {
    "lot_source_link": "https://www.mecum.com/lots/1121561/1968-dodge-charger-r-t/?aa_id=626508-0",
    "lot_code": "Lot S71",
    "vehicle_chassis_no": "XS29L8B192485"
  },
  {
    "lot_source_link": "https://www.mecum.com/lots/1130187/2007-gmc-sierra-3500-pickup/?aa_id=626115-0",
    "lot_code": "Lot S68",
    "vehicle_chassis_no": "1GTJC33G37F127872"
  },
  {
    "lot_source_link": "https://www.mecum.com/lots/1131396/1996-ford-mustang-svt-cobra/?aa_id=628876-0",
    "lot_code": "Lot S67.1",
    "vehicle_chassis_no": "1FALP47V5TF159329"
  },
  {
    "lot_source_link": "https://www.mecum.com/lots/1130183/2006-mercedes-benz-clk350-convertible/?aa_id=625878-0",
    "lot_code": "Lot S66",
    "vehicle_chassis_no": "WDBTK56GX6T064335"
  },
  {
    "lot_source_link": "https://www.mecum.com/lots/1132475/1966-plymouth-satellite-hardtop/?aa_id=628874-0",
    "lot_code": "Lot S64.1",
    "vehicle_chassis_no": "RP23G65173796"
  },
  {
    "lot_source_link": "https://www.mecum.com/lots/1130048/1968-chevrolet-chevelle/?aa_id=624633-0",
    "lot_code": "Lot S64",
    "vehicle_chassis_no": "136378B232524"
  },
  {
    "lot_source_link": "https://www.mecum.com/lots/1130316/1932-ford-roadster/?aa_id=624593-0",
    "lot_code": "Lot S61",
    "vehicle_chassis_no": "1823290232"
  },
  {
    "lot_source_link": "https://www.mecum.com/lots/1126401/1964-pontiac-gto-convertible/?aa_id=617206-0",
    "lot_code": "Lot S60",
    "vehicle_chassis_no": "824P160358"
  },
  {
    "lot_source_link": "https://www.mecum.com/lots/1129544/1969-plymouth-road-runner-hardtop/?aa_id=623930-0",
    "lot_code": "Lot S58",
    "vehicle_chassis_no": "RM23H9G230870"
  },
  {
    "lot_source_link": "https://www.mecum.com/lots/1127976/2007-chevrolet-corvette-z06-coupe/?aa_id=622778-0",
    "lot_code": "Lot S57",
    "vehicle_chassis_no": "1G1YY26E875133573"
  },
  {
    "lot_source_link": "https://www.mecum.com/lots/1127523/1968-dodge-charger-r-t/?aa_id=618454-0",
    "lot_code": "Lot S56",
    "vehicle_chassis_no": "XS29L8B335960"
  },
  {
    "lot_source_link": "https://www.mecum.com/lots/1127479/1969-plymouth-road-runner-coupe/?aa_id=624329-0",
    "lot_code": "Lot S55",
    "vehicle_chassis_no": "RM21H9G227099"
  },
  {
    "lot_source_link": "https://www.mecum.com/lots/1127417/1970-dodge-challenger/?aa_id=622936-0",
    "lot_code": "Lot S54",
    "vehicle_chassis_no": "JH23C0E142703"
  },
  {
    "lot_source_link": "https://www.mecum.com/lots/1130176/1990-chrysler-maserati-tc-convertible/?aa_id=625445-0",
    "lot_code": "Lot S50",
    "vehicle_chassis_no": "ZC2FS120XLB205495"
  },
  {
    "lot_source_link": "https://www.mecum.com/lots/1132431/2011-mercedes-benz-e550-convertible/?aa_id=628436-0",
    "lot_code": "Lot S49.1",
    "vehicle_chassis_no": "WDDKK7CF8BF105208"
  },
  {
    "lot_source_link": "https://www.mecum.com/lots/1130098/1961-chevrolet-apache-pickup/?aa_id=627094-0",
    "lot_code": "Lot S49",
    "vehicle_chassis_no": "1K144L110972"
  },
  {
    "lot_source_link": "https://www.mecum.com/lots/1130085/1970-pontiac-gto/?aa_id=624476-0",
    "lot_code": "Lot S47",
    "vehicle_chassis_no": "242370P229381"
  },
  {
    "lot_source_link": "https://www.mecum.com/lots/1129634/2023-chevrolet-corvette-z06-3lz-coupe/?aa_id=626462-0",
    "lot_code": "Lot S46",
    "vehicle_chassis_no": "1G1YF2D33P5603970"
  },
  {
    "lot_source_link": "https://www.mecum.com/lots/1130178/2002-ford-thunderbird-convertible/?aa_id=626012-0",
    "lot_code": "Lot S45",
    "vehicle_chassis_no": "1FAHP60A92Y128127"
  },
  {
    "lot_source_link": "https://www.mecum.com/lots/1132035/1969-ford-mustang-mach-1-fastback/?aa_id=627093-0",
    "lot_code": "Lot S43.1",
    "vehicle_chassis_no": "9F02R163481"
  },
  {
    "lot_source_link": "https://www.mecum.com/lots/1130180/2013-bmw-750li-xdrive-sedan/?aa_id=627148-0",
    "lot_code": "Lot S43",
    "vehicle_chassis_no": "WBAYF8C50DD140066"
  },
  {
    "lot_source_link": "https://www.mecum.com/lots/1130387/2009-workhorse-startrans-bus/?aa_id=624497-0",
    "lot_code": "Lot S41.1",
    "vehicle_chassis_no": "5B4LP152X72001086"
  },
  {
    "lot_source_link": "https://www.mecum.com/lots/1127478/1949-nash-airflyte-600-super-sedan/?aa_id=624473-0",
    "lot_code": "Lot S40",
    "vehicle_chassis_no": "K302503"
  },
  {
    "lot_source_link": "https://www.mecum.com/lots/1132599/1979-chevrolet-corvette-coupe/?aa_id=628981-0",
    "lot_code": "Lot S38.1",
    "vehicle_chassis_no": "1Z8789S418974"
  },
  {
    "lot_source_link": "https://www.mecum.com/lots/1128272/2007-chevrolet-silverado-pickup/?aa_id=624236-0",
    "lot_code": "Lot S38",
    "vehicle_chassis_no": "1GCHK23637F0011EX"
  },
  {
    "lot_source_link": "https://www.mecum.com/lots/1128286/1965-chevrolet-nova-ss-coupe/?aa_id=624240-0",
    "lot_code": "Lot S37",
    "vehicle_chassis_no": "116375N220017"
  },
  {
    "lot_source_link": "https://www.mecum.com/lots/1128265/1966-chevrolet-el-camino/?aa_id=624026-0",
    "lot_code": "Lot S36",
    "vehicle_chassis_no": "136806K184020"
  },
  {
    "lot_source_link": "https://www.mecum.com/lots/1128261/1970-dodge-super-bee-coupe/?aa_id=624462-0",
    "lot_code": "Lot S35",
    "vehicle_chassis_no": "WM21N0A219441"
  },
  {
    "lot_source_link": "https://www.mecum.com/lots/1128254/1969-chevrolet-el-camino-ss/?aa_id=628071-0",
    "lot_code": "Lot S33",
    "vehicle_chassis_no": "136809K392369"
  },
  {
    "lot_source_link": "https://www.mecum.com/lots/1128249/1966-chevrolet-corvette-convertible/?aa_id=624363-0",
    "lot_code": "Lot S32",
    "vehicle_chassis_no": "194676S122063"
  },
  {
    "lot_source_link": "https://www.mecum.com/lots/1128252/1964-chevrolet-impala-ss/?aa_id=624025-0",
    "lot_code": "Lot S31",
    "vehicle_chassis_no": "41447F248429"
  },
  {
    "lot_source_link": "https://www.mecum.com/lots/1128246/2013-ford-mustang-cobra-jet-race-car/?aa_id=624355-0",
    "lot_code": "Lot S30",
    "vehicle_chassis_no": "FR500CJ4050"
  },
  {
    "lot_source_link": "https://www.mecum.com/lots/1128283/1969-ford-mustang-mach-1-fastback/?aa_id=624019-0",
    "lot_code": "Lot S29",
    "vehicle_chassis_no": "9R02M117355"
  },
  {
    "lot_source_link": "https://www.mecum.com/lots/1128264/1965-ford-mustang-convertible/?aa_id=624365-0",
    "lot_code": "Lot S28",
    "vehicle_chassis_no": "5F08C366630"
  },
  {
    "lot_source_link": "https://www.mecum.com/lots/1128245/2005-ford-mustang-foose-stallion-coupe/?aa_id=624017-0",
    "lot_code": "Lot S27",
    "vehicle_chassis_no": "1ZVHT82H655104768"
  },
  {
    "lot_source_link": "https://www.mecum.com/lots/1128248/2006-ford-shelby-gt150-prototype-pickup/?aa_id=624354-0",
    "lot_code": "Lot S26",
    "vehicle_chassis_no": "1FTPX12V86NB04840"
  },
  {
    "lot_source_link": "https://www.mecum.com/lots/1132575/1967-ford-mustang-gt-fastback/?aa_id=628836-0",
    "lot_code": "Lot S25.1",
    "vehicle_chassis_no": "7T02S243990"
  },
  {
    "lot_source_link": "https://www.mecum.com/lots/1128244/2007-ford-shelby-gt500/?aa_id=624343-0",
    "lot_code": "Lot S23",
    "vehicle_chassis_no": "1ZVHT88S875351862"
  },
  {
    "lot_source_link": "https://www.mecum.com/lots/1128266/1965-ford-mustang-coupe/?aa_id=624252-0",
    "lot_code": "Lot S22",
    "vehicle_chassis_no": "5F07F162330"
  },
  {
    "lot_source_link": "https://www.mecum.com/lots/1128242/2009-ford-shelby-gt500/?aa_id=624341-0",
    "lot_code": "Lot S21",
    "vehicle_chassis_no": "1ZVHT88SX95122389"
  },
  {
    "lot_source_link": "https://www.mecum.com/lots/1128262/1970-ford-mustang-mach-1-fastback/?aa_id=624245-0",
    "lot_code": "Lot S20",
    "vehicle_chassis_no": "0T05H164190"
  },
  {
    "lot_source_link": "https://www.mecum.com/lots/1128258/1968-ford-mustang-coupe/?aa_id=624138-0",
    "lot_code": "Lot S19",
    "vehicle_chassis_no": "8T01C125636"
  },
  {
    "lot_source_link": "https://www.mecum.com/lots/1128267/2006-ford-shelby-gt-h/?aa_id=624461-0",
    "lot_code": "Lot S16",
    "vehicle_chassis_no": "1ZVFT82H465230412"
  },
  {
    "lot_source_link": "https://www.mecum.com/lots/1128251/2008-ford-shelby-gt500kr/?aa_id=624022-0",
    "lot_code": "Lot S15",
    "vehicle_chassis_no": "1ZVHT88S185196055"
  },
  {
    "lot_source_link": "https://www.mecum.com/lots/1128275/2015-dodge-challenger-srt-hellcat/?aa_id=624372-0",
    "lot_code": "Lot S14",
    "vehicle_chassis_no": "2C3CDZC93FH727917"
  },
  {
    "lot_source_link": "https://www.mecum.com/lots/1128255/2012-chevrolet-camaro-zl1/?aa_id=624468-0",
    "lot_code": "Lot S13",
    "vehicle_chassis_no": "2G1FJ1EP1C9800229"
  },
  {
    "lot_source_link": "https://www.mecum.com/lots/1130671/1932-ford-hi-boy-coupe/?aa_id=624733-0",
    "lot_code": "Lot S11",
    "vehicle_chassis_no": "181329061"
  },
  {
    "lot_source_link": "https://www.mecum.com/lots/1128263/1983-oldsmobile-hurst-olds-15th-anniversary/?aa_id=624460-0",
    "lot_code": "Lot S10",
    "vehicle_chassis_no": "1G3AK4792DM408847"
  },
  {
    "lot_source_link": "https://www.mecum.com/lots/1128247/2010-chevrolet-camaro-ss-pace-car-edition/?aa_id=624018-0",
    "lot_code": "Lot S9",
    "vehicle_chassis_no": "2G1FK1EJ4A9213917"
  },
  {
    "lot_source_link": "https://www.mecum.com/lots/1128250/2000-chevrolet-monte-carlo-rock-roll-400-pace-car/?aa_id=624936-0",
    "lot_code": "Lot S8",
    "vehicle_chassis_no": "2G1WX12K9Y9164397"
  },
  {
    "lot_source_link": "https://www.mecum.com/lots/1128260/1948-ford-super-deluxe-coupe/?aa_id=624459-0",
    "lot_code": "Lot S7",
    "vehicle_chassis_no": "899A2236245"
  },
  {
    "lot_source_link": "https://www.mecum.com/lots/1128253/1937-ford-coupe/?aa_id=624146-0",
    "lot_code": "Lot S6",
    "vehicle_chassis_no": "4076612"
  },
  {
    "lot_source_link": "https://www.mecum.com/lots/1128271/2008-hummer-h3r-concept/?aa_id=624235-0",
    "lot_code": "Lot S5",
    "vehicle_chassis_no": "5GTDN13M48X9476EX"
  },
  {
    "lot_source_link": "https://www.mecum.com/lots/1128268/1982-chevrolet-c10-pickup/?aa_id=624021-0",
    "lot_code": "Lot S4",
    "vehicle_chassis_no": "2GCCC14D9C1118726"
  },
  {
    "lot_source_link": "https://www.mecum.com/lots/1132517/1972-chevrolet-corvette-coupe/?aa_id=628819-0",
    "lot_code": "Lot F244",
    "vehicle_chassis_no": "1Z37K2S504557"
  },
  {
    "lot_source_link": "https://www.mecum.com/lots/1132278/2000-jeep-wrangler-sport/?aa_id=628423-0",
    "lot_code": "Lot F238",
    "vehicle_chassis_no": "1J4FA49S0YP734606"
  },
  {
    "lot_source_link": "https://www.mecum.com/lots/1132125/1986-pontiac-grand-prix-22-aerocoupe/?aa_id=626675-0",
    "lot_code": "Lot F235",
    "vehicle_chassis_no": "2G2GJ37H7G2241740"
  },
  {
    "lot_source_link": "https://www.mecum.com/lots/1132075/1955-ford-thunderbird-convertible/?aa_id=628461-0",
    "lot_code": "Lot F234",
    "vehicle_chassis_no": "P5FH210441"
  },
  {
    "lot_source_link": "https://www.mecum.com/lots/1131783/1986-chevrolet-el-camino/?aa_id=626418-0",
    "lot_code": "Lot F226",
    "vehicle_chassis_no": "3GCCW80H4GS907983"
  },
  {
    "lot_source_link": "https://www.mecum.com/lots/1131784/1997-chevrolet-corvette-coupe/?aa_id=626298-0",
    "lot_code": "Lot F225",
    "vehicle_chassis_no": "1G1YY22G3V5106494"
  },
  {
    "lot_source_link": "https://www.mecum.com/lots/1131692/1966-ford-galaxie-500xl-convertible/?aa_id=626693-0",
    "lot_code": "Lot F223",
    "vehicle_chassis_no": "6G69Y154414"
  },
  {
    "lot_source_link": "https://www.mecum.com/lots/1131673/1975-oldsmobile-hurst-olds-cutlass-w-25/?aa_id=627092-0",
    "lot_code": "Lot F222",
    "vehicle_chassis_no": "3J57K5M279344"
  },
  {
    "lot_source_link": "https://www.mecum.com/lots/1132537/1995-pontiac-trans-am-coupe/?aa_id=628904-0",
    "lot_code": "Lot F221",
    "vehicle_chassis_no": "2G2FV22P0S2229673"
  },
  {
    "lot_source_link": "https://www.mecum.com/lots/1131670/1987-chevrolet-camaro-iroc-z/?aa_id=628907-0",
    "lot_code": "Lot F220",
    "vehicle_chassis_no": "1G1FP21F4HL135229"
  },
  {
    "lot_source_link": "https://www.mecum.com/lots/1132536/1986-nissan-300zx-turbo/?aa_id=628908-0",
    "lot_code": "Lot F219",
    "vehicle_chassis_no": "JN1CZ14S5GX104220"
  },
  {
    "lot_source_link": "https://www.mecum.com/lots/1131667/2013-chevrolet-camaro-zl1-coupe/?aa_id=626539-0",
    "lot_code": "Lot F218",
    "vehicle_chassis_no": "2G1FL1EP5D9800942"
  },
  {
    "lot_source_link": "https://www.mecum.com/lots/1131769/2019-chevrolet-silverado-pickup/?aa_id=628837-0",
    "lot_code": "Lot F217.1",
    "vehicle_chassis_no": "2GCRCNEC6K1171275"
  },
  {
    "lot_source_link": "https://www.mecum.com/lots/1131592/1982-porsche-911sc-coupe/?aa_id=626770-0",
    "lot_code": "Lot F217",
    "vehicle_chassis_no": "WP0AA0912CS121229"
  },
  {
    "lot_source_link": "https://www.mecum.com/lots/1131591/1949-ford-custom-convertible/?aa_id=626762-0",
    "lot_code": "Lot F215",
    "vehicle_chassis_no": "98BA756965"
  },
  {
    "lot_source_link": "https://www.mecum.com/lots/1131638/1968-buick-225-convertible/?aa_id=627318-0",
    "lot_code": "Lot F212",
    "vehicle_chassis_no": "484678H260722"
  },
  {
    "lot_source_link": "https://www.mecum.com/lots/1131558/1987-chevrolet-monte-carlo-ss/?aa_id=625836-0",
    "lot_code": "Lot F210",
    "vehicle_chassis_no": "1G1GZ11G0HP145007"
  },
  {
    "lot_source_link": "https://www.mecum.com/lots/1131501/2005-ford-mustang-gt-coupe/?aa_id=627146-0",
    "lot_code": "Lot F209",
    "vehicle_chassis_no": "1ZVHT82HX55101274"
  },
  {
    "lot_source_link": "https://www.mecum.com/lots/1132032/1976-cadillac-eldorado/?aa_id=626755-0",
    "lot_code": "Lot F207.1",
    "vehicle_chassis_no": "6L47S6Q161245"
  },
  {
    "lot_source_link": "https://www.mecum.com/lots/1131515/2002-pontiac-trans-am-collectors-edition-coupe/?aa_id=628012-0",
    "lot_code": "Lot F206",
    "vehicle_chassis_no": "2G2FV22G422126742"
  },
  {
    "lot_source_link": "https://www.mecum.com/lots/1130385/1991-ford-mustang-lx/?aa_id=625933-0",
    "lot_code": "Lot F205",
    "vehicle_chassis_no": "1FACP41EXMF186021"
  },
  {
    "lot_source_link": "https://www.mecum.com/lots/1131768/1975-chevrolet-blazer/?aa_id=628833-0",
    "lot_code": "Lot F203.1",
    "vehicle_chassis_no": "CKY185F111556"
  },
  {
    "lot_source_link": "https://www.mecum.com/lots/1131294/1976-chevrolet-camaro-type-lt/?aa_id=628252-0",
    "lot_code": "Lot F202",
    "vehicle_chassis_no": "1S87L6N622802"
  },
  {
    "lot_source_link": "https://www.mecum.com/lots/1130386/1969-buick-gs-coupe/?aa_id=625914-0",
    "lot_code": "Lot F200",
    "vehicle_chassis_no": "434379H329943"
  },
  {
    "lot_source_link": "https://www.mecum.com/lots/1130080/1977-chevrolet-corvette-coupe/?aa_id=627091-0",
    "lot_code": "Lot F197",
    "vehicle_chassis_no": "1Z37L7S422578"
  },
  {
    "lot_source_link": "https://www.mecum.com/lots/1127473/1979-chevrolet-k20-pickup/?aa_id=627316-0",
    "lot_code": "Lot F196",
    "vehicle_chassis_no": "CCD149F388170"
  },
  {
    "lot_source_link": "https://www.mecum.com/lots/1130812/1955-chevrolet-bel-air-hardtop/?aa_id=626425-0",
    "lot_code": "Lot F194",
    "vehicle_chassis_no": "VC55K055903"
  },
  {
    "lot_source_link": "https://www.mecum.com/lots/1130732/1971-chevrolet-el-camino-ss/?aa_id=625593-0",
    "lot_code": "Lot F193",
    "vehicle_chassis_no": "136801B126817"
  },
  {
    "lot_source_link": "https://www.mecum.com/lots/1131767/1959-chevrolet-apache-pickup/?aa_id=628846-0",
    "lot_code": "Lot F192.1",
    "vehicle_chassis_no": "3B59N123521"
  },
  {
    "lot_source_link": "https://www.mecum.com/lots/1131138/1964-pontiac-gto-convertible/?aa_id=626694-0",
    "lot_code": "Lot F192",
    "vehicle_chassis_no": "824M13702"
  },
  {
    "lot_source_link": "https://www.mecum.com/lots/1130503/2012-maserati-granturismo-sport-convertible/?aa_id=626351-0",
    "lot_code": "Lot F191",
    "vehicle_chassis_no": "ZAM45KMA9C0065026"
  },
  {
    "lot_source_link": "https://www.mecum.com/lots/1129870/1991-chevrolet-corvette-convertible/?aa_id=626406-0",
    "lot_code": "Lot F190",
    "vehicle_chassis_no": "1G1YY3380M5107582"
  },
  {
    "lot_source_link": "https://www.mecum.com/lots/1131599/1973-chevrolet-camaro/?aa_id=626810-0",
    "lot_code": "Lot F189.1",
    "vehicle_chassis_no": "1Q87T3N194498"
  },
  {
    "lot_source_link": "https://www.mecum.com/lots/1129556/1958-chevrolet-apache-custom-pickup/?aa_id=623492-0",
    "lot_code": "Lot F185",
    "vehicle_chassis_no": "V3A58L101095"
  },
  {
    "lot_source_link": "https://www.mecum.com/lots/1132432/2012-ford-f150-harley-davidson-edition-pickup/?aa_id=628028-0",
    "lot_code": "Lot F182.1",
    "vehicle_chassis_no": "1FTFW1E69CFA01211"
  },
  {
    "lot_source_link": "https://www.mecum.com/lots/1129648/1987-buick-grand-national/?aa_id=627083-0",
    "lot_code": "Lot F182",
    "vehicle_chassis_no": "1G4GJ1179HP452301"
  },
  {
    "lot_source_link": "https://www.mecum.com/lots/1130169/2005-bmw-645ci-convertible/?aa_id=626014-0",
    "lot_code": "Lot F180",
    "vehicle_chassis_no": "WBAEK73465B326269"
  },
  {
    "lot_source_link": "https://www.mecum.com/lots/1131395/1984-chevrolet-corvette-coupe/?aa_id=628818-0",
    "lot_code": "Lot F179.1",
    "vehicle_chassis_no": "1G1AY0784E5123621"
  },
  {
    "lot_source_link": "https://www.mecum.com/lots/1130585/1966-ford-mustang-gt/?aa_id=626468-0",
    "lot_code": "Lot F178",
    "vehicle_chassis_no": "6T07A156820"
  },
  {
    "lot_source_link": "https://www.mecum.com/lots/1130467/2002-chevrolet-camaro-35th-anniversary-convertible/?aa_id=625880-0",
    "lot_code": "Lot F177",
    "vehicle_chassis_no": "2G1FP32G922135604"
  },
  {
    "lot_source_link": "https://www.mecum.com/lots/1131674/1968-chevrolet-chevelle/?aa_id=627862-0",
    "lot_code": "Lot F175.1",
    "vehicle_chassis_no": "133278Z107644"
  },
  {
    "lot_source_link": "https://www.mecum.com/lots/1130511/2004-dodge-ram-srt-10-pickup/?aa_id=624960-0",
    "lot_code": "Lot F174",
    "vehicle_chassis_no": "3D7HA16H94G154345"
  },
  {
    "lot_source_link": "https://www.mecum.com/lots/1121540/2001-porsche-911-carrera-cabriolet/?aa_id=628684-0",
    "lot_code": "Lot F173",
    "vehicle_chassis_no": "WP0CA29991S650832"
  },
  {
    "lot_source_link": "https://www.mecum.com/lots/1121539/1999-chevrolet-camaro-z28-convertible/?aa_id=628678-0",
    "lot_code": "Lot F172",
    "vehicle_chassis_no": "2G1FP32G8X2107090"
  },
  {
    "lot_source_link": "https://www.mecum.com/lots/1121538/1994-chevrolet-corvette-coupe/?aa_id=626779-0",
    "lot_code": "Lot F171",
    "vehicle_chassis_no": "1G1YY22P5R5120015"
  },
  {
    "lot_source_link": "https://www.mecum.com/lots/1121537/1988-chevrolet-corvette-coupe/?aa_id=626769-0",
    "lot_code": "Lot F170",
    "vehicle_chassis_no": "1G1YY2189J5112532"
  },
  {
    "lot_source_link": "https://www.mecum.com/lots/1121536/2005-bentley-continental-gt-coupe/?aa_id=627551-0",
    "lot_code": "Lot F169",
    "vehicle_chassis_no": "SCBCR63W85C027378"
  },
  {
    "lot_source_link": "https://www.mecum.com/lots/1131766/1976-cadillac-eldorado-convertible/?aa_id=628445-0",
    "lot_code": "Lot F168.1",
    "vehicle_chassis_no": "6L67S6Q107260"
  },
  {
    "lot_source_link": "https://www.mecum.com/lots/1129532/1986-chevrolet-c10-pickup/?aa_id=626218-0",
    "lot_code": "Lot F168",
    "vehicle_chassis_no": "1GCDC14HXGF325311"
  },
  {
    "lot_source_link": "https://www.mecum.com/lots/1127475/1967-lincoln-continental-convertible/?aa_id=624325-0",
    "lot_code": "Lot F166",
    "vehicle_chassis_no": "7Y86G802250"
  },
  {
    "lot_source_link": "https://www.mecum.com/lots/1130730/1984-buick-grand-national-coupe/?aa_id=625891-0",
    "lot_code": "Lot F165",
    "vehicle_chassis_no": "1G4AK4796EH544338"
  },
  {
    "lot_source_link": "https://www.mecum.com/lots/1131293/1999-porsche-boxster-convertible/?aa_id=628247-0",
    "lot_code": "Lot F160.1",
    "vehicle_chassis_no": "WP0CA2980XU632577"
  },
  {
    "lot_source_link": "https://www.mecum.com/lots/1128483/1970-chevrolet-k10-pickup/?aa_id=623520-0",
    "lot_code": "Lot F160",
    "vehicle_chassis_no": "KE140J140923"
  },
  {
    "lot_source_link": "https://www.mecum.com/lots/1128985/1972-chevrolet-monte-carlo/?aa_id=623626-0",
    "lot_code": "Lot F157",
    "vehicle_chassis_no": "1H57H2B681517"
  },
  {
    "lot_source_link": "https://www.mecum.com/lots/1130775/1968-ford-f250-pickup/?aa_id=625062-0",
    "lot_code": "Lot F156",
    "vehicle_chassis_no": "F25HRC92245"
  },
  {
    "lot_source_link": "https://www.mecum.com/lots/1121544/1996-chevrolet-corvette-coupe/?aa_id=626727-0",
    "lot_code": "Lot F152",
    "vehicle_chassis_no": "1G1YY22P7T5100405"
  },
  {
    "lot_source_link": "https://www.mecum.com/lots/1121543/1991-chevrolet-corvette-coupe/?aa_id=627570-0",
    "lot_code": "Lot F151",
    "vehicle_chassis_no": "1G1YY2381M5118343"
  },
  {
    "lot_source_link": "https://www.mecum.com/lots/1121542/1980-chevrolet-corvette-coupe/?aa_id=626726-0",
    "lot_code": "Lot F150",
    "vehicle_chassis_no": "1Z878AS404919"
  },
  {
    "lot_source_link": "https://www.mecum.com/lots/1121541/2007-bentley-continental-gtc-convertible/?aa_id=627523-0",
    "lot_code": "Lot F149",
    "vehicle_chassis_no": "SCBDR33W37C045468"
  },
  {
    "lot_source_link": "https://www.mecum.com/lots/1131649/1970-chevrolet-corvette-convertible/?aa_id=627181-0",
    "lot_code": "Lot F148.1",
    "vehicle_chassis_no": "194670S401136"
  },
  {
    "lot_source_link": "https://www.mecum.com/lots/1129965/1972-plymouth-duster-coupe/?aa_id=625243-0",
    "lot_code": "Lot F148",
    "vehicle_chassis_no": "VS29H2B105930"
  },
  {
    "lot_source_link": "https://www.mecum.com/lots/1129392/1972-chevrolet-chevelle-ss-coupe/?aa_id=623075-0",
    "lot_code": "Lot F147",
    "vehicle_chassis_no": "1D37J2B503351"
  },
  {
    "lot_source_link": "https://www.mecum.com/lots/1131672/2013-jeep-wrangler-unlimited-rubicon-10th-anniversary/?aa_id=626046-0",
    "lot_code": "Lot F146.1",
    "vehicle_chassis_no": "1C4BJWFG9DL683866"
  },
  {
    "lot_source_link": "https://www.mecum.com/lots/1132057/1981-chevrolet-c10-silverado-pickup/?aa_id=628333-0",
    "lot_code": "Lot F145.1",
    "vehicle_chassis_no": "1GCDC14G0BF302829"
  },
  {
    "lot_source_link": "https://www.mecum.com/lots/1126920/1934-ford-5-window-coupe/?aa_id=619163-0",
    "lot_code": "Lot F145",
    "vehicle_chassis_no": "18550547"
  },
  {
    "lot_source_link": "https://www.mecum.com/lots/1132102/1969-dodge-super-bee-hardtop/?aa_id=627471-0",
    "lot_code": "Lot F143.1",
    "vehicle_chassis_no": "WM23H9E169336"
  },
  {
    "lot_source_link": "https://www.mecum.com/lots/1126871/1969-chevrolet-chevelle/?aa_id=623692-0",
    "lot_code": "Lot F143",
    "vehicle_chassis_no": "135379G327697"
  },
  {
    "lot_source_link": "https://www.mecum.com/lots/1131765/1979-pontiac-trans-am/?aa_id=628790-0",
    "lot_code": "Lot F142.1",
    "vehicle_chassis_no": "DR137847MO"
  },
  {
    "lot_source_link": "https://www.mecum.com/lots/1130310/1954-kaiser-special-sedan/?aa_id=625430-0",
    "lot_code": "Lot F142",
    "vehicle_chassis_no": "020903"
  },
  {
    "lot_source_link": "https://www.mecum.com/lots/1121519/1992-pontiac-firebird-convertible/?aa_id=626662-0",
    "lot_code": "Lot F140",
    "vehicle_chassis_no": "1G2FS33T1NL207387"
  },
  {
    "lot_source_link": "https://www.mecum.com/lots/1121518/2007-mercedes-benz-e350-4matic/?aa_id=626657-0",
    "lot_code": "Lot F139",
    "vehicle_chassis_no": "WDBUF87X37X212716"
  },
  {
    "lot_source_link": "https://www.mecum.com/lots/1121517/1998-ford-f150-xlt-pickup/?aa_id=626648-0",
    "lot_code": "Lot F138",
    "vehicle_chassis_no": "1FTZF1725WNA82662"
  },
  {
    "lot_source_link": "https://www.mecum.com/lots/1132195/2007-saturn-sky-convertible/?aa_id=628282-0",
    "lot_code": "Lot F137.1",
    "vehicle_chassis_no": "1G8MB35B17Y129961"
  },
  {
    "lot_source_link": "https://www.mecum.com/lots/1131167/1996-chevrolet-corvette-grand-sport-coupe/?aa_id=626580-0",
    "lot_code": "Lot F136.1",
    "vehicle_chassis_no": "1G1YY2251T5600753"
  },
  {
    "lot_source_link": "https://www.mecum.com/lots/1131964/2016-chevrolet-corvette-z06-convertible/?aa_id=626633-0",
    "lot_code": "Lot F135.1",
    "vehicle_chassis_no": "1G1YU3D65G5600879"
  },
  {
    "lot_source_link": "https://www.mecum.com/lots/1125541/1971-chevrolet-nova/?aa_id=625220-0",
    "lot_code": "Lot F135",
    "vehicle_chassis_no": "114271W340900"
  },
  {
    "lot_source_link": "https://www.mecum.com/lots/1130544/1957-ford-thunderbird-convertible/?aa_id=625284-0",
    "lot_code": "Lot F133",
    "vehicle_chassis_no": "D7FH145695"
  },
  {
    "lot_source_link": "https://www.mecum.com/lots/1130440/1958-ford-country-sedan-wagon/?aa_id=625424-0",
    "lot_code": "Lot F131",
    "vehicle_chassis_no": "G8LX147667"
  },
  {
    "lot_source_link": "https://www.mecum.com/lots/1129631/1957-gmc-100-napco-pickup/?aa_id=626193-0",
    "lot_code": "Lot F129",
    "vehicle_chassis_no": "1028PT2321"
  },
  {
    "lot_source_link": "https://www.mecum.com/lots/1123614/1968-chevrolet-chevelle-ss/?aa_id=614118-0",
    "lot_code": "Lot F128",
    "vehicle_chassis_no": "138378A145039"
  },
  {
    "lot_source_link": "https://www.mecum.com/lots/1129818/1966-pontiac-gto/?aa_id=624299-0",
    "lot_code": "Lot F127",
    "vehicle_chassis_no": "242076B141305"
  },
  {
    "lot_source_link": "https://www.mecum.com/lots/1131650/2001-ford-mustang-bullitt/?aa_id=627288-0",
    "lot_code": "Lot F125.1",
    "vehicle_chassis_no": "1FAFP42X31F237495"
  },
  {
    "lot_source_link": "https://www.mecum.com/lots/1125540/2007-pontiac-solstice-gxp-convertible/?aa_id=625221-0",
    "lot_code": "Lot F125",
    "vehicle_chassis_no": "1G2MG35X77Y119006"
  },
  {
    "lot_source_link": "https://www.mecum.com/lots/1132055/2003-gmc-sonoma-zr5-pickup/?aa_id=628367-0",
    "lot_code": "Lot F122.1",
    "vehicle_chassis_no": "1GTDT13X43K121873"
  },
  {
    "lot_source_link": "https://www.mecum.com/lots/1131764/1978-ford-mustang-ii-cobra-coupe/?aa_id=628827-0",
    "lot_code": "Lot F120.1",
    "vehicle_chassis_no": "8F03Y121997"
  },
  {
    "lot_source_link": "https://www.mecum.com/lots/1128402/1966-oldsmobile-442/?aa_id=623528-0",
    "lot_code": "Lot F120",
    "vehicle_chassis_no": "AZ378602"
  },
  {
    "lot_source_link": "https://www.mecum.com/lots/1121525/1992-chevrolet-camaro-z28-25th-anniversary/?aa_id=627456-0",
    "lot_code": "Lot F117",
    "vehicle_chassis_no": "1G1FP2383NL137189"
  },
  {
    "lot_source_link": "https://www.mecum.com/lots/1132198/2009-chevrolet-corvette-convertible/?aa_id=628190-0",
    "lot_code": "Lot F116.1",
    "vehicle_chassis_no": "1G1YY36W695111556"
  },
  {
    "lot_source_link": "https://www.mecum.com/lots/1121524/2015-bmw-428i-m-sport-convertible/?aa_id=626647-0",
    "lot_code": "Lot F116",
    "vehicle_chassis_no": "WBA3V7C51FP771692"
  },
  {
    "lot_source_link": "https://www.mecum.com/lots/1132197/2008-mazda-mx-5-miata-touring-convertible/?aa_id=628211-0",
    "lot_code": "Lot F115.1",
    "vehicle_chassis_no": "JM1NC26F480144439"
  },
  {
    "lot_source_link": "https://www.mecum.com/lots/1121523/1981-pontiac-firebird-formula/?aa_id=626644-0",
    "lot_code": "Lot F115",
    "vehicle_chassis_no": "1G2AV87T0BN121268"
  },
  {
    "lot_source_link": "https://www.mecum.com/lots/1121522/1975-chevrolet-corvette-convertible/?aa_id=628755-0",
    "lot_code": "Lot F114",
    "vehicle_chassis_no": "1Z67J5S409354"
  },
  {
    "lot_source_link": "https://www.mecum.com/lots/1121521/1976-ford-f250-ranger-pickup/?aa_id=626645-0",
    "lot_code": "Lot F113",
    "vehicle_chassis_no": "F26YRC79771"
  },
  {
    "lot_source_link": "https://www.mecum.com/lots/1126400/1968-chevrolet-camaro-rs/?aa_id=617205-0",
    "lot_code": "Lot F112",
    "vehicle_chassis_no": "124378N414768"
  },
  {
    "lot_source_link": "https://www.mecum.com/lots/1131016/1965-buick-riviera-coupe/?aa_id=626124-0",
    "lot_code": "Lot F111",
    "vehicle_chassis_no": "494475H925108"
  },
  {
    "lot_source_link": "https://www.mecum.com/lots/1128488/1961-chevrolet-corvair-coupe/?aa_id=624324-0",
    "lot_code": "Lot F110",
    "vehicle_chassis_no": "10927W199816"
  },
  {
    "lot_source_link": "https://www.mecum.com/lots/1128353/1962-chevrolet-bel-air-bubble-top/?aa_id=620141-0",
    "lot_code": "Lot F109",
    "vehicle_chassis_no": "21637S261179"
  },
  {
    "lot_source_link": "https://www.mecum.com/lots/1128971/1970-plymouth-cuda/?aa_id=626642-0",
    "lot_code": "Lot F108",
    "vehicle_chassis_no": "BS23U0B201205"
  },
  {
    "lot_source_link": "https://www.mecum.com/lots/1131590/1962-chevrolet-impala-ss-hardtop/?aa_id=625861-0",
    "lot_code": "Lot F107.1",
    "vehicle_chassis_no": "21847S261615"
  },
  {
    "lot_source_link": "https://www.mecum.com/lots/1127947/1967-chevrolet-camaro-rs-ss/?aa_id=626504-0",
    "lot_code": "Lot F106",
    "vehicle_chassis_no": "124377N156894"
  },
  {
    "lot_source_link": "https://www.mecum.com/lots/1127944/1970-chevrolet-camaro/?aa_id=625209-0",
    "lot_code": "Lot F105",
    "vehicle_chassis_no": "124870N591501"
  },
  {
    "lot_source_link": "https://www.mecum.com/lots/1129630/1946-dodge-pickup/?aa_id=626200-0",
    "lot_code": "Lot F104",
    "vehicle_chassis_no": "81127581"
  },
  {
    "lot_source_link": "https://www.mecum.com/lots/1128721/1970-ford-bronco/?aa_id=623041-0",
    "lot_code": "Lot F103",
    "vehicle_chassis_no": "U15GLK25099"
  },
  {
    "lot_source_link": "https://www.mecum.com/lots/1127297/1959-plymouth-sport-fury-convertible/?aa_id=619325-0",
    "lot_code": "Lot F102",
    "vehicle_chassis_no": "M296104580"
  },
  {
    "lot_source_link": "https://www.mecum.com/lots/1130816/2011-buick-lucerne-sedan/?aa_id=626054-0",
    "lot_code": "Lot F101",
    "vehicle_chassis_no": "1G4HA5EM2BU127655"
  },
  {
    "lot_source_link": "https://www.mecum.com/lots/1131651/1989-chevrolet-camaro-iroc-z-coupe/?aa_id=627289-0",
    "lot_code": "Lot F100.1",
    "vehicle_chassis_no": "1G1FP2183KL123565"
  },
  {
    "lot_source_link": "https://www.mecum.com/lots/1127881/1932-ford-victoria-street-rod/?aa_id=619208-0",
    "lot_code": "Lot F100",
    "vehicle_chassis_no": "18044191"
  },
  {
    "lot_source_link": "https://www.mecum.com/lots/1126522/1968-pontiac-firebird-convertible/?aa_id=619840-0",
    "lot_code": "Lot F99",
    "vehicle_chassis_no": "223678U114776"
  },
  {
    "lot_source_link": "https://www.mecum.com/lots/1126521/1967-ford-mustang-convertible/?aa_id=619838-0",
    "lot_code": "Lot F98",
    "vehicle_chassis_no": "7F03C202383"
  },
  {
    "lot_source_link": "https://www.mecum.com/lots/1131762/1977-ford-mustang-cobra-ii/?aa_id=628788-0",
    "lot_code": "Lot F97.1",
    "vehicle_chassis_no": "7F03F206133"
  },
  {
    "lot_source_link": "https://www.mecum.com/lots/1128484/1969-chevrolet-k10-pickup/?aa_id=623523-0",
    "lot_code": "Lot F97",
    "vehicle_chassis_no": "CE149J872073"
  },
  {
    "lot_source_link": "https://www.mecum.com/lots/1128397/1989-ferrari-testarossa/?aa_id=623061-0",
    "lot_code": "Lot F96",
    "vehicle_chassis_no": "ZFFAA17T0K0079649"
  },
  {
    "lot_source_link": "https://www.mecum.com/lots/1128396/1964-ford-thunderbird-convertible/?aa_id=623060-0",
    "lot_code": "Lot F95",
    "vehicle_chassis_no": "4Y85Z181592"
  },
  {
    "lot_source_link": "https://www.mecum.com/lots/1128395/1960-plymouth-fury-convertible/?aa_id=623058-0",
    "lot_code": "Lot F94",
    "vehicle_chassis_no": "3307131879"
  },
  {
    "lot_source_link": "https://www.mecum.com/lots/1128394/1957-oldsmobile-98-hardtop/?aa_id=623050-0",
    "lot_code": "Lot F93",
    "vehicle_chassis_no": "579M03626"
  },
  {
    "lot_source_link": "https://www.mecum.com/lots/1128393/1956-oldsmobile-98-convertible/?aa_id=623043-0",
    "lot_code": "Lot F92",
    "vehicle_chassis_no": "569C8304"
  },
  {
    "lot_source_link": "https://www.mecum.com/lots/1128992/1975-volkswagen-kombi-deluxe-bus/?aa_id=623018-0",
    "lot_code": "Lot F90",
    "vehicle_chassis_no": "BH388252"
  },
  {
    "lot_source_link": "https://www.mecum.com/lots/1127569/1963-chevrolet-impala-ss-hardtop/?aa_id=617581-0",
    "lot_code": "Lot F89",
    "vehicle_chassis_no": "31847S137713"
  },
  {
    "lot_source_link": "https://www.mecum.com/lots/1127842/2009-ford-mustang-gt-convertible/?aa_id=620279-0",
    "lot_code": "Lot F88",
    "vehicle_chassis_no": "1ZVHT85H495116063"
  },
  {
    "lot_source_link": "https://www.mecum.com/lots/1126346/1973-pontiac-trans-am/?aa_id=627382-0",
    "lot_code": "Lot F87",
    "vehicle_chassis_no": "2V87Y3N121184"
  },
  {
    "lot_source_link": "https://www.mecum.com/lots/1129007/1967-chevrolet-impala-convertible/?aa_id=625729-0",
    "lot_code": "Lot F85",
    "vehicle_chassis_no": "164677Y205963"
  },
  {
    "lot_source_link": "https://www.mecum.com/lots/1127568/1964-chevrolet-nova-ss/?aa_id=617583-0",
    "lot_code": "Lot F84",
    "vehicle_chassis_no": "40447N251374"
  },
  {
    "lot_source_link": "https://www.mecum.com/lots/1130780/2011-ferrari-california-convertible/?aa_id=625883-0",
    "lot_code": "Lot F81",
    "vehicle_chassis_no": "ZFF65LJA8B0180515"
  },
  {
    "lot_source_link": "https://www.mecum.com/lots/1131760/1998-chevrolet-corvette-pace-car-edition/?aa_id=628849-0",
    "lot_code": "Lot F80.1",
    "vehicle_chassis_no": "1G1YY32G6W5117108"
  },
  {
    "lot_source_link": "https://www.mecum.com/lots/1121530/1992-chevrolet-corvette-coupe/?aa_id=626995-0",
    "lot_code": "Lot F80",
    "vehicle_chassis_no": "1G1YY23P4N5110827"
  },
  {
    "lot_source_link": "https://www.mecum.com/lots/1121529/1992-ford-e150-econoline-van/?aa_id=626981-0",
    "lot_code": "Lot F79",
    "vehicle_chassis_no": "1FDEE14N0NHA90368"
  },
  {
    "lot_source_link": "https://www.mecum.com/lots/1132412/2011-mercedes-benz-gl450/?aa_id=628718-0",
    "lot_code": "Lot F78.1",
    "vehicle_chassis_no": "4JGBF7BEXBA757697"
  },
  {
    "lot_source_link": "https://www.mecum.com/lots/1121528/2004-mercedes-benz-slk230-special-edition-convertible/?aa_id=626573-0",
    "lot_code": "Lot F78",
    "vehicle_chassis_no": "WDBKK49F54F310874"
  },
  {
    "lot_source_link": "https://www.mecum.com/lots/1132411/2012-bmw-535i-xdrive-sedan/?aa_id=628139-0",
    "lot_code": "Lot F77.1",
    "vehicle_chassis_no": "WBAFU7C54CDU59511"
  },
  {
    "lot_source_link": "https://www.mecum.com/lots/1121527/1997-chevrolet-1500-pickup/?aa_id=626725-0",
    "lot_code": "Lot F77",
    "vehicle_chassis_no": "1GCEC14W8VZ194605"
  },
  {
    "lot_source_link": "https://www.mecum.com/lots/1132410/1999-chevrolet-corvette-convertible/?aa_id=628142-0",
    "lot_code": "Lot F76.1",
    "vehicle_chassis_no": "1G1YY32G2X5132609"
  },
  {
    "lot_source_link": "https://www.mecum.com/lots/1121526/1982-chevrolet-corvette-coupe/?aa_id=626641-0",
    "lot_code": "Lot F76",
    "vehicle_chassis_no": "1G1AY8780C5116953"
  },
  {
    "lot_source_link": "https://www.mecum.com/lots/1130309/1947-chevrolet-3100-pickup/?aa_id=625429-0",
    "lot_code": "Lot F75",
    "vehicle_chassis_no": "EBA645904"
  },
  {
    "lot_source_link": "https://www.mecum.com/lots/1129866/1987-buick-grand-national/?aa_id=626814-0",
    "lot_code": "Lot F74",
    "vehicle_chassis_no": "1G4GJ117XHP440495"
  },
  {
    "lot_source_link": "https://www.mecum.com/lots/1131653/1962-chevrolet-pickup/?aa_id=627392-0",
    "lot_code": "Lot F73.1",
    "vehicle_chassis_no": "2C144N133124"
  },
  {
    "lot_source_link": "https://www.mecum.com/lots/1129629/1957-chevrolet-3100-custom-pickup/?aa_id=626457-0",
    "lot_code": "Lot F73",
    "vehicle_chassis_no": "OK0227803136"
  },
  {
    "lot_source_link": "https://www.mecum.com/lots/1126472/2008-chevrolet-impala-sedan/?aa_id=625270-0",
    "lot_code": "Lot F71",
    "vehicle_chassis_no": "2G1WD58CX89165865"
  },
  {
    "lot_source_link": "https://www.mecum.com/lots/1123059/1966-chevrolet-corvette-convertible/?aa_id=604975-0",
    "lot_code": "Lot F70",
    "vehicle_chassis_no": "194676S108472"
  },
  {
    "lot_source_link": "https://www.mecum.com/lots/1125189/1977-pontiac-trans-am/?aa_id=628410-0",
    "lot_code": "Lot F69",
    "vehicle_chassis_no": "2W87Z7N164148"
  },
  {
    "lot_source_link": "https://www.mecum.com/lots/1128478/1967-chevrolet-camaro-convertible/?aa_id=622925-0",
    "lot_code": "Lot F68",
    "vehicle_chassis_no": "124677L108576"
  },
  {
    "lot_source_link": "https://www.mecum.com/lots/1130779/1988-ferrari-testarossa/?aa_id=625899-0",
    "lot_code": "Lot F66",
    "vehicle_chassis_no": "ZFFSG17A9J0078854"
  },
  {
    "lot_source_link": "https://www.mecum.com/lots/1127482/1954-chevrolet-3100-5-window-pickup/?aa_id=623418-0",
    "lot_code": "Lot F65",
    "vehicle_chassis_no": "0537698F54X"
  },
  {
    "lot_source_link": "https://www.mecum.com/lots/1127483/1934-ford-roadster/?aa_id=617630-0",
    "lot_code": "Lot F64",
    "vehicle_chassis_no": "18809120"
  },
  {
    "lot_source_link": "https://www.mecum.com/lots/1127484/1999-rover-mini/?aa_id=617631-0",
    "lot_code": "Lot F63",
    "vehicle_chassis_no": "SAXXNWAZRXD170571"
  },
  {
    "lot_source_link": "https://www.mecum.com/lots/1127485/1964-ford-galaxie-500/?aa_id=617633-0",
    "lot_code": "Lot F62",
    "vehicle_chassis_no": "4N66X107205"
  },
  {
    "lot_source_link": "https://www.mecum.com/lots/1127486/1961-ford-fairlane-club-sedan/?aa_id=617635-0",
    "lot_code": "Lot F61",
    "vehicle_chassis_no": "1N31V142812"
  },
  {
    "lot_source_link": "https://www.mecum.com/lots/1127487/1965-triumph-spitfire-race-car/?aa_id=617636-0",
    "lot_code": "Lot F60",
    "vehicle_chassis_no": "F60 BILL OF SALE FD12433"
  },
  {
    "lot_source_link": "https://www.mecum.com/lots/1127488/1931-ford-model-a-5-window-coupe/?aa_id=617637-0",
    "lot_code": "Lot F59",
    "vehicle_chassis_no": "A4342820"
  },
  {
    "lot_source_link": "https://www.mecum.com/lots/1127289/2011-dodge-challenger-srt-8-inaugural-edition/?aa_id=616267-0",
    "lot_code": "Lot F58",
    "vehicle_chassis_no": "2B3CJ7DJ8BH500929"
  },
  {
    "lot_source_link": "https://www.mecum.com/lots/1131763/1989-dodge-dakota-sport-convertible/?aa_id=628786-0",
    "lot_code": "Lot F57.1",
    "vehicle_chassis_no": "1B7FL69X8KS170828"
  },
  {
    "lot_source_link": "https://www.mecum.com/lots/1129859/1968-chevrolet-corvette-convertible/?aa_id=624222-0",
    "lot_code": "Lot F57",
    "vehicle_chassis_no": "194678S400763"
  },
  {
    "lot_source_link": "https://www.mecum.com/lots/1131654/1978-chevrolet-corvette-pace-car-edition-coupe/?aa_id=627296-0",
    "lot_code": "Lot F56.1",
    "vehicle_chassis_no": "1Z8748S903666"
  },
  {
    "lot_source_link": "https://www.mecum.com/lots/1126473/2009-gmc-2500hd-pickup/?aa_id=625269-0",
    "lot_code": "Lot F55",
    "vehicle_chassis_no": "1GTHK69609E160533"
  },
  {
    "lot_source_link": "https://www.mecum.com/lots/1128121/1982-chevrolet-k10-silverado-pickup/?aa_id=628064-0",
    "lot_code": "Lot F52",
    "vehicle_chassis_no": "1GCEK14CXCF326321"
  },
  {
    "lot_source_link": "https://www.mecum.com/lots/1131394/1976-mercedes-benz-450sl-convertible/?aa_id=628774-0",
    "lot_code": "Lot F51.1",
    "vehicle_chassis_no": "10704412031774"
  },
  {
    "lot_source_link": "https://www.mecum.com/lots/1129644/1977-pontiac-trans-am-coupe/?aa_id=627497-0",
    "lot_code": "Lot F51",
    "vehicle_chassis_no": "2W87Z7N189037"
  },
  {
    "lot_source_link": "https://www.mecum.com/lots/1125836/1998-chevrolet-corvette-pace-car-edition/?aa_id=615772-0",
    "lot_code": "Lot F50",
    "vehicle_chassis_no": "1G1YY32G7W5116811"
  },
  {
    "lot_source_link": "https://www.mecum.com/lots/1130003/1948-ford-deluxe-custom-coupe/?aa_id=627145-0",
    "lot_code": "Lot F48",
    "vehicle_chassis_no": "44642"
  },
  {
    "lot_source_link": "https://www.mecum.com/lots/1130772/2011-porsche-panamera-4/?aa_id=627101-0",
    "lot_code": "Lot F46",
    "vehicle_chassis_no": "WP0AA2A76BL014317"
  },
  {
    "lot_source_link": "https://www.mecum.com/lots/1121535/2012-mercedes-benz-glk350-4matic/?aa_id=626578-0",
    "lot_code": "Lot F45",
    "vehicle_chassis_no": "WDCGG8HB0CF761900"
  },
  {
    "lot_source_link": "https://www.mecum.com/lots/1121534/2004-bmw-645ci-convertible/?aa_id=626635-0",
    "lot_code": "Lot F44",
    "vehicle_chassis_no": "WBAEK73494B320352"
  },
  {
    "lot_source_link": "https://www.mecum.com/lots/1121533/1994-cadillac-deville-concours/?aa_id=626713-0",
    "lot_code": "Lot F43",
    "vehicle_chassis_no": "1G6KF52Y0RU227463"
  },
  {
    "lot_source_link": "https://www.mecum.com/lots/1121532/2012-fiat-500c-pop-convertible/?aa_id=626576-0",
    "lot_code": "Lot F42",
    "vehicle_chassis_no": "3C3CFFDR2CT310413"
  },
  {
    "lot_source_link": "https://www.mecum.com/lots/1121531/1973-mg-midget-convertible/?aa_id=627741-0",
    "lot_code": "Lot F41",
    "vehicle_chassis_no": "GAN5UC106281G"
  },
  {
    "lot_source_link": "https://www.mecum.com/lots/1131761/1993-dodge-stealth-r-t-turbo/?aa_id=628762-0",
    "lot_code": "Lot F40.1",
    "vehicle_chassis_no": "JB3BN74K7PY035954"
  },
  {
    "lot_source_link": "https://www.mecum.com/lots/1129005/1965-chevrolet-el-camino/?aa_id=625648-0",
    "lot_code": "Lot F40",
    "vehicle_chassis_no": "134805K168545"
  },
  {
    "lot_source_link": "https://www.mecum.com/lots/1131662/1957-chevrolet-bel-air-hardtop/?aa_id=627311-0",
    "lot_code": "Lot F39.1",
    "vehicle_chassis_no": "VC57J186932"
  },
  {
    "lot_source_link": "https://www.mecum.com/lots/1130170/2015-mercedes-benz-e400-convertible/?aa_id=625876-0",
    "lot_code": "Lot F39",
    "vehicle_chassis_no": "WDDKK6FF9FF299453"
  },
  {
    "lot_source_link": "https://www.mecum.com/lots/1129627/1965-chevrolet-malibu-ss-convertible/?aa_id=626151-0",
    "lot_code": "Lot F36",
    "vehicle_chassis_no": "138675K123319"
  },
  {
    "lot_source_link": "https://www.mecum.com/lots/1127476/1938-cadillac-lasalle-touring-sedan/?aa_id=625725-0",
    "lot_code": "Lot F35",
    "vehicle_chassis_no": "2272182"
  },
  {
    "lot_source_link": "https://www.mecum.com/lots/1130696/1970-chevrolet-chevelle/?aa_id=625145-0",
    "lot_code": "Lot F31",
    "vehicle_chassis_no": "1363701567904"
  },
  {
    "lot_source_link": "https://www.mecum.com/lots/1130172/2001-audi-tt-roadster/?aa_id=626567-0",
    "lot_code": "Lot F30",
    "vehicle_chassis_no": "TRUUT28N911036419"
  },
  {
    "lot_source_link": "https://www.mecum.com/lots/1130584/1973-ford-mustang-mach-1-fastback/?aa_id=626467-0",
    "lot_code": "Lot F29",
    "vehicle_chassis_no": "3F05H195319"
  },
  {
    "lot_source_link": "https://www.mecum.com/lots/1132356/1953-cadillac-series-60-special-fleetwood-sedan/?aa_id=628409-0",
    "lot_code": "Lot F28.1",
    "vehicle_chassis_no": "536085442"
  },
  {
    "lot_source_link": "https://www.mecum.com/lots/1130311/1996-ponitac-firebird-convertible/?aa_id=625428-0",
    "lot_code": "Lot F27",
    "vehicle_chassis_no": "2G2FS32K7T2228587"
  },
  {
    "lot_source_link": "https://www.mecum.com/lots/1127250/1971-plymouth-duster/?aa_id=628112-0",
    "lot_code": "Lot F26",
    "vehicle_chassis_no": "VS29H1B176494"
  },
  {
    "lot_source_link": "https://www.mecum.com/lots/1128489/2022-daihatsu-hijet-dump-bed-pickup/?aa_id=624239-0",
    "lot_code": "Lot F25",
    "vehicle_chassis_no": "S510P0449605"
  },
  {
    "lot_source_link": "https://www.mecum.com/lots/1130773/2008-ford-mustang-gt-cs/?aa_id=627833-0",
    "lot_code": "Lot F21",
    "vehicle_chassis_no": "1ZVHT82HX85186878"
  },
  {
    "lot_source_link": "https://www.mecum.com/lots/1128510/1988-chrysler-lebaron-pace-car-edition/?aa_id=620185-0",
    "lot_code": "Lot F20",
    "vehicle_chassis_no": "1C3BJ55E9JG313486"
  },
  {
    "lot_source_link": "https://www.mecum.com/lots/1130307/1932-chevrolet-confederate-sport-coupe/?aa_id=625427-0",
    "lot_code": "Lot F19",
    "vehicle_chassis_no": "2BA0229529"
  },
  {
    "lot_source_link": "https://www.mecum.com/lots/1129626/1965-chevrolet-chevelle-ss-coupe/?aa_id=626146-0",
    "lot_code": "Lot F18",
    "vehicle_chassis_no": "138375K144955"
  },
  {
    "lot_source_link": "https://www.mecum.com/lots/1128119/1993-ford-mustang-gt/?aa_id=619513-0",
    "lot_code": "Lot F16",
    "vehicle_chassis_no": "1FACP42EXPF165057"
  },
  {
    "lot_source_link": "https://www.mecum.com/lots/1127474/1979-chevrolet-corvette-coupe/?aa_id=625030-0",
    "lot_code": "Lot F14",
    "vehicle_chassis_no": "1Z8789S418974"
  },
  {
    "lot_source_link": "https://www.mecum.com/lots/1129865/2006-pontiac-solstice-convertible/?aa_id=627452-0",
    "lot_code": "Lot F13",
    "vehicle_chassis_no": "1G2MB35B66Y113263"
  },
  {
    "lot_source_link": "https://www.mecum.com/lots/1129815/2004-ford-thunderbird-convertible/?aa_id=627450-0",
    "lot_code": "Lot F12",
    "vehicle_chassis_no": "1FAHP60A84Y104596"
  },
  {
    "lot_source_link": "https://www.mecum.com/lots/1131553/1966-ford-mustang-gt-fastback/?aa_id=626383-0",
    "lot_code": "Lot F11.1",
    "vehicle_chassis_no": "6T09A107363"
  },
  {
    "lot_source_link": "https://www.mecum.com/lots/1131552/1953-mg-td-roadster/?aa_id=626381-0",
    "lot_code": "Lot F10.1",
    "vehicle_chassis_no": "XPAGTD223148"
  },
  {
    "lot_source_link": "https://www.mecum.com/lots/1130171/2007-lincoln-mark-lt-pickup/?aa_id=627904-0",
    "lot_code": "Lot F9",
    "vehicle_chassis_no": "5LTPW18597FJ09533"
  },
  {
    "lot_source_link": "https://www.mecum.com/lots/1128352/2001-ford-mustang-svt-cobra-convertible/?aa_id=623643-0",
    "lot_code": "Lot F6",
    "vehicle_chassis_no": "1FAFP46V51F242500"
  },
  {
    "lot_source_link": "https://www.mecum.com/lots/1129867/1978-chevrolet-camaro-custom-coupe/?aa_id=624330-0",
    "lot_code": "Lot F5",
    "vehicle_chassis_no": "1Q87U8N573891"
  },
  {
    "lot_source_link": "https://www.mecum.com/lots/1121897/1956-cushman-ice-cream-cart/?aa_id=617855-0",
    "lot_code": "Lot F1",
    "vehicle_chassis_no": "244742"
  },
  {
    "lot_source_link": "https://www.mecum.com/lots/1132029/1993-gmc-sierra-pickup/?aa_id=628381-0",
    "lot_code": "Lot T283",
    "vehicle_chassis_no": "1GTEK14K0PZ532811"
  },
  {
    "lot_source_link": "https://www.mecum.com/lots/1131609/2005-buick-lesabre-limited-sedan/?aa_id=627129-0",
    "lot_code": "Lot T277",
    "vehicle_chassis_no": "1G4HR54KX5U263674"
  },
  {
    "lot_source_link": "https://www.mecum.com/lots/1130166/1985-chevrolet-corvette-coupe/?aa_id=625875-0",
    "lot_code": "Lot T274",
    "vehicle_chassis_no": "1G1YY0783F5134240"
  },
  {
    "lot_source_link": "https://www.mecum.com/lots/1131871/1967-dodge-coronet-440-sedan/?aa_id=626444-0",
    "lot_code": "Lot T272.1",
    "vehicle_chassis_no": "WH41F77119406"
  },
  {
    "lot_source_link": "https://www.mecum.com/lots/1130814/1960-cadillac-series-62-sedan/?aa_id=628382-0",
    "lot_code": "Lot T271",
    "vehicle_chassis_no": "60K085773"
  },
  {
    "lot_source_link": "https://www.mecum.com/lots/1130164/2005-bmw-745li-sedan/?aa_id=627320-0",
    "lot_code": "Lot T270",
    "vehicle_chassis_no": "WBAGN63575DS58006"
  },
  {
    "lot_source_link": "https://www.mecum.com/lots/1132480/1986-lincoln-town-car-sedan/?aa_id=628165-0",
    "lot_code": "Lot T268.1",
    "vehicle_chassis_no": "1LNBP96F4GY697345"
  },
  {
    "lot_source_link": "https://www.mecum.com/lots/1130822/1984-jeep-cj-7/?aa_id=626363-0",
    "lot_code": "Lot T267",
    "vehicle_chassis_no": "1JCUF87A6ET091552"
  },
  {
    "lot_source_link": "https://www.mecum.com/lots/1130828/1929-ford-model-aa-stake-bed-pickup/?aa_id=626520-0",
    "lot_code": "Lot T266",
    "vehicle_chassis_no": "A1648591"
  },
  {
    "lot_source_link": "https://www.mecum.com/lots/1130827/1957-chevrolet-bel-air-sedan/?aa_id=626493-0",
    "lot_code": "Lot T264",
    "vehicle_chassis_no": "VC57A180661"
  },
  {
    "lot_source_link": "https://www.mecum.com/lots/1130825/1954-willys-jeep/?aa_id=626519-0",
    "lot_code": "Lot T263",
    "vehicle_chassis_no": "5734810400"
  },
  {
    "lot_source_link": "https://www.mecum.com/lots/1130818/1996-chevrolet-impala-ss/?aa_id=628617-0",
    "lot_code": "Lot T262",
    "vehicle_chassis_no": "1G1BL52PXTR120193"
  },
  {
    "lot_source_link": "https://www.mecum.com/lots/1130823/1947-lincoln-continental-coupe/?aa_id=626518-0",
    "lot_code": "Lot T261",
    "vehicle_chassis_no": "7H173875"
  },
  {
    "lot_source_link": "https://www.mecum.com/lots/1130813/1989-chevrolet-3500-pickup/?aa_id=628450-0",
    "lot_code": "Lot T260",
    "vehicle_chassis_no": "2GCHC39N7K1238817"
  },
  {
    "lot_source_link": "https://www.mecum.com/lots/1130079/2009-dodge-ram-laramie-pickup/?aa_id=627819-0",
    "lot_code": "Lot T258",
    "vehicle_chassis_no": "1D3HV13T99S711124"
  },
  {
    "lot_source_link": "https://www.mecum.com/lots/1130811/1971-chevrolet-c20-cheyenne-pickup/?aa_id=627297-0",
    "lot_code": "Lot T257",
    "vehicle_chassis_no": "CE241Z610994"
  },
  {
    "lot_source_link": "https://www.mecum.com/lots/1131118/2007-bmw-650i-convertible/?aa_id=625598-0",
    "lot_code": "Lot T256.1",
    "vehicle_chassis_no": "WBAEK13547CN83725"
  },
  {
    "lot_source_link": "https://www.mecum.com/lots/1130824/1950-chevrolet-3100-pickup/?aa_id=626517-0",
    "lot_code": "Lot T255.1",
    "vehicle_chassis_no": "HBA1145826"
  },
  {
    "lot_source_link": "https://www.mecum.com/lots/1129591/2002-toyota-land-cruiser/?aa_id=628290-0",
    "lot_code": "Lot T254",
    "vehicle_chassis_no": "JTEHT05J322028289"
  },
  {
    "lot_source_link": "https://www.mecum.com/lots/1129530/1999-rolls-royce-silver-seraph-sedan/?aa_id=623719-0",
    "lot_code": "Lot T253",
    "vehicle_chassis_no": "SCALA61E0XCX02794"
  },
  {
    "lot_source_link": "https://www.mecum.com/lots/1129527/1970-ford-mustang-fastback/?aa_id=623179-0",
    "lot_code": "Lot T252",
    "vehicle_chassis_no": "0F02F156780"
  },
  {
    "lot_source_link": "https://www.mecum.com/lots/1129295/1975-ford-maverick/?aa_id=623469-0",
    "lot_code": "Lot T251",
    "vehicle_chassis_no": "5X92L250959"
  },
  {
    "lot_source_link": "https://www.mecum.com/lots/1130658/1932-chevrolet-confederate-coupe/?aa_id=628363-0",
    "lot_code": "Lot T248",
    "vehicle_chassis_no": "1BA0519138"
  },
  {
    "lot_source_link": "https://www.mecum.com/lots/1131668/1970-oldsmobile-cutlass-s/?aa_id=626775-0",
    "lot_code": "Lot T247",
    "vehicle_chassis_no": "336770M354040"
  },
  {
    "lot_source_link": "https://www.mecum.com/lots/1128469/1964-willys-m38a1/?aa_id=625649-0",
    "lot_code": "Lot T246",
    "vehicle_chassis_no": "MD19697"
  },
  {
    "lot_source_link": "https://www.mecum.com/lots/1130515/1988-ford-mustang-asc-mclaren-convertible/?aa_id=624603-0",
    "lot_code": "Lot T245",
    "vehicle_chassis_no": "1FABP40E7JF279538"
  },
  {
    "lot_source_link": "https://www.mecum.com/lots/1131463/2012-chevrolet-corvette-coupe/?aa_id=625693-0",
    "lot_code": "Lot T244",
    "vehicle_chassis_no": "1G1YF2DW4C5105409"
  },
  {
    "lot_source_link": "https://www.mecum.com/lots/1131912/1987-ford-crown-victoria-custom-station-wagon/?aa_id=626484-0",
    "lot_code": "Lot T243",
    "vehicle_chassis_no": "2FABP77F5HX154200"
  },
  {
    "lot_source_link": "https://www.mecum.com/lots/1132479/2002-dodge-durango/?aa_id=628167-0",
    "lot_code": "Lot T241",
    "vehicle_chassis_no": "1B4HR48N92F205023"
  },
  {
    "lot_source_link": "https://www.mecum.com/lots/1132161/1973-kenworth-k100-coe/?aa_id=627191-0",
    "lot_code": "Lot T238",
    "vehicle_chassis_no": "230649"
  },
  {
    "lot_source_link": "https://www.mecum.com/lots/1131969/1972-kenworth-k125-truck/?aa_id=626482-0",
    "lot_code": "Lot T236",
    "vehicle_chassis_no": "221078"
  },
  {
    "lot_source_link": "https://www.mecum.com/lots/1131391/1992-mercury-cougar-bostonian/?aa_id=626414-0",
    "lot_code": "Lot T228",
    "vehicle_chassis_no": "1MEPM60T0NH616515"
  },
  {
    "lot_source_link": "https://www.mecum.com/lots/1131461/1926-ford-model-t-roadster/?aa_id=627327-0",
    "lot_code": "Lot T226",
    "vehicle_chassis_no": "11638922"
  },
  {
    "lot_source_link": "https://www.mecum.com/lots/1128408/1926-mack-ab-flatbed/?aa_id=621006-0",
    "lot_code": "Lot T222",
    "vehicle_chassis_no": "312889"
  },
  {
    "lot_source_link": "https://www.mecum.com/lots/1126962/1983-buick-riviera-convertible/?aa_id=620110-0",
    "lot_code": "Lot T217",
    "vehicle_chassis_no": "1G4AZ67Y1DE417799"
  },
  {
    "lot_source_link": "https://www.mecum.com/lots/1126959/1947-international-kb1-pickup/?aa_id=620106-0",
    "lot_code": "Lot T214",
    "vehicle_chassis_no": "GRD214129921"
  },
  {
    "lot_source_link": "https://www.mecum.com/lots/1126958/1962-mack-model-b61/?aa_id=620104-0",
    "lot_code": "Lot T213",
    "vehicle_chassis_no": "B61T28587"
  },
  {
    "lot_source_link": "https://www.mecum.com/lots/1131465/1984-peterbilt-362-truck/?aa_id=625945-0",
    "lot_code": "Lot T208.1",
    "vehicle_chassis_no": "1XP6DB9X5ED172288"
  },
  {
    "lot_source_link": "https://www.mecum.com/lots/1130464/1975-white-western-star-49642-truck/?aa_id=627201-0",
    "lot_code": "Lot T208",
    "vehicle_chassis_no": "KPN2PGH524802"
  },
  {
    "lot_source_link": "https://www.mecum.com/lots/1124178/1965-peterbilt-281-truck/?aa_id=624217-0",
    "lot_code": "Lot T207",
    "vehicle_chassis_no": "20890"
  },
  {
    "lot_source_link": "https://www.mecum.com/lots/1124457/1980-peterbilt-352/?aa_id=613663-0",
    "lot_code": "Lot T206",
    "vehicle_chassis_no": "137536N"
  },
  {
    "lot_source_link": "https://www.mecum.com/lots/1130128/1981-peterbilt-352-cabover/?aa_id=625766-0",
    "lot_code": "Lot T204",
    "vehicle_chassis_no": "1XP2X20X4BN138173"
  },
  {
    "lot_source_link": "https://www.mecum.com/lots/1130463/1980-kenworth-w900-truck/?aa_id=625138-0",
    "lot_code": "Lot T203",
    "vehicle_chassis_no": "179440S"
  },
  {
    "lot_source_link": "https://www.mecum.com/lots/1123680/1954-international-405/?aa_id=613659-0",
    "lot_code": "Lot T199",
    "vehicle_chassis_no": "RDFC681"
  },
  {
    "lot_source_link": "https://www.mecum.com/lots/1131467/1969-hendricksen-bd-10-f12-truck/?aa_id=625971-0",
    "lot_code": "Lot T198",
    "vehicle_chassis_no": "698693C"
  },
  {
    "lot_source_link": "https://www.mecum.com/lots/1129281/1967-chevrolet-c10-custom-pickup/?aa_id=623140-0",
    "lot_code": "Lot T195",
    "vehicle_chassis_no": "CE397J107048"
  },
  {
    "lot_source_link": "https://www.mecum.com/lots/1125228/1978-peterbilt-352-m63-truck/?aa_id=610551-0",
    "lot_code": "Lot T188",
    "vehicle_chassis_no": "92183NK"
  },
  {
    "lot_source_link": "https://www.mecum.com/lots/1125227/1954-peterbilt-350-truck/?aa_id=610541-0",
    "lot_code": "Lot T187",
    "vehicle_chassis_no": "L2835"
  },
  {
    "lot_source_link": "https://www.mecum.com/lots/1120810/1976-white-freightliner-fla-8664t-truck/?aa_id=610207-0",
    "lot_code": "Lot T186",
    "vehicle_chassis_no": "CA213HP121897"
  },
  {
    "lot_source_link": "https://www.mecum.com/lots/1120809/1987-freightliner-fla-10464t-coe-wrecker/?aa_id=610161-0",
    "lot_code": "Lot T185",
    "vehicle_chassis_no": "1FV8Y0Y98HP292082"
  },
  {
    "lot_source_link": "https://www.mecum.com/lots/1120808/1972-peterbilt-352m-truck/?aa_id=610154-0",
    "lot_code": "Lot T184",
    "vehicle_chassis_no": "45389N"
  },
  {
    "lot_source_link": "https://www.mecum.com/lots/1120807/1980-peterbilt-352a-truck/?aa_id=610141-0",
    "lot_code": "Lot T183",
    "vehicle_chassis_no": "123719P"
  },
  {
    "lot_source_link": "https://www.mecum.com/lots/1120806/1950-kenworth-cc825c-truck/?aa_id=610135-0",
    "lot_code": "Lot T182",
    "vehicle_chassis_no": "58916"
  },
  {
    "lot_source_link": "https://www.mecum.com/lots/1120805/1949-diamond-t-222-pickup/?aa_id=610127-0",
    "lot_code": "Lot T181",
    "vehicle_chassis_no": "2220283"
  },
  {
    "lot_source_link": "https://www.mecum.com/lots/1120804/1939-diamond-t-509h-deluxe-truck/?aa_id=610126-0",
    "lot_code": "Lot T180",
    "vehicle_chassis_no": "509H0438"
  },
  {
    "lot_source_link": "https://www.mecum.com/lots/1120803/1967-diamond-t-931cn-truck/?aa_id=610125-0",
    "lot_code": "Lot T179",
    "vehicle_chassis_no": "EJ703HC569248"
  },
  {
    "lot_source_link": "https://www.mecum.com/lots/1120802/1960-diamond-t-990-truck/?aa_id=610124-0",
    "lot_code": "Lot T178",
    "vehicle_chassis_no": "990N0022"
  },
  {
    "lot_source_link": "https://www.mecum.com/lots/1120801/1954-diamond-t-951s-truck/?aa_id=610122-0",
    "lot_code": "Lot T177",
    "vehicle_chassis_no": "4371230"
  },
  {
    "lot_source_link": "https://www.mecum.com/lots/1120800/1953-diamond-t-921nt-truck/?aa_id=610120-0",
    "lot_code": "Lot T176",
    "vehicle_chassis_no": "00000000000001299WI"
  },
  {
    "lot_source_link": "https://www.mecum.com/lots/1131991/1977-ford-f250-ranger-pickup/?aa_id=627409-0",
    "lot_code": "Lot T174.1",
    "vehicle_chassis_no": "F26SLX83289"
  },
  {
    "lot_source_link": "https://www.mecum.com/lots/1127472/1980-chevrolet-corvette-coupe/?aa_id=627090-0",
    "lot_code": "Lot T171",
    "vehicle_chassis_no": "1Z878AS416276"
  },
  {
    "lot_source_link": "https://www.mecum.com/lots/1128452/1962-ford-thunderbird-convertible/?aa_id=624256-0",
    "lot_code": "Lot T170",
    "vehicle_chassis_no": "2Y85Z170294"
  },
  {
    "lot_source_link": "https://www.mecum.com/lots/1128450/1970-cadillac-eldorado-coupe/?aa_id=623986-0",
    "lot_code": "Lot T168",
    "vehicle_chassis_no": "H0253976"
  },
  {
    "lot_source_link": "https://www.mecum.com/lots/1128449/1970-lincoln-continental-mark-iii-coupe/?aa_id=624210-0",
    "lot_code": "Lot T167",
    "vehicle_chassis_no": "0Y89A850909"
  },
  {
    "lot_source_link": "https://www.mecum.com/lots/1128448/1979-lincoln-continental-mark-v/?aa_id=623985-0",
    "lot_code": "Lot T166",
    "vehicle_chassis_no": "9Y89S695791"
  },
  {
    "lot_source_link": "https://www.mecum.com/lots/1128447/1982-lincoln-continental-mark-vi-sedan/?aa_id=624255-0",
    "lot_code": "Lot T165",
    "vehicle_chassis_no": "1MRBP96F8CY658477"
  },
  {
    "lot_source_link": "https://www.mecum.com/lots/1128446/1984-cadillac-seville-sedan/?aa_id=624209-0",
    "lot_code": "Lot T164",
    "vehicle_chassis_no": "1G6AS6986EE803936"
  },
  {
    "lot_source_link": "https://www.mecum.com/lots/1128445/1988-cadillac-allante-convertible/?aa_id=624332-0",
    "lot_code": "Lot T163",
    "vehicle_chassis_no": "1G6VR3170JU102081"
  },
  {
    "lot_source_link": "https://www.mecum.com/lots/1126484/2012-jaguar-xf-sedan/?aa_id=627545-0",
    "lot_code": "Lot T162",
    "vehicle_chassis_no": "SAJWA0HB7CLS40549"
  },
  {
    "lot_source_link": "https://www.mecum.com/lots/1128028/1984-ford-mustang-gt-coupe/?aa_id=620278-0",
    "lot_code": "Lot T161",
    "vehicle_chassis_no": "1FABP28M6EF139843"
  },
  {
    "lot_source_link": "https://www.mecum.com/lots/1128027/1972-dodge-dart-swinger/?aa_id=625701-0",
    "lot_code": "Lot T160",
    "vehicle_chassis_no": "LH23G2B282763"
  },
  {
    "lot_source_link": "https://www.mecum.com/lots/1127786/2008-ford-f150-chip-foose-edition-pickup/?aa_id=619177-0",
    "lot_code": "Lot T159",
    "vehicle_chassis_no": "1FTPW12598KD24141"
  },
  {
    "lot_source_link": "https://www.mecum.com/lots/1127447/1977-ford-bronco/?aa_id=623624-0",
    "lot_code": "Lot T156",
    "vehicle_chassis_no": "U15GL011591"
  },
  {
    "lot_source_link": "https://www.mecum.com/lots/1129812/2003-chevrolet-corvette-convertible/?aa_id=624472-0",
    "lot_code": "Lot T155",
    "vehicle_chassis_no": "1G1YY32G835126758"
  },
  {
    "lot_source_link": "https://www.mecum.com/lots/1126483/2014-mercedes-benz-gl550/?aa_id=627878-0",
    "lot_code": "Lot T153",
    "vehicle_chassis_no": "4JGDF7DE1EA317748"
  },
  {
    "lot_source_link": "https://www.mecum.com/lots/1127247/1980-monte-alum-model-a-reproduc-shay-replica-convertible/?aa_id=622883-0",
    "lot_code": "Lot T152",
    "vehicle_chassis_no": "1HWA32AA4AE005131"
  },
  {
    "lot_source_link": "https://www.mecum.com/lots/1131554/1958-ford-fairlane-500-skyliner/?aa_id=626486-0",
    "lot_code": "Lot T150.1",
    "vehicle_chassis_no": "G8FW221777"
  },
  {
    "lot_source_link": "https://www.mecum.com/lots/1127499/1978-chevrolet-camaro-z28/?aa_id=626061-0",
    "lot_code": "Lot T146",
    "vehicle_chassis_no": "1Q87L8N592938"
  },
  {
    "lot_source_link": "https://www.mecum.com/lots/1121835/1997-pontiac-trans-am-ws6/?aa_id=610206-0",
    "lot_code": "Lot T145",
    "vehicle_chassis_no": "2G2FV22P6V2222294"
  },
  {
    "lot_source_link": "https://www.mecum.com/lots/1127471/2006-cadillac-dts-performance-sedan/?aa_id=621398-0",
    "lot_code": "Lot T141",
    "vehicle_chassis_no": "1G6KD57976U100051"
  },
  {
    "lot_source_link": "https://www.mecum.com/lots/1128436/2005-mercedes-benz-s500-sedan/?aa_id=623017-0",
    "lot_code": "Lot T139",
    "vehicle_chassis_no": "WDBNG75J25A443536"
  },
  {
    "lot_source_link": "https://www.mecum.com/lots/1126399/1973-buick-riviera-coupe/?aa_id=617207-0",
    "lot_code": "Lot T138",
    "vehicle_chassis_no": "4Y87U3H504382"
  },
  {
    "lot_source_link": "https://www.mecum.com/lots/1126482/2000-chevrolet-corvette-coupe/?aa_id=627046-0",
    "lot_code": "Lot T137",
    "vehicle_chassis_no": "1G1YY22GXY5105007"
  },
  {
    "lot_source_link": "https://www.mecum.com/lots/1126807/1980-chevrolet-luv-sport-pickup/?aa_id=614837-0",
    "lot_code": "Lot T134",
    "vehicle_chassis_no": "CLN14A8202672"
  },
  {
    "lot_source_link": "https://www.mecum.com/lots/1126485/2008-maserati-granturismo-coupe/?aa_id=627533-0",
    "lot_code": "Lot T133",
    "vehicle_chassis_no": "ZAMGJ45A980040749"
  },
  {
    "lot_source_link": "https://www.mecum.com/lots/1128437/2008-mercedes-benz-clk350/?aa_id=623016-0",
    "lot_code": "Lot T131",
    "vehicle_chassis_no": "WDBTJ56H38F247511"
  },
  {
    "lot_source_link": "https://www.mecum.com/lots/1120981/1950-ford-custom-deluxe-convertible/?aa_id=610371-0",
    "lot_code": "Lot T130",
    "vehicle_chassis_no": "B0AT142903"
  },
  {
    "lot_source_link": "https://www.mecum.com/lots/1127833/1994-pontiac-trans-am-25th-anniversary/?aa_id=619254-0",
    "lot_code": "Lot T129",
    "vehicle_chassis_no": "2G2FV22P9R2247695"
  },
  {
    "lot_source_link": "https://www.mecum.com/lots/1125982/1966-dodge-charger/?aa_id=613077-0",
    "lot_code": "Lot T127",
    "vehicle_chassis_no": "XP29G61256689"
  },
  {
    "lot_source_link": "https://www.mecum.com/lots/1123701/1971-dodge-challenger-convertible/?aa_id=625340-0",
    "lot_code": "Lot T125",
    "vehicle_chassis_no": "JH27G1B396875"
  },
  {
    "lot_source_link": "https://www.mecum.com/lots/1128653/1968-mercury-cyclone-gt/?aa_id=623498-0",
    "lot_code": "Lot T122",
    "vehicle_chassis_no": "8H17J589642"
  },
  {
    "lot_source_link": "https://www.mecum.com/lots/1128713/1969-volkswagen-beetle-convertible/?aa_id=628422-0",
    "lot_code": "Lot T121",
    "vehicle_chassis_no": "159763616"
  },
  {
    "lot_source_link": "https://www.mecum.com/lots/1125598/2006-bentley-continental-flying-spur-sedan/?aa_id=622955-0",
    "lot_code": "Lot T120",
    "vehicle_chassis_no": "SCBBR53W268037401"
  },
  {
    "lot_source_link": "https://www.mecum.com/lots/1128718/1968-chevrolet-corvette-convertible/?aa_id=622884-0",
    "lot_code": "Lot T119",
    "vehicle_chassis_no": "194678S427870"
  },
  {
    "lot_source_link": "https://www.mecum.com/lots/1128444/1970-chevrolet-corvette-convertible/?aa_id=621993-0",
    "lot_code": "Lot T118",
    "vehicle_chassis_no": "194670S405453"
  },
  {
    "lot_source_link": "https://www.mecum.com/lots/1127973/1972-chevrolet-corvette-convertible/?aa_id=622146-0",
    "lot_code": "Lot T117",
    "vehicle_chassis_no": "1Z67K2S505921"
  },
  {
    "lot_source_link": "https://www.mecum.com/lots/1128719/2003-ford-f650-super-crewzer-truck/?aa_id=622393-0",
    "lot_code": "Lot T116",
    "vehicle_chassis_no": "3FDNW67703MB00963"
  },
  {
    "lot_source_link": "https://www.mecum.com/lots/1128973/2005-maserati-quattroporte/?aa_id=623804-0",
    "lot_code": "Lot T114",
    "vehicle_chassis_no": "ZAMCE39A250018112"
  },
  {
    "lot_source_link": "https://www.mecum.com/lots/1129003/1998-porsche-boxster-convertible/?aa_id=625545-0",
    "lot_code": "Lot T113",
    "vehicle_chassis_no": "WP0CA2984WU623606"
  },
  {
    "lot_source_link": "https://www.mecum.com/lots/1127431/2000-plymouth-prowler-convertible/?aa_id=616687-0",
    "lot_code": "Lot T112",
    "vehicle_chassis_no": "1P3EW65G7YV603863"
  },
  {
    "lot_source_link": "https://www.mecum.com/lots/1126571/1999-lincoln-town-car-signature-series-sedan/?aa_id=615339-0",
    "lot_code": "Lot T110",
    "vehicle_chassis_no": "1LNHM82W8XY698596"
  },
  {
    "lot_source_link": "https://www.mecum.com/lots/1127463/1967-ford-mustang-coupe/?aa_id=624649-0",
    "lot_code": "Lot T109",
    "vehicle_chassis_no": "7R01T224503"
  },
  {
    "lot_source_link": "https://www.mecum.com/lots/1129385/1978-ford-bronco-xlt/?aa_id=626521-0",
    "lot_code": "Lot T106",
    "vehicle_chassis_no": "U15SLAK8224"
  },
  {
    "lot_source_link": "https://www.mecum.com/lots/1131399/1988-jeep-grand-wagoneer/?aa_id=626451-0",
    "lot_code": "Lot T105.1",
    "vehicle_chassis_no": "1JCNJ15U6JT200481"
  },
  {
    "lot_source_link": "https://www.mecum.com/lots/1128899/1996-dodge-ram-indy-pace-truck/?aa_id=622231-0",
    "lot_code": "Lot T104",
    "vehicle_chassis_no": "1B7HC16Z3TS697324"
  },
  {
    "lot_source_link": "https://www.mecum.com/lots/1127948/1962-ford-thunderbird-convertible/?aa_id=627830-0",
    "lot_code": "Lot T102",
    "vehicle_chassis_no": "2Y85Z104920"
  },
  {
    "lot_source_link": "https://www.mecum.com/lots/1131660/1995-chevrolet-monte-carlo-brickyard-edition-coupe/?aa_id=627307-0",
    "lot_code": "Lot T100.1",
    "vehicle_chassis_no": "2G1WX12X9S9117079"
  },
  {
    "lot_source_link": "https://www.mecum.com/lots/1126570/1996-jaguar-xj6-vanden-plas-sedan/?aa_id=615335-0",
    "lot_code": "Lot T100",
    "vehicle_chassis_no": "SAJKX624XTC783100"
  },
  {
    "lot_source_link": "https://www.mecum.com/lots/1129297/1954-mg-tf-convertible/?aa_id=623184-0",
    "lot_code": "Lot T99",
    "vehicle_chassis_no": "HDE431376"
  },
  {
    "lot_source_link": "https://www.mecum.com/lots/1130090/1978-ford-bronco-xlt/?aa_id=625348-0",
    "lot_code": "Lot T96",
    "vehicle_chassis_no": "U15SLCC2536"
  },
  {
    "lot_source_link": "https://www.mecum.com/lots/1129004/1950-studebaker-champion/?aa_id=625544-0",
    "lot_code": "Lot T94",
    "vehicle_chassis_no": "G640755"
  },
  {
    "lot_source_link": "https://www.mecum.com/lots/1129172/1968-amc-amx/?aa_id=623040-0",
    "lot_code": "Lot T93",
    "vehicle_chassis_no": "A8C397N223810"
  },
  {
    "lot_source_link": "https://www.mecum.com/lots/1126189/2005-chevrolet-ssr/?aa_id=624814-0",
    "lot_code": "Lot T90",
    "vehicle_chassis_no": "1GCES14H75B118600"
  },
  {
    "lot_source_link": "https://www.mecum.com/lots/1127252/1998-chevrolet-silverado-z71-pickup/?aa_id=628361-0",
    "lot_code": "Lot T88",
    "vehicle_chassis_no": "2GCEK19R1W1225970"
  },
  {
    "lot_source_link": "https://www.mecum.com/lots/1129539/2018-ford-mustang-premium-convertible/?aa_id=625538-0",
    "lot_code": "Lot T87",
    "vehicle_chassis_no": "1FATP8UH8J5115138"
  },
  {
    "lot_source_link": "https://www.mecum.com/lots/1129429/1982-datsun-280zx-turbo/?aa_id=625528-0",
    "lot_code": "Lot T86",
    "vehicle_chassis_no": "JN1CZ04S1CX625598"
  },
  {
    "lot_source_link": "https://www.mecum.com/lots/1128186/1998-gmc-sierra-sle-pickup/?aa_id=622155-0",
    "lot_code": "Lot T85",
    "vehicle_chassis_no": "2GTEK19R2W1506952"
  },
  {
    "lot_source_link": "https://www.mecum.com/lots/1129008/1995-mg-rv8-convertible/?aa_id=625542-0",
    "lot_code": "Lot T84",
    "vehicle_chassis_no": "SARRAWBMBMG001285"
  },
  {
    "lot_source_link": "https://www.mecum.com/lots/1129543/1978-chevrolet-corvette-pace-car-edition/?aa_id=624003-0",
    "lot_code": "Lot T83",
    "vehicle_chassis_no": "1Z8748S903479"
  },
  {
    "lot_source_link": "https://www.mecum.com/lots/1129298/1951-mg-td-convertible/?aa_id=623182-0",
    "lot_code": "Lot T81",
    "vehicle_chassis_no": "TD7837"
  },
  {
    "lot_source_link": "https://www.mecum.com/lots/1130641/1934-ford-custom-roadster/?aa_id=625010-0",
    "lot_code": "Lot T80",
    "vehicle_chassis_no": "DPS07ASVE31129807"
  },
  {
    "lot_source_link": "https://www.mecum.com/lots/1129593/2020-dodge-journey-custom/?aa_id=628373-0",
    "lot_code": "Lot T79",
    "vehicle_chassis_no": "3C4PDCAB5LT278145"
  },
  {
    "lot_source_link": "https://www.mecum.com/lots/1129682/2014-chevrolet-silverado-high-country-pickup/?aa_id=628399-0",
    "lot_code": "Lot T78",
    "vehicle_chassis_no": "3GCUKTEC8EG409639"
  },
  {
    "lot_source_link": "https://www.mecum.com/lots/1129646/1978-chevrolet-corvette-coupe/?aa_id=627486-0",
    "lot_code": "Lot T75",
    "vehicle_chassis_no": "1Z87L8S419870"
  },
  {
    "lot_source_link": "https://www.mecum.com/lots/1130078/2011-lincoln-mks-sedan/?aa_id=627150-0",
    "lot_code": "Lot T74",
    "vehicle_chassis_no": "1LNHL9DRXBG608444"
  },
  {
    "lot_source_link": "https://www.mecum.com/lots/1127253/1994-chevrolet-silverado-z71-pickup/?aa_id=628301-0",
    "lot_code": "Lot T71",
    "vehicle_chassis_no": "2GCEK19K0R1264914"
  },
  {
    "lot_source_link": "https://www.mecum.com/lots/1129862/2018-mercedes-benz-c300/?aa_id=626399-0",
    "lot_code": "Lot T66",
    "vehicle_chassis_no": "55SWF4JB2JU266783"
  },
  {
    "lot_source_link": "https://www.mecum.com/lots/1129813/2008-acura-mdx/?aa_id=627089-0",
    "lot_code": "Lot T64",
    "vehicle_chassis_no": "2HNYD28218H553038"
  },
  {
    "lot_source_link": "https://www.mecum.com/lots/1120163/1946-dodge-business-coupe/?aa_id=625569-0",
    "lot_code": "Lot T60",
    "vehicle_chassis_no": "31083091"
  },
  {
    "lot_source_link": "https://www.mecum.com/lots/1126146/2003-porsche-boxster-convertible/?aa_id=611934-0",
    "lot_code": "Lot T57",
    "vehicle_chassis_no": "WP0CA29843U623410"
  },
  {
    "lot_source_link": "https://www.mecum.com/lots/1127217/1988-chevrolet-corvette-35th-anniversary-coupe/?aa_id=615501-0",
    "lot_code": "Lot T55",
    "vehicle_chassis_no": "1G1YY2182J5117121"
  },
  {
    "lot_source_link": "https://www.mecum.com/lots/1127949/1952-chevrolet-bel-air/?aa_id=626496-0",
    "lot_code": "Lot T52",
    "vehicle_chassis_no": "21KKD31480"
  },
  {
    "lot_source_link": "https://www.mecum.com/lots/1127469/2006-ford-f250-harley-davidson-edition-pickup/?aa_id=627151-0",
    "lot_code": "Lot T51",
    "vehicle_chassis_no": "1FTSW21P06EC44421"
  },
  {
    "lot_source_link": "https://www.mecum.com/lots/1128298/1997-jaguar-xk8-convertible/?aa_id=623792-0",
    "lot_code": "Lot T49",
    "vehicle_chassis_no": "SAJGX2745VC011355"
  },
  {
    "lot_source_link": "https://www.mecum.com/lots/1130162/1996-pontiac-firebird-formula-coupe/?aa_id=626010-0",
    "lot_code": "Lot T48",
    "vehicle_chassis_no": "2G2FV22P1T2228078"
  },
  {
    "lot_source_link": "https://www.mecum.com/lots/1130595/1957-chrysler-saratoga-sedan/?aa_id=625011-0",
    "lot_code": "Lot T47",
    "vehicle_chassis_no": "L5724442"
  },
  {
    "lot_source_link": "https://www.mecum.com/lots/1129654/1977-chevrolet-corvette-coupe/?aa_id=623484-0",
    "lot_code": "Lot T46",
    "vehicle_chassis_no": "1Z37L7S413899"
  },
  {
    "lot_source_link": "https://www.mecum.com/lots/1130063/1937-ford-tudor-street-rod/?aa_id=624643-0",
    "lot_code": "Lot T43",
    "vehicle_chassis_no": "FLA83876"
  },
  {
    "lot_source_link": "https://www.mecum.com/lots/1130308/2007-ford-mustang-gt-convertible/?aa_id=625060-0",
    "lot_code": "Lot T41",
    "vehicle_chassis_no": "1ZVHT85H375236577"
  },
  {
    "lot_source_link": "https://www.mecum.com/lots/1131664/1973-mercedes-benz-450sel-sedan/?aa_id=627464-0",
    "lot_code": "Lot T40.1",
    "vehicle_chassis_no": "11603312006210"
  },
  {
    "lot_source_link": "https://www.mecum.com/lots/1130161/2000-cadillac-deville-sedan/?aa_id=625874-0",
    "lot_code": "Lot T40",
    "vehicle_chassis_no": "1G6KD54Y2YU189459"
  },
  {
    "lot_source_link": "https://www.mecum.com/lots/1130314/2006-am-general-hummer-h1/?aa_id=626420-0",
    "lot_code": "Lot T39",
    "vehicle_chassis_no": "700471"
  },
  {
    "lot_source_link": "https://www.mecum.com/lots/1130391/1984-nissan-300zx-turbo/?aa_id=625534-0",
    "lot_code": "Lot T38",
    "vehicle_chassis_no": "JN1CZ14S8EX022107"
  },
  {
    "lot_source_link": "https://www.mecum.com/lots/1130622/1973-chevrolet-corvette-coupe/?aa_id=625057-0",
    "lot_code": "Lot T37",
    "vehicle_chassis_no": "1Z37Z3S429922"
  },
  {
    "lot_source_link": "https://www.mecum.com/lots/1131264/1992-pontiac-trans-am-gta/?aa_id=627166-0",
    "lot_code": "Lot T36.1",
    "vehicle_chassis_no": "1G2FW2384NL223223"
  },
  {
    "lot_source_link": "https://www.mecum.com/lots/1130693/1978-chevrolet-corvette-silver-anniversary-coupe/?aa_id=625469-0",
    "lot_code": "Lot T33",
    "vehicle_chassis_no": "1Z87L8S410737"
  },
  {
    "lot_source_link": "https://www.mecum.com/lots/1129303/1994-chevrolet-corvette-convertible/?aa_id=623460-0",
    "lot_code": "Lot T32",
    "vehicle_chassis_no": "1G1YY32P7R5114108"
  },
  {
    "lot_source_link": "https://www.mecum.com/lots/1129842/1992-honda-prelude-coupe/?aa_id=624028-0",
    "lot_code": "Lot T31",
    "vehicle_chassis_no": "JHMBB2265NC022452"
  },
  {
    "lot_source_link": "https://www.mecum.com/lots/1130770/1983-oldsmobile-hurst-olds-15th-anniversary/?aa_id=626455-0",
    "lot_code": "Lot T30",
    "vehicle_chassis_no": "1G3AK4793DM403110"
  },
  {
    "lot_source_link": "https://www.mecum.com/lots/1132499/1968-ford-mustang-coupe/?aa_id=628405-0",
    "lot_code": "Lot T29.1",
    "vehicle_chassis_no": "8F01C109585"
  },
  {
    "lot_source_link": "https://www.mecum.com/lots/1130826/1954-ford-customline-sedan/?aa_id=626515-0",
    "lot_code": "Lot T27",
    "vehicle_chassis_no": "A4LG157743"
  },
  {
    "lot_source_link": "https://www.mecum.com/lots/1130159/2003-lincoln-town-car-executive-sedan/?aa_id=625872-0",
    "lot_code": "Lot T25",
    "vehicle_chassis_no": "1LNHM81W93Y706765"
  },
  {
    "lot_source_link": "https://www.mecum.com/lots/1131263/1970-pontiac-gto-convertible/?aa_id=627729-0",
    "lot_code": "Lot T23.1",
    "vehicle_chassis_no": "242670B12869"
  },
  {
    "lot_source_link": "https://www.mecum.com/lots/1131262/2008-ford-f250-super-duty-pickup/?aa_id=626060-0",
    "lot_code": "Lot T20.1",
    "vehicle_chassis_no": "1FTSW21R08ED16884"
  },
  {
    "lot_source_link": "https://www.mecum.com/lots/1130829/2006-hummer-h3/?aa_id=626513-0",
    "lot_code": "Lot T19",
    "vehicle_chassis_no": "5GTDN136568193886"
  }
]