[
  {
    "lot_source_link": "https://www.mecum.com/lots/277796/1947-ford-super-deluxe/?aa_id=193734-0",
    "lot_code": "Lot F10",
    "vehicle_chassis_no": "799AL608843"
  },
  {
    "lot_source_link": "https://www.mecum.com/lots/277798/1985-mercedes-benz-380sl-roadster/?aa_id=193736-0",
    "lot_code": "Lot F12",
    "vehicle_chassis_no": "WDBBA45CXFA025019"
  },
  {
    "lot_source_link": "https://www.mecum.com/lots/277799/1984-mercedes-benz-300td/?aa_id=193737-0",
    "lot_code": "Lot F13",
    "vehicle_chassis_no": "WDBAB33A5EA160587"
  },
  {
    "lot_source_link": "https://www.mecum.com/lots/277800/1994-ford-bronco/?aa_id=193738-0",
    "lot_code": "Lot F14",
    "vehicle_chassis_no": "1FMEU15H7RLA22258"
  },
  {
    "lot_source_link": "https://www.mecum.com/lots/277801/1995-ford-thunderbird/?aa_id=193739-0",
    "lot_code": "Lot F15",
    "vehicle_chassis_no": "1FALP62W1SH165532"
  },
  {
    "lot_source_link": "https://www.mecum.com/lots/277802/1981-chevrolet-scottsdale-pickup/?aa_id=193740-0",
    "lot_code": "Lot F16",
    "vehicle_chassis_no": "2GCEK14H7B1109889"
  },
  {
    "lot_source_link": "https://www.mecum.com/lots/277804/1978-chevrolet-corvette-coupe/?aa_id=193742-0",
    "lot_code": "Lot F18",
    "vehicle_chassis_no": "1Z8748S428456"
  },
  {
    "lot_source_link": "https://www.mecum.com/lots/277805/1979-chevrolet-malibu/?aa_id=193743-0",
    "lot_code": "Lot F19",
    "vehicle_chassis_no": "1W27H9K488216"
  },
  {
    "lot_source_link": "https://www.mecum.com/lots/277806/1983-datsun-280zx/?aa_id=193744-0",
    "lot_code": "Lot F20",
    "vehicle_chassis_no": "JN1HZ04S9DX559454"
  },
  {
    "lot_source_link": "https://www.mecum.com/lots/277807/2006-dodge-ram-pickup/?aa_id=193745-0",
    "lot_code": "Lot F21",
    "vehicle_chassis_no": "3D7KS28C66G193973"
  },
  {
    "lot_source_link": "https://www.mecum.com/lots/277808/1949-ford-f1-pickup/?aa_id=193746-0",
    "lot_code": "Lot F22",
    "vehicle_chassis_no": "BD83H4931538"
  },
  {
    "lot_source_link": "https://www.mecum.com/lots/277809/2003-bmw-z4-convertible/?aa_id=193747-0",
    "lot_code": "Lot F23",
    "vehicle_chassis_no": "4USBT33483LR66626"
  },
  {
    "lot_source_link": "https://www.mecum.com/lots/277810/2000-chevrolet-camaro-convertible/?aa_id=193748-0",
    "lot_code": "Lot F24",
    "vehicle_chassis_no": "2G1FP32G4Y2159916"
  },
  {
    "lot_source_link": "https://www.mecum.com/lots/277811/1979-triumph-spitfire-roadster/?aa_id=193749-0",
    "lot_code": "Lot F25",
    "vehicle_chassis_no": "FM96327U"
  },
  {
    "lot_source_link": "https://www.mecum.com/lots/277812/2000-jeep-wrangler-sahara/?aa_id=193750-0",
    "lot_code": "Lot F26",
    "vehicle_chassis_no": "1J4FA59S0YP783942"
  },
  {
    "lot_source_link": "https://www.mecum.com/lots/277813/2012-dodge-challenger-r-t/?aa_id=193751-0",
    "lot_code": "Lot F27",
    "vehicle_chassis_no": "2C3CDYBT3CH157047"
  },
  {
    "lot_source_link": "https://www.mecum.com/lots/277814/2003-mercedes-benz-sl500-convertible/?aa_id=193752-0",
    "lot_code": "Lot F28",
    "vehicle_chassis_no": "WDBSK75F93F014469"
  },
  {
    "lot_source_link": "https://www.mecum.com/lots/288508/1980-chevrolet-camaro-z28/?aa_id=198629-0",
    "lot_code": "Lot F30",
    "vehicle_chassis_no": "1P87HAL513832"
  },
  {
    "lot_source_link": "https://www.mecum.com/lots/292906/1972-mercedes-benz-280sel/?aa_id=200179-0",
    "lot_code": "Lot F30.2",
    "vehicle_chassis_no": "10806812013973"
  },
  {
    "lot_source_link": "https://www.mecum.com/lots/277817/1979-ford-ranchero-500/?aa_id=193753-0",
    "lot_code": "Lot F31",
    "vehicle_chassis_no": "9H47H173946"
  },
  {
    "lot_source_link": "https://www.mecum.com/lots/292948/2005-chrysler-pt-cruiser-convertible/?aa_id=200209-0",
    "lot_code": "Lot F31.1",
    "vehicle_chassis_no": "3C3EY55E95T296098"
  },
  {
    "lot_source_link": "https://www.mecum.com/lots/277819/1975-mercedes-benz-450sl/?aa_id=193754-0",
    "lot_code": "Lot F33",
    "vehicle_chassis_no": "10704412022827"
  },
  {
    "lot_source_link": "https://www.mecum.com/lots/277820/1950-chevrolet-3100-pickup/?aa_id=193755-0",
    "lot_code": "Lot F34",
    "vehicle_chassis_no": "AHCA298605"
  },
  {
    "lot_source_link": "https://www.mecum.com/lots/277821/2008-audi-a4-convertible/?aa_id=193756-0",
    "lot_code": "Lot F35",
    "vehicle_chassis_no": "WAUAF48H98K003237"
  },
  {
    "lot_source_link": "https://www.mecum.com/lots/277822/2005-bmw-745li/?aa_id=193757-0",
    "lot_code": "Lot F36",
    "vehicle_chassis_no": "WBAGN63575DS59737"
  },
  {
    "lot_source_link": "https://www.mecum.com/lots/277824/1994-mazda-miata-convertible/?aa_id=193758-0",
    "lot_code": "Lot F38",
    "vehicle_chassis_no": "JM1NA3537R0511970"
  },
  {
    "lot_source_link": "https://www.mecum.com/lots/277825/1971-volkswagen-super-beetle/?aa_id=193759-0",
    "lot_code": "Lot F39",
    "vehicle_chassis_no": "1112553824"
  },
  {
    "lot_source_link": "https://www.mecum.com/lots/277826/2006-honda-element/?aa_id=193760-0",
    "lot_code": "Lot F40",
    "vehicle_chassis_no": "5J6YH18746L000216"
  },
  {
    "lot_source_link": "https://www.mecum.com/lots/277827/1939-chevrolet-deluxe-street-rod/?aa_id=193761-0",
    "lot_code": "Lot F41",
    "vehicle_chassis_no": "KS131644"
  },
  {
    "lot_source_link": "https://www.mecum.com/lots/277828/1979-pontiac-trans-am/?aa_id=193762-0",
    "lot_code": "Lot F42",
    "vehicle_chassis_no": "2W87Z9L149233"
  },
  {
    "lot_source_link": "https://www.mecum.com/lots/277829/2009-pontiac-solstice-gxp-convertible/?aa_id=193763-0",
    "lot_code": "Lot F43",
    "vehicle_chassis_no": "1G2MG35X79Y104119"
  },
  {
    "lot_source_link": "https://www.mecum.com/lots/277830/2005-mercedes-benz-sl500-convertible/?aa_id=193764-0",
    "lot_code": "Lot F44",
    "vehicle_chassis_no": "WDBSK75F25F098668"
  },
  {
    "lot_source_link": "https://www.mecum.com/lots/277831/2003-mercedes-benz-e320/?aa_id=193765-0",
    "lot_code": "Lot F45",
    "vehicle_chassis_no": "WDBUF65JX3A162784"
  },
  {
    "lot_source_link": "https://www.mecum.com/lots/291104/1976-mercedes-benz-450se/?aa_id=199466-0",
    "lot_code": "Lot F45.1",
    "vehicle_chassis_no": "11603212055452"
  },
  {
    "lot_source_link": "https://www.mecum.com/lots/277832/2007-mini-cooper/?aa_id=193766-0",
    "lot_code": "Lot F46",
    "vehicle_chassis_no": "WMWMF33547TU62043"
  },
  {
    "lot_source_link": "https://www.mecum.com/lots/288488/1982-chevrolet-corvette-coupe/?aa_id=198611-0",
    "lot_code": "Lot F47",
    "vehicle_chassis_no": "1G1AY8780C5114197"
  },
  {
    "lot_source_link": "https://www.mecum.com/lots/277834/2007-mercedes-benz-clk350-convertible/?aa_id=193767-0",
    "lot_code": "Lot F48",
    "vehicle_chassis_no": "WDBTK56F77F217812"
  },
  {
    "lot_source_link": "https://www.mecum.com/lots/277835/1972-mg-b-gt/?aa_id=193768-0",
    "lot_code": "Lot F49",
    "vehicle_chassis_no": "GHD5UC266185G"
  },
  {
    "lot_source_link": "https://www.mecum.com/lots/277836/2006-porsche-cayenne/?aa_id=193769-0",
    "lot_code": "Lot F50",
    "vehicle_chassis_no": "WP1AA29P76LA23441"
  },
  {
    "lot_source_link": "https://www.mecum.com/lots/291105/1963-pontiac-lemans-convertible/?aa_id=199467-0",
    "lot_code": "Lot F50.1",
    "vehicle_chassis_no": "263P139672"
  },
  {
    "lot_source_link": "https://www.mecum.com/lots/277837/1969-chevrolet-c10-pickup/?aa_id=193770-0",
    "lot_code": "Lot F51",
    "vehicle_chassis_no": "CE149S834982"
  },
  {
    "lot_source_link": "https://www.mecum.com/lots/277838/1993-gmc-sierra-pickup/?aa_id=193771-0",
    "lot_code": "Lot F52",
    "vehicle_chassis_no": "1GTDC14K5PZ526379"
  },
  {
    "lot_source_link": "https://www.mecum.com/lots/277839/1965-ford-f350-dump-truck/?aa_id=193772-0",
    "lot_code": "Lot F53",
    "vehicle_chassis_no": "F35BP588203"
  },
  {
    "lot_source_link": "https://www.mecum.com/lots/291198/1965-mercury-marauder/?aa_id=199540-0",
    "lot_code": "Lot F54.1",
    "vehicle_chassis_no": "5Z67Z543755"
  },
  {
    "lot_source_link": "https://www.mecum.com/lots/277841/1982-chevrolet-camaro-pace-car-edition/?aa_id=193773-0",
    "lot_code": "Lot F55",
    "vehicle_chassis_no": "1G1AP87H4CL141191"
  },
  {
    "lot_source_link": "https://www.mecum.com/lots/291106/1969-volkswagen-double-cab-pickup-rat-rod/?aa_id=199468-0",
    "lot_code": "Lot F55.1",
    "vehicle_chassis_no": "269206737"
  },
  {
    "lot_source_link": "https://www.mecum.com/lots/277842/2005-ford-f150-king-ranch-pickup/?aa_id=193774-0",
    "lot_code": "Lot F56",
    "vehicle_chassis_no": "1FTPW12545KE29391"
  },
  {
    "lot_source_link": "https://www.mecum.com/lots/277843/2002-chevrolet-corvette-coupe/?aa_id=193775-0",
    "lot_code": "Lot F57",
    "vehicle_chassis_no": "1G1YY22GX25128438"
  },
  {
    "lot_source_link": "https://www.mecum.com/lots/277844/1962-chevrolet-corvette-convertible/?aa_id=193776-0",
    "lot_code": "Lot F58",
    "vehicle_chassis_no": "20867S114494"
  },
  {
    "lot_source_link": "https://www.mecum.com/lots/277845/1972-chevrolet-pickup/?aa_id=193777-0",
    "lot_code": "Lot F59",
    "vehicle_chassis_no": "CCE142A175305"
  },
  {
    "lot_source_link": "https://www.mecum.com/lots/277846/2005-chrysler-sebring-gtc-convertible/?aa_id=193778-0",
    "lot_code": "Lot F60",
    "vehicle_chassis_no": "1C3EL75R35N535349"
  },
  {
    "lot_source_link": "https://www.mecum.com/lots/291030/2006-mercedes-benz-clk350/?aa_id=199410-0",
    "lot_code": "Lot F60.1",
    "vehicle_chassis_no": "WDBTJ56J66F176109"
  },
  {
    "lot_source_link": "https://www.mecum.com/lots/277847/2006-mercedes-benz-slk280/?aa_id=193779-0",
    "lot_code": "Lot F61",
    "vehicle_chassis_no": "WDBWK54F76F077601"
  },
  {
    "lot_source_link": "https://www.mecum.com/lots/277848/2008-bmw-5-series/?aa_id=193780-0",
    "lot_code": "Lot F62",
    "vehicle_chassis_no": "WDANUJ3518CT00023"
  },
  {
    "lot_source_link": "https://www.mecum.com/lots/292872/1950-ford-crestliner/?aa_id=200155-0",
    "lot_code": "Lot F62.1",
    "vehicle_chassis_no": "B0SP111981"
  },
  {
    "lot_source_link": "https://www.mecum.com/lots/277849/1990-volkswagen-corrado/?aa_id=193781-0",
    "lot_code": "Lot F63",
    "vehicle_chassis_no": "WVWDB4501LK004076"
  },
  {
    "lot_source_link": "https://www.mecum.com/lots/277850/1965-chevrolet-corvette-convertible/?aa_id=193782-0",
    "lot_code": "Lot F64",
    "vehicle_chassis_no": "194675S102066"
  },
  {
    "lot_source_link": "https://www.mecum.com/lots/277852/2004-chevrolet-ssr/?aa_id=193784-0",
    "lot_code": "Lot F66",
    "vehicle_chassis_no": "1GCES14P34B113478"
  },
  {
    "lot_source_link": "https://www.mecum.com/lots/277854/1984-chevrolet-corvette-coupe/?aa_id=193785-0",
    "lot_code": "Lot F68",
    "vehicle_chassis_no": "1G1AY0783E5133864"
  },
  {
    "lot_source_link": "https://www.mecum.com/lots/292952/1984-oldsmobile-cutlass/?aa_id=200213-0",
    "lot_code": "Lot F68.1",
    "vehicle_chassis_no": "1G3AR47A6EM451109"
  },
  {
    "lot_source_link": "https://www.mecum.com/lots/277855/1993-chevrolet-corvette-40th-anniversary/?aa_id=193786-0",
    "lot_code": "Lot F69",
    "vehicle_chassis_no": "1G1YY33P7P5107977"
  },
  {
    "lot_source_link": "https://www.mecum.com/lots/291108/1996-dodge-ram-3500-pickup/?aa_id=199469-0",
    "lot_code": "Lot F69.1",
    "vehicle_chassis_no": "1B7MC33W4TJ150959"
  },
  {
    "lot_source_link": "https://www.mecum.com/lots/277856/1983-chevrolet-c10-pickup/?aa_id=193787-0",
    "lot_code": "Lot F70",
    "vehicle_chassis_no": "1GCEC14H8DJ154071"
  },
  {
    "lot_source_link": "https://www.mecum.com/lots/277857/1971-ford-thunderbird/?aa_id=193788-0",
    "lot_code": "Lot F71",
    "vehicle_chassis_no": "1Y87N105608"
  },
  {
    "lot_source_link": "https://www.mecum.com/lots/277859/1999-honda-prelude/?aa_id=193789-0",
    "lot_code": "Lot F73",
    "vehicle_chassis_no": "JHMBB6142XC007577"
  },
  {
    "lot_source_link": "https://www.mecum.com/lots/277860/2002-bmw-745li/?aa_id=193790-0",
    "lot_code": "Lot F74",
    "vehicle_chassis_no": "WBAGL63442DP60447"
  },
  {
    "lot_source_link": "https://www.mecum.com/lots/277861/1975-chevrolet-corvette-coupe/?aa_id=193791-0",
    "lot_code": "Lot F75",
    "vehicle_chassis_no": "1Z37T5S424872"
  },
  {
    "lot_source_link": "https://www.mecum.com/lots/291109/1918-oakland-roadster-hot-rod/?aa_id=199470-0",
    "lot_code": "Lot F75.1",
    "vehicle_chassis_no": "74229"
  },
  {
    "lot_source_link": "https://www.mecum.com/lots/277862/1985-porsche-944/?aa_id=193792-0",
    "lot_code": "Lot F76",
    "vehicle_chassis_no": "WP0AA0944FN454688"
  },
  {
    "lot_source_link": "https://www.mecum.com/lots/277863/1974-ford-f100-explorer-xlt/?aa_id=193793-0",
    "lot_code": "Lot F77",
    "vehicle_chassis_no": "F10YNU62045"
  },
  {
    "lot_source_link": "https://www.mecum.com/lots/277864/1996-mercedes-benz-500sl/?aa_id=193794-0",
    "lot_code": "Lot F78",
    "vehicle_chassis_no": "WDBFA67F1TF139171"
  },
  {
    "lot_source_link": "https://www.mecum.com/lots/291147/1974-porsche-911/?aa_id=199503-0",
    "lot_code": "Lot F78.1",
    "vehicle_chassis_no": "9114103107"
  },
  {
    "lot_source_link": "https://www.mecum.com/lots/277865/1989-ford-f150-pickup/?aa_id=193795-0",
    "lot_code": "Lot F79",
    "vehicle_chassis_no": "1FTEF14Y9KLA88199"
  },
  {
    "lot_source_link": "https://www.mecum.com/lots/277866/2012-audi-a4/?aa_id=193796-0",
    "lot_code": "Lot F80",
    "vehicle_chassis_no": "WAUAFAFL4CN008455"
  },
  {
    "lot_source_link": "https://www.mecum.com/lots/291031/1973-chevrolet-corvette-coupe/?aa_id=199411-0",
    "lot_code": "Lot F80.1",
    "vehicle_chassis_no": "1Z37J3S411408"
  },
  {
    "lot_source_link": "https://www.mecum.com/lots/277867/1962-chevrolet-corvette-convertible/?aa_id=193797-0",
    "lot_code": "Lot F81",
    "vehicle_chassis_no": "20867S112333"
  },
  {
    "lot_source_link": "https://www.mecum.com/lots/277868/2005-cadillac-xlr/?aa_id=193798-0",
    "lot_code": "Lot F82",
    "vehicle_chassis_no": "1G6YV34A755601699"
  },
  {
    "lot_source_link": "https://www.mecum.com/lots/291160/1993-jeep-wrangler-renegade/?aa_id=199508-0",
    "lot_code": "Lot F82.1",
    "vehicle_chassis_no": "1J4FY69S0PP225394"
  },
  {
    "lot_source_link": "https://www.mecum.com/lots/277871/2009-jaguar-xf/?aa_id=193799-0",
    "lot_code": "Lot F85",
    "vehicle_chassis_no": "SAJWA06BX9HR21898"
  },
  {
    "lot_source_link": "https://www.mecum.com/lots/288534/1963-ford-galaxie-500xl/?aa_id=198645-0",
    "lot_code": "Lot F85.1",
    "vehicle_chassis_no": "3Z68Z131912"
  },
  {
    "lot_source_link": "https://www.mecum.com/lots/288483/1961-mercury-meteor-custom/?aa_id=198608-0",
    "lot_code": "Lot F86",
    "vehicle_chassis_no": "1W51Z555839"
  },
  {
    "lot_source_link": "https://www.mecum.com/lots/277873/1952-mg-td-roadster/?aa_id=193800-0",
    "lot_code": "Lot F87",
    "vehicle_chassis_no": "TD218899"
  },
  {
    "lot_source_link": "https://www.mecum.com/lots/277874/2003-hummer-h2/?aa_id=193801-0",
    "lot_code": "Lot F88",
    "vehicle_chassis_no": "5GRGN23U43H129843"
  },
  {
    "lot_source_link": "https://www.mecum.com/lots/288489/1982-chevrolet-corvette-coupe/?aa_id=198612-0",
    "lot_code": "Lot F88.1",
    "vehicle_chassis_no": "1G1AY8787C5120692"
  },
  {
    "lot_source_link": "https://www.mecum.com/lots/277875/1953-willys-jeep/?aa_id=193802-0",
    "lot_code": "Lot F89",
    "vehicle_chassis_no": "MD40199"
  },
  {
    "lot_source_link": "https://www.mecum.com/lots/277876/1975-chevrolet-corvette-coupe/?aa_id=193803-0",
    "lot_code": "Lot F90",
    "vehicle_chassis_no": "1Z37J5S434904"
  },
  {
    "lot_source_link": "https://www.mecum.com/lots/291110/1976-cadillac-eldorado-convertible/?aa_id=199471-0",
    "lot_code": "Lot F90.1",
    "vehicle_chassis_no": "6L67S6Q242317"
  },
  {
    "lot_source_link": "https://www.mecum.com/lots/277877/1988-ford-f250-pickup/?aa_id=193804-0",
    "lot_code": "Lot F91",
    "vehicle_chassis_no": "1FTHF26G5JKA79351"
  },
  {
    "lot_source_link": "https://www.mecum.com/lots/277878/1938-ford-5-window-coupe-street-rod/?aa_id=193805-0",
    "lot_code": "Lot F92",
    "vehicle_chassis_no": "54418773"
  },
  {
    "lot_source_link": "https://www.mecum.com/lots/291032/2006-dodge-charger-srt-8/?aa_id=199412-0",
    "lot_code": "Lot F92.1",
    "vehicle_chassis_no": "2B3KA73W16H276630"
  },
  {
    "lot_source_link": "https://www.mecum.com/lots/277879/1993-mitsubishi-3000gt/?aa_id=193806-0",
    "lot_code": "Lot F93",
    "vehicle_chassis_no": "JA3BN74K9PY047052"
  },
  {
    "lot_source_link": "https://www.mecum.com/lots/277880/1987-chevrolet-monte-carlo-ss/?aa_id=193807-0",
    "lot_code": "Lot F94",
    "vehicle_chassis_no": "1G1GZ11G8HP152514"
  },
  {
    "lot_source_link": "https://www.mecum.com/lots/288490/1970-chevrolet-chevelle-ss-convertible/?aa_id=198613-0",
    "lot_code": "Lot F94.1",
    "vehicle_chassis_no": "136670B169285"
  },
  {
    "lot_source_link": "https://www.mecum.com/lots/277881/1965-pontiac-gto/?aa_id=193808-0",
    "lot_code": "Lot F95",
    "vehicle_chassis_no": "237375K118247"
  },
  {
    "lot_source_link": "https://www.mecum.com/lots/277882/1956-ford-mainline/?aa_id=193809-0",
    "lot_code": "Lot F96",
    "vehicle_chassis_no": "U6PG134656"
  },
  {
    "lot_source_link": "https://www.mecum.com/lots/277883/1956-ford-town-sedan/?aa_id=193810-0",
    "lot_code": "Lot F97",
    "vehicle_chassis_no": "M6KT136174"
  },
  {
    "lot_source_link": "https://www.mecum.com/lots/277884/1956-ford-fairlane-victoria/?aa_id=193811-0",
    "lot_code": "Lot F98",
    "vehicle_chassis_no": "M6PV133335"
  },
  {
    "lot_source_link": "https://www.mecum.com/lots/277885/1956-ford-fairlane-sunliner/?aa_id=193812-0",
    "lot_code": "Lot F99",
    "vehicle_chassis_no": "P6DC194941"
  },
  {
    "lot_source_link": "https://www.mecum.com/lots/291139/1955-studebaker-president/?aa_id=199495-0",
    "lot_code": "Lot F99.1",
    "vehicle_chassis_no": "7155873"
  },
  {
    "lot_source_link": "https://www.mecum.com/lots/277887/1964-chevrolet-impala-ss/?aa_id=193813-0",
    "lot_code": "Lot F101",
    "vehicle_chassis_no": "41447J201424"
  },
  {
    "lot_source_link": "https://www.mecum.com/lots/288536/1998-gmc-sierra-pickup/?aa_id=198646-0",
    "lot_code": "Lot F101.1",
    "vehicle_chassis_no": "1GTEC19R5WR513639"
  },
  {
    "lot_source_link": "https://www.mecum.com/lots/277888/2003-hummer-h2/?aa_id=193814-0",
    "lot_code": "Lot F102",
    "vehicle_chassis_no": "5GRGN23U73H137998"
  },
  {
    "lot_source_link": "https://www.mecum.com/lots/277889/1978-mercury-grand-marquis/?aa_id=193815-0",
    "lot_code": "Lot F103",
    "vehicle_chassis_no": "8Z65S644469"
  },
  {
    "lot_source_link": "https://www.mecum.com/lots/291111/1964-ford-falcon-sprint-convertible/?aa_id=199472-0",
    "lot_code": "Lot F103.1",
    "vehicle_chassis_no": "4H14F160316"
  },
  {
    "lot_source_link": "https://www.mecum.com/lots/277890/1966-chevrolet-corvette-convertible/?aa_id=193816-0",
    "lot_code": "Lot F104",
    "vehicle_chassis_no": "194676S122955"
  },
  {
    "lot_source_link": "https://www.mecum.com/lots/277891/1962-ford-thunderbird/?aa_id=193817-0",
    "lot_code": "Lot F105",
    "vehicle_chassis_no": "2Y83Z112362"
  },
  {
    "lot_source_link": "https://www.mecum.com/lots/290948/1993-chevrolet-pickup/?aa_id=199341-0",
    "lot_code": "Lot F105.1",
    "vehicle_chassis_no": "1GCEK14Z6PZ232266"
  },
  {
    "lot_source_link": "https://www.mecum.com/lots/277892/1981-porsche-928/?aa_id=193818-0",
    "lot_code": "Lot F106",
    "vehicle_chassis_no": "WP0JA0924BS820112"
  },
  {
    "lot_source_link": "https://www.mecum.com/lots/277893/1990-cadillac-brougham-delegance/?aa_id=193819-0",
    "lot_code": "Lot F107",
    "vehicle_chassis_no": "1G6DW5476LR710124"
  },
  {
    "lot_source_link": "https://www.mecum.com/lots/277894/1965-chevrolet-corvette-convertible/?aa_id=193820-0",
    "lot_code": "Lot F108",
    "vehicle_chassis_no": "194675S121111"
  },
  {
    "lot_source_link": "https://www.mecum.com/lots/277895/1949-chevrolet-3100-pickup/?aa_id=193821-0",
    "lot_code": "Lot F109",
    "vehicle_chassis_no": "9131415401"
  },
  {
    "lot_source_link": "https://www.mecum.com/lots/277897/1949-chevrolet-3100-pickup/?aa_id=193822-0",
    "lot_code": "Lot F111",
    "vehicle_chassis_no": "21GPB2902"
  },
  {
    "lot_source_link": "https://www.mecum.com/lots/291033/2010-bmw-750li-xdrive/?aa_id=199413-0",
    "lot_code": "Lot F111.1",
    "vehicle_chassis_no": "WBAKC8C53AC430687"
  },
  {
    "lot_source_link": "https://www.mecum.com/lots/277898/2007-maserati-quattroporte-gt-executive/?aa_id=193823-0",
    "lot_code": "Lot F112",
    "vehicle_chassis_no": "ZAMFE39A570031100"
  },
  {
    "lot_source_link": "https://www.mecum.com/lots/277899/1973-ford-mustang-mach-1-fastback/?aa_id=193824-0",
    "lot_code": "Lot F113",
    "vehicle_chassis_no": "F3F05F157450F"
  },
  {
    "lot_source_link": "https://www.mecum.com/lots/288491/1974-chevrolet-corvette-convertible/?aa_id=198614-0",
    "lot_code": "Lot F114",
    "vehicle_chassis_no": "1Z67T4S420678"
  },
  {
    "lot_source_link": "https://www.mecum.com/lots/288537/1990-porsche-944-cabriolet/?aa_id=198647-0",
    "lot_code": "Lot F114.1",
    "vehicle_chassis_no": "WP0CB2948LN480918"
  },
  {
    "lot_source_link": "https://www.mecum.com/lots/277901/1965-ford-mustang/?aa_id=193825-0",
    "lot_code": "Lot F115",
    "vehicle_chassis_no": "5R07C187440"
  },
  {
    "lot_source_link": "https://www.mecum.com/lots/277902/1973-chevrolet-c10-pickup/?aa_id=193826-0",
    "lot_code": "Lot F116",
    "vehicle_chassis_no": "CCZ143Z136857"
  },
  {
    "lot_source_link": "https://www.mecum.com/lots/277903/1967-chevrolet-camaro/?aa_id=193827-0",
    "lot_code": "Lot F117",
    "vehicle_chassis_no": "124377N228380"
  },
  {
    "lot_source_link": "https://www.mecum.com/lots/277904/1962-chevrolet-corvette-convertible/?aa_id=193828-0",
    "lot_code": "Lot F118",
    "vehicle_chassis_no": "20867S106244"
  },
  {
    "lot_source_link": "https://www.mecum.com/lots/277905/1964-pontiac-grand-prix/?aa_id=193829-0",
    "lot_code": "Lot F119",
    "vehicle_chassis_no": "894D24497"
  },
  {
    "lot_source_link": "https://www.mecum.com/lots/277906/1968-ford-mustang-convertible/?aa_id=193830-0",
    "lot_code": "Lot F120",
    "vehicle_chassis_no": "8T03T206598"
  },
  {
    "lot_source_link": "https://www.mecum.com/lots/291112/1999-porsche-911-carrera/?aa_id=199473-0",
    "lot_code": "Lot F120.1",
    "vehicle_chassis_no": "WP0AA2992XS626095"
  },
  {
    "lot_source_link": "https://www.mecum.com/lots/277907/1952-ford-f3-pickup/?aa_id=193831-0",
    "lot_code": "Lot F121",
    "vehicle_chassis_no": "F3R2LU23408"
  },
  {
    "lot_source_link": "https://www.mecum.com/lots/292890/1973-plymouth-barracuda/?aa_id=200166-0",
    "lot_code": "Lot F122.2",
    "vehicle_chassis_no": "BH23G3B438724"
  },
  {
    "lot_source_link": "https://www.mecum.com/lots/277909/1966-ford-mustang-fastback/?aa_id=193832-0",
    "lot_code": "Lot F123",
    "vehicle_chassis_no": "6T09C239005"
  },
  {
    "lot_source_link": "https://www.mecum.com/lots/277910/2003-chevrolet-corvette-coupe/?aa_id=193833-0",
    "lot_code": "Lot F124",
    "vehicle_chassis_no": "1G1YY22G135101758"
  },
  {
    "lot_source_link": "https://www.mecum.com/lots/277911/2002-chevrolet-camaro-ss/?aa_id=193834-0",
    "lot_code": "Lot F125",
    "vehicle_chassis_no": "2G1FP22G822155174"
  },
  {
    "lot_source_link": "https://www.mecum.com/lots/290949/2008-ford-f350/?aa_id=199342-0",
    "lot_code": "Lot F125.1",
    "vehicle_chassis_no": "1FTSF31R88EB69560"
  },
  {
    "lot_source_link": "https://www.mecum.com/lots/277912/1952-mg-td-replica/?aa_id=193835-0",
    "lot_code": "Lot F126",
    "vehicle_chassis_no": "0K1426601"
  },
  {
    "lot_source_link": "https://www.mecum.com/lots/277913/1903-oldsmobile-replica/?aa_id=193836-0",
    "lot_code": "Lot F127",
    "vehicle_chassis_no": "SOLD ON BILL OF SALE"
  },
  {
    "lot_source_link": "https://www.mecum.com/lots/291140/1964-ford-thunderbird-convertible/?aa_id=199496-0",
    "lot_code": "Lot F127.1",
    "vehicle_chassis_no": "4Y85Z164562"
  },
  {
    "lot_source_link": "https://www.mecum.com/lots/277914/1972-lincoln-continental/?aa_id=193837-0",
    "lot_code": "Lot F128",
    "vehicle_chassis_no": "2Y81A826778"
  },
  {
    "lot_source_link": "https://www.mecum.com/lots/291200/1992-chevrolet-camaro/?aa_id=199541-0",
    "lot_code": "Lot F129.1",
    "vehicle_chassis_no": "1G1FP23E3NL161076"
  },
  {
    "lot_source_link": "https://www.mecum.com/lots/287700/1984-chevrolet-c10-pickup/?aa_id=198132-0",
    "lot_code": "Lot F130",
    "vehicle_chassis_no": "1GCCC14D4ES156464"
  },
  {
    "lot_source_link": "https://www.mecum.com/lots/277917/2000-porsche-boxster/?aa_id=193838-0",
    "lot_code": "Lot F131",
    "vehicle_chassis_no": "WP0CA2985YU625917"
  },
  {
    "lot_source_link": "https://www.mecum.com/lots/287702/1995-chevrolet-impala-ss/?aa_id=198133-0",
    "lot_code": "Lot F131.1",
    "vehicle_chassis_no": "1G1BL52P4SR104103"
  },
  {
    "lot_source_link": "https://www.mecum.com/lots/277918/1954-chrysler-windsor-deluxe-town-country-wagon/?aa_id=193839-0",
    "lot_code": "Lot F132",
    "vehicle_chassis_no": "70158319"
  },
  {
    "lot_source_link": "https://www.mecum.com/lots/291034/1994-gmc-yukon-gt/?aa_id=199414-0",
    "lot_code": "Lot F132.1",
    "vehicle_chassis_no": "1GKEK18K0RJ755172"
  },
  {
    "lot_source_link": "https://www.mecum.com/lots/277919/1960-chevrolet-corvette-convertible/?aa_id=193840-0",
    "lot_code": "Lot F133",
    "vehicle_chassis_no": "00867S109963"
  },
  {
    "lot_source_link": "https://www.mecum.com/lots/291113/1965-lancia-fulvia/?aa_id=199474-0",
    "lot_code": "Lot F133.1",
    "vehicle_chassis_no": "818131003214"
  },
  {
    "lot_source_link": "https://www.mecum.com/lots/277920/1971-chevrolet-c10-pickup/?aa_id=193841-0",
    "lot_code": "Lot F134",
    "vehicle_chassis_no": "IA042840"
  },
  {
    "lot_source_link": "https://www.mecum.com/lots/277921/1942-ford-coupe/?aa_id=193842-0",
    "lot_code": "Lot F135",
    "vehicle_chassis_no": "186774199"
  },
  {
    "lot_source_link": "https://www.mecum.com/lots/290978/1985-buick-riviera-convertible/?aa_id=199366-0",
    "lot_code": "Lot F135.1",
    "vehicle_chassis_no": "1G4EZ6791FE410655"
  },
  {
    "lot_source_link": "https://www.mecum.com/lots/277922/1982-jeep-cj-7/?aa_id=193843-0",
    "lot_code": "Lot F136",
    "vehicle_chassis_no": "1JCCE87A6CT062225"
  },
  {
    "lot_source_link": "https://www.mecum.com/lots/277923/1996-honda-accord-station-wagon/?aa_id=193844-0",
    "lot_code": "Lot F137",
    "vehicle_chassis_no": "1HGCE1821TA001524"
  },
  {
    "lot_source_link": "https://www.mecum.com/lots/291114/1972-chevrolet-cheyenne-super-pickup/?aa_id=199475-0",
    "lot_code": "Lot F137.1",
    "vehicle_chassis_no": "CCE142S192650"
  },
  {
    "lot_source_link": "https://www.mecum.com/lots/277924/1993-jaguar-xjs-convertible/?aa_id=193845-0",
    "lot_code": "Lot F138",
    "vehicle_chassis_no": "SAJNW4744PC186060"
  },
  {
    "lot_source_link": "https://www.mecum.com/lots/291035/2009-land-rover-range-rover-sport/?aa_id=199415-0",
    "lot_code": "Lot F138.1",
    "vehicle_chassis_no": "SALSK25499A190410"
  },
  {
    "lot_source_link": "https://www.mecum.com/lots/277925/1967-chevrolet-impala-ss-convertible/?aa_id=193846-0",
    "lot_code": "Lot F139",
    "vehicle_chassis_no": "168677T203022"
  },
  {
    "lot_source_link": "https://www.mecum.com/lots/277926/1965-pontiac-lemans/?aa_id=193847-0",
    "lot_code": "Lot F140",
    "vehicle_chassis_no": "237275Z127916"
  },
  {
    "lot_source_link": "https://www.mecum.com/lots/277927/1983-chevrolet-suburban/?aa_id=193848-0",
    "lot_code": "Lot F141",
    "vehicle_chassis_no": "1G8GK26M5DF149192"
  },
  {
    "lot_source_link": "https://www.mecum.com/lots/277928/1968-chevrolet-el-camino/?aa_id=193849-0",
    "lot_code": "Lot F142",
    "vehicle_chassis_no": "134808Z144180"
  },
  {
    "lot_source_link": "https://www.mecum.com/lots/277929/1957-ford-thunderbird/?aa_id=193850-0",
    "lot_code": "Lot F143",
    "vehicle_chassis_no": "D7FH268898"
  },
  {
    "lot_source_link": "https://www.mecum.com/lots/290950/1988-ford-mustang/?aa_id=199343-0",
    "lot_code": "Lot F143.1",
    "vehicle_chassis_no": "1FABP42E8JF145151"
  },
  {
    "lot_source_link": "https://www.mecum.com/lots/277930/1960-chevrolet-impala-resto-mod/?aa_id=193851-0",
    "lot_code": "Lot F144",
    "vehicle_chassis_no": "01837N184620"
  },
  {
    "lot_source_link": "https://www.mecum.com/lots/277931/1968-chevrolet-chevelle/?aa_id=193852-0",
    "lot_code": "Lot F145",
    "vehicle_chassis_no": "136378K224575"
  },
  {
    "lot_source_link": "https://www.mecum.com/lots/277932/1992-chevrolet-corvette-zr1/?aa_id=193853-0",
    "lot_code": "Lot F146",
    "vehicle_chassis_no": "1G1YZ23J9N5800484"
  },
  {
    "lot_source_link": "https://www.mecum.com/lots/277933/1973-volkswagen-thing/?aa_id=193854-0",
    "lot_code": "Lot F147",
    "vehicle_chassis_no": "1833015461"
  },
  {
    "lot_source_link": "https://www.mecum.com/lots/292907/1989-mercedes-benz-560sl/?aa_id=200180-0",
    "lot_code": "Lot F147.2",
    "vehicle_chassis_no": "WDBBA48D9KA096081"
  },
  {
    "lot_source_link": "https://www.mecum.com/lots/277934/2007-hummer-h3/?aa_id=193855-0",
    "lot_code": "Lot F148",
    "vehicle_chassis_no": "5GTDN13E278216226"
  },
  {
    "lot_source_link": "https://www.mecum.com/lots/277935/1967-ford-f100-pickup/?aa_id=193856-0",
    "lot_code": "Lot F149",
    "vehicle_chassis_no": "F10ADB27743"
  },
  {
    "lot_source_link": "https://www.mecum.com/lots/277936/1991-pontiac-tojan-knightmare/?aa_id=193857-0",
    "lot_code": "Lot F150",
    "vehicle_chassis_no": "1G2FS2382ML210318"
  },
  {
    "lot_source_link": "https://www.mecum.com/lots/290979/1935-plymouth-street-rod/?aa_id=199367-0",
    "lot_code": "Lot F150.1",
    "vehicle_chassis_no": "2623523"
  },
  {
    "lot_source_link": "https://www.mecum.com/lots/277937/2008-mercedes-benz-e63-amg/?aa_id=193858-0",
    "lot_code": "Lot F151",
    "vehicle_chassis_no": "WDBUF77X88B232341"
  },
  {
    "lot_source_link": "https://www.mecum.com/lots/292949/2016-dodge-charger-r-t/?aa_id=200210-0",
    "lot_code": "Lot F151.1",
    "vehicle_chassis_no": "2C3CDXCT5GH258394"
  },
  {
    "lot_source_link": "https://www.mecum.com/lots/277938/1972-chevrolet-k10-pickup/?aa_id=193859-0",
    "lot_code": "Lot F152",
    "vehicle_chassis_no": "CKE142Z104685"
  },
  {
    "lot_source_link": "https://www.mecum.com/lots/288492/1966-chevrolet-corvette-convertible/?aa_id=198615-0",
    "lot_code": "Lot F152.1",
    "vehicle_chassis_no": "194676S105508"
  },
  {
    "lot_source_link": "https://www.mecum.com/lots/291116/1965-chevrolet-malibu-ss/?aa_id=199476-0",
    "lot_code": "Lot F153",
    "vehicle_chassis_no": "138375Z146808"
  },
  {
    "lot_source_link": "https://www.mecum.com/lots/292979/1972-pontiac-lemans-gt-convertible/?aa_id=200227-0",
    "lot_code": "Lot F153.1",
    "vehicle_chassis_no": "2D67M2P118056"
  },
  {
    "lot_source_link": "https://www.mecum.com/lots/290349/1967-ford-mustang/?aa_id=199225-0",
    "lot_code": "Lot F154.1",
    "vehicle_chassis_no": "7R01C141087"
  },
  {
    "lot_source_link": "https://www.mecum.com/lots/277941/1954-chevrolet-210/?aa_id=193860-0",
    "lot_code": "Lot F155",
    "vehicle_chassis_no": "54B035688"
  },
  {
    "lot_source_link": "https://www.mecum.com/lots/277942/2000-chevrolet-corvette-convertible/?aa_id=193861-0",
    "lot_code": "Lot F156",
    "vehicle_chassis_no": "1G1YY32G8Y5109871"
  },
  {
    "lot_source_link": "https://www.mecum.com/lots/291148/1966-volkswagen-beetle/?aa_id=199504-0",
    "lot_code": "Lot F156.1",
    "vehicle_chassis_no": "116390444"
  },
  {
    "lot_source_link": "https://www.mecum.com/lots/277943/1964-chevrolet-c10-pickup/?aa_id=193862-0",
    "lot_code": "Lot F157",
    "vehicle_chassis_no": "4C143S203450"
  },
  {
    "lot_source_link": "https://www.mecum.com/lots/277944/1964-willys-wagoneer/?aa_id=193863-0",
    "lot_code": "Lot F158",
    "vehicle_chassis_no": "1314C10797"
  },
  {
    "lot_source_link": "https://www.mecum.com/lots/277945/1937-gmc-pickup-street-rod/?aa_id=193864-0",
    "lot_code": "Lot F159",
    "vehicle_chassis_no": "T14315125"
  },
  {
    "lot_source_link": "https://www.mecum.com/lots/288526/2016-ford-mustang-gt-premium/?aa_id=198638-0",
    "lot_code": "Lot F159.1",
    "vehicle_chassis_no": "1FA6P8CF2G5298896"
  },
  {
    "lot_source_link": "https://www.mecum.com/lots/277946/1969-buick-skylark/?aa_id=193865-0",
    "lot_code": "Lot F160",
    "vehicle_chassis_no": "444379Z101195"
  },
  {
    "lot_source_link": "https://www.mecum.com/lots/291117/1950-ford-custom/?aa_id=199477-0",
    "lot_code": "Lot F161.1",
    "vehicle_chassis_no": "B0CH215063"
  },
  {
    "lot_source_link": "https://www.mecum.com/lots/277948/1969-chevrolet-el-camino-ss/?aa_id=193866-0",
    "lot_code": "Lot F162",
    "vehicle_chassis_no": "136809K369453"
  },
  {
    "lot_source_link": "https://www.mecum.com/lots/277949/1931-ford-model-a-deluxe-roadster/?aa_id=193867-0",
    "lot_code": "Lot F163",
    "vehicle_chassis_no": "A4575117"
  },
  {
    "lot_source_link": "https://www.mecum.com/lots/277950/2000-ford-f750-pickup/?aa_id=193868-0",
    "lot_code": "Lot F164",
    "vehicle_chassis_no": "3FDXW75N0YMA02846"
  },
  {
    "lot_source_link": "https://www.mecum.com/lots/277951/1964-chevrolet-el-camino/?aa_id=193869-0",
    "lot_code": "Lot F165",
    "vehicle_chassis_no": "45380K180020"
  },
  {
    "lot_source_link": "https://www.mecum.com/lots/277952/2006-pontiac-g6-gt-convertible/?aa_id=193870-0",
    "lot_code": "Lot F166",
    "vehicle_chassis_no": "1G2ZH358564281623"
  },
  {
    "lot_source_link": "https://www.mecum.com/lots/277953/1967-chevrolet-camaro-rs-ss/?aa_id=193871-0",
    "lot_code": "Lot F167",
    "vehicle_chassis_no": "124377L111778"
  },
  {
    "lot_source_link": "https://www.mecum.com/lots/277954/1968-chrysler-newport/?aa_id=193872-0",
    "lot_code": "Lot F168",
    "vehicle_chassis_no": "CL23G8C237108"
  },
  {
    "lot_source_link": "https://www.mecum.com/lots/290350/1967-mercury-monterey/?aa_id=199226-0",
    "lot_code": "Lot F168.1",
    "vehicle_chassis_no": "7Z47H583491"
  },
  {
    "lot_source_link": "https://www.mecum.com/lots/277955/1923-maxwell-25-club-coupe/?aa_id=193873-0",
    "lot_code": "Lot F169",
    "vehicle_chassis_no": "463278"
  },
  {
    "lot_source_link": "https://www.mecum.com/lots/288538/1969-ford-mustang-fastback/?aa_id=198648-0",
    "lot_code": "Lot F170",
    "vehicle_chassis_no": "9F02F218587"
  },
  {
    "lot_source_link": "https://www.mecum.com/lots/291162/1970-chevrolet-corvette-convertible/?aa_id=199510-0",
    "lot_code": "Lot F170.1",
    "vehicle_chassis_no": "194670S410160"
  },
  {
    "lot_source_link": "https://www.mecum.com/lots/277957/1969-chevrolet-camaro-rs-ss-pace-car-edition/?aa_id=193874-0",
    "lot_code": "Lot F171",
    "vehicle_chassis_no": "124679N624625"
  },
  {
    "lot_source_link": "https://www.mecum.com/lots/291118/1951-dodge-b-5-window-pickup/?aa_id=199478-0",
    "lot_code": "Lot F171.1",
    "vehicle_chassis_no": "AZ224065"
  },
  {
    "lot_source_link": "https://www.mecum.com/lots/277958/2008-chrysler-crossfire/?aa_id=193875-0",
    "lot_code": "Lot F172",
    "vehicle_chassis_no": "1C3LN69L38X075510"
  },
  {
    "lot_source_link": "https://www.mecum.com/lots/277959/1973-gmc-sprint-sp/?aa_id=193876-0",
    "lot_code": "Lot F173",
    "vehicle_chassis_no": "5D80Y3K501433"
  },
  {
    "lot_source_link": "https://www.mecum.com/lots/291036/1930-ford-model-a-roadster/?aa_id=199416-0",
    "lot_code": "Lot F173.1",
    "vehicle_chassis_no": "KS131243"
  },
  {
    "lot_source_link": "https://www.mecum.com/lots/288479/1971-pontiac-t-37/?aa_id=198604-0",
    "lot_code": "Lot F174",
    "vehicle_chassis_no": "233371P603435"
  },
  {
    "lot_source_link": "https://www.mecum.com/lots/277961/1951-chevrolet-pickup/?aa_id=193877-0",
    "lot_code": "Lot F175",
    "vehicle_chassis_no": "3JPJ32230"
  },
  {
    "lot_source_link": "https://www.mecum.com/lots/291149/2001-mercedes-benz-s430/?aa_id=199505-0",
    "lot_code": "Lot F175.1",
    "vehicle_chassis_no": "WDBNG70J91A214353"
  },
  {
    "lot_source_link": "https://www.mecum.com/lots/277962/1998-chevrolet-s10-ss-pickup/?aa_id=193878-0",
    "lot_code": "Lot F176",
    "vehicle_chassis_no": "1GCCS14WXW8207159"
  },
  {
    "lot_source_link": "https://www.mecum.com/lots/277963/1937-plymouth-street-rod/?aa_id=193879-0",
    "lot_code": "Lot F177",
    "vehicle_chassis_no": "10333207"
  },
  {
    "lot_source_link": "https://www.mecum.com/lots/292891/1972-chevrolet-c10-pickup/?aa_id=200167-0",
    "lot_code": "Lot F177.1",
    "vehicle_chassis_no": "CCE142F374844"
  },
  {
    "lot_source_link": "https://www.mecum.com/lots/277965/2001-mercedes-benz-cl500/?aa_id=193880-0",
    "lot_code": "Lot F179",
    "vehicle_chassis_no": "WDBPJ75J41A015908"
  },
  {
    "lot_source_link": "https://www.mecum.com/lots/292892/2003-ford-mustang-svt-cobra-convertible/?aa_id=200168-0",
    "lot_code": "Lot F179.1",
    "vehicle_chassis_no": "1FAFP49Y63F331744"
  },
  {
    "lot_source_link": "https://www.mecum.com/lots/291037/1969-chevrolet-camaro/?aa_id=199417-0",
    "lot_code": "Lot F180.1",
    "vehicle_chassis_no": "124379L510370"
  },
  {
    "lot_source_link": "https://www.mecum.com/lots/277967/1970-chevrolet-c10-pickup/?aa_id=193881-0",
    "lot_code": "Lot F181",
    "vehicle_chassis_no": "CE140A135987"
  },
  {
    "lot_source_link": "https://www.mecum.com/lots/291119/1971-chevrolet-c10-pickup/?aa_id=199479-0",
    "lot_code": "Lot F181.1",
    "vehicle_chassis_no": "CS141Z610482"
  },
  {
    "lot_source_link": "https://www.mecum.com/lots/277968/1979-pontiac-trans-am/?aa_id=193882-0",
    "lot_code": "Lot F182",
    "vehicle_chassis_no": "2W87W9L174781"
  },
  {
    "lot_source_link": "https://www.mecum.com/lots/277969/1966-chevrolet-impala/?aa_id=193883-0",
    "lot_code": "Lot F183",
    "vehicle_chassis_no": "164376S167008"
  },
  {
    "lot_source_link": "https://www.mecum.com/lots/292893/1973-chevrolet-camaro/?aa_id=200169-0",
    "lot_code": "Lot F184.1",
    "vehicle_chassis_no": "1087K3N131127"
  },
  {
    "lot_source_link": "https://www.mecum.com/lots/277971/1975-bricklin-sv-1/?aa_id=193884-0",
    "lot_code": "Lot F185",
    "vehicle_chassis_no": "00021BX5S001144"
  },
  {
    "lot_source_link": "https://www.mecum.com/lots/277972/1970-chevrolet-suburban/?aa_id=193885-0",
    "lot_code": "Lot F186",
    "vehicle_chassis_no": "KE160F146575"
  },
  {
    "lot_source_link": "https://www.mecum.com/lots/277973/2004-mercedes-benz-sl500-convertible/?aa_id=193886-0",
    "lot_code": "Lot F187",
    "vehicle_chassis_no": "WDBSK75F94F080702"
  },
  {
    "lot_source_link": "https://www.mecum.com/lots/277974/1992-dodge-w250-pickup/?aa_id=193887-0",
    "lot_code": "Lot F188",
    "vehicle_chassis_no": "1B7KM26C9NS622599"
  },
  {
    "lot_source_link": "https://www.mecum.com/lots/277975/1965-volkswagen-bus/?aa_id=193888-0",
    "lot_code": "Lot F189",
    "vehicle_chassis_no": "MVIN355484IND"
  },
  {
    "lot_source_link": "https://www.mecum.com/lots/277977/1991-cadillac-allante-convertible/?aa_id=193890-0",
    "lot_code": "Lot F191",
    "vehicle_chassis_no": "1G6VS3384MU126401"
  },
  {
    "lot_source_link": "https://www.mecum.com/lots/277978/1970-mercury-cougar/?aa_id=193891-0",
    "lot_code": "Lot F192",
    "vehicle_chassis_no": "0F91H518935"
  },
  {
    "lot_source_link": "https://www.mecum.com/lots/277979/1981-pontiac-trans-am/?aa_id=193892-0",
    "lot_code": "Lot F193",
    "vehicle_chassis_no": "1G2AW87W4BL100278"
  },
  {
    "lot_source_link": "https://www.mecum.com/lots/277980/1963-ford-galaxie/?aa_id=193893-0",
    "lot_code": "Lot F194",
    "vehicle_chassis_no": "3D68Z146077"
  },
  {
    "lot_source_link": "https://www.mecum.com/lots/277981/2002-chevrolet-camaro-z28/?aa_id=193894-0",
    "lot_code": "Lot F195",
    "vehicle_chassis_no": "2G1FP22G022124212"
  },
  {
    "lot_source_link": "https://www.mecum.com/lots/277982/1947-ford-flatbed-pickup/?aa_id=193895-0",
    "lot_code": "Lot F196",
    "vehicle_chassis_no": "799T1682482"
  },
  {
    "lot_source_link": "https://www.mecum.com/lots/277984/1977-chevrolet-corvette-coupe/?aa_id=193896-0",
    "lot_code": "Lot F198",
    "vehicle_chassis_no": "1Z3L7S427082"
  },
  {
    "lot_source_link": "https://www.mecum.com/lots/277985/1985-buick-regal/?aa_id=193897-0",
    "lot_code": "Lot F199",
    "vehicle_chassis_no": "1G4GK479XFP415147"
  },
  {
    "lot_source_link": "https://www.mecum.com/lots/277987/1954-chevrolet-3100-5-window-pickup/?aa_id=193898-0",
    "lot_code": "Lot F201",
    "vehicle_chassis_no": "0570535F54X"
  },
  {
    "lot_source_link": "https://www.mecum.com/lots/277988/1989-roadster/?aa_id=193899-0",
    "lot_code": "Lot F202",
    "vehicle_chassis_no": "AZ282702"
  },
  {
    "lot_source_link": "https://www.mecum.com/lots/277989/1992-gmc-sierra-1500-pickup/?aa_id=193900-0",
    "lot_code": "Lot F203",
    "vehicle_chassis_no": "1GTEK14K3NZ520598"
  },
  {
    "lot_source_link": "https://www.mecum.com/lots/277990/1961-metropolitan-series-iv-convertible/?aa_id=193901-0",
    "lot_code": "Lot F204",
    "vehicle_chassis_no": "E92077"
  },
  {
    "lot_source_link": "https://www.mecum.com/lots/277991/1981-chevrolet-camaro-z28/?aa_id=193902-0",
    "lot_code": "Lot F205",
    "vehicle_chassis_no": "1G1AP87L4BL138584"
  },
  {
    "lot_source_link": "https://www.mecum.com/lots/277992/1988-gmc-suburban-2500/?aa_id=193903-0",
    "lot_code": "Lot F206",
    "vehicle_chassis_no": "1GKGR26N0JF517983"
  },
  {
    "lot_source_link": "https://www.mecum.com/lots/277993/1955-gmc-custom-pickup/?aa_id=193904-0",
    "lot_code": "Lot F207",
    "vehicle_chassis_no": "152PY2868"
  },
  {
    "lot_source_link": "https://www.mecum.com/lots/277995/2004-cadillac-xlr-convertible/?aa_id=193905-0",
    "lot_code": "Lot F209",
    "vehicle_chassis_no": "1G6YV34A85601709"
  },
  {
    "lot_source_link": "https://www.mecum.com/lots/277997/2005-hummer-h2/?aa_id=193906-0",
    "lot_code": "Lot F211",
    "vehicle_chassis_no": "5GRGN23U45H103522"
  },
  {
    "lot_source_link": "https://www.mecum.com/lots/277998/1989-chevrolet-camaro-iroc-z-convertible/?aa_id=193907-0",
    "lot_code": "Lot F212",
    "vehicle_chassis_no": "1G1FP31F5KL128058"
  },
  {
    "lot_source_link": "https://www.mecum.com/lots/277999/1996-dodge-stealth-r-t/?aa_id=193908-0",
    "lot_code": "Lot F213",
    "vehicle_chassis_no": "JB3AM84J7TY004953"
  },
  {
    "lot_source_link": "https://www.mecum.com/lots/278000/1962-dodge-m37-pickup/?aa_id=193909-0",
    "lot_code": "Lot F214",
    "vehicle_chassis_no": "66717"
  },
  {
    "lot_source_link": "https://www.mecum.com/lots/278001/1979-pontiac-trans-am/?aa_id=193910-0",
    "lot_code": "Lot F215",
    "vehicle_chassis_no": "2W87K9L175207"
  },
  {
    "lot_source_link": "https://www.mecum.com/lots/278002/1994-chevrolet-corvette-coupe/?aa_id=193911-0",
    "lot_code": "Lot F216",
    "vehicle_chassis_no": "1G1YY22P0R5104420"
  },
  {
    "lot_source_link": "https://www.mecum.com/lots/278003/1973-ford-f250-pickup/?aa_id=193912-0",
    "lot_code": "Lot F217",
    "vehicle_chassis_no": "F25HRQ23117"
  },
  {
    "lot_source_link": "https://www.mecum.com/lots/278004/1979-pontiac-firebird-formula/?aa_id=193913-0",
    "lot_code": "Lot F218",
    "vehicle_chassis_no": "2U87Z9L133021"
  },
  {
    "lot_source_link": "https://www.mecum.com/lots/278005/1985-buick-riviera/?aa_id=193914-0",
    "lot_code": "Lot F219",
    "vehicle_chassis_no": "1G4EZ57Y9FE409903"
  },
  {
    "lot_source_link": "https://www.mecum.com/lots/278006/1970-gmc-sierra-grande-pickup/?aa_id=193915-0",
    "lot_code": "Lot F220",
    "vehicle_chassis_no": "CE134SZ75011"
  },
  {
    "lot_source_link": "https://www.mecum.com/lots/278007/1965-ford-mustang/?aa_id=193916-0",
    "lot_code": "Lot F221",
    "vehicle_chassis_no": "5F07T763996"
  },
  {
    "lot_source_link": "https://www.mecum.com/lots/278008/1988-chevrolet-k5-blazer/?aa_id=193917-0",
    "lot_code": "Lot F222",
    "vehicle_chassis_no": "1GNEV18K9JF162976"
  },
  {
    "lot_source_link": "https://www.mecum.com/lots/278010/1995-chevrolet-camaro/?aa_id=193918-0",
    "lot_code": "Lot F224",
    "vehicle_chassis_no": "SOLD ON BILL OF SALE"
  },
  {
    "lot_source_link": "https://www.mecum.com/lots/278011/1958-chevrolet-apache-pickup/?aa_id=193919-0",
    "lot_code": "Lot F225",
    "vehicle_chassis_no": "3B58J101884"
  },
  {
    "lot_source_link": "https://www.mecum.com/lots/278012/1955-ford-thunderbird/?aa_id=193920-0",
    "lot_code": "Lot F226",
    "vehicle_chassis_no": "P5FH168054"
  },
  {
    "lot_source_link": "https://www.mecum.com/lots/278013/1977-chevrolet-corvette-coupe/?aa_id=193921-0",
    "lot_code": "Lot F227",
    "vehicle_chassis_no": "1Z37X7S421069"
  },
  {
    "lot_source_link": "https://www.mecum.com/lots/278014/1966-chevrolet-corvette-convertible/?aa_id=193922-0",
    "lot_code": "Lot F228",
    "vehicle_chassis_no": "194676S101471"
  },
  {
    "lot_source_link": "https://www.mecum.com/lots/278015/2008-international-mxt-pickup/?aa_id=193923-0",
    "lot_code": "Lot F229",
    "vehicle_chassis_no": "5RJSXAFH68W547510"
  },
  {
    "lot_source_link": "https://www.mecum.com/lots/278147/1975-mercedes-benz-450sl/?aa_id=193924-0",
    "lot_code": "Lot S1",
    "vehicle_chassis_no": "10704412022827"
  },
  {
    "lot_source_link": "https://www.mecum.com/lots/292984/1996-dodge-ram-3500-pickup/?aa_id=200229-0",
    "lot_code": "Lot S1.1",
    "vehicle_chassis_no": "1B7MC33W4TJ150959"
  },
  {
    "lot_source_link": "https://www.mecum.com/lots/278149/1976-chevrolet-corvette-coupe/?aa_id=193926-0",
    "lot_code": "Lot S3",
    "vehicle_chassis_no": "1Z37L6S416698"
  },
  {
    "lot_source_link": "https://www.mecum.com/lots/292985/1935-plymouth-street-rod/?aa_id=200230-0",
    "lot_code": "Lot S4.1",
    "vehicle_chassis_no": "2623523"
  },
  {
    "lot_source_link": "https://www.mecum.com/lots/278151/1926-ford-pickup/?aa_id=193928-0",
    "lot_code": "Lot S5",
    "vehicle_chassis_no": "26R0D3318"
  },
  {
    "lot_source_link": "https://www.mecum.com/lots/278152/1979-buick-riviera/?aa_id=193929-0",
    "lot_code": "Lot S6",
    "vehicle_chassis_no": "4Y57R9E111147"
  },
  {
    "lot_source_link": "https://www.mecum.com/lots/292894/1972-chevrolet-c10-silverado-pickup/?aa_id=200170-0",
    "lot_code": "Lot S6.1",
    "vehicle_chassis_no": "CCE142S11779"
  },
  {
    "lot_source_link": "https://www.mecum.com/lots/278153/1994-ford-thunderbird-nascar/?aa_id=193930-0",
    "lot_code": "Lot S7",
    "vehicle_chassis_no": "SOLD ON BILL OF SALE"
  },
  {
    "lot_source_link": "https://www.mecum.com/lots/292987/2008-bmw-5-series/?aa_id=200232-0",
    "lot_code": "Lot S7.1",
    "vehicle_chassis_no": "WBANU53518CT00023"
  },
  {
    "lot_source_link": "https://www.mecum.com/lots/278154/1999-pontiac-firebird-formula/?aa_id=193931-0",
    "lot_code": "Lot S8",
    "vehicle_chassis_no": "2G2FV22G1X2200688"
  },
  {
    "lot_source_link": "https://www.mecum.com/lots/292895/1946-hudson-pickup/?aa_id=200171-0",
    "lot_code": "Lot S8.1",
    "vehicle_chassis_no": "3889919"
  },
  {
    "lot_source_link": "https://www.mecum.com/lots/278155/2005-mercedes-benz-sl500-convertible/?aa_id=193932-0",
    "lot_code": "Lot S9",
    "vehicle_chassis_no": "WDBSK75FX5F088583"
  },
  {
    "lot_source_link": "https://www.mecum.com/lots/278156/1959-chevrolet-3100-apache-fleetside/?aa_id=193933-0",
    "lot_code": "Lot S10",
    "vehicle_chassis_no": "3A59J102691"
  },
  {
    "lot_source_link": "https://www.mecum.com/lots/292986/1990-porsche-944-cabriolet/?aa_id=200231-0",
    "lot_code": "Lot S10.1",
    "vehicle_chassis_no": "WP0CB2948LN480918"
  },
  {
    "lot_source_link": "https://www.mecum.com/lots/278157/1979-ford-mustang-pace-car-edition/?aa_id=193934-0",
    "lot_code": "Lot S11",
    "vehicle_chassis_no": "9F03F486898"
  },
  {
    "lot_source_link": "https://www.mecum.com/lots/278158/1962-ford-thunderbird/?aa_id=193935-0",
    "lot_code": "Lot S12",
    "vehicle_chassis_no": "2Y83Z155454"
  },
  {
    "lot_source_link": "https://www.mecum.com/lots/278159/1965-chevrolet-c10-pickup/?aa_id=193936-0",
    "lot_code": "Lot S13",
    "vehicle_chassis_no": "C1545S117153"
  },
  {
    "lot_source_link": "https://www.mecum.com/lots/278160/1998-chevrolet-corvette-pace-car-edition/?aa_id=193937-0",
    "lot_code": "Lot S14",
    "vehicle_chassis_no": "1G1YY32G0W5118528"
  },
  {
    "lot_source_link": "https://www.mecum.com/lots/278161/1983-chevrolet-k10-silverado-pickup/?aa_id=193938-0",
    "lot_code": "Lot S15",
    "vehicle_chassis_no": "1GCEK14H3DS144691"
  },
  {
    "lot_source_link": "https://www.mecum.com/lots/278162/1977-chevrolet-1500-pickup/?aa_id=193939-0",
    "lot_code": "Lot S16",
    "vehicle_chassis_no": "CKR147J123281"
  },
  {
    "lot_source_link": "https://www.mecum.com/lots/278163/1970-ford-mustang-convertible/?aa_id=193940-0",
    "lot_code": "Lot S17",
    "vehicle_chassis_no": "0F03H187222"
  },
  {
    "lot_source_link": "https://www.mecum.com/lots/278164/1970-chevrolet-chevelle/?aa_id=193941-0",
    "lot_code": "Lot S18",
    "vehicle_chassis_no": "136370L136266"
  },
  {
    "lot_source_link": "https://www.mecum.com/lots/278165/2003-mercedes-benz-sl500-convertible/?aa_id=193942-0",
    "lot_code": "Lot S19",
    "vehicle_chassis_no": "WDBSK75F83F032879"
  },
  {
    "lot_source_link": "https://www.mecum.com/lots/278166/1978-pontiac-trans-am/?aa_id=193943-0",
    "lot_code": "Lot S20",
    "vehicle_chassis_no": "2W87Z8N194286"
  },
  {
    "lot_source_link": "https://www.mecum.com/lots/292988/2006-mercedes-benz-clk350/?aa_id=200233-0",
    "lot_code": "Lot S20.1",
    "vehicle_chassis_no": "WDBTJ56J66F176109"
  },
  {
    "lot_source_link": "https://www.mecum.com/lots/278167/1955-ford-thunderbird/?aa_id=193944-0",
    "lot_code": "Lot S21",
    "vehicle_chassis_no": "P5FH100082"
  },
  {
    "lot_source_link": "https://www.mecum.com/lots/278168/1949-hudson-super-6/?aa_id=193945-0",
    "lot_code": "Lot S22",
    "vehicle_chassis_no": "491154878"
  },
  {
    "lot_source_link": "https://www.mecum.com/lots/278169/1966-ford-mustang-convertible/?aa_id=193946-0",
    "lot_code": "Lot S23",
    "vehicle_chassis_no": "6F08C107394"
  },
  {
    "lot_source_link": "https://www.mecum.com/lots/278170/1970-chevrolet-corvette-lt1-convertible/?aa_id=193947-0",
    "lot_code": "Lot S24",
    "vehicle_chassis_no": "194670S409474"
  },
  {
    "lot_source_link": "https://www.mecum.com/lots/278171/1940-ford-pickup/?aa_id=193948-0",
    "lot_code": "Lot S25",
    "vehicle_chassis_no": "DR137650M0"
  },
  {
    "lot_source_link": "https://www.mecum.com/lots/278172/1970-chevrolet-corvette-lt1-convertible/?aa_id=193949-0",
    "lot_code": "Lot S26",
    "vehicle_chassis_no": "194670S416148"
  },
  {
    "lot_source_link": "https://www.mecum.com/lots/278173/2006-mercedes-benz-clk350-convertible/?aa_id=193950-0",
    "lot_code": "Lot S27",
    "vehicle_chassis_no": "WDBTK56H36F189474"
  },
  {
    "lot_source_link": "https://www.mecum.com/lots/278174/1970-plymouth-duster/?aa_id=193951-0",
    "lot_code": "Lot S28",
    "vehicle_chassis_no": "VS29H0B159317"
  },
  {
    "lot_source_link": "https://www.mecum.com/lots/278175/1969-pontiac-firebird/?aa_id=193952-0",
    "lot_code": "Lot S29",
    "vehicle_chassis_no": "223379L107179"
  },
  {
    "lot_source_link": "https://www.mecum.com/lots/278176/2002-lexus-sc430-convertible/?aa_id=193953-0",
    "lot_code": "Lot S30",
    "vehicle_chassis_no": "JTHFN48Y920019547"
  },
  {
    "lot_source_link": "https://www.mecum.com/lots/291120/1985-toyota-fj-60-land-cruiser/?aa_id=199480-0",
    "lot_code": "Lot S30.1",
    "vehicle_chassis_no": "JT3FJ60G4F1128028"
  },
  {
    "lot_source_link": "https://www.mecum.com/lots/292908/1974-alfa-romeo-coupe/?aa_id=200181-0",
    "lot_code": "Lot S30.2",
    "vehicle_chassis_no": "3023153"
  },
  {
    "lot_source_link": "https://www.mecum.com/lots/278177/2010-parcar-summit-nev/?aa_id=193954-0",
    "lot_code": "Lot S31",
    "vehicle_chassis_no": "5FCLS46B7A1000845"
  },
  {
    "lot_source_link": "https://www.mecum.com/lots/278178/2003-mercedes-benz-sl500/?aa_id=193955-0",
    "lot_code": "Lot S32",
    "vehicle_chassis_no": "WDBSK75F53F030524"
  },
  {
    "lot_source_link": "https://www.mecum.com/lots/278179/1983-porsche-944-coupe/?aa_id=193956-0",
    "lot_code": "Lot S33",
    "vehicle_chassis_no": "WP0AA094XDN452019"
  },
  {
    "lot_source_link": "https://www.mecum.com/lots/288494/1974-chevrolet-corvette-coupe/?aa_id=198616-0",
    "lot_code": "Lot S33.1",
    "vehicle_chassis_no": "1Z37Z4S419577"
  },
  {
    "lot_source_link": "https://www.mecum.com/lots/278180/1999-chevrolet-camaro-ss-convertible/?aa_id=193957-0",
    "lot_code": "Lot S34",
    "vehicle_chassis_no": "2G1FP32G1X2131036"
  },
  {
    "lot_source_link": "https://www.mecum.com/lots/278181/1971-chevrolet-el-camino/?aa_id=193958-0",
    "lot_code": "Lot S35",
    "vehicle_chassis_no": null
  },
  {
    "lot_source_link": "https://www.mecum.com/lots/278182/1970-plymouth-barracuda/?aa_id=193959-0",
    "lot_code": "Lot S36",
    "vehicle_chassis_no": "BP23G0B106021"
  },
  {
    "lot_source_link": "https://www.mecum.com/lots/292935/1971-gmc-pickup/?aa_id=200202-0",
    "lot_code": "Lot S37.1",
    "vehicle_chassis_no": "CE134S116242"
  },
  {
    "lot_source_link": "https://www.mecum.com/lots/278184/2007-bmw-650ci-convertible/?aa_id=193960-0",
    "lot_code": "Lot S38",
    "vehicle_chassis_no": "WBAEK13567CN80289"
  },
  {
    "lot_source_link": "https://www.mecum.com/lots/291038/2004-chevrolet-corvette-z06-commemorative-edition/?aa_id=199418-0",
    "lot_code": "Lot S38.1",
    "vehicle_chassis_no": "1G1YY12SX45101998"
  },
  {
    "lot_source_link": "https://www.mecum.com/lots/278185/1953-ford-mainline/?aa_id=193961-0",
    "lot_code": "Lot S39",
    "vehicle_chassis_no": "A3RG110202"
  },
  {
    "lot_source_link": "https://www.mecum.com/lots/278186/1966-pontiac-gto/?aa_id=193962-0",
    "lot_code": "Lot S40",
    "vehicle_chassis_no": "242176P212823"
  },
  {
    "lot_source_link": "https://www.mecum.com/lots/288487/1983-jeep-cj-8-scrambler/?aa_id=198610-0",
    "lot_code": "Lot S40.1",
    "vehicle_chassis_no": "1JCCM88E9DT053458"
  },
  {
    "lot_source_link": "https://www.mecum.com/lots/278187/1958-ford-fairlane-500-skyliner/?aa_id=193963-0",
    "lot_code": "Lot S41",
    "vehicle_chassis_no": "H8KW108867"
  },
  {
    "lot_source_link": "https://www.mecum.com/lots/292989/1985-porsche-944/?aa_id=200234-0",
    "lot_code": "Lot S41.1",
    "vehicle_chassis_no": "WP0AA0944FN454688"
  },
  {
    "lot_source_link": "https://www.mecum.com/lots/278188/2003-ford-mustang/?aa_id=193964-0",
    "lot_code": "Lot S42",
    "vehicle_chassis_no": "1FAFP42RX3F440436"
  },
  {
    "lot_source_link": "https://www.mecum.com/lots/288495/1966-chevrolet-corvette-convertible/?aa_id=198617-0",
    "lot_code": "Lot S42.1",
    "vehicle_chassis_no": "194676S124552"
  },
  {
    "lot_source_link": "https://www.mecum.com/lots/278189/2011-mercedes-benz-e550-convertible/?aa_id=193965-0",
    "lot_code": "Lot S43",
    "vehicle_chassis_no": "WDDKK7CF6BF068675"
  },
  {
    "lot_source_link": "https://www.mecum.com/lots/291121/1974-bmw-2002tii/?aa_id=199481-0",
    "lot_code": "Lot S43.1",
    "vehicle_chassis_no": "2780827"
  },
  {
    "lot_source_link": "https://www.mecum.com/lots/278190/1977-chevrolet-corvette-coupe/?aa_id=193966-0",
    "lot_code": "Lot S44",
    "vehicle_chassis_no": "1Z37L7S413353"
  },
  {
    "lot_source_link": "https://www.mecum.com/lots/278191/1969-chevrolet-corvette-coupe/?aa_id=193967-0",
    "lot_code": "Lot S45",
    "vehicle_chassis_no": "194379S702951"
  },
  {
    "lot_source_link": "https://www.mecum.com/lots/290951/1988-nissan-safari-patrol/?aa_id=199344-0",
    "lot_code": "Lot S45.1",
    "vehicle_chassis_no": "VRY60502772"
  },
  {
    "lot_source_link": "https://www.mecum.com/lots/278192/1993-chevrolet-corvette-40th-anniversary/?aa_id=193968-0",
    "lot_code": "Lot S46",
    "vehicle_chassis_no": "1G1YY23P2P5115060"
  },
  {
    "lot_source_link": "https://www.mecum.com/lots/287739/1967-buick-riviera/?aa_id=198151-0",
    "lot_code": "Lot S47",
    "vehicle_chassis_no": "494877H927732"
  },
  {
    "lot_source_link": "https://www.mecum.com/lots/292896/1966-ford-mustang-convertible/?aa_id=200172-0",
    "lot_code": "Lot S47.1",
    "vehicle_chassis_no": "6F08C324989"
  },
  {
    "lot_source_link": "https://www.mecum.com/lots/278194/1982-porsche-911sc/?aa_id=193969-0",
    "lot_code": "Lot S48",
    "vehicle_chassis_no": "WP0AA0914CS120373"
  },
  {
    "lot_source_link": "https://www.mecum.com/lots/278195/1940-cadillac-60-special-fleetwood/?aa_id=193970-0",
    "lot_code": "Lot S49",
    "vehicle_chassis_no": "6322178"
  },
  {
    "lot_source_link": "https://www.mecum.com/lots/291137/1967-chevrolet-corvette-convertible/?aa_id=199494-0",
    "lot_code": "Lot S49.1",
    "vehicle_chassis_no": "194677S118227"
  },
  {
    "lot_source_link": "https://www.mecum.com/lots/278196/2001-chevrolet-corvette-z06/?aa_id=193971-0",
    "lot_code": "Lot S50",
    "vehicle_chassis_no": "1G1YY12S215132982"
  },
  {
    "lot_source_link": "https://www.mecum.com/lots/278197/2002-plymouth-prowler/?aa_id=193972-0",
    "lot_code": "Lot S51",
    "vehicle_chassis_no": "1C3EW65G12V100728"
  },
  {
    "lot_source_link": "https://www.mecum.com/lots/278198/1968-dodge-dart/?aa_id=193973-0",
    "lot_code": "Lot S52",
    "vehicle_chassis_no": "LL21B8E120627"
  },
  {
    "lot_source_link": "https://www.mecum.com/lots/291141/1965-buick-riviera-gs/?aa_id=199497-0",
    "lot_code": "Lot S52.1",
    "vehicle_chassis_no": "494475H934539"
  },
  {
    "lot_source_link": "https://www.mecum.com/lots/278199/1955-chevrolet-bel-air-convertible/?aa_id=193974-0",
    "lot_code": "Lot S53",
    "vehicle_chassis_no": "VC55F133401"
  },
  {
    "lot_source_link": "https://www.mecum.com/lots/278200/1971-chevrolet-chevelle/?aa_id=193975-0",
    "lot_code": "Lot S54",
    "vehicle_chassis_no": "136371L106146"
  },
  {
    "lot_source_link": "https://www.mecum.com/lots/278201/1974-rolls-royce-silver-shadow/?aa_id=193976-0",
    "lot_code": "Lot S55",
    "vehicle_chassis_no": "SRC18491"
  },
  {
    "lot_source_link": "https://www.mecum.com/lots/291122/1964-ford-fairlane-500/?aa_id=199482-0",
    "lot_code": "Lot S55.1",
    "vehicle_chassis_no": "4K43C155288"
  },
  {
    "lot_source_link": "https://www.mecum.com/lots/278202/1964-oldsmobile-starfire-convertible/?aa_id=193977-0",
    "lot_code": "Lot S56",
    "vehicle_chassis_no": "864M060795"
  },
  {
    "lot_source_link": "https://www.mecum.com/lots/288497/1967-chevrolet-camaro-convertible/?aa_id=198618-0",
    "lot_code": "Lot S56.1",
    "vehicle_chassis_no": "123677N213490"
  },
  {
    "lot_source_link": "https://www.mecum.com/lots/278203/1965-ford-thunderbird-convertible/?aa_id=193978-0",
    "lot_code": "Lot S57",
    "vehicle_chassis_no": "5Y85Z145137"
  },
  {
    "lot_source_link": "https://www.mecum.com/lots/278204/1978-volkswagen-beetle-convertible/?aa_id=193979-0",
    "lot_code": "Lot S58",
    "vehicle_chassis_no": "1582021461"
  },
  {
    "lot_source_link": "https://www.mecum.com/lots/292897/1968-chevrolet-c10-resto-mod/?aa_id=200173-0",
    "lot_code": "Lot S58.1",
    "vehicle_chassis_no": "CE148S211262"
  },
  {
    "lot_source_link": "https://www.mecum.com/lots/287779/1969-mercury-cougar-xr-7-convertible/?aa_id=198174-0",
    "lot_code": "Lot S59",
    "vehicle_chassis_no": "9F94H510213"
  },
  {
    "lot_source_link": "https://www.mecum.com/lots/278206/1967-chevrolet-c10-pickup/?aa_id=193980-0",
    "lot_code": "Lot S60",
    "vehicle_chassis_no": "CS147S197192"
  },
  {
    "lot_source_link": "https://www.mecum.com/lots/288485/1980-pontiac-trans-am/?aa_id=198609-0",
    "lot_code": "Lot S60.1",
    "vehicle_chassis_no": "2W87WAN104203"
  },
  {
    "lot_source_link": "https://www.mecum.com/lots/278207/1999-chevrolet-tahoe-lt/?aa_id=193981-0",
    "lot_code": "Lot S61",
    "vehicle_chassis_no": "3GNEK18R0XG162488"
  },
  {
    "lot_source_link": "https://www.mecum.com/lots/291092/1975-chevrolet-corvette-coupe/?aa_id=199458-0",
    "lot_code": "Lot S61.1",
    "vehicle_chassis_no": "1Z37J5S433923"
  },
  {
    "lot_source_link": "https://www.mecum.com/lots/278208/1987-buick-gnx/?aa_id=193982-0",
    "lot_code": "Lot S62",
    "vehicle_chassis_no": "1G4GJ1175HP453168"
  },
  {
    "lot_source_link": "https://www.mecum.com/lots/288498/1959-chevrolet-corvette-convertible/?aa_id=198619-0",
    "lot_code": "Lot S62.1",
    "vehicle_chassis_no": "J59S103169"
  },
  {
    "lot_source_link": "https://www.mecum.com/lots/278209/1956-chevrolet-210/?aa_id=193983-0",
    "lot_code": "Lot S63",
    "vehicle_chassis_no": "A56N148864"
  },
  {
    "lot_source_link": "https://www.mecum.com/lots/292990/2006-dodge-charger-srt-8/?aa_id=200235-0",
    "lot_code": "Lot S63.1",
    "vehicle_chassis_no": "2B3KA73W16H276630"
  },
  {
    "lot_source_link": "https://www.mecum.com/lots/278210/1957-chevrolet-bel-air/?aa_id=193984-0",
    "lot_code": "Lot S64",
    "vehicle_chassis_no": "VC57F282503"
  },
  {
    "lot_source_link": "https://www.mecum.com/lots/278211/2004-ford-mustang-mach-1/?aa_id=193985-0",
    "lot_code": "Lot S65",
    "vehicle_chassis_no": "1FAFP42RX4F222420"
  },
  {
    "lot_source_link": "https://www.mecum.com/lots/291123/1966-chevrolet-chevelle-ss/?aa_id=199483-0",
    "lot_code": "Lot S65.1",
    "vehicle_chassis_no": "138176A116722"
  },
  {
    "lot_source_link": "https://www.mecum.com/lots/278212/1965-pontiac-lemans-convertible/?aa_id=193986-0",
    "lot_code": "Lot S66",
    "vehicle_chassis_no": "237675P615713"
  },
  {
    "lot_source_link": "https://www.mecum.com/lots/278213/1929-chevrolet-sedan-street-rod/?aa_id=193987-0",
    "lot_code": "Lot S67",
    "vehicle_chassis_no": "754024"
  },
  {
    "lot_source_link": "https://www.mecum.com/lots/291039/2004-maserati-cambiocorsa-spyder/?aa_id=199419-0",
    "lot_code": "Lot S67.1",
    "vehicle_chassis_no": "ZAMBB18A540013513"
  },
  {
    "lot_source_link": "https://www.mecum.com/lots/278214/1930-ford-model-a-sedan/?aa_id=193988-0",
    "lot_code": "Lot S68",
    "vehicle_chassis_no": "AX6803"
  },
  {
    "lot_source_link": "https://www.mecum.com/lots/278215/1926-ford-model-t-roadster/?aa_id=193989-0",
    "lot_code": "Lot S69",
    "vehicle_chassis_no": "13191502"
  },
  {
    "lot_source_link": "https://www.mecum.com/lots/291040/2016-dodge-ram-rebel-pickup/?aa_id=199420-0",
    "lot_code": "Lot S69.1",
    "vehicle_chassis_no": "1C6RR7YT1GS411188"
  },
  {
    "lot_source_link": "https://www.mecum.com/lots/278216/1966-ford-mustang/?aa_id=193990-0",
    "lot_code": "Lot S70",
    "vehicle_chassis_no": "6F07C279902"
  },
  {
    "lot_source_link": "https://www.mecum.com/lots/278217/1973-detomaso-pantera/?aa_id=193991-0",
    "lot_code": "Lot S71",
    "vehicle_chassis_no": "THPNNB05658"
  },
  {
    "lot_source_link": "https://www.mecum.com/lots/288499/1966-chevrolet-corvette-convertible/?aa_id=198620-0",
    "lot_code": "Lot S71.1",
    "vehicle_chassis_no": "194676S105859"
  },
  {
    "lot_source_link": "https://www.mecum.com/lots/278218/1972-dodge-challenger/?aa_id=193992-0",
    "lot_code": "Lot S72",
    "vehicle_chassis_no": "JH23G2B152905"
  },
  {
    "lot_source_link": "https://www.mecum.com/lots/278219/1965-ford-mustang-convertible/?aa_id=193993-0",
    "lot_code": "Lot S73",
    "vehicle_chassis_no": "5F08C718902"
  },
  {
    "lot_source_link": "https://www.mecum.com/lots/278220/1974-pontiac-ventura/?aa_id=193994-0",
    "lot_code": "Lot S74",
    "vehicle_chassis_no": "2Y27M4L102155"
  },
  {
    "lot_source_link": "https://www.mecum.com/lots/278221/1966-pontiac-gto/?aa_id=193995-0",
    "lot_code": "Lot S75",
    "vehicle_chassis_no": "242176P297432"
  },
  {
    "lot_source_link": "https://www.mecum.com/lots/291124/1934-ford-model-b-pickup/?aa_id=199484-0",
    "lot_code": "Lot S75.1",
    "vehicle_chassis_no": "B5247441"
  },
  {
    "lot_source_link": "https://www.mecum.com/lots/278222/1962-chrysler-imperial-custom/?aa_id=193996-0",
    "lot_code": "Lot S76",
    "vehicle_chassis_no": "9123130810"
  },
  {
    "lot_source_link": "https://www.mecum.com/lots/278223/1957-ford-thunderbird/?aa_id=193997-0",
    "lot_code": "Lot S77",
    "vehicle_chassis_no": "D7FH132097"
  },
  {
    "lot_source_link": "https://www.mecum.com/lots/278224/1971-chevrolet-cheyenne-super-pickup/?aa_id=193998-0",
    "lot_code": "Lot S78",
    "vehicle_chassis_no": "CE141S665785"
  },
  {
    "lot_source_link": "https://www.mecum.com/lots/288500/1970-chevrolet-chevelle-ss/?aa_id=198621-0",
    "lot_code": "Lot S78.1",
    "vehicle_chassis_no": "13670A115585"
  },
  {
    "lot_source_link": "https://www.mecum.com/lots/278226/2006-bmw-m5/?aa_id=193999-0",
    "lot_code": "Lot S80",
    "vehicle_chassis_no": "WBSNB935X6B584974"
  },
  {
    "lot_source_link": "https://www.mecum.com/lots/291142/1951-oldsmobile-super-88-convertible/?aa_id=199498-0",
    "lot_code": "Lot S80.1",
    "vehicle_chassis_no": "518K17746"
  },
  {
    "lot_source_link": "https://www.mecum.com/lots/278227/1963-ford-galaxie-500-convertible/?aa_id=194000-0",
    "lot_code": "Lot S81",
    "vehicle_chassis_no": "3D65Z164032"
  },
  {
    "lot_source_link": "https://www.mecum.com/lots/291041/1963-chevrolet-biscayne/?aa_id=199421-0",
    "lot_code": "Lot S82.1",
    "vehicle_chassis_no": "31211B163051"
  },
  {
    "lot_source_link": "https://www.mecum.com/lots/278229/1965-pontiac-gto/?aa_id=194001-0",
    "lot_code": "Lot S83",
    "vehicle_chassis_no": "237375P614437"
  },
  {
    "lot_source_link": "https://www.mecum.com/lots/291125/1962-chevrolet-bel-air/?aa_id=199485-0",
    "lot_code": "Lot S83.1",
    "vehicle_chassis_no": "21511B242498"
  },
  {
    "lot_source_link": "https://www.mecum.com/lots/278230/1964-pontiac-catalina/?aa_id=194002-0",
    "lot_code": "Lot S84",
    "vehicle_chassis_no": "834L3721"
  },
  {
    "lot_source_link": "https://www.mecum.com/lots/292991/1952-ford-f3-pickup/?aa_id=200236-0",
    "lot_code": "Lot S84.1",
    "vehicle_chassis_no": "F3R2LU23408"
  },
  {
    "lot_source_link": "https://www.mecum.com/lots/278231/1957-chevrolet-bel-air/?aa_id=194003-0",
    "lot_code": "Lot S85",
    "vehicle_chassis_no": "VC57F276317"
  },
  {
    "lot_source_link": "https://www.mecum.com/lots/288501/1967-chevrolet-camaro/?aa_id=198622-0",
    "lot_code": "Lot S85.1",
    "vehicle_chassis_no": "124377N194902"
  },
  {
    "lot_source_link": "https://www.mecum.com/lots/278232/1965-chevrolet-malibu-ss-convertible/?aa_id=194004-0",
    "lot_code": "Lot S86",
    "vehicle_chassis_no": "138675Z156832"
  },
  {
    "lot_source_link": "https://www.mecum.com/lots/278233/1987-toyota-pickup/?aa_id=194005-0",
    "lot_code": "Lot S87",
    "vehicle_chassis_no": "JT4RN50R4H0263334"
  },
  {
    "lot_source_link": "https://www.mecum.com/lots/278234/1977-porsche-911s/?aa_id=194006-0",
    "lot_code": "Lot S88",
    "vehicle_chassis_no": "9117200968"
  },
  {
    "lot_source_link": "https://www.mecum.com/lots/291143/1970-oldsmobile-442-convertible/?aa_id=199499-0",
    "lot_code": "Lot S88.1",
    "vehicle_chassis_no": "344670E171520"
  },
  {
    "lot_source_link": "https://www.mecum.com/lots/278236/1970-ford-mustang-mach-1-fastback/?aa_id=194007-0",
    "lot_code": "Lot S90",
    "vehicle_chassis_no": "0F05R135820"
  },
  {
    "lot_source_link": "https://www.mecum.com/lots/290952/2002-chevrolet-corvette-coupe/?aa_id=199345-0",
    "lot_code": "Lot S90.1",
    "vehicle_chassis_no": "1G1YY22G825116661"
  },
  {
    "lot_source_link": "https://www.mecum.com/lots/278237/1976-pontiac-trans-am/?aa_id=194008-0",
    "lot_code": "Lot S91",
    "vehicle_chassis_no": "2W87Z6N526767"
  },
  {
    "lot_source_link": "https://www.mecum.com/lots/290981/1967-chevrolet-camaro-pro-touring/?aa_id=199368-0",
    "lot_code": "Lot S91.1",
    "vehicle_chassis_no": "124377L113098"
  },
  {
    "lot_source_link": "https://www.mecum.com/lots/278238/1981-pontiac-trans-am/?aa_id=194009-0",
    "lot_code": "Lot S92",
    "vehicle_chassis_no": "1G2AW87H2BL141333"
  },
  {
    "lot_source_link": "https://www.mecum.com/lots/278239/1965-chevrolet-corvette-coupe/?aa_id=194010-0",
    "lot_code": "Lot S93",
    "vehicle_chassis_no": "194375S101402"
  },
  {
    "lot_source_link": "https://www.mecum.com/lots/292873/1969-chevrolet-camaro-z28/?aa_id=200156-0",
    "lot_code": "Lot S93.1",
    "vehicle_chassis_no": "124379N573633"
  },
  {
    "lot_source_link": "https://www.mecum.com/lots/278240/1907-jewell-runabout/?aa_id=194011-0",
    "lot_code": "Lot S94",
    "vehicle_chassis_no": "645"
  },
  {
    "lot_source_link": "https://www.mecum.com/lots/278241/1930-ford-model-a-roadster/?aa_id=194012-0",
    "lot_code": "Lot S95",
    "vehicle_chassis_no": "A178674"
  },
  {
    "lot_source_link": "https://www.mecum.com/lots/291126/1969-dodge-coronet-500/?aa_id=199486-0",
    "lot_code": "Lot S95.1",
    "vehicle_chassis_no": "WP23F9G111133"
  },
  {
    "lot_source_link": "https://www.mecum.com/lots/278242/1964-chevrolet-impala-ss/?aa_id=194013-0",
    "lot_code": "Lot S96",
    "vehicle_chassis_no": "41447J143176"
  },
  {
    "lot_source_link": "https://www.mecum.com/lots/278243/1966-ford-f100-pickup/?aa_id=194014-0",
    "lot_code": "Lot S97",
    "vehicle_chassis_no": "F10AL818062"
  },
  {
    "lot_source_link": "https://www.mecum.com/lots/278244/1960-chevrolet-impala-convertible/?aa_id=194015-0",
    "lot_code": "Lot S98",
    "vehicle_chassis_no": "01867J261905"
  },
  {
    "lot_source_link": "https://www.mecum.com/lots/278245/1957-chevrolet-bel-air-resto-mod/?aa_id=194016-0",
    "lot_code": "Lot S99",
    "vehicle_chassis_no": "VC57L104798"
  },
  {
    "lot_source_link": "https://www.mecum.com/lots/278246/1964-chevrolet-chevelle-ss-convertible/?aa_id=194017-0",
    "lot_code": "Lot S100",
    "vehicle_chassis_no": "45867A156298"
  },
  {
    "lot_source_link": "https://www.mecum.com/lots/278247/1970-chevrolet-chevelle-resto-mod/?aa_id=194018-0",
    "lot_code": "Lot S101",
    "vehicle_chassis_no": "136370A111506"
  },
  {
    "lot_source_link": "https://www.mecum.com/lots/291202/1961-chevrolet-corvette-convertible/?aa_id=199542-0",
    "lot_code": "Lot S101.1",
    "vehicle_chassis_no": "10867S106179"
  },
  {
    "lot_source_link": "https://www.mecum.com/lots/287769/1971-chevrolet-k5-blazer/?aa_id=198165-0",
    "lot_code": "Lot S102",
    "vehicle_chassis_no": "KE181S646952"
  },
  {
    "lot_source_link": "https://www.mecum.com/lots/278249/1970-shelby-gt500-fastback/?aa_id=194019-0",
    "lot_code": "Lot S103",
    "vehicle_chassis_no": "0F02R482436"
  },
  {
    "lot_source_link": "https://www.mecum.com/lots/288539/1982-jeep-cj-7/?aa_id=198649-0",
    "lot_code": "Lot S103.1",
    "vehicle_chassis_no": "1JCCE87A6CT062225"
  },
  {
    "lot_source_link": "https://www.mecum.com/lots/278250/2000-chevrolet-camaro-z28-convertible/?aa_id=194020-0",
    "lot_code": "Lot S104",
    "vehicle_chassis_no": "2G1FP32G7Y2155925"
  },
  {
    "lot_source_link": "https://www.mecum.com/lots/291127/1968-chevrolet-camaro-z28/?aa_id=199487-0",
    "lot_code": "Lot S104.1",
    "vehicle_chassis_no": "124378N479990"
  },
  {
    "lot_source_link": "https://www.mecum.com/lots/278251/1963-ford-galaxie-500/?aa_id=194021-0",
    "lot_code": "Lot S105",
    "vehicle_chassis_no": "3W66R125369"
  },
  {
    "lot_source_link": "https://www.mecum.com/lots/290953/1966-ford-mustang-fastback/?aa_id=199346-0",
    "lot_code": "Lot S105.1",
    "vehicle_chassis_no": "6R09A166245"
  },
  {
    "lot_source_link": "https://www.mecum.com/lots/291042/1971-chevrolet-k5-blazer/?aa_id=199422-0",
    "lot_code": "Lot S106.1",
    "vehicle_chassis_no": "KS181S658907"
  },
  {
    "lot_source_link": "https://www.mecum.com/lots/278253/1966-ford-galaxie-500-convertible/?aa_id=194022-0",
    "lot_code": "Lot S107",
    "vehicle_chassis_no": "6G69X232593"
  },
  {
    "lot_source_link": "https://www.mecum.com/lots/292950/2010-cadillac-escalade-ext/?aa_id=200211-0",
    "lot_code": "Lot S107.1",
    "vehicle_chassis_no": "3GYVKNEF3AG278697"
  },
  {
    "lot_source_link": "https://www.mecum.com/lots/278254/1958-edsel-pacer-convertible/?aa_id=194023-0",
    "lot_code": "Lot S108",
    "vehicle_chassis_no": "W8UR717178"
  },
  {
    "lot_source_link": "https://www.mecum.com/lots/278255/1966-chevrolet-chevelle-resto-mod/?aa_id=194024-0",
    "lot_code": "Lot S109",
    "vehicle_chassis_no": "136176K200840"
  },
  {
    "lot_source_link": "https://www.mecum.com/lots/288502/1961-chevrolet-corvette-convertible/?aa_id=198623-0",
    "lot_code": "Lot S109.1",
    "vehicle_chassis_no": "10867S110011"
  },
  {
    "lot_source_link": "https://www.mecum.com/lots/278256/1977-pontiac-trans-am/?aa_id=194025-0",
    "lot_code": "Lot S110",
    "vehicle_chassis_no": "2W87Z7N178411"
  },
  {
    "lot_source_link": "https://www.mecum.com/lots/278257/2002-pontiac-trans-am-collector-edition/?aa_id=194026-0",
    "lot_code": "Lot S111",
    "vehicle_chassis_no": "2G2FV32G522122463"
  },
  {
    "lot_source_link": "https://www.mecum.com/lots/278258/1956-chevrolet-pickup/?aa_id=194027-0",
    "lot_code": "Lot S112",
    "vehicle_chassis_no": "3E56J009637"
  },
  {
    "lot_source_link": "https://www.mecum.com/lots/290351/2005-ford-gt/?aa_id=199227-0",
    "lot_code": "Lot S112.1",
    "vehicle_chassis_no": "1FAFP90S45Y400413"
  },
  {
    "lot_source_link": "https://www.mecum.com/lots/278259/1965-ford-mustang-convertible/?aa_id=194028-0",
    "lot_code": "Lot S113",
    "vehicle_chassis_no": "5F08D161780"
  },
  {
    "lot_source_link": "https://www.mecum.com/lots/278261/1969-chevrolet-chevelle-ss/?aa_id=194029-0",
    "lot_code": "Lot S115",
    "vehicle_chassis_no": "136679K466625"
  },
  {
    "lot_source_link": "https://www.mecum.com/lots/278262/1961-buick-lesabre/?aa_id=194030-0",
    "lot_code": "Lot S116",
    "vehicle_chassis_no": "4H1029100"
  },
  {
    "lot_source_link": "https://www.mecum.com/lots/288503/1958-chevrolet-corvette-convertible/?aa_id=198624-0",
    "lot_code": "Lot S116.1",
    "vehicle_chassis_no": "J58S108377"
  },
  {
    "lot_source_link": "https://www.mecum.com/lots/278263/1957-ford-thunderbird-e-code/?aa_id=194031-0",
    "lot_code": "Lot S117",
    "vehicle_chassis_no": "E7FH395459"
  },
  {
    "lot_source_link": "https://www.mecum.com/lots/291128/1979-ferrari-308-gts/?aa_id=199488-0",
    "lot_code": "Lot S117.1",
    "vehicle_chassis_no": "F106AS30237"
  },
  {
    "lot_source_link": "https://www.mecum.com/lots/278264/1970-plymouth-hemi-cuda/?aa_id=194032-0",
    "lot_code": "Lot S118",
    "vehicle_chassis_no": "BS23R0B179117"
  },
  {
    "lot_source_link": "https://www.mecum.com/lots/290982/1968-chevrolet-camaro-rs-ss-blue/?aa_id=199369-0",
    "lot_code": "Lot S118.1",
    "vehicle_chassis_no": "124378L328594"
  },
  {
    "lot_source_link": "https://www.mecum.com/lots/278265/1955-chevrolet-bel-air/?aa_id=194033-0",
    "lot_code": "Lot S119",
    "vehicle_chassis_no": "VC55J181153"
  },
  {
    "lot_source_link": "https://www.mecum.com/lots/278266/1961-chevrolet-impala-resto-mod/?aa_id=194034-0",
    "lot_code": "Lot S120",
    "vehicle_chassis_no": "11837A138936"
  },
  {
    "lot_source_link": "https://www.mecum.com/lots/290954/1969-amc-amx/?aa_id=199347-0",
    "lot_code": "Lot S120.1",
    "vehicle_chassis_no": "A9M397T273101"
  },
  {
    "lot_source_link": "https://www.mecum.com/lots/278267/1957-ford-thunderbird/?aa_id=194035-0",
    "lot_code": "Lot S121",
    "vehicle_chassis_no": "D7FH293604"
  },
  {
    "lot_source_link": "https://www.mecum.com/lots/287730/1969-oldsmobile-442-convertible/?aa_id=198148-0",
    "lot_code": "Lot S122",
    "vehicle_chassis_no": "344679Z121244"
  },
  {
    "lot_source_link": "https://www.mecum.com/lots/288504/1962-ford-f100-pickup/?aa_id=198625-0",
    "lot_code": "Lot S123.1",
    "vehicle_chassis_no": "F10JK233309"
  },
  {
    "lot_source_link": "https://www.mecum.com/lots/278270/1971-plymouth-gtx/?aa_id=194037-0",
    "lot_code": "Lot S124",
    "vehicle_chassis_no": "RS23U1G167654"
  },
  {
    "lot_source_link": "https://www.mecum.com/lots/291203/1956-ford-f100-pickup/?aa_id=199543-0",
    "lot_code": "Lot S124.1",
    "vehicle_chassis_no": "F10V6G30201"
  },
  {
    "lot_source_link": "https://www.mecum.com/lots/278271/2006-hummer-h1/?aa_id=194038-0",
    "lot_code": "Lot S125",
    "vehicle_chassis_no": "137FA55326E242150"
  },
  {
    "lot_source_link": "https://www.mecum.com/lots/291043/1991-acura-nsx/?aa_id=199423-0",
    "lot_code": "Lot S126.1",
    "vehicle_chassis_no": "JH4NA1265MT003196"
  },
  {
    "lot_source_link": "https://www.mecum.com/lots/278273/1970-pontiac-gto-judge/?aa_id=194039-0",
    "lot_code": "Lot S127",
    "vehicle_chassis_no": "242370R112082"
  },
  {
    "lot_source_link": "https://www.mecum.com/lots/278274/1955-chevrolet-bel-air/?aa_id=194040-0",
    "lot_code": "Lot S128",
    "vehicle_chassis_no": "VC55L087191"
  },
  {
    "lot_source_link": "https://www.mecum.com/lots/292992/2008-mercedes-benz-e63-amg/?aa_id=200237-0",
    "lot_code": "Lot S128.1",
    "vehicle_chassis_no": "WDBUF77X88B232341"
  },
  {
    "lot_source_link": "https://www.mecum.com/lots/278275/1951-ford-custom-deluxe-convertible/?aa_id=194041-0",
    "lot_code": "Lot S129",
    "vehicle_chassis_no": "B1CS139891"
  },
  {
    "lot_source_link": "https://www.mecum.com/lots/292993/1964-chevrolet-impala-ss/?aa_id=200238-0",
    "lot_code": "Lot S129.1",
    "vehicle_chassis_no": "41447J201424"
  },
  {
    "lot_source_link": "https://www.mecum.com/lots/278276/1966-chevrolet-chevelle-300-deluxe/?aa_id=194042-0",
    "lot_code": "Lot S130",
    "vehicle_chassis_no": "134116A162450"
  },
  {
    "lot_source_link": "https://www.mecum.com/lots/278277/1954-chevrolet-bel-air/?aa_id=194043-0",
    "lot_code": "Lot S131",
    "vehicle_chassis_no": "C54K051776"
  },
  {
    "lot_source_link": "https://www.mecum.com/lots/288505/1967-chevrolet-corvette-convertible/?aa_id=198626-0",
    "lot_code": "Lot S131.1",
    "vehicle_chassis_no": "194677S122797"
  },
  {
    "lot_source_link": "https://www.mecum.com/lots/278278/1947-mercury-pickup/?aa_id=194044-0",
    "lot_code": "Lot S132",
    "vehicle_chassis_no": "402H4777993"
  },
  {
    "lot_source_link": "https://www.mecum.com/lots/278279/1967-ford-mustang/?aa_id=194045-0",
    "lot_code": "Lot S133",
    "vehicle_chassis_no": "7R01C225237"
  },
  {
    "lot_source_link": "https://www.mecum.com/lots/291129/1988-mercedes-benz-560sl-roadster/?aa_id=199489-0",
    "lot_code": "Lot S133.1",
    "vehicle_chassis_no": "WDBBA48D0JA089146"
  },
  {
    "lot_source_link": "https://www.mecum.com/lots/278280/1969-chevrolet-camaro-rs-ss-resto-mod/?aa_id=194046-0",
    "lot_code": "Lot S134",
    "vehicle_chassis_no": "124679N581936"
  },
  {
    "lot_source_link": "https://www.mecum.com/lots/278281/1952-ford-f1-pickup/?aa_id=194047-0",
    "lot_code": "Lot S135",
    "vehicle_chassis_no": "F1D2LB11698"
  },
  {
    "lot_source_link": "https://www.mecum.com/lots/292994/1949-chevrolet-3100-pickup/?aa_id=200239-0",
    "lot_code": "Lot S135.1",
    "vehicle_chassis_no": "21GPB2902"
  },
  {
    "lot_source_link": "https://www.mecum.com/lots/278282/1968-chevrolet-camaro-resto-mod/?aa_id=194048-0",
    "lot_code": "Lot S136",
    "vehicle_chassis_no": "124378L316025"
  },
  {
    "lot_source_link": "https://www.mecum.com/lots/278283/2008-chevrolet-corvette-z06-427-limited-edition/?aa_id=194049-0",
    "lot_code": "Lot S137",
    "vehicle_chassis_no": "1G1YY26E985127184"
  },
  {
    "lot_source_link": "https://www.mecum.com/lots/278284/1979-ford-f100-pickup/?aa_id=194050-0",
    "lot_code": "Lot S138",
    "vehicle_chassis_no": "F10GLFB5785"
  },
  {
    "lot_source_link": "https://www.mecum.com/lots/288506/1965-pontiac-gto-convertible/?aa_id=198627-0",
    "lot_code": "Lot S138.1",
    "vehicle_chassis_no": "237675P314362"
  },
  {
    "lot_source_link": "https://www.mecum.com/lots/278285/2002-ford-excursion/?aa_id=194051-0",
    "lot_code": "Lot S139",
    "vehicle_chassis_no": "1FMNU43SX2EC45565"
  },
  {
    "lot_source_link": "https://www.mecum.com/lots/278286/1957-international-a120-pickup/?aa_id=194052-0",
    "lot_code": "Lot S140",
    "vehicle_chassis_no": "A1204X4SA25398"
  },
  {
    "lot_source_link": "https://www.mecum.com/lots/292951/2005-mercedes-benz-sl500/?aa_id=200212-0",
    "lot_code": "Lot S140.1",
    "vehicle_chassis_no": "WDBSK75F55F098843"
  },
  {
    "lot_source_link": "https://www.mecum.com/lots/278287/1970-chevrolet-chevelle/?aa_id=194053-0",
    "lot_code": "Lot S141",
    "vehicle_chassis_no": "133370K171436"
  },
  {
    "lot_source_link": "https://www.mecum.com/lots/278288/1979-ford-bronco/?aa_id=194054-0",
    "lot_code": "Lot S142",
    "vehicle_chassis_no": "U15HLEF4451"
  },
  {
    "lot_source_link": "https://www.mecum.com/lots/291130/1964-pontiac-grand-prix/?aa_id=199490-0",
    "lot_code": "Lot S143.1",
    "vehicle_chassis_no": "894L14527"
  },
  {
    "lot_source_link": "https://www.mecum.com/lots/278290/1971-chevrolet-chevelle-ss/?aa_id=194055-0",
    "lot_code": "Lot S144",
    "vehicle_chassis_no": "136371L120308"
  },
  {
    "lot_source_link": "https://www.mecum.com/lots/278291/1970-dodge-charger-500/?aa_id=194056-0",
    "lot_code": "Lot S145",
    "vehicle_chassis_no": "XP29N0G258450"
  },
  {
    "lot_source_link": "https://www.mecum.com/lots/291144/1969-ford-mustang-mach-1-fastback/?aa_id=199500-0",
    "lot_code": "Lot S145.1",
    "vehicle_chassis_no": "9R02R133337"
  },
  {
    "lot_source_link": "https://www.mecum.com/lots/278292/1967-chevrolet-corvette-convertible/?aa_id=194057-0",
    "lot_code": "Lot S146",
    "vehicle_chassis_no": "194677S121202"
  },
  {
    "lot_source_link": "https://www.mecum.com/lots/291131/1936-ford-woody-wagon/?aa_id=199491-0",
    "lot_code": "Lot S146.1",
    "vehicle_chassis_no": "183221403"
  },
  {
    "lot_source_link": "https://www.mecum.com/lots/278293/2003-hummer-h1/?aa_id=194058-0",
    "lot_code": "Lot S147",
    "vehicle_chassis_no": "137FA55333E207497"
  },
  {
    "lot_source_link": "https://www.mecum.com/lots/278294/1986-chevrolet-k10-pickup/?aa_id=194059-0",
    "lot_code": "Lot S148",
    "vehicle_chassis_no": "1GCEK14HXGJ124495"
  },
  {
    "lot_source_link": "https://www.mecum.com/lots/278295/2015-ford-shelby-gt350/?aa_id=194060-0",
    "lot_code": "Lot S149",
    "vehicle_chassis_no": "1FA6P8JZ3F5520115"
  },
  {
    "lot_source_link": "https://www.mecum.com/lots/278268/1967-chevrolet-camaro/?aa_id=194036-0",
    "lot_code": "Lot S150",
    "vehicle_chassis_no": "124377N163469"
  },
  {
    "lot_source_link": "https://www.mecum.com/lots/291132/1964-triumph-tr4-roadster/?aa_id=199492-0",
    "lot_code": "Lot S150.1",
    "vehicle_chassis_no": "CT16540L"
  },
  {
    "lot_source_link": "https://www.mecum.com/lots/278297/1972-chevrolet-nova/?aa_id=194061-0",
    "lot_code": "Lot S151",
    "vehicle_chassis_no": "1X27D2W424102"
  },
  {
    "lot_source_link": "https://www.mecum.com/lots/278298/1997-ford-mustang-svt-cobra/?aa_id=194062-0",
    "lot_code": "Lot S152",
    "vehicle_chassis_no": "1FALP47V9VF195057"
  },
  {
    "lot_source_link": "https://www.mecum.com/lots/292937/1969-mercury-cougar-xr-7/?aa_id=200203-0",
    "lot_code": "Lot S152.1",
    "vehicle_chassis_no": "9F93H554291"
  },
  {
    "lot_source_link": "https://www.mecum.com/lots/278299/1970-chevrolet-chevelle-ss/?aa_id=194063-0",
    "lot_code": "Lot S153",
    "vehicle_chassis_no": "136370K184508"
  },
  {
    "lot_source_link": "https://www.mecum.com/lots/291045/1972-chevrolet-chevelle/?aa_id=199424-0",
    "lot_code": "Lot S154",
    "vehicle_chassis_no": "1D37J2K547696"
  },
  {
    "lot_source_link": "https://www.mecum.com/lots/278301/1966-ford-mustang-fastback/?aa_id=194064-0",
    "lot_code": "Lot S155",
    "vehicle_chassis_no": "6T09C142185"
  },
  {
    "lot_source_link": "https://www.mecum.com/lots/278302/1968-cadillac-eldorado/?aa_id=194065-0",
    "lot_code": "Lot S156",
    "vehicle_chassis_no": "H8305125"
  },
  {
    "lot_source_link": "https://www.mecum.com/lots/291163/1971-pontiac-ventura-resto-mod/?aa_id=199511-0",
    "lot_code": "Lot S156.1",
    "vehicle_chassis_no": "213271W335550"
  },
  {
    "lot_source_link": "https://www.mecum.com/lots/278303/1969-mercedes-benz-280sl-convertible/?aa_id=194066-0",
    "lot_code": "Lot S157",
    "vehicle_chassis_no": "11304412006465"
  },
  {
    "lot_source_link": "https://www.mecum.com/lots/278304/1969-chevrolet-camaro-z28/?aa_id=194067-0",
    "lot_code": "Lot S158",
    "vehicle_chassis_no": "124379N704907"
  },
  {
    "lot_source_link": "https://www.mecum.com/lots/292995/2016-dodge-charger-r-t/?aa_id=200240-0",
    "lot_code": "Lot S158.1",
    "vehicle_chassis_no": "2C3CDXCT5GH258394"
  },
  {
    "lot_source_link": "https://www.mecum.com/lots/290362/1978-pontiac-trans-am/?aa_id=199236-0",
    "lot_code": "Lot S159",
    "vehicle_chassis_no": "2W87Z8N173955"
  },
  {
    "lot_source_link": "https://www.mecum.com/lots/278306/1972-chevrolet-pickup/?aa_id=194068-0",
    "lot_code": "Lot S160",
    "vehicle_chassis_no": "CCE142J117319"
  },
  {
    "lot_source_link": "https://www.mecum.com/lots/291134/1989-mercedes-benz-560sl-convertible/?aa_id=199493-0",
    "lot_code": "Lot S160.1",
    "vehicle_chassis_no": "WDBBA48D9KA103143"
  },
  {
    "lot_source_link": "https://www.mecum.com/lots/292909/1961-metropolitan-series-iv/?aa_id=200182-0",
    "lot_code": "Lot S160.2",
    "vehicle_chassis_no": "E83577"
  },
  {
    "lot_source_link": "https://www.mecum.com/lots/278307/1969-plymouth-road-runner/?aa_id=194069-0",
    "lot_code": "Lot S161",
    "vehicle_chassis_no": "RM21H9G179066"
  },
  {
    "lot_source_link": "https://www.mecum.com/lots/278310/1953-ford-f100-pickup/?aa_id=194070-0",
    "lot_code": "Lot S164",
    "vehicle_chassis_no": "F10R3R14310"
  },
  {
    "lot_source_link": "https://www.mecum.com/lots/278311/1940-ford-deluxe-street-rod/?aa_id=194071-0",
    "lot_code": "Lot S165",
    "vehicle_chassis_no": "185638031"
  },
  {
    "lot_source_link": "https://www.mecum.com/lots/278312/1986-chevrolet-pickup/?aa_id=194072-0",
    "lot_code": "Lot S166",
    "vehicle_chassis_no": "1GCDC14H9GF398153"
  },
  {
    "lot_source_link": "https://www.mecum.com/lots/278313/1968-chevrolet-c10-pickup/?aa_id=194073-0",
    "lot_code": "Lot S167",
    "vehicle_chassis_no": "CE148A156442"
  },
  {
    "lot_source_link": "https://www.mecum.com/lots/278314/1987-buick-grand-national/?aa_id=194074-0",
    "lot_code": "Lot S168",
    "vehicle_chassis_no": "1G4GJ1175HP445832"
  },
  {
    "lot_source_link": "https://www.mecum.com/lots/278315/2012-ford-mustang-boss-302-laguna-seca/?aa_id=194075-0",
    "lot_code": "Lot S169",
    "vehicle_chassis_no": "1ZVBP8CU4C5229755"
  },
  {
    "lot_source_link": "https://www.mecum.com/lots/278316/2004-ford-thunderbird-convertible/?aa_id=194076-0",
    "lot_code": "Lot S170",
    "vehicle_chassis_no": "1FAHP60AX4Y107581"
  },
  {
    "lot_source_link": "https://www.mecum.com/lots/278317/2008-chevrolet-corvette-z06-coupe/?aa_id=194077-0",
    "lot_code": "Lot S171",
    "vehicle_chassis_no": "1G1YY26E685132861"
  },
  {
    "lot_source_link": "https://www.mecum.com/lots/278319/1968-shelby-gt350-convertible/?aa_id=194078-0",
    "lot_code": "Lot S173",
    "vehicle_chassis_no": "8T03J126786"
  },
  {
    "lot_source_link": "https://www.mecum.com/lots/278320/2010-chevrolet-camaro-rs/?aa_id=194079-0",
    "lot_code": "Lot S174",
    "vehicle_chassis_no": "2G1FK1EJ2A9193120"
  },
  {
    "lot_source_link": "https://www.mecum.com/lots/278321/1969-plymouth-gtx/?aa_id=194080-0",
    "lot_code": "Lot S175",
    "vehicle_chassis_no": "RS23L9G134323"
  },
  {
    "lot_source_link": "https://www.mecum.com/lots/278322/1993-chevrolet-pace-truck-edition/?aa_id=194081-0",
    "lot_code": "Lot S176",
    "vehicle_chassis_no": "1GCDC14K4PZ234318"
  },
  {
    "lot_source_link": "https://www.mecum.com/lots/278323/1987-buick-grand-national/?aa_id=194082-0",
    "lot_code": "Lot S177",
    "vehicle_chassis_no": "1G4GJ1177HP459862"
  },
  {
    "lot_source_link": "https://www.mecum.com/lots/278324/1940-ford-sedan/?aa_id=194083-0",
    "lot_code": "Lot S178",
    "vehicle_chassis_no": "I85844233"
  },
  {
    "lot_source_link": "https://www.mecum.com/lots/278325/1937-ford-pickup/?aa_id=194084-0",
    "lot_code": "Lot S179",
    "vehicle_chassis_no": "183689984"
  },
  {
    "lot_source_link": "https://www.mecum.com/lots/278326/2006-lotus-exige/?aa_id=194085-0",
    "lot_code": "Lot S180",
    "vehicle_chassis_no": "SCCPC11186HL81284"
  },
  {
    "lot_source_link": "https://www.mecum.com/lots/278327/1975-lincoln-continental-mark-iv/?aa_id=194086-0",
    "lot_code": "Lot S181",
    "vehicle_chassis_no": "5Y89A853101"
  },
  {
    "lot_source_link": "https://www.mecum.com/lots/278328/1968-chevrolet-camaro/?aa_id=194087-0",
    "lot_code": "Lot S182",
    "vehicle_chassis_no": "124378N455122"
  },
  {
    "lot_source_link": "https://www.mecum.com/lots/278329/2012-jeep-wrangler-jk-8/?aa_id=194088-0",
    "lot_code": "Lot S183",
    "vehicle_chassis_no": "1C4BJWEG5CL161378"
  },
  {
    "lot_source_link": "https://www.mecum.com/lots/278330/1966-chevrolet-impala-convertible/?aa_id=194089-0",
    "lot_code": "Lot S184",
    "vehicle_chassis_no": "168676J219430"
  },
  {
    "lot_source_link": "https://www.mecum.com/lots/278331/1979-chevrolet-k20-pickup/?aa_id=194090-0",
    "lot_code": "Lot S185",
    "vehicle_chassis_no": "CKL1491157668"
  },
  {
    "lot_source_link": "https://www.mecum.com/lots/278332/1987-porsche-944/?aa_id=194091-0",
    "lot_code": "Lot S186",
    "vehicle_chassis_no": "WP0AB0941HN471187"
  },
  {
    "lot_source_link": "https://www.mecum.com/lots/278333/1977-oldsmobile-toronado/?aa_id=194092-0",
    "lot_code": "Lot S187",
    "vehicle_chassis_no": "3Z57K7M720017"
  },
  {
    "lot_source_link": "https://www.mecum.com/lots/278335/2015-dodge-ram/?aa_id=194093-0",
    "lot_code": "Lot S189",
    "vehicle_chassis_no": "1C6RR7LTXFS655573"
  },
  {
    "lot_source_link": "https://www.mecum.com/lots/278336/1969-buick-skylark/?aa_id=194094-0",
    "lot_code": "Lot S190",
    "vehicle_chassis_no": "444379Z101195"
  },
  {
    "lot_source_link": "https://www.mecum.com/lots/278337/1979-chevrolet-camaro/?aa_id=194095-0",
    "lot_code": "Lot S191",
    "vehicle_chassis_no": "1Q87G9L520911"
  },
  {
    "lot_source_link": "https://www.mecum.com/lots/278338/1994-mazda-miata-convertible/?aa_id=194096-0",
    "lot_code": "Lot S192",
    "vehicle_chassis_no": "JM1NA3537R0511970"
  },
  {
    "lot_source_link": "https://www.mecum.com/lots/292997/2012-audi-a4/?aa_id=200242-0",
    "lot_code": "Lot S192.1",
    "vehicle_chassis_no": "WAUAFAFL4CN008455"
  },
  {
    "lot_source_link": "https://www.mecum.com/lots/292996/2009-jaguar-xf/?aa_id=200241-0",
    "lot_code": "Lot S193.1",
    "vehicle_chassis_no": "SAJWA06BX9HR21898"
  },
  {
    "lot_source_link": "https://www.mecum.com/lots/278341/1967-chevrolet-impala-ss-convertible/?aa_id=194097-0",
    "lot_code": "Lot S195",
    "vehicle_chassis_no": "168677T203022"
  },
  {
    "lot_source_link": "https://www.mecum.com/lots/278342/2008-chrysler-crossfire/?aa_id=194098-0",
    "lot_code": "Lot S196",
    "vehicle_chassis_no": "1C3LN69L38X075510"
  },
  {
    "lot_source_link": "https://www.mecum.com/lots/278345/1969-chevrolet-corvette-convertible/?aa_id=194099-0",
    "lot_code": "Lot S199",
    "vehicle_chassis_no": "194679S709559"
  },
  {
    "lot_source_link": "https://www.mecum.com/lots/278346/2005-hummer-h2/?aa_id=194100-0",
    "lot_code": "Lot S200",
    "vehicle_chassis_no": "5GRGN23U45H103522"
  },
  {
    "lot_source_link": "https://www.mecum.com/lots/278347/1968-chevrolet-chevelle/?aa_id=194101-0",
    "lot_code": "Lot S201",
    "vehicle_chassis_no": "136378K224575"
  },
  {
    "lot_source_link": "https://www.mecum.com/lots/278348/1965-ford-mustang/?aa_id=194102-0",
    "lot_code": "Lot S202",
    "vehicle_chassis_no": "5R07C187440"
  },
  {
    "lot_source_link": "https://www.mecum.com/lots/278349/2007-bmw-650ci-convertible/?aa_id=194103-0",
    "lot_code": "Lot S203",
    "vehicle_chassis_no": "WBAEK13567CN80289"
  },
  {
    "lot_source_link": "https://www.mecum.com/lots/278350/1942-ford-coupe/?aa_id=194104-0",
    "lot_code": "Lot S204",
    "vehicle_chassis_no": "186774199"
  },
  {
    "lot_source_link": "https://www.mecum.com/lots/278351/2003-mercedes-benz-sl500/?aa_id=194105-0",
    "lot_code": "Lot S205",
    "vehicle_chassis_no": "WDBSK75F53F030524"
  },
  {
    "lot_source_link": "https://www.mecum.com/lots/278352/1954-chevrolet-210/?aa_id=194106-0",
    "lot_code": "Lot S206",
    "vehicle_chassis_no": "B54B035688"
  },
  {
    "lot_source_link": "https://www.mecum.com/lots/278353/2006-mercedes-benz-clk350-convertible/?aa_id=194107-0",
    "lot_code": "Lot S207",
    "vehicle_chassis_no": "WDBTK56H36F189474"
  }
]