[
  {
    "lot_source_link": "https://www.mecum.com/lots/310530/1998-nascar-pickup/?aa_id=209587-0",
    "lot_code": "Lot J2",
    "vehicle_chassis_no": null
  },
  {
    "lot_source_link": "https://www.mecum.com/lots/310531/2001-jeep-grand-cherokee/?aa_id=209588-0",
    "lot_code": "Lot J3",
    "vehicle_chassis_no": null
  },
  {
    "lot_source_link": "https://www.mecum.com/lots/325613/1997-chevrolet-camaro-convertible/?aa_id=218928-0",
    "lot_code": "Lot J4.1",
    "vehicle_chassis_no": "2G1FP32P7V2115100"
  },
  {
    "lot_source_link": "https://www.mecum.com/lots/310533/2001-pontiac-trans-am/?aa_id=209589-0",
    "lot_code": "Lot J5",
    "vehicle_chassis_no": "2G2FV22G412121670"
  },
  {
    "lot_source_link": "https://www.mecum.com/lots/310534/2003-mercedes-benz-sl500-convertible/?aa_id=209590-0",
    "lot_code": "Lot J6",
    "vehicle_chassis_no": "WDBSK75F93F039937"
  },
  {
    "lot_source_link": "https://www.mecum.com/lots/310535/1987-chevrolet-silverado-pickup/?aa_id=209591-0",
    "lot_code": "Lot J7",
    "vehicle_chassis_no": "1GCEV14K0HF341965"
  },
  {
    "lot_source_link": "https://www.mecum.com/lots/310536/1959-nash-metropolitan-convertible/?aa_id=209592-0",
    "lot_code": "Lot J8",
    "vehicle_chassis_no": "E67075"
  },
  {
    "lot_source_link": "https://www.mecum.com/lots/310537/2006-bmw-650-convertible/?aa_id=209593-0",
    "lot_code": "Lot J9",
    "vehicle_chassis_no": "WBAEK13466CN77897"
  },
  {
    "lot_source_link": "https://www.mecum.com/lots/310538/1985-pontiac-trans-am/?aa_id=209594-0",
    "lot_code": "Lot J10",
    "vehicle_chassis_no": "1G2FW87F3FN218712"
  },
  {
    "lot_source_link": "https://www.mecum.com/lots/310539/1982-chevrolet-corvette-coupe/?aa_id=209595-0",
    "lot_code": "Lot J11",
    "vehicle_chassis_no": "1G1AY8784C5121251"
  },
  {
    "lot_source_link": "https://www.mecum.com/lots/310540/1997-ford-ranger-xlt-supercab/?aa_id=209596-0",
    "lot_code": "Lot J12",
    "vehicle_chassis_no": "1FTCR14A2VPA59108"
  },
  {
    "lot_source_link": "https://www.mecum.com/lots/323224/1999-cadillac-deville/?aa_id=217334-0",
    "lot_code": "Lot J12.1",
    "vehicle_chassis_no": "1G6KE54Y2XU730523"
  },
  {
    "lot_source_link": "https://www.mecum.com/lots/310541/1993-mitsubishi-3000gt-vr4/?aa_id=209597-0",
    "lot_code": "Lot J13",
    "vehicle_chassis_no": "JA3BN74K9PY047052"
  },
  {
    "lot_source_link": "https://www.mecum.com/lots/310542/1961-ford-falcon/?aa_id=209598-0",
    "lot_code": "Lot J14",
    "vehicle_chassis_no": "1K11U155215"
  },
  {
    "lot_source_link": "https://www.mecum.com/lots/310543/1970-volkswagen-beetle/?aa_id=209599-0",
    "lot_code": "Lot J15",
    "vehicle_chassis_no": "1102977730"
  },
  {
    "lot_source_link": "https://www.mecum.com/lots/325423/2014-chrysler-200-limited-convertible/?aa_id=218771-0",
    "lot_code": "Lot J15.1",
    "vehicle_chassis_no": "1C3BCBFG1EN137883"
  },
  {
    "lot_source_link": "https://www.mecum.com/lots/310544/2013-smart-fortwo-passion-convertible/?aa_id=209600-0",
    "lot_code": "Lot J16",
    "vehicle_chassis_no": "WMEEK3BA3DK584297"
  },
  {
    "lot_source_link": "https://www.mecum.com/lots/310545/2000-chevrolet-camaro-z28/?aa_id=209601-0",
    "lot_code": "Lot J17",
    "vehicle_chassis_no": "2G1FP22G0Y2166971"
  },
  {
    "lot_source_link": "https://www.mecum.com/lots/323225/2001-bmw-325ci/?aa_id=217335-0",
    "lot_code": "Lot J17.1",
    "vehicle_chassis_no": "WBABS334X1JY57051"
  },
  {
    "lot_source_link": "https://www.mecum.com/lots/310546/1991-toyota-celica/?aa_id=209602-0",
    "lot_code": "Lot J18",
    "vehicle_chassis_no": "JT2ST87F2M0079453"
  },
  {
    "lot_source_link": "https://www.mecum.com/lots/310547/1991-jaguar-xjs-convertible/?aa_id=209603-0",
    "lot_code": "Lot J19",
    "vehicle_chassis_no": "SAJTW4840MC179382"
  },
  {
    "lot_source_link": "https://www.mecum.com/lots/322372/2002-mercedes-benz-cl500/?aa_id=216596-0",
    "lot_code": "Lot J19.1",
    "vehicle_chassis_no": "WDBPJ75J72A023910"
  },
  {
    "lot_source_link": "https://www.mecum.com/lots/310549/1996-chevrolet-s10-pickup/?aa_id=209604-0",
    "lot_code": "Lot J21",
    "vehicle_chassis_no": "1GCCS1443TK196566"
  },
  {
    "lot_source_link": "https://www.mecum.com/lots/310550/2002-mercedes-benz-slk230/?aa_id=209605-0",
    "lot_code": "Lot J22",
    "vehicle_chassis_no": "WDBKK49F72F251954"
  }
]