[
  {
    "lot_source_link": "https://www.mecum.com/lots/422409/2000-porsche-boxster-s-convertible/?aa_id=268257-0",
    "lot_code": "Lot F1",
    "vehicle_chassis_no": "WP0CB2980YU660877"
  },
  {
    "lot_source_link": "https://www.mecum.com/lots/422410/1966-ford-fairlane-500/?aa_id=268258-0",
    "lot_code": "Lot F2",
    "vehicle_chassis_no": "6A43C257432"
  },
  {
    "lot_source_link": "https://www.mecum.com/lots/422411/2007-mini-cooper-s-convertible/?aa_id=268259-0",
    "lot_code": "Lot F3",
    "vehicle_chassis_no": "WMWRH33517TL94106"
  },
  {
    "lot_source_link": "https://www.mecum.com/lots/422412/1968-chevrolet-corvette-convertible/?aa_id=268260-0",
    "lot_code": "Lot F4",
    "vehicle_chassis_no": "194678S403126"
  },
  {
    "lot_source_link": "https://www.mecum.com/lots/422413/2008-bmw-128i-convertible/?aa_id=268261-0",
    "lot_code": "Lot F5",
    "vehicle_chassis_no": "WBAUL73508VE86414"
  },
  {
    "lot_source_link": "https://www.mecum.com/lots/422414/1972-chevrolet-c10-pickup/?aa_id=268262-0",
    "lot_code": "Lot F6",
    "vehicle_chassis_no": "CCE142S169145"
  },
  {
    "lot_source_link": "https://www.mecum.com/lots/422415/2009-porsche-cayenne-gts/?aa_id=268263-0",
    "lot_code": "Lot F7",
    "vehicle_chassis_no": "WP1AD29P39LA61356"
  },
  {
    "lot_source_link": "https://www.mecum.com/lots/422416/1966-ford-mustang/?aa_id=268264-0",
    "lot_code": "Lot F8",
    "vehicle_chassis_no": "6T07T113109"
  },
  {
    "lot_source_link": "https://www.mecum.com/lots/422417/1989-ford-bronco/?aa_id=268265-0",
    "lot_code": "Lot F9",
    "vehicle_chassis_no": "IMFEU15Y5KLA23804"
  },
  {
    "lot_source_link": "https://www.mecum.com/lots/422418/1986-chevrolet-corvette-coupe/?aa_id=268266-0",
    "lot_code": "Lot F10",
    "vehicle_chassis_no": "1G1YY0786G5126201"
  },
  {
    "lot_source_link": "https://www.mecum.com/lots/422419/1989-jaguar-xjs/?aa_id=268267-0",
    "lot_code": "Lot F11",
    "vehicle_chassis_no": "SAJNA5848KC149525"
  },
  {
    "lot_source_link": "https://www.mecum.com/lots/422420/1985-chevrolet-suburban/?aa_id=268268-0",
    "lot_code": "Lot F12",
    "vehicle_chassis_no": "1G8GC26WSFF202734"
  },
  {
    "lot_source_link": "https://www.mecum.com/lots/422421/2007-mercedes-benz-gl450-4matic/?aa_id=268269-0",
    "lot_code": "Lot F13",
    "vehicle_chassis_no": "4JGBF71EX7A234768"
  },
  {
    "lot_source_link": "https://www.mecum.com/lots/422422/2002-chevrolet-camaro-convertible/?aa_id=268270-0",
    "lot_code": "Lot F14",
    "vehicle_chassis_no": "2G1FP32K022147838"
  },
  {
    "lot_source_link": "https://www.mecum.com/lots/422423/2004-mercedes-benz-sl500-convertible/?aa_id=268271-0",
    "lot_code": "Lot F15",
    "vehicle_chassis_no": "WDBSK75F44F073205"
  },
  {
    "lot_source_link": "https://www.mecum.com/lots/422424/2006-bmw-750/?aa_id=268272-0",
    "lot_code": "Lot F16",
    "vehicle_chassis_no": "WBAHL83556DT07145"
  },
  {
    "lot_source_link": "https://www.mecum.com/lots/422425/2009-mercedes-benz-clk350-convertible/?aa_id=268273-0",
    "lot_code": "Lot F17",
    "vehicle_chassis_no": "WDBTK56F49F262371"
  },
  {
    "lot_source_link": "https://www.mecum.com/lots/422426/2012-jeep-wrangler-unlimited-sport/?aa_id=268274-0",
    "lot_code": "Lot F18",
    "vehicle_chassis_no": "1C4BJWDG4CL211544"
  },
  {
    "lot_source_link": "https://www.mecum.com/lots/422427/2005-jeep-wrangler/?aa_id=268275-0",
    "lot_code": "Lot F19",
    "vehicle_chassis_no": "1J4FA39S05P348824"
  },
  {
    "lot_source_link": "https://www.mecum.com/lots/422428/2004-jeep-wrangler/?aa_id=268276-0",
    "lot_code": "Lot F20",
    "vehicle_chassis_no": "1J4FA39S84P777496"
  },
  {
    "lot_source_link": "https://www.mecum.com/lots/422429/1979-gazelle-ssk-replica-roadster/?aa_id=268277-0",
    "lot_code": "Lot F21",
    "vehicle_chassis_no": "VS8200717AW"
  },
  {
    "lot_source_link": "https://www.mecum.com/lots/422430/1990-chevrolet-corvette-convertible/?aa_id=268278-0",
    "lot_code": "Lot F22",
    "vehicle_chassis_no": "1G1YY3381L5119609"
  },
  {
    "lot_source_link": "https://www.mecum.com/lots/422431/1979-cadillac-seville/?aa_id=268279-0",
    "lot_code": "Lot F23",
    "vehicle_chassis_no": "6S69B99480248"
  },
  {
    "lot_source_link": "https://www.mecum.com/lots/422432/1960-ford-thunderbird/?aa_id=268280-0",
    "lot_code": "Lot F24",
    "vehicle_chassis_no": "0Y71Y146595"
  },
  {
    "lot_source_link": "https://www.mecum.com/lots/422433/2008-mercedes-benz-clk350-coupe/?aa_id=268281-0",
    "lot_code": "Lot F25",
    "vehicle_chassis_no": "WDBTJ56H28F245832"
  },
  {
    "lot_source_link": "https://www.mecum.com/lots/422434/1986-mercedes-benz-560sl/?aa_id=268282-0",
    "lot_code": "Lot F26",
    "vehicle_chassis_no": "WDBBA48D2GA047196"
  },
  {
    "lot_source_link": "https://www.mecum.com/lots/422435/1965-ford-falcon-ranchero/?aa_id=268283-0",
    "lot_code": "Lot F27",
    "vehicle_chassis_no": "5H27C118277"
  },
  {
    "lot_source_link": "https://www.mecum.com/lots/422436/1935-chevrolet-master-deluxe-resto-mod/?aa_id=268284-0",
    "lot_code": "Lot F28",
    "vehicle_chassis_no": "AZ373471"
  },
  {
    "lot_source_link": "https://www.mecum.com/lots/422437/1953-willys-jeep/?aa_id=268285-0",
    "lot_code": "Lot F29",
    "vehicle_chassis_no": "653AA213840"
  },
  {
    "lot_source_link": "https://www.mecum.com/lots/422445/1979-chevrolet-camaro-z28/?aa_id=268292-0",
    "lot_code": "Lot F30",
    "vehicle_chassis_no": "1Q87L9L587129"
  },
  {
    "lot_source_link": "https://www.mecum.com/lots/422439/1972-ford-mustang-sprint-coupe/?aa_id=268286-0",
    "lot_code": "Lot F31",
    "vehicle_chassis_no": "2F01F182575"
  },
  {
    "lot_source_link": "https://www.mecum.com/lots/422105/1968-mercury-cougar-xr-7/?aa_id=268218-0",
    "lot_code": "Lot F32.1",
    "vehicle_chassis_no": "8F93J577340"
  },
  {
    "lot_source_link": "https://www.mecum.com/lots/422441/1946-dodge-vf21-stake-bed-pickup/?aa_id=268288-0",
    "lot_code": "Lot F33",
    "vehicle_chassis_no": "86502072"
  },
  {
    "lot_source_link": "https://www.mecum.com/lots/422442/1989-gmc-vandura-2500-van/?aa_id=268289-0",
    "lot_code": "Lot F34",
    "vehicle_chassis_no": "1GDEG25K5K7521132"
  },
  {
    "lot_source_link": "https://www.mecum.com/lots/422443/1986-porsche-944/?aa_id=268290-0",
    "lot_code": "Lot F35",
    "vehicle_chassis_no": "WP0AA0948GN457563"
  },
  {
    "lot_source_link": "https://www.mecum.com/lots/422444/1972-chevrolet-c10-pickup/?aa_id=268291-0",
    "lot_code": "Lot F36",
    "vehicle_chassis_no": "CCE142S108960"
  },
  {
    "lot_source_link": "https://www.mecum.com/lots/422954/2018-mercedes-benz-gle43-amg/?aa_id=268548-0",
    "lot_code": "Lot F37.1",
    "vehicle_chassis_no": "4JGED6EBXJA099960"
  },
  {
    "lot_source_link": "https://www.mecum.com/lots/422446/1976-cadillac-eldorado-convertible/?aa_id=268293-0",
    "lot_code": "Lot F38",
    "vehicle_chassis_no": "6L67S6Q164357"
  },
  {
    "lot_source_link": "https://www.mecum.com/lots/422447/1985-oldsmobile-cutlass-supreme/?aa_id=268294-0",
    "lot_code": "Lot F39",
    "vehicle_chassis_no": "1G3GM47Y7FP334337"
  },
  {
    "lot_source_link": "https://www.mecum.com/lots/422448/1977-jeep-cj-5/?aa_id=268295-0",
    "lot_code": "Lot F40",
    "vehicle_chassis_no": "J7F83AA080843"
  },
  {
    "lot_source_link": "https://www.mecum.com/lots/422451/1940-graham-hollywood-street-rod/?aa_id=268296-0",
    "lot_code": "Lot F43",
    "vehicle_chassis_no": "710610"
  },
  {
    "lot_source_link": "https://www.mecum.com/lots/422453/1934-ford-coupe-street-rod/?aa_id=268297-0",
    "lot_code": "Lot F45",
    "vehicle_chassis_no": "R4837"
  },
  {
    "lot_source_link": "https://www.mecum.com/lots/449134/2007-bmw-m6-convertible/?aa_id=279315-0",
    "lot_code": "Lot F45.1",
    "vehicle_chassis_no": "WBSEK93527CS32564"
  },
  {
    "lot_source_link": "https://www.mecum.com/lots/422454/2004-ford-f150-everest-pickup/?aa_id=268298-0",
    "lot_code": "Lot F46",
    "vehicle_chassis_no": "1FTPW145X4KA11588"
  },
  {
    "lot_source_link": "https://www.mecum.com/lots/422455/2005-chevrolet-ssr/?aa_id=268299-0",
    "lot_code": "Lot F47",
    "vehicle_chassis_no": "1GCES14H15B118821"
  },
  {
    "lot_source_link": "https://www.mecum.com/lots/422457/2005-chevrolet-ssr/?aa_id=268300-0",
    "lot_code": "Lot F49",
    "vehicle_chassis_no": "1GCES14H65B120385"
  },
  {
    "lot_source_link": "https://www.mecum.com/lots/422458/1934-ford-pickup-hot-rod/?aa_id=268301-0",
    "lot_code": "Lot F50",
    "vehicle_chassis_no": "18989466"
  },
  {
    "lot_source_link": "https://www.mecum.com/lots/447392/1968-chevrolet-camaro-convertible/?aa_id=278958-0",
    "lot_code": "Lot F51",
    "vehicle_chassis_no": "124678N396009"
  },
  {
    "lot_source_link": "https://www.mecum.com/lots/422460/2000-plymouth-prowler/?aa_id=268303-0",
    "lot_code": "Lot F52",
    "vehicle_chassis_no": "1P3EW65G3YV602547"
  },
  {
    "lot_source_link": "https://www.mecum.com/lots/422461/1999-plymouth-prowler/?aa_id=268304-0",
    "lot_code": "Lot F53",
    "vehicle_chassis_no": "1P3EW65G3XV505184"
  },
  {
    "lot_source_link": "https://www.mecum.com/lots/422462/1955-chevrolet-cameo-pickup/?aa_id=268305-0",
    "lot_code": "Lot F54",
    "vehicle_chassis_no": "VH255L009726"
  },
  {
    "lot_source_link": "https://www.mecum.com/lots/422464/2002-chevrolet-camaro-convertible/?aa_id=268306-0",
    "lot_code": "Lot F56",
    "vehicle_chassis_no": "2G1FP32G522129749"
  },
  {
    "lot_source_link": "https://www.mecum.com/lots/422467/1967-datsun-1600/?aa_id=268307-0",
    "lot_code": "Lot F59",
    "vehicle_chassis_no": "SPL31109905"
  },
  {
    "lot_source_link": "https://www.mecum.com/lots/422468/1969-chevrolet-camaro-z28/?aa_id=268308-0",
    "lot_code": "Lot F60",
    "vehicle_chassis_no": "124379N682432"
  },
  {
    "lot_source_link": "https://www.mecum.com/lots/422469/2002-porsche-911/?aa_id=268309-0",
    "lot_code": "Lot F61",
    "vehicle_chassis_no": "WP0AA29942S621098"
  },
  {
    "lot_source_link": "https://www.mecum.com/lots/451529/1955-ford-f100-pickup/?aa_id=279936-0",
    "lot_code": "Lot F61.1",
    "vehicle_chassis_no": "F10D5D22155"
  },
  {
    "lot_source_link": "https://www.mecum.com/lots/422473/1961-chevrolet-k10-pickup/?aa_id=268310-0",
    "lot_code": "Lot F65",
    "vehicle_chassis_no": "1K144J111021"
  },
  {
    "lot_source_link": "https://www.mecum.com/lots/422125/2005-chevrolet-ssr/?aa_id=268232-0",
    "lot_code": "Lot F65.1",
    "vehicle_chassis_no": "1GCES14H45B116044"
  },
  {
    "lot_source_link": "https://www.mecum.com/lots/LN20-422474/1941-mercury-convertible/?aa_id=268311-0",
    "lot_code": "Lot F66",
    "vehicle_chassis_no": "99A299657"
  },
  {
    "lot_source_link": "https://www.mecum.com/lots/422126/1964-chevrolet-corvair-monza/?aa_id=268233-0",
    "lot_code": "Lot F66.1",
    "vehicle_chassis_no": "40627W188322"
  },
  {
    "lot_source_link": "https://www.mecum.com/lots/422475/1948-chevrolet-3100-5-window-pickup/?aa_id=268312-0",
    "lot_code": "Lot F67",
    "vehicle_chassis_no": "6FPH5966"
  },
  {
    "lot_source_link": "https://www.mecum.com/lots/422127/2002-bmw-m3-convertible/?aa_id=268234-0",
    "lot_code": "Lot F67.1",
    "vehicle_chassis_no": "WBSBR93482EX24017"
  },
  {
    "lot_source_link": "https://www.mecum.com/lots/447274/1982-chevrolet-camaro-z28/?aa_id=278880-0",
    "lot_code": "Lot F68",
    "vehicle_chassis_no": "1G1AP87H1CL164895"
  },
  {
    "lot_source_link": "https://www.mecum.com/lots/422477/2005-chevrolet-colorado-pickup/?aa_id=268313-0",
    "lot_code": "Lot F69",
    "vehicle_chassis_no": "1GCCS136258247672"
  },
  {
    "lot_source_link": "https://www.mecum.com/lots/422478/1959-ford-fairlane-500-skyliner/?aa_id=268314-0",
    "lot_code": "Lot F70",
    "vehicle_chassis_no": "H9FW231842"
  },
  {
    "lot_source_link": "https://www.mecum.com/lots/422479/2009-mercedes-benz-c63-amg-sedan/?aa_id=268315-0",
    "lot_code": "Lot F71",
    "vehicle_chassis_no": "WDDGF77X59F220498"
  },
  {
    "lot_source_link": "https://www.mecum.com/lots/422480/1970-chevrolet-c20-pickup/?aa_id=268316-0",
    "lot_code": "Lot F72",
    "vehicle_chassis_no": "CE249Z832203"
  },
  {
    "lot_source_link": "https://www.mecum.com/lots/422483/1965-chevrolet-chevelle-ss-convertible/?aa_id=268317-0",
    "lot_code": "Lot F75",
    "vehicle_chassis_no": "138675Z102196"
  },
  {
    "lot_source_link": "https://www.mecum.com/lots/LN20-422484/2005-ford-mustang/?aa_id=268318-0",
    "lot_code": "Lot F76",
    "vehicle_chassis_no": "1ZVHT82H855146410"
  },
  {
    "lot_source_link": "https://www.mecum.com/lots/422485/1968-ford-mustang-resto-mod/?aa_id=268319-0",
    "lot_code": "Lot F77",
    "vehicle_chassis_no": "8F01C157065"
  },
  {
    "lot_source_link": "https://www.mecum.com/lots/422486/1978-gmc-1500-sierra-classic-pickup/?aa_id=268320-0",
    "lot_code": "Lot F78",
    "vehicle_chassis_no": "TKL148Z516021"
  },
  {
    "lot_source_link": "https://www.mecum.com/lots/422487/1984-chevrolet-c10-pickup/?aa_id=268321-0",
    "lot_code": "Lot F79",
    "vehicle_chassis_no": "1GCEC14F3EJ161011"
  },
  {
    "lot_source_link": "https://www.mecum.com/lots/422488/1960-chevrolet-el-camino/?aa_id=268322-0",
    "lot_code": "Lot F80",
    "vehicle_chassis_no": "01280L119298"
  },
  {
    "lot_source_link": "https://www.mecum.com/lots/449135/2008-pontiac-solstice-gxp/?aa_id=279316-0",
    "lot_code": "Lot F80.1",
    "vehicle_chassis_no": "1G2MF35X18Y129874"
  },
  {
    "lot_source_link": "https://www.mecum.com/lots/422489/1967-lincoln-continental-convertible/?aa_id=268323-0",
    "lot_code": "Lot F81",
    "vehicle_chassis_no": "7Y86G821282"
  },
  {
    "lot_source_link": "https://www.mecum.com/lots/451586/1972-volkswagen-sportsmobile-camper/?aa_id=279966-0",
    "lot_code": "Lot F82.1",
    "vehicle_chassis_no": "2322084500"
  },
  {
    "lot_source_link": "https://www.mecum.com/lots/451591/2007-porsche-911-carrera/?aa_id=279970-0",
    "lot_code": "Lot F83.1",
    "vehicle_chassis_no": "WP0AA29927S711406"
  },
  {
    "lot_source_link": "https://www.mecum.com/lots/451578/1955-chevrolet-3100-pickup/?aa_id=279960-0",
    "lot_code": "Lot F84.1",
    "vehicle_chassis_no": "3B59L104035"
  },
  {
    "lot_source_link": "https://www.mecum.com/lots/422493/1931-ford-model-a-roadster/?aa_id=268324-0",
    "lot_code": "Lot F85",
    "vehicle_chassis_no": "A4635746"
  },
  {
    "lot_source_link": "https://www.mecum.com/lots/422494/1981-toyota-sr5-pickup/?aa_id=268325-0",
    "lot_code": "Lot F86",
    "vehicle_chassis_no": "JT4RN38D5B0006901"
  },
  {
    "lot_source_link": "https://www.mecum.com/lots/422496/1940-ford-deluxe-woody/?aa_id=268326-0",
    "lot_code": "Lot F88",
    "vehicle_chassis_no": "185233918"
  },
  {
    "lot_source_link": "https://www.mecum.com/lots/447474/1968-gmc-pickup/?aa_id=279017-0",
    "lot_code": "Lot F89",
    "vehicle_chassis_no": "CM20DZB22714"
  },
  {
    "lot_source_link": "https://www.mecum.com/lots/422498/1969-chevrolet-camaro-rs-ss/?aa_id=268327-0",
    "lot_code": "Lot F90",
    "vehicle_chassis_no": "124379N576351"
  },
  {
    "lot_source_link": "https://www.mecum.com/lots/449136/2007-mercedes-benz-sl550-convertible/?aa_id=279317-0",
    "lot_code": "Lot F90.1",
    "vehicle_chassis_no": "WDBSK71F57F132482"
  },
  {
    "lot_source_link": "https://www.mecum.com/lots/422499/1963-plymouth-belvedere/?aa_id=268328-0",
    "lot_code": "Lot F91",
    "vehicle_chassis_no": "3235131850"
  },
  {
    "lot_source_link": "https://www.mecum.com/lots/447442/1965-lincoln-continental/?aa_id=278996-0",
    "lot_code": "Lot F92",
    "vehicle_chassis_no": "5Y82N418185"
  },
  {
    "lot_source_link": "https://www.mecum.com/lots/447443/1933-dodge-six-series/?aa_id=278997-0",
    "lot_code": "Lot F93",
    "vehicle_chassis_no": "DP41532"
  },
  {
    "lot_source_link": "https://www.mecum.com/lots/447444/1933-ford-factory-five-roadster/?aa_id=278998-0",
    "lot_code": "Lot F94",
    "vehicle_chassis_no": "F5R1000286HR"
  },
  {
    "lot_source_link": "https://www.mecum.com/lots/447430/1968-chevrolet-camaro-z28/?aa_id=278988-0",
    "lot_code": "Lot F95",
    "vehicle_chassis_no": "124378L341140"
  },
  {
    "lot_source_link": "https://www.mecum.com/lots/447475/1963-studebaker-gran-turismo-hawk/?aa_id=279018-0",
    "lot_code": "Lot F96",
    "vehicle_chassis_no": "63V2771"
  },
  {
    "lot_source_link": "https://www.mecum.com/lots/447373/1966-ford-galaxie-ltd/?aa_id=278943-0",
    "lot_code": "Lot F97",
    "vehicle_chassis_no": "6E67X192724"
  },
  {
    "lot_source_link": "https://www.mecum.com/lots/449137/2008-bentley-continental-gtc/?aa_id=279318-0",
    "lot_code": "Lot F97.1",
    "vehicle_chassis_no": "SCBDR33W08C053187"
  },
  {
    "lot_source_link": "https://www.mecum.com/lots/422506/1962-chevrolet-impala-hardtop/?aa_id=268333-0",
    "lot_code": "Lot F98",
    "vehicle_chassis_no": "21847L151741"
  },
  {
    "lot_source_link": "https://www.mecum.com/lots/422507/2002-pontiac-trans-am-gmmg-blackbird-year-one-edition/?aa_id=268334-0",
    "lot_code": "Lot F99",
    "vehicle_chassis_no": "2G2FV22G122125273"
  },
  {
    "lot_source_link": "https://www.mecum.com/lots/447571/1967-chevrolet-corvette-convertible/?aa_id=279081-0",
    "lot_code": "Lot F100",
    "vehicle_chassis_no": "194677S121458"
  },
  {
    "lot_source_link": "https://www.mecum.com/lots/422509/2018-ford-mustang-pettys-garage-warrior-edition/?aa_id=268335-0",
    "lot_code": "Lot F101",
    "vehicle_chassis_no": "1FA6P8CF5J5119967"
  },
  {
    "lot_source_link": "https://www.mecum.com/lots/447607/1966-dodge-hemi-coronet/?aa_id=279109-0",
    "lot_code": "Lot F102",
    "vehicle_chassis_no": "WP23H61315440"
  },
  {
    "lot_source_link": "https://www.mecum.com/lots/LN20-422511/2007-ford-shelby-gt500/?aa_id=268336-0",
    "lot_code": "Lot F103",
    "vehicle_chassis_no": "1ZVHT88SX75213272"
  },
  {
    "lot_source_link": "https://www.mecum.com/lots/422512/1969-chevrolet-corvette-convertible/?aa_id=268337-0",
    "lot_code": "Lot F104",
    "vehicle_chassis_no": "194679S734938"
  },
  {
    "lot_source_link": "https://www.mecum.com/lots/422513/1967-shelby-gt500-fastback/?aa_id=268338-0",
    "lot_code": "Lot F105",
    "vehicle_chassis_no": "67402F5A00812"
  },
  {
    "lot_source_link": "https://www.mecum.com/lots/422514/2013-ford-mustang-boss-302/?aa_id=268339-0",
    "lot_code": "Lot F106",
    "vehicle_chassis_no": "1ZVBP8CU5D5241446"
  },
  {
    "lot_source_link": "https://www.mecum.com/lots/422515/1934-chevrolet-coupe/?aa_id=268340-0",
    "lot_code": "Lot F107",
    "vehicle_chassis_no": "12DC253775"
  },
  {
    "lot_source_link": "https://www.mecum.com/lots/422516/1978-chevrolet-corvette-pace-car-edition/?aa_id=268341-0",
    "lot_code": "Lot F108",
    "vehicle_chassis_no": "1Z87L8S905788"
  },
  {
    "lot_source_link": "https://www.mecum.com/lots/422518/1954-buick-roadmaster/?aa_id=268342-0",
    "lot_code": "Lot F110",
    "vehicle_chassis_no": "7A2024501"
  },
  {
    "lot_source_link": "https://www.mecum.com/lots/422519/1957-chevrolet-bel-air/?aa_id=268343-0",
    "lot_code": "Lot F111",
    "vehicle_chassis_no": "VC57L202158"
  },
  {
    "lot_source_link": "https://www.mecum.com/lots/422520/1964-dodge-polara-500-convertible/?aa_id=268344-0",
    "lot_code": "Lot F112",
    "vehicle_chassis_no": "6442162144"
  },
  {
    "lot_source_link": "https://www.mecum.com/lots/422521/1955-chevrolet-bel-air/?aa_id=268345-0",
    "lot_code": "Lot F113",
    "vehicle_chassis_no": "VC55L037957"
  },
  {
    "lot_source_link": "https://www.mecum.com/lots/422522/1965-ford-mustang-gt-fastback/?aa_id=268346-0",
    "lot_code": "Lot F114",
    "vehicle_chassis_no": "5F09C344092"
  },
  {
    "lot_source_link": "https://www.mecum.com/lots/422523/1968-ford-mustang-fastback/?aa_id=268347-0",
    "lot_code": "Lot F115",
    "vehicle_chassis_no": "8R02J110368"
  },
  {
    "lot_source_link": "https://www.mecum.com/lots/422524/1970-oldsmobile-442/?aa_id=268348-0",
    "lot_code": "Lot F116",
    "vehicle_chassis_no": "344870G120230"
  },
  {
    "lot_source_link": "https://www.mecum.com/lots/422525/1972-oldsmobile-cutlass-supreme-convertible/?aa_id=268349-0",
    "lot_code": "Lot F117",
    "vehicle_chassis_no": "3J67K2M162653"
  },
  {
    "lot_source_link": "https://www.mecum.com/lots/422526/2005-bentley-continental-gt/?aa_id=268350-0",
    "lot_code": "Lot F118",
    "vehicle_chassis_no": "SCBCR63W55C028360"
  },
  {
    "lot_source_link": "https://www.mecum.com/lots/447572/1933-ford-speedster-street-rod/?aa_id=279082-0",
    "lot_code": "Lot F119",
    "vehicle_chassis_no": "182434199"
  },
  {
    "lot_source_link": "https://www.mecum.com/lots/422528/1939-ford-deluxe-coupe-street-rod/?aa_id=268351-0",
    "lot_code": "Lot F120",
    "vehicle_chassis_no": "5050998"
  },
  {
    "lot_source_link": "https://www.mecum.com/lots/422529/1961-oldsmobile-starfire-convertible/?aa_id=268352-0",
    "lot_code": "Lot F121",
    "vehicle_chassis_no": "616W01016"
  },
  {
    "lot_source_link": "https://www.mecum.com/lots/422530/1967-chevrolet-camaro/?aa_id=268353-0",
    "lot_code": "Lot F122",
    "vehicle_chassis_no": "124377L136638"
  },
  {
    "lot_source_link": "https://www.mecum.com/lots/422531/1973-pontiac-firebird-esprit/?aa_id=268354-0",
    "lot_code": "Lot F123",
    "vehicle_chassis_no": "2T87M3N112870"
  },
  {
    "lot_source_link": "https://www.mecum.com/lots/422533/1966-chevrolet-c10-pickup/?aa_id=268355-0",
    "lot_code": "Lot F125",
    "vehicle_chassis_no": "C1546Z142027"
  },
  {
    "lot_source_link": "https://www.mecum.com/lots/422534/1989-ferrari-328-gts/?aa_id=268356-0",
    "lot_code": "Lot F126",
    "vehicle_chassis_no": "ZFFXA20A6K0080277"
  },
  {
    "lot_source_link": "https://www.mecum.com/lots/422535/1993-porsche-928-gts/?aa_id=268357-0",
    "lot_code": "Lot F127",
    "vehicle_chassis_no": "WP0AA2920PS820062"
  },
  {
    "lot_source_link": "https://www.mecum.com/lots/422536/1970-plymouth-superbird/?aa_id=268358-0",
    "lot_code": "Lot F128",
    "vehicle_chassis_no": "RM23U0A161587"
  },
  {
    "lot_source_link": "https://www.mecum.com/lots/422537/1929-rolls-royce-phantom-i-convertible-sedan/?aa_id=268359-0",
    "lot_code": "Lot F129",
    "vehicle_chassis_no": "S357LR"
  },
  {
    "lot_source_link": "https://www.mecum.com/lots/451711/2021-jeep-wrangler-unlimited/?aa_id=280050-0",
    "lot_code": "Lot F130.1",
    "vehicle_chassis_no": "1C4HJXDM6MW524987"
  },
  {
    "lot_source_link": "https://www.mecum.com/lots/LN20-423019/1992-nissan-figaro-cabriolet/?aa_id=268563-0",
    "lot_code": "Lot F131",
    "vehicle_chassis_no": "FK10016958"
  },
  {
    "lot_source_link": "https://www.mecum.com/lots/422540/1970-oldsmobile-442-w-30/?aa_id=268360-0",
    "lot_code": "Lot F132",
    "vehicle_chassis_no": "344870M321697"
  },
  {
    "lot_source_link": "https://www.mecum.com/lots/422541/2009-infiniti-m35/?aa_id=268361-0",
    "lot_code": "Lot F133",
    "vehicle_chassis_no": "JNKCY01E39M800439"
  },
  {
    "lot_source_link": "https://www.mecum.com/lots/422542/1952-chevrolet-suburban/?aa_id=268362-0",
    "lot_code": "Lot F134",
    "vehicle_chassis_no": "6JPF10126"
  },
  {
    "lot_source_link": "https://www.mecum.com/lots/422543/1968-pontiac-gto/?aa_id=268363-0",
    "lot_code": "Lot F135",
    "vehicle_chassis_no": "242378R160278"
  },
  {
    "lot_source_link": "https://www.mecum.com/lots/422502/1966-shelby-gt350h-fastback/?aa_id=268329-0",
    "lot_code": "Lot F139",
    "vehicle_chassis_no": "SFM6S1621"
  },
  {
    "lot_source_link": "https://www.mecum.com/lots/422503/1966-chevrolet-corvette-convertible/?aa_id=268330-0",
    "lot_code": "Lot F140",
    "vehicle_chassis_no": "194676S121630"
  },
  {
    "lot_source_link": "https://www.mecum.com/lots/422504/1969-shelby-gt500-fastback/?aa_id=268331-0",
    "lot_code": "Lot F141",
    "vehicle_chassis_no": "9F02R480748"
  },
  {
    "lot_source_link": "https://www.mecum.com/lots/422505/1969-shelby-gt350-convertible/?aa_id=268332-0",
    "lot_code": "Lot F142",
    "vehicle_chassis_no": "9F03M480851"
  },
  {
    "lot_source_link": "https://www.mecum.com/lots/422551/1970-chevrolet-chevelle-ss/?aa_id=268364-0",
    "lot_code": "Lot F143",
    "vehicle_chassis_no": "136370L124825"
  },
  {
    "lot_source_link": "https://www.mecum.com/lots/422552/1959-mercedes-benz-190sl-roadster/?aa_id=268365-0",
    "lot_code": "Lot F144",
    "vehicle_chassis_no": "1210407502960"
  },
  {
    "lot_source_link": "https://www.mecum.com/lots/422553/1986-chevrolet-silverado-pickup/?aa_id=268366-0",
    "lot_code": "Lot F145",
    "vehicle_chassis_no": "1GCDC14H4GF394835"
  },
  {
    "lot_source_link": "https://www.mecum.com/lots/422554/1933-mercedes-benz-500k-replica-convertible/?aa_id=268367-0",
    "lot_code": "Lot F146",
    "vehicle_chassis_no": "CA568904"
  },
  {
    "lot_source_link": "https://www.mecum.com/lots/447646/1972-chevrolet-chevelle-custom-convertible/?aa_id=279135-0",
    "lot_code": "Lot F146.1",
    "vehicle_chassis_no": "1D67J2R530500"
  },
  {
    "lot_source_link": "https://www.mecum.com/lots/422555/1951-ford-custom-convertible/?aa_id=268368-0",
    "lot_code": "Lot F147",
    "vehicle_chassis_no": "B1EG157559"
  },
  {
    "lot_source_link": "https://www.mecum.com/lots/422556/1953-chevrolet-bel-air/?aa_id=268369-0",
    "lot_code": "Lot F148",
    "vehicle_chassis_no": "LAA814902"
  },
  {
    "lot_source_link": "https://www.mecum.com/lots/422557/1966-mercury-s-55-convertible/?aa_id=268370-0",
    "lot_code": "Lot F149",
    "vehicle_chassis_no": "6W46Q545909"
  },
  {
    "lot_source_link": "https://www.mecum.com/lots/422558/1939-cadillac-fleetwood-special/?aa_id=268371-0",
    "lot_code": "Lot F150",
    "vehicle_chassis_no": "0R629354"
  },
  {
    "lot_source_link": "https://www.mecum.com/lots/422559/1934-ford-street-rod-coupe/?aa_id=268372-0",
    "lot_code": "Lot F151",
    "vehicle_chassis_no": "18591122"
  },
  {
    "lot_source_link": "https://www.mecum.com/lots/422560/1938-ford-cabriolet-street-rod/?aa_id=268373-0",
    "lot_code": "Lot F152",
    "vehicle_chassis_no": "P5FH100222"
  },
  {
    "lot_source_link": "https://www.mecum.com/lots/422561/1969-chevrolet-camaro/?aa_id=268374-0",
    "lot_code": "Lot F153",
    "vehicle_chassis_no": "124379N531996"
  },
  {
    "lot_source_link": "https://www.mecum.com/lots/422562/1992-toyota-fj-70-land-cruiser/?aa_id=268375-0",
    "lot_code": "Lot F154",
    "vehicle_chassis_no": "FJ709007286"
  },
  {
    "lot_source_link": "https://www.mecum.com/lots/422563/1957-oldsmobile-super-88/?aa_id=268376-0",
    "lot_code": "Lot F155",
    "vehicle_chassis_no": "73637SD800489"
  },
  {
    "lot_source_link": "https://www.mecum.com/lots/422176/1955-chevrolet-3200-pickup/?aa_id=268249-0",
    "lot_code": "Lot F155.1",
    "vehicle_chassis_no": "M255L014562"
  },
  {
    "lot_source_link": "https://www.mecum.com/lots/449138/1966-pontiac-gto-convertible/?aa_id=279319-0",
    "lot_code": "Lot F156",
    "vehicle_chassis_no": "242676P162500"
  },
  {
    "lot_source_link": "https://www.mecum.com/lots/449139/2002-pontiac-trans-am-collector-edition/?aa_id=279320-0",
    "lot_code": "Lot F156.1",
    "vehicle_chassis_no": "2G2FV32G522121989"
  },
  {
    "lot_source_link": "https://www.mecum.com/lots/422565/1929-ford-model-a-pickup/?aa_id=268377-0",
    "lot_code": "Lot F157",
    "vehicle_chassis_no": "AA969413"
  },
  {
    "lot_source_link": "https://www.mecum.com/lots/422566/2006-maserati-quattroporte-executive-gt/?aa_id=268378-0",
    "lot_code": "Lot F158",
    "vehicle_chassis_no": "ZAMCE39A660024108"
  },
  {
    "lot_source_link": "https://www.mecum.com/lots/422567/1968-chevrolet-camaro-rs/?aa_id=268379-0",
    "lot_code": "Lot F159",
    "vehicle_chassis_no": "124378N338376"
  },
  {
    "lot_source_link": "https://www.mecum.com/lots/422568/1973-chevrolet-c10-pickup/?aa_id=268380-0",
    "lot_code": "Lot F160",
    "vehicle_chassis_no": "CCY143Z122266"
  },
  {
    "lot_source_link": "https://www.mecum.com/lots/422569/1956-jaguar-d-type-replica/?aa_id=268381-0",
    "lot_code": "Lot F161",
    "vehicle_chassis_no": "1F106998"
  },
  {
    "lot_source_link": "https://www.mecum.com/lots/422570/1967-ferrari-p4-replica/?aa_id=268382-0",
    "lot_code": "Lot F162",
    "vehicle_chassis_no": "7A842000708711374"
  },
  {
    "lot_source_link": "https://www.mecum.com/lots/422571/1960-porsche-356b-roadster/?aa_id=268383-0",
    "lot_code": "Lot F163",
    "vehicle_chassis_no": "87349"
  },
  {
    "lot_source_link": "https://www.mecum.com/lots/422572/1962-porsche-356b-cabriolet/?aa_id=268384-0",
    "lot_code": "Lot F164",
    "vehicle_chassis_no": "156986"
  },
  {
    "lot_source_link": "https://www.mecum.com/lots/422573/2006-ford-gt/?aa_id=268385-0",
    "lot_code": "Lot F165",
    "vehicle_chassis_no": "1FAFP90SX6Y401695"
  },
  {
    "lot_source_link": "https://www.mecum.com/lots/449140/1986-rolls-royce-silver-spur/?aa_id=279321-0",
    "lot_code": "Lot F166",
    "vehicle_chassis_no": "SCAZN42A3GCX15862"
  },
  {
    "lot_source_link": "https://www.mecum.com/lots/422575/1953-buick-custom-coupe/?aa_id=268386-0",
    "lot_code": "Lot F167",
    "vehicle_chassis_no": "47217745"
  },
  {
    "lot_source_link": "https://www.mecum.com/lots/422576/1938-cadillac-limousine/?aa_id=268387-0",
    "lot_code": "Lot F168",
    "vehicle_chassis_no": "7271390"
  },
  {
    "lot_source_link": "https://www.mecum.com/lots/447573/1950-mercury-custom-coupe/?aa_id=279083-0",
    "lot_code": "Lot F168.1",
    "vehicle_chassis_no": "50SL107298M"
  },
  {
    "lot_source_link": "https://www.mecum.com/lots/422577/1956-gmc-100/?aa_id=268388-0",
    "lot_code": "Lot F169",
    "vehicle_chassis_no": "1018PX4925"
  },
  {
    "lot_source_link": "https://www.mecum.com/lots/422578/1957-chevrolet-1500-pickup/?aa_id=268389-0",
    "lot_code": "Lot F170",
    "vehicle_chassis_no": "V3A570103750"
  },
  {
    "lot_source_link": "https://www.mecum.com/lots/422579/1976-chevrolet-k5-blazer/?aa_id=268390-0",
    "lot_code": "Lot F171",
    "vehicle_chassis_no": "CKL186F120981"
  },
  {
    "lot_source_link": "https://www.mecum.com/lots/422106/1923-ford-t-bucket-roadster/?aa_id=268219-0",
    "lot_code": "Lot F173",
    "vehicle_chassis_no": "TP23T1789"
  },
  {
    "lot_source_link": "https://www.mecum.com/lots/422583/1963-chevrolet-corvette-convertible/?aa_id=268392-0",
    "lot_code": "Lot F175",
    "vehicle_chassis_no": "30867S109783"
  },
  {
    "lot_source_link": "https://www.mecum.com/lots/422109/1992-honda-integra/?aa_id=268222-0",
    "lot_code": "Lot F176",
    "vehicle_chassis_no": "DA51201866"
  },
  {
    "lot_source_link": "https://www.mecum.com/lots/451587/1945-chevrolet-pickup/?aa_id=279967-0",
    "lot_code": "Lot F177.1",
    "vehicle_chassis_no": "9BK426688"
  },
  {
    "lot_source_link": "https://www.mecum.com/lots/422110/1991-mitsubishi-3000gt/?aa_id=268223-0",
    "lot_code": "Lot F178",
    "vehicle_chassis_no": "JA3XD64B7MY021161"
  },
  {
    "lot_source_link": "https://www.mecum.com/lots/422587/2002-chevrolet-camaro-ss-slp-convertible/?aa_id=268393-0",
    "lot_code": "Lot F179",
    "vehicle_chassis_no": "2G1FP32G522157521"
  },
  {
    "lot_source_link": "https://www.mecum.com/lots/422588/2014-volkswagen-beetle/?aa_id=268394-0",
    "lot_code": "Lot F180",
    "vehicle_chassis_no": "3VWFP7AT1EM623376"
  },
  {
    "lot_source_link": "https://www.mecum.com/lots/451953/1977-ford-ltd/?aa_id=280077-0",
    "lot_code": "Lot F181.1",
    "vehicle_chassis_no": "7H32F201497"
  },
  {
    "lot_source_link": "https://www.mecum.com/lots/422150/1973-datsun-240z/?aa_id=268238-0",
    "lot_code": "Lot F182",
    "vehicle_chassis_no": "HLS30142161"
  },
  {
    "lot_source_link": "https://www.mecum.com/lots/422591/1991-pontiac-trans-am-convertible/?aa_id=268395-0",
    "lot_code": "Lot F183",
    "vehicle_chassis_no": "1G2FW33F8ML243686"
  },
  {
    "lot_source_link": "https://www.mecum.com/lots/422592/2008-bmw-m6-coupe/?aa_id=268396-0",
    "lot_code": "Lot F184",
    "vehicle_chassis_no": "WBSEH93578CY24297"
  },
  {
    "lot_source_link": "https://www.mecum.com/lots/422593/1952-chevrolet-business-coupe/?aa_id=268397-0",
    "lot_code": "Lot F185",
    "vehicle_chassis_no": "20JJE7143"
  },
  {
    "lot_source_link": "https://www.mecum.com/lots/422594/1968-chevrolet-corvette-convertible/?aa_id=268398-0",
    "lot_code": "Lot F186",
    "vehicle_chassis_no": "194678S405212"
  },
  {
    "lot_source_link": "https://www.mecum.com/lots/422595/1938-chevrolet-cabriolet/?aa_id=268399-0",
    "lot_code": "Lot F187",
    "vehicle_chassis_no": "OR1473743"
  },
  {
    "lot_source_link": "https://www.mecum.com/lots/422596/1959-ford-fairlane-500-skyliner/?aa_id=268400-0",
    "lot_code": "Lot F188",
    "vehicle_chassis_no": "B9RW108801"
  },
  {
    "lot_source_link": "https://www.mecum.com/lots/LN20-422597/1960-chevrolet-impala-convertible/?aa_id=268401-0",
    "lot_code": "Lot F189",
    "vehicle_chassis_no": "0186728557"
  },
  {
    "lot_source_link": "https://www.mecum.com/lots/422598/1971-chevrolet-el-camino-ss/?aa_id=268402-0",
    "lot_code": "Lot F190",
    "vehicle_chassis_no": "136801L115403"
  },
  {
    "lot_source_link": "https://www.mecum.com/lots/422599/1951-gmc-pickup/?aa_id=268403-0",
    "lot_code": "Lot F191",
    "vehicle_chassis_no": "10222C1860"
  },
  {
    "lot_source_link": "https://www.mecum.com/lots/422600/1929-chevrolet-panel-truck/?aa_id=268404-0",
    "lot_code": "Lot F192",
    "vehicle_chassis_no": "6AC1736"
  },
  {
    "lot_source_link": "https://www.mecum.com/lots/422601/1958-chevrolet-bel-air/?aa_id=268405-0",
    "lot_code": "Lot F193",
    "vehicle_chassis_no": "F580102272"
  },
  {
    "lot_source_link": "https://www.mecum.com/lots/422602/1934-chevrolet-street-rod/?aa_id=268406-0",
    "lot_code": "Lot F194",
    "vehicle_chassis_no": "6DA0520343"
  },
  {
    "lot_source_link": "https://www.mecum.com/lots/422603/1921-stutz-pickup-street-rod/?aa_id=268407-0",
    "lot_code": "Lot F195",
    "vehicle_chassis_no": "DMV43234NV"
  },
  {
    "lot_source_link": "https://www.mecum.com/lots/422604/1996-ford-mustang-convertible/?aa_id=268408-0",
    "lot_code": "Lot F196",
    "vehicle_chassis_no": "1FALP444XTF151741"
  },
  {
    "lot_source_link": "https://www.mecum.com/lots/422605/1964-ford-thunderbird/?aa_id=268409-0",
    "lot_code": "Lot F197",
    "vehicle_chassis_no": "4Y87Z153226"
  },
  {
    "lot_source_link": "https://www.mecum.com/lots/422085/1956-bentley-convertible/?aa_id=268213-0",
    "lot_code": "Lot F198",
    "vehicle_chassis_no": "B405AP"
  },
  {
    "lot_source_link": "https://www.mecum.com/lots/422086/1966-volkswagen-beetle/?aa_id=268214-0",
    "lot_code": "Lot F199",
    "vehicle_chassis_no": "116284344"
  },
  {
    "lot_source_link": "https://www.mecum.com/lots/422087/1967-volkswagen-porsche-speedster-replica/?aa_id=268215-0",
    "lot_code": "Lot F200",
    "vehicle_chassis_no": "117125548"
  },
  {
    "lot_source_link": "https://www.mecum.com/lots/451527/2003-chevrolet-corvette-50th-anniversary/?aa_id=279934-0",
    "lot_code": "Lot F201",
    "vehicle_chassis_no": "1G1YY32G435128751"
  },
  {
    "lot_source_link": "https://www.mecum.com/lots/422610/1972-chevrolet-el-camino-ss/?aa_id=268410-0",
    "lot_code": "Lot F202",
    "vehicle_chassis_no": "1D80H2L539526"
  },
  {
    "lot_source_link": "https://www.mecum.com/lots/451986/1999-ford-mustang-convertible/?aa_id=280102-0",
    "lot_code": "Lot F203.1",
    "vehicle_chassis_no": "1FAFP4449XF228070"
  },
  {
    "lot_source_link": "https://www.mecum.com/lots/451954/1999-ford-mustang-convertible/?aa_id=280078-0",
    "lot_code": "Lot F203.1",
    "vehicle_chassis_no": "1FAFP4449XF228070"
  },
  {
    "lot_source_link": "https://www.mecum.com/lots/422612/1964-ford-fairlane-500-sports-coupe/?aa_id=268411-0",
    "lot_code": "Lot F204",
    "vehicle_chassis_no": "4R47C124364"
  },
  {
    "lot_source_link": "https://www.mecum.com/lots/422084/1986-chevrolet-celebrity/?aa_id=268211-0",
    "lot_code": "Lot F205",
    "vehicle_chassis_no": "1G1AW19W1G6206959"
  },
  {
    "lot_source_link": "https://www.mecum.com/lots/422122/2005-ford-excursion-limousine/?aa_id=268231-0",
    "lot_code": "Lot F206",
    "vehicle_chassis_no": "1FMNU43S45ED46721"
  },
  {
    "lot_source_link": "https://www.mecum.com/lots/422220/2001-freightliner-convention-with-stacker-trailer/?aa_id=268253-0",
    "lot_code": "Lot F207",
    "vehicle_chassis_no": "1FVHBBAV11LH83680"
  },
  {
    "lot_source_link": "https://www.mecum.com/lots/422118/1973-ford-mustang-coupe/?aa_id=268229-0",
    "lot_code": "Lot F210",
    "vehicle_chassis_no": null
  },
  {
    "lot_source_link": "https://www.mecum.com/lots/422171/2002-chevrolet-monte-carlo-earnhardt-edition/?aa_id=268245-0",
    "lot_code": "Lot F211",
    "vehicle_chassis_no": "2G1WX15K829174308"
  },
  {
    "lot_source_link": "https://www.mecum.com/lots/422113/1952-mg-td/?aa_id=268225-0",
    "lot_code": "Lot F212",
    "vehicle_chassis_no": "1309783081"
  },
  {
    "lot_source_link": "https://www.mecum.com/lots/422300/1986-ford-mustang-gt-convertible/?aa_id=268256-0",
    "lot_code": "Lot F213",
    "vehicle_chassis_no": "1FABP27M9GF240492"
  },
  {
    "lot_source_link": "https://www.mecum.com/lots/422623/2008-porsche-cayenne/?aa_id=268412-0",
    "lot_code": "Lot F215",
    "vehicle_chassis_no": "WP1AA29P28LA18179"
  },
  {
    "lot_source_link": "https://www.mecum.com/lots/422108/1989-nissan-pao/?aa_id=268221-0",
    "lot_code": "Lot F217",
    "vehicle_chassis_no": "PK10100270"
  },
  {
    "lot_source_link": "https://www.mecum.com/lots/422104/1963-buick-lesabre-hardtop/?aa_id=268217-0",
    "lot_code": "Lot F218",
    "vehicle_chassis_no": "4J1121075"
  },
  {
    "lot_source_link": "https://www.mecum.com/lots/422120/1980-chevrolet-corvette-coupe/?aa_id=268230-0",
    "lot_code": "Lot F219",
    "vehicle_chassis_no": "1Z878AS436092"
  },
  {
    "lot_source_link": "https://www.mecum.com/lots/LN20-422156/2006-mercedes-benz-sl600-convertible/?aa_id=268241-0",
    "lot_code": "Lot F220",
    "vehicle_chassis_no": "WDBSK76FX6F113921"
  },
  {
    "lot_source_link": "https://www.mecum.com/lots/422172/2014-cadillac-xts-limousine/?aa_id=268246-0",
    "lot_code": "Lot F221",
    "vehicle_chassis_no": "2GEXG6U33E9319463"
  },
  {
    "lot_source_link": "https://www.mecum.com/lots/422114/1972-buick-centurion/?aa_id=268226-0",
    "lot_code": "Lot F222",
    "vehicle_chassis_no": "4P47U2C117420"
  },
  {
    "lot_source_link": "https://www.mecum.com/lots/422187/1983-jaguar-xj6-sedan/?aa_id=268252-0",
    "lot_code": "Lot F223",
    "vehicle_chassis_no": "SAJAV1349DC365230"
  },
  {
    "lot_source_link": "https://www.mecum.com/lots/422632/2008-audi-a4-convertible/?aa_id=268413-0",
    "lot_code": "Lot F224",
    "vehicle_chassis_no": "WAUAF48H38K016324"
  },
  {
    "lot_source_link": "https://www.mecum.com/lots/422644/1966-jaguar-mkii-saloon/?aa_id=268414-0",
    "lot_code": "Lot F236",
    "vehicle_chassis_no": "P224581BW"
  },
  {
    "lot_source_link": "https://www.mecum.com/lots/422645/2002-lincoln-blackwood-pickup/?aa_id=268415-0",
    "lot_code": "Lot F237",
    "vehicle_chassis_no": "5LTEW05A62KJ00985"
  },
  {
    "lot_source_link": "https://www.mecum.com/lots/422647/1929-ford-model-a-phaeton/?aa_id=268416-0",
    "lot_code": "Lot F239",
    "vehicle_chassis_no": "2071254"
  },
  {
    "lot_source_link": "https://www.mecum.com/lots/422649/1966-volvo-p1800-s/?aa_id=268417-0",
    "lot_code": "Lot F241",
    "vehicle_chassis_no": "17673"
  },
  {
    "lot_source_link": "https://www.mecum.com/lots/422650/1940-buick-coupe/?aa_id=268418-0",
    "lot_code": "Lot F242",
    "vehicle_chassis_no": "74020275"
  },
  {
    "lot_source_link": "https://www.mecum.com/lots/422651/2007-mercedes-benz-gl450/?aa_id=268419-0",
    "lot_code": "Lot F243",
    "vehicle_chassis_no": "4JGBF71EX7A234768"
  },
  {
    "lot_source_link": "https://www.mecum.com/lots/422652/2005-chevrolet-ssr/?aa_id=268420-0",
    "lot_code": "Lot F244",
    "vehicle_chassis_no": "1GCES14H15B118821"
  },
  {
    "lot_source_link": "https://www.mecum.com/lots/422709/2005-dodge-ram-srt-10-pickup/?aa_id=268421-0",
    "lot_code": "Lot F301",
    "vehicle_chassis_no": "3D7HA18H95G834423"
  },
  {
    "lot_source_link": "https://www.mecum.com/lots/422769/1962-chevrolet-nova-convertible/?aa_id=268423-0",
    "lot_code": "Lot S1",
    "vehicle_chassis_no": "20467W122840"
  },
  {
    "lot_source_link": "https://www.mecum.com/lots/422770/1971-chevrolet-el-camino/?aa_id=268424-0",
    "lot_code": "Lot S2",
    "vehicle_chassis_no": "136801L168565"
  },
  {
    "lot_source_link": "https://www.mecum.com/lots/422771/1970-chevrolet-c10-resto-mod/?aa_id=268425-0",
    "lot_code": "Lot S3",
    "vehicle_chassis_no": "CE140K103154"
  },
  {
    "lot_source_link": "https://www.mecum.com/lots/422175/1964-chevrolet-c10-panel-truck/?aa_id=268248-0",
    "lot_code": "Lot S4",
    "vehicle_chassis_no": "4C145J124473"
  },
  {
    "lot_source_link": "https://www.mecum.com/lots/422117/1967-ford-mustang-coupe/?aa_id=268228-0",
    "lot_code": "Lot S5",
    "vehicle_chassis_no": "7R01T177086"
  },
  {
    "lot_source_link": "https://www.mecum.com/lots/422112/1964-chevrolet-c10-pickup/?aa_id=268224-0",
    "lot_code": "Lot S6",
    "vehicle_chassis_no": "4C154H141646"
  },
  {
    "lot_source_link": "https://www.mecum.com/lots/439969/1999-porsche-911-carrera/?aa_id=275449-0",
    "lot_code": "Lot S7",
    "vehicle_chassis_no": "WP0AA2992XS625786"
  },
  {
    "lot_source_link": "https://www.mecum.com/lots/422133/1956-ford-f100-pickup/?aa_id=268236-0",
    "lot_code": "Lot S8",
    "vehicle_chassis_no": "F10D6L11731"
  },
  {
    "lot_source_link": "https://www.mecum.com/lots/422174/1948-ford-coupe-street-rod/?aa_id=268247-0",
    "lot_code": "Lot S9",
    "vehicle_chassis_no": "87HA38106"
  },
  {
    "lot_source_link": "https://www.mecum.com/lots/422177/1928-buick-six-sedan/?aa_id=268250-0",
    "lot_code": "Lot S10",
    "vehicle_chassis_no": "2218527"
  },
  {
    "lot_source_link": "https://www.mecum.com/lots/422148/1952-chevrolet-coupe/?aa_id=268237-0",
    "lot_code": "Lot S14",
    "vehicle_chassis_no": "5KKH47645"
  },
  {
    "lot_source_link": "https://www.mecum.com/lots/422160/1976-cadillac-eldorado-convertible/?aa_id=268243-0",
    "lot_code": "Lot S15",
    "vehicle_chassis_no": "6L67S6Q147900"
  },
  {
    "lot_source_link": "https://www.mecum.com/lots/422186/1980-rolls-royce-silver-shadow/?aa_id=268251-0",
    "lot_code": "Lot S16",
    "vehicle_chassis_no": "SRH0039600"
  },
  {
    "lot_source_link": "https://www.mecum.com/lots/422103/1972-ford-ranchero-gt/?aa_id=268216-0",
    "lot_code": "Lot S17",
    "vehicle_chassis_no": "2A48H100990"
  },
  {
    "lot_source_link": "https://www.mecum.com/lots/451528/1965-shelby-cobra-replica/?aa_id=279935-0",
    "lot_code": "Lot S18",
    "vehicle_chassis_no": "4KCDBK126XF000227"
  },
  {
    "lot_source_link": "https://www.mecum.com/lots/422128/1976-chevrolet-el-camino/?aa_id=268235-0",
    "lot_code": "Lot S20",
    "vehicle_chassis_no": "1D80L6Z448951"
  },
  {
    "lot_source_link": "https://www.mecum.com/lots/422159/1973-mercury-cougar-convertible/?aa_id=268242-0",
    "lot_code": "Lot S22",
    "vehicle_chassis_no": "3F92H548570"
  },
  {
    "lot_source_link": "https://www.mecum.com/lots/422154/1965-ford-falcon-ranchero/?aa_id=268240-0",
    "lot_code": "Lot S23",
    "vehicle_chassis_no": "5H27T229724"
  },
  {
    "lot_source_link": "https://www.mecum.com/lots/422116/1955-ford-f100-pickup/?aa_id=268227-0",
    "lot_code": "Lot S24",
    "vehicle_chassis_no": "F10V5U14856"
  },
  {
    "lot_source_link": "https://www.mecum.com/lots/422168/1965-chevrolet-el-camino/?aa_id=268244-0",
    "lot_code": "Lot S25",
    "vehicle_chassis_no": "136805K191523"
  },
  {
    "lot_source_link": "https://www.mecum.com/lots/422794/1964-chevrolet-corvair-panel-van/?aa_id=268426-0",
    "lot_code": "Lot S26",
    "vehicle_chassis_no": "4R125S107025"
  },
  {
    "lot_source_link": "https://www.mecum.com/lots/422795/2008-ford-mustang-saleen-red-flag-edition/?aa_id=268427-0",
    "lot_code": "Lot S27",
    "vehicle_chassis_no": "1ZVHT82H885103772"
  },
  {
    "lot_source_link": "https://www.mecum.com/lots/422796/1990-chevrolet-k5-blazer/?aa_id=268428-0",
    "lot_code": "Lot S28",
    "vehicle_chassis_no": "1GNEV18K7LF102522"
  },
  {
    "lot_source_link": "https://www.mecum.com/lots/422797/2002-chevrolet-camaro-z28-convertible/?aa_id=268429-0",
    "lot_code": "Lot S29",
    "vehicle_chassis_no": "2G1FP32G922105728"
  },
  {
    "lot_source_link": "https://www.mecum.com/lots/422798/2006-ford-mustang-gt/?aa_id=268430-0",
    "lot_code": "Lot S30",
    "vehicle_chassis_no": "1ZVFT82H765142776"
  },
  {
    "lot_source_link": "https://www.mecum.com/lots/422799/1981-chevrolet-corvette-coupe/?aa_id=268431-0",
    "lot_code": "Lot S31",
    "vehicle_chassis_no": "1G1AY8760BS414238"
  },
  {
    "lot_source_link": "https://www.mecum.com/lots/451604/2016-bentley-continental-gtc/?aa_id=279979-0",
    "lot_code": "Lot S32.1",
    "vehicle_chassis_no": "SCBGU3ZA1GC053849"
  },
  {
    "lot_source_link": "https://www.mecum.com/lots/422801/1937-ford-roadster/?aa_id=268432-0",
    "lot_code": "Lot S33",
    "vehicle_chassis_no": "3482638"
  },
  {
    "lot_source_link": "https://www.mecum.com/lots/422802/1970-dodge-challenger/?aa_id=268433-0",
    "lot_code": "Lot S34",
    "vehicle_chassis_no": "JH23G0E130124"
  },
  {
    "lot_source_link": "https://www.mecum.com/lots/422803/2009-mini-cooper-john-cooper-works/?aa_id=268434-0",
    "lot_code": "Lot S35",
    "vehicle_chassis_no": "WMWMF93559TF96438"
  },
  {
    "lot_source_link": "https://www.mecum.com/lots/422804/2007-ford-mustang-gt/?aa_id=268435-0",
    "lot_code": "Lot S36",
    "vehicle_chassis_no": "1ZVFT82H375209830"
  },
  {
    "lot_source_link": "https://www.mecum.com/lots/422805/2007-ford-mustang-gt/?aa_id=268436-0",
    "lot_code": "Lot S37",
    "vehicle_chassis_no": "1ZVHT82HX75234782"
  },
  {
    "lot_source_link": "https://www.mecum.com/lots/422808/1948-chevrolet-3100-pickup/?aa_id=268437-0",
    "lot_code": "Lot S40",
    "vehicle_chassis_no": "5GP123315"
  },
  {
    "lot_source_link": "https://www.mecum.com/lots/451584/1991-bentley-continental-convertible/?aa_id=279965-0",
    "lot_code": "Lot S40.1",
    "vehicle_chassis_no": "SCBZD02D7MCX30488"
  },
  {
    "lot_source_link": "https://www.mecum.com/lots/451654/1955-ford-thunderbird/?aa_id=280013-0",
    "lot_code": "Lot S41.1",
    "vehicle_chassis_no": "P5FH197637"
  },
  {
    "lot_source_link": "https://www.mecum.com/lots/422152/1970-chevrolet-c10-pickup/?aa_id=268239-0",
    "lot_code": "Lot S42",
    "vehicle_chassis_no": "CS140S120456"
  },
  {
    "lot_source_link": "https://www.mecum.com/lots/422107/1977-pontiac-grand-prix/?aa_id=268220-0",
    "lot_code": "Lot S44",
    "vehicle_chassis_no": null
  },
  {
    "lot_source_link": "https://www.mecum.com/lots/422813/1936-ford-deluxe-custom-coupe/?aa_id=268438-0",
    "lot_code": "Lot S45",
    "vehicle_chassis_no": "182733893"
  },
  {
    "lot_source_link": "https://www.mecum.com/lots/451712/2006-mercedes-benz-ml350/?aa_id=280051-0",
    "lot_code": "Lot S45.1",
    "vehicle_chassis_no": "4JGBB86E56A090779"
  },
  {
    "lot_source_link": "https://www.mecum.com/lots/422815/1991-chevrolet-camaro-z28/?aa_id=268439-0",
    "lot_code": "Lot S47",
    "vehicle_chassis_no": "1G1FP23F5ML137658"
  },
  {
    "lot_source_link": "https://www.mecum.com/lots/422816/1965-ford-mustang-fastback/?aa_id=268440-0",
    "lot_code": "Lot S48",
    "vehicle_chassis_no": "5R09C191132"
  },
  {
    "lot_source_link": "https://www.mecum.com/lots/422817/1967-pontiac-gto/?aa_id=268441-0",
    "lot_code": "Lot S49",
    "vehicle_chassis_no": "242177G118403"
  },
  {
    "lot_source_link": "https://www.mecum.com/lots/LN20-422818/1971-plymouth-barracuda/?aa_id=268442-0",
    "lot_code": "Lot S50",
    "vehicle_chassis_no": "BH23C1B102142"
  },
  {
    "lot_source_link": "https://www.mecum.com/lots/422819/1971-plymouth-road-runner/?aa_id=268443-0",
    "lot_code": "Lot S51",
    "vehicle_chassis_no": "RM23N1E127240"
  },
  {
    "lot_source_link": "https://www.mecum.com/lots/422820/1970-ford-bronco/?aa_id=268444-0",
    "lot_code": "Lot S52",
    "vehicle_chassis_no": "U15GLG32172"
  },
  {
    "lot_source_link": "https://www.mecum.com/lots/422821/1985-chevrolet-k5-blazer/?aa_id=268445-0",
    "lot_code": "Lot S53",
    "vehicle_chassis_no": "1G8EK18H8FF103344"
  },
  {
    "lot_source_link": "https://www.mecum.com/lots/422822/1955-gmc-pickup/?aa_id=268446-0",
    "lot_code": "Lot S54",
    "vehicle_chassis_no": "1018CY2049"
  },
  {
    "lot_source_link": "https://www.mecum.com/lots/449143/2011-maserati-granturismo-s-convertible/?aa_id=279324-0",
    "lot_code": "Lot S54.1",
    "vehicle_chassis_no": "ZAM45KMA4B0056362"
  },
  {
    "lot_source_link": "https://www.mecum.com/lots/451682/1971-chevrolet-camaro/?aa_id=280029-0",
    "lot_code": "Lot S55.1",
    "vehicle_chassis_no": "124871L517598"
  },
  {
    "lot_source_link": "https://www.mecum.com/lots/422824/1957-chevrolet-150-sedan-delivery/?aa_id=268447-0",
    "lot_code": "Lot S56",
    "vehicle_chassis_no": "570161015"
  },
  {
    "lot_source_link": "https://www.mecum.com/lots/422825/1956-chevrolet-210/?aa_id=268448-0",
    "lot_code": "Lot S57",
    "vehicle_chassis_no": "VB56L068343"
  },
  {
    "lot_source_link": "https://www.mecum.com/lots/422827/1967-buick-riviera-gs/?aa_id=268449-0",
    "lot_code": "Lot S59",
    "vehicle_chassis_no": "494877H921316"
  },
  {
    "lot_source_link": "https://www.mecum.com/lots/422828/1971-chevrolet-chevelle-ss/?aa_id=268450-0",
    "lot_code": "Lot S60",
    "vehicle_chassis_no": "136371L112264"
  },
  {
    "lot_source_link": "https://www.mecum.com/lots/451936/2009-dodge-ram-pickup/?aa_id=280068-0",
    "lot_code": "Lot S62.1",
    "vehicle_chassis_no": "1D3HB13TX9S746022"
  },
  {
    "lot_source_link": "https://www.mecum.com/lots/422831/1970-plymouth-road-runner/?aa_id=268451-0",
    "lot_code": "Lot S63",
    "vehicle_chassis_no": "RM21N0E100S61"
  },
  {
    "lot_source_link": "https://www.mecum.com/lots/451937/2008-ford-mustang-gt-bullitt/?aa_id=280069-0",
    "lot_code": "Lot S63.1",
    "vehicle_chassis_no": "1ZVHT82H685187252"
  },
  {
    "lot_source_link": "https://www.mecum.com/lots/451592/1961-chrysler-300g-convertible/?aa_id=279971-0",
    "lot_code": "Lot S64.1",
    "vehicle_chassis_no": "8413188651"
  },
  {
    "lot_source_link": "https://www.mecum.com/lots/422833/1957-chevrolet-corvette-convertible/?aa_id=268452-0",
    "lot_code": "Lot S65",
    "vehicle_chassis_no": "E57S104431"
  },
  {
    "lot_source_link": "https://www.mecum.com/lots/422835/1968-dodge-dart-gt/?aa_id=268453-0",
    "lot_code": "Lot S67",
    "vehicle_chassis_no": "LP23B8E149080"
  },
  {
    "lot_source_link": "https://www.mecum.com/lots/422836/1940-ford-deluxe-convertible/?aa_id=268454-0",
    "lot_code": "Lot S68",
    "vehicle_chassis_no": "5853433"
  },
  {
    "lot_source_link": "https://www.mecum.com/lots/422837/1956-chrysler-300b/?aa_id=268455-0",
    "lot_code": "Lot S69",
    "vehicle_chassis_no": "3N561745"
  },
  {
    "lot_source_link": "https://www.mecum.com/lots/422838/1968-chevrolet-camaro-ss/?aa_id=268456-0",
    "lot_code": "Lot S70",
    "vehicle_chassis_no": "124378L345427"
  },
  {
    "lot_source_link": "https://www.mecum.com/lots/422839/1964-chevrolet-corvette-coupe/?aa_id=268457-0",
    "lot_code": "Lot S71",
    "vehicle_chassis_no": "40837S117926"
  },
  {
    "lot_source_link": "https://www.mecum.com/lots/422902/1955-chevrolet-bel-air/?aa_id=268506-0",
    "lot_code": "Lot S72",
    "vehicle_chassis_no": "C55A106413"
  },
  {
    "lot_source_link": "https://www.mecum.com/lots/422459/2001-chrysler-prowler-mullholland-edition/?aa_id=268302-0",
    "lot_code": "Lot S73",
    "vehicle_chassis_no": "1C3EW65G11V703824"
  },
  {
    "lot_source_link": "https://www.mecum.com/lots/422843/1955-cadillac-eldorado-convertible/?aa_id=268458-0",
    "lot_code": "Lot S75",
    "vehicle_chassis_no": "556208156"
  },
  {
    "lot_source_link": "https://www.mecum.com/lots/422853/2003-chevrolet-corvette-aat-conversion-convertible/?aa_id=268465-0",
    "lot_code": "Lot S75.1",
    "vehicle_chassis_no": "1G1YY32G535110212"
  },
  {
    "lot_source_link": "https://www.mecum.com/lots/422844/1963-chevrolet-corvette-split-window-coupe/?aa_id=268459-0",
    "lot_code": "Lot S76",
    "vehicle_chassis_no": "30837S121001"
  },
  {
    "lot_source_link": "https://www.mecum.com/lots/449144/1948-chevrolet-3100-pickup/?aa_id=279325-0",
    "lot_code": "Lot S77",
    "vehicle_chassis_no": "21FPE4707"
  },
  {
    "lot_source_link": "https://www.mecum.com/lots/449145/1938-ford-pickup/?aa_id=279326-0",
    "lot_code": "Lot S77.1",
    "vehicle_chassis_no": "BB184516060"
  },
  {
    "lot_source_link": "https://www.mecum.com/lots/449146/1957-chevrolet-3200-pickup/?aa_id=279327-0",
    "lot_code": "Lot S77.2",
    "vehicle_chassis_no": "57S108397"
  },
  {
    "lot_source_link": "https://www.mecum.com/lots/449148/1948-chevrolet-3100-pickup/?aa_id=279328-0",
    "lot_code": "Lot S77.4",
    "vehicle_chassis_no": null
  },
  {
    "lot_source_link": "https://www.mecum.com/lots/449150/1936-international-kb2-pickup/?aa_id=279329-0",
    "lot_code": "Lot S77.6",
    "vehicle_chassis_no": "221389"
  },
  {
    "lot_source_link": "https://www.mecum.com/lots/422856/1967-chevrolet-corvette-convertible/?aa_id=268468-0",
    "lot_code": "Lot S78",
    "vehicle_chassis_no": "194677S106425"
  },
  {
    "lot_source_link": "https://www.mecum.com/lots/422855/1969-chevrolet-camaro-ss-resto-mod/?aa_id=268467-0",
    "lot_code": "Lot S79",
    "vehicle_chassis_no": "124379N617588"
  },
  {
    "lot_source_link": "https://www.mecum.com/lots/451713/1986-chevrolet-c10-pickup/?aa_id=280052-0",
    "lot_code": "Lot S79.1",
    "vehicle_chassis_no": "1GCEC14H7GF316649"
  },
  {
    "lot_source_link": "https://www.mecum.com/lots/LN20-422848/1969-chevrolet-camaro-rs-ss/?aa_id=268460-0",
    "lot_code": "Lot S80",
    "vehicle_chassis_no": "124379N537718"
  },
  {
    "lot_source_link": "https://www.mecum.com/lots/446436/1956-chevrolet-bel-air-custom/?aa_id=278179-0",
    "lot_code": "Lot S80.1",
    "vehicle_chassis_no": "VC56K098734"
  },
  {
    "lot_source_link": "https://www.mecum.com/lots/422849/1996-am-general-hummer-h1/?aa_id=268461-0",
    "lot_code": "Lot S81",
    "vehicle_chassis_no": "137ZA8537TE167682"
  },
  {
    "lot_source_link": "https://www.mecum.com/lots/422850/2004-am-general-hummer-h1/?aa_id=268462-0",
    "lot_code": "Lot S82",
    "vehicle_chassis_no": "137FA84324E207737"
  },
  {
    "lot_source_link": "https://www.mecum.com/lots/451625/1934-ford-custom-pickup/?aa_id=279996-0",
    "lot_code": "Lot S82.1",
    "vehicle_chassis_no": "DMV15878CA"
  },
  {
    "lot_source_link": "https://www.mecum.com/lots/422851/1955-chrysler-new-yorker/?aa_id=268463-0",
    "lot_code": "Lot S83",
    "vehicle_chassis_no": "N5518267"
  },
  {
    "lot_source_link": "https://www.mecum.com/lots/422852/1965-chrysler-300l-convertible/?aa_id=268464-0",
    "lot_code": "Lot S84",
    "vehicle_chassis_no": "C453208306"
  },
  {
    "lot_source_link": "https://www.mecum.com/lots/422854/1967-pontiac-firebird-convertible/?aa_id=268466-0",
    "lot_code": "Lot S86",
    "vehicle_chassis_no": "223677U100569"
  },
  {
    "lot_source_link": "https://www.mecum.com/lots/451627/1968-chevrolet-camaro-resto-mod/?aa_id=279997-0",
    "lot_code": "Lot S86.1",
    "vehicle_chassis_no": "123378N315831"
  },
  {
    "lot_source_link": "https://www.mecum.com/lots/446438/2015-nissan-gtr-nismo/?aa_id=278180-0",
    "lot_code": "Lot S87",
    "vehicle_chassis_no": "JN1AR5EF5FM281804"
  },
  {
    "lot_source_link": "https://www.mecum.com/lots/446439/1968-ford-mustang-gt500cr-fastback/?aa_id=278181-0",
    "lot_code": "Lot S88",
    "vehicle_chassis_no": "8R01C142036"
  },
  {
    "lot_source_link": "https://www.mecum.com/lots/422857/1965-chevrolet-corvette-convertible/?aa_id=268469-0",
    "lot_code": "Lot S89",
    "vehicle_chassis_no": "194675S109116"
  },
  {
    "lot_source_link": "https://www.mecum.com/lots/422858/1967-chevrolet-camaro-rs-ss-convertible/?aa_id=268470-0",
    "lot_code": "Lot S90",
    "vehicle_chassis_no": "124677N214778"
  },
  {
    "lot_source_link": "https://www.mecum.com/lots/422859/1970-chevrolet-chevelle-ss/?aa_id=268471-0",
    "lot_code": "Lot S91",
    "vehicle_chassis_no": "136370K186453"
  },
  {
    "lot_source_link": "https://www.mecum.com/lots/422860/1967-pontiac-gto/?aa_id=268472-0",
    "lot_code": "Lot S92",
    "vehicle_chassis_no": "242177Z116004"
  },
  {
    "lot_source_link": "https://www.mecum.com/lots/422861/1966-chevrolet-corvette-convertible/?aa_id=268473-0",
    "lot_code": "Lot S93",
    "vehicle_chassis_no": "194676S123622"
  },
  {
    "lot_source_link": "https://www.mecum.com/lots/422862/1970-chevrolet-c10-pickup/?aa_id=268474-0",
    "lot_code": "Lot S94",
    "vehicle_chassis_no": "CE140Z101195"
  },
  {
    "lot_source_link": "https://www.mecum.com/lots/422863/1968-ford-mustang-gt500cr-convertible/?aa_id=268475-0",
    "lot_code": "Lot S95",
    "vehicle_chassis_no": "8T03T186399"
  },
  {
    "lot_source_link": "https://www.mecum.com/lots/422864/1966-pontiac-gto-convertible/?aa_id=268476-0",
    "lot_code": "Lot S96",
    "vehicle_chassis_no": "242676P354346"
  },
  {
    "lot_source_link": "https://www.mecum.com/lots/422865/1969-chevrolet-c10-pickup/?aa_id=268477-0",
    "lot_code": "Lot S97",
    "vehicle_chassis_no": "CE149Z818039"
  },
  {
    "lot_source_link": "https://www.mecum.com/lots/422866/1957-chevrolet-210/?aa_id=268478-0",
    "lot_code": "Lot S98",
    "vehicle_chassis_no": "VB57N174594"
  },
  {
    "lot_source_link": "https://www.mecum.com/lots/446440/1964-pontiac-bonneville-convertible/?aa_id=278182-0",
    "lot_code": "Lot S99",
    "vehicle_chassis_no": "884K43059"
  },
  {
    "lot_source_link": "https://www.mecum.com/lots/446441/1969-datsun-2000-convertible/?aa_id=278183-0",
    "lot_code": "Lot S100",
    "vehicle_chassis_no": "SRL31109044"
  },
  {
    "lot_source_link": "https://www.mecum.com/lots/446442/1966-chevrolet-chevelle-ss/?aa_id=278184-0",
    "lot_code": "Lot S101",
    "vehicle_chassis_no": "138176Z138056"
  },
  {
    "lot_source_link": "https://www.mecum.com/lots/422870/1964-chevrolet-corvette-convertible/?aa_id=268481-0",
    "lot_code": "Lot S102",
    "vehicle_chassis_no": "40867S101164"
  },
  {
    "lot_source_link": "https://www.mecum.com/lots/422871/1971-chevrolet-chevelle-convertible/?aa_id=268482-0",
    "lot_code": "Lot S103",
    "vehicle_chassis_no": "136671B199858"
  },
  {
    "lot_source_link": "https://www.mecum.com/lots/422872/1972-chevrolet-corvette-convertible/?aa_id=268483-0",
    "lot_code": "Lot S104",
    "vehicle_chassis_no": "1Z67K2S526043"
  },
  {
    "lot_source_link": "https://www.mecum.com/lots/422873/1967-chevrolet-impala-convertible/?aa_id=268484-0",
    "lot_code": "Lot S105",
    "vehicle_chassis_no": "168677T235427"
  },
  {
    "lot_source_link": "https://www.mecum.com/lots/422874/1964-mercury-parklane-convertible/?aa_id=268485-0",
    "lot_code": "Lot S106",
    "vehicle_chassis_no": "4Z65Z521224"
  },
  {
    "lot_source_link": "https://www.mecum.com/lots/422875/1970-chevrolet-corvette-lt1-coupe/?aa_id=268486-0",
    "lot_code": "Lot S107",
    "vehicle_chassis_no": "194370S403873"
  },
  {
    "lot_source_link": "https://www.mecum.com/lots/422876/1990-chevrolet-camaro-iroc-z/?aa_id=268487-0",
    "lot_code": "Lot S108",
    "vehicle_chassis_no": "1G1FP238XLL126266"
  },
  {
    "lot_source_link": "https://www.mecum.com/lots/422877/1969-chevrolet-chevelle-ss-convertible/?aa_id=268488-0",
    "lot_code": "Lot S109",
    "vehicle_chassis_no": "1366791332566"
  },
  {
    "lot_source_link": "https://www.mecum.com/lots/422879/1990-nissan-300zx/?aa_id=268489-0",
    "lot_code": "Lot S111",
    "vehicle_chassis_no": "JN1CZ24A9LX005455"
  },
  {
    "lot_source_link": "https://www.mecum.com/lots/446443/1987-buick-grand-national/?aa_id=278185-0",
    "lot_code": "Lot S112",
    "vehicle_chassis_no": "1G4GM1175HP429542"
  },
  {
    "lot_source_link": "https://www.mecum.com/lots/422881/1979-pontiac-trans-am-se/?aa_id=268491-0",
    "lot_code": "Lot S113",
    "vehicle_chassis_no": "2W87K9L139014"
  },
  {
    "lot_source_link": "https://www.mecum.com/lots/422882/1930-ford-model-a-custom-woody/?aa_id=268492-0",
    "lot_code": "Lot S114",
    "vehicle_chassis_no": "AZ250947"
  },
  {
    "lot_source_link": "https://www.mecum.com/lots/422883/1938-buick-custom-coupe/?aa_id=268493-0",
    "lot_code": "Lot S115",
    "vehicle_chassis_no": "AZ298214"
  },
  {
    "lot_source_link": "https://www.mecum.com/lots/422884/1982-datsun-280zx-gl/?aa_id=268494-0",
    "lot_code": "Lot S116",
    "vehicle_chassis_no": "JN1HZ04SXCX461970"
  },
  {
    "lot_source_link": "https://www.mecum.com/lots/422885/1954-chevrolet-210-custom/?aa_id=268495-0",
    "lot_code": "Lot S117",
    "vehicle_chassis_no": "B54S127319"
  },
  {
    "lot_source_link": "https://www.mecum.com/lots/446444/2008-ford-f150-harley-davidson-edition-pickup/?aa_id=278186-0",
    "lot_code": "Lot S118",
    "vehicle_chassis_no": "1FTRW12578FB09875"
  },
  {
    "lot_source_link": "https://www.mecum.com/lots/422887/2012-lamborghini-aventador-lp700-4/?aa_id=268496-0",
    "lot_code": "Lot S119",
    "vehicle_chassis_no": "ZHWUC1ZDXCLA00962"
  },
  {
    "lot_source_link": "https://www.mecum.com/lots/451593/1957-chrysler-300c-convertible/?aa_id=279972-0",
    "lot_code": "Lot S119.1",
    "vehicle_chassis_no": "3N572463"
  },
  {
    "lot_source_link": "https://www.mecum.com/lots/422888/2018-ford-gt-67-heritage-edition/?aa_id=268497-0",
    "lot_code": "Lot S120",
    "vehicle_chassis_no": "2FAGP9CW4JH100104"
  },
  {
    "lot_source_link": "https://www.mecum.com/lots/422868/1974-pontiac-trans-am-super-duty/?aa_id=268480-0",
    "lot_code": "Lot S121",
    "vehicle_chassis_no": "2V87X4N157162"
  },
  {
    "lot_source_link": "https://www.mecum.com/lots/422867/2003-ferrari-f360-spider/?aa_id=268479-0",
    "lot_code": "Lot S122",
    "vehicle_chassis_no": "ZFFYT53A630131466"
  },
  {
    "lot_source_link": "https://www.mecum.com/lots/422891/1969-plymouth-road-runner/?aa_id=268498-0",
    "lot_code": "Lot S123",
    "vehicle_chassis_no": "AZ374910"
  },
  {
    "lot_source_link": "https://www.mecum.com/lots/449151/1967-ford-mustang-fastback/?aa_id=279330-0",
    "lot_code": "Lot S123.1",
    "vehicle_chassis_no": "AZ375766"
  },
  {
    "lot_source_link": "https://www.mecum.com/lots/422880/2009-dodge-viper-srt-10-acr-coupe/?aa_id=268490-0",
    "lot_code": "Lot S124",
    "vehicle_chassis_no": "1B3JZ69ZX9V500585"
  },
  {
    "lot_source_link": "https://www.mecum.com/lots/422893/1967-chevrolet-chevelle/?aa_id=268499-0",
    "lot_code": "Lot S125",
    "vehicle_chassis_no": "136177Z109774"
  },
  {
    "lot_source_link": "https://www.mecum.com/lots/451588/2018-mercedes-maybach-g650-landaulet/?aa_id=279968-0",
    "lot_code": "Lot S125.1",
    "vehicle_chassis_no": "WDB4632741X287650"
  },
  {
    "lot_source_link": "https://www.mecum.com/lots/422894/1968-shelby-gt500-convertible/?aa_id=268500-0",
    "lot_code": "Lot S126",
    "vehicle_chassis_no": "8T03S179586"
  },
  {
    "lot_source_link": "https://www.mecum.com/lots/451513/1983-ferrari-512-bbi/?aa_id=279927-0",
    "lot_code": "Lot S126.1",
    "vehicle_chassis_no": "ZFFJA09B000046117"
  },
  {
    "lot_source_link": "https://www.mecum.com/lots/447374/1969-pontiac-gto-judge/?aa_id=278944-0",
    "lot_code": "Lot S127",
    "vehicle_chassis_no": "242379P297172"
  },
  {
    "lot_source_link": "https://www.mecum.com/lots/422896/1933-ford-woody-wagon/?aa_id=268501-0",
    "lot_code": "Lot S128",
    "vehicle_chassis_no": "AZ312284"
  },
  {
    "lot_source_link": "https://www.mecum.com/lots/422897/1969-plymouth-valiant-resto-mod/?aa_id=268502-0",
    "lot_code": "Lot S129",
    "vehicle_chassis_no": "VH21B9E168571"
  },
  {
    "lot_source_link": "https://www.mecum.com/lots/422898/1953-studebaker-starlight-resto-mod/?aa_id=268503-0",
    "lot_code": "Lot S130",
    "vehicle_chassis_no": "8834231"
  },
  {
    "lot_source_link": "https://www.mecum.com/lots/422899/1957-chevrolet-bel-air/?aa_id=268504-0",
    "lot_code": "Lot S131",
    "vehicle_chassis_no": "VC57S173098"
  },
  {
    "lot_source_link": "https://www.mecum.com/lots/447556/1966-chevrolet-corvette-convertible/?aa_id=279074-0",
    "lot_code": "Lot S132",
    "vehicle_chassis_no": "194676S124538"
  },
  {
    "lot_source_link": "https://www.mecum.com/lots/449152/1971-plymouth-road-runner/?aa_id=279331-0",
    "lot_code": "Lot S132.1",
    "vehicle_chassis_no": "RM23N1E101906"
  },
  {
    "lot_source_link": "https://www.mecum.com/lots/422901/2004-bmw-645ci-convertible/?aa_id=268505-0",
    "lot_code": "Lot S133",
    "vehicle_chassis_no": "WBAEK73424B321052"
  },
  {
    "lot_source_link": "https://www.mecum.com/lots/447281/1974-toyota-fj-40-land-cruiser/?aa_id=278884-0",
    "lot_code": "Lot S134",
    "vehicle_chassis_no": "FJ40163475"
  },
  {
    "lot_source_link": "https://www.mecum.com/lots/422903/1957-chevrolet-cameo-pickup/?aa_id=268507-0",
    "lot_code": "Lot S135",
    "vehicle_chassis_no": "V3A57L101483"
  },
  {
    "lot_source_link": "https://www.mecum.com/lots/422904/1970-dodge-challenger/?aa_id=268508-0",
    "lot_code": "Lot S136",
    "vehicle_chassis_no": "JH23G0B168108"
  },
  {
    "lot_source_link": "https://www.mecum.com/lots/422905/1970-plymouth-cuda/?aa_id=268509-0",
    "lot_code": "Lot S137",
    "vehicle_chassis_no": "BP23L0B119195"
  },
  {
    "lot_source_link": "https://www.mecum.com/lots/422906/1970-plymouth-barracuda-resto-mod/?aa_id=268510-0",
    "lot_code": "Lot S138",
    "vehicle_chassis_no": "BP23G0B222767"
  },
  {
    "lot_source_link": "https://www.mecum.com/lots/451972/1968-chevrolet-chevelle-ss/?aa_id=280091-0",
    "lot_code": "Lot S139.1",
    "vehicle_chassis_no": "138378Z109775"
  },
  {
    "lot_source_link": "https://www.mecum.com/lots/422908/2019-limo-jet-42-lear-jet/?aa_id=268511-0",
    "lot_code": "Lot S140",
    "vehicle_chassis_no": "DPSMN170392"
  },
  {
    "lot_source_link": "https://www.mecum.com/lots/422909/1954-fiat-topolino-saloon/?aa_id=268512-0",
    "lot_code": "Lot S141",
    "vehicle_chassis_no": "456585"
  },
  {
    "lot_source_link": "https://www.mecum.com/lots/422910/1974-volkswagen-thing/?aa_id=268513-0",
    "lot_code": "Lot S142",
    "vehicle_chassis_no": "1842468524"
  },
  {
    "lot_source_link": "https://www.mecum.com/lots/422911/2018-dodge-challenger-srt-demon/?aa_id=268514-0",
    "lot_code": "Lot S143",
    "vehicle_chassis_no": "2C3CDZH94JH100130"
  },
  {
    "lot_source_link": "https://www.mecum.com/lots/422912/1937-ford-deluxe-woody-wagon/?aa_id=268515-0",
    "lot_code": "Lot S144",
    "vehicle_chassis_no": "183915341"
  },
  {
    "lot_source_link": "https://www.mecum.com/lots/422913/1955-chevrolet-bel-air-convertible/?aa_id=268516-0",
    "lot_code": "Lot S145",
    "vehicle_chassis_no": "VC55L090811"
  },
  {
    "lot_source_link": "https://www.mecum.com/lots/422914/1955-chevrolet-bel-air/?aa_id=268517-0",
    "lot_code": "Lot S146",
    "vehicle_chassis_no": "C55L028836"
  },
  {
    "lot_source_link": "https://www.mecum.com/lots/422915/1970-buick-gs/?aa_id=268518-0",
    "lot_code": "Lot S147",
    "vehicle_chassis_no": "446370Z110025"
  },
  {
    "lot_source_link": "https://www.mecum.com/lots/422916/2010-ferrari-599-gtb-fiorano/?aa_id=268519-0",
    "lot_code": "Lot S148",
    "vehicle_chassis_no": "ZFF60FCA7A0171669"
  },
  {
    "lot_source_link": "https://www.mecum.com/lots/422917/1967-chevrolet-camaro/?aa_id=268520-0",
    "lot_code": "Lot S149",
    "vehicle_chassis_no": "124377N109354"
  },
  {
    "lot_source_link": "https://www.mecum.com/lots/422918/2001-ferrari-550-barchetta-pininfarina/?aa_id=268521-0",
    "lot_code": "Lot S150",
    "vehicle_chassis_no": "ZFFZR52A510124008"
  },
  {
    "lot_source_link": "https://www.mecum.com/lots/422919/1967-chevrolet-c10-pickup/?aa_id=268522-0",
    "lot_code": "Lot S151",
    "vehicle_chassis_no": "CS147S192421"
  },
  {
    "lot_source_link": "https://www.mecum.com/lots/422922/1962-chevrolet-impala-hardtop/?aa_id=268523-0",
    "lot_code": "Lot S154",
    "vehicle_chassis_no": "21847A139249"
  },
  {
    "lot_source_link": "https://www.mecum.com/lots/422923/1970-chevrolet-yenko-deuce/?aa_id=268524-0",
    "lot_code": "Lot S155",
    "vehicle_chassis_no": "114270W350058"
  },
  {
    "lot_source_link": "https://www.mecum.com/lots/422924/1970-chevrolet-chevelle-ls6/?aa_id=268525-0",
    "lot_code": "Lot S156",
    "vehicle_chassis_no": "136370L172047"
  },
  {
    "lot_source_link": "https://www.mecum.com/lots/422925/1939-cadillac-series-90/?aa_id=268526-0",
    "lot_code": "Lot S157",
    "vehicle_chassis_no": "5290018"
  },
  {
    "lot_source_link": "https://www.mecum.com/lots/422926/1965-shelby-cobra-csx4000-series/?aa_id=268527-0",
    "lot_code": "Lot S158",
    "vehicle_chassis_no": "CSX4085"
  },
  {
    "lot_source_link": "https://www.mecum.com/lots/422927/1963-chevrolet-corvette-resto-mod/?aa_id=268528-0",
    "lot_code": "Lot S159",
    "vehicle_chassis_no": "30837S115226"
  },
  {
    "lot_source_link": "https://www.mecum.com/lots/422928/2013-chevrolet-corvette-grand-sport/?aa_id=268529-0",
    "lot_code": "Lot S160",
    "vehicle_chassis_no": "1G1YX2DW1D5108136"
  },
  {
    "lot_source_link": "https://www.mecum.com/lots/422929/2003-chevrolet-corvette-aat-conversion/?aa_id=268530-0",
    "lot_code": "Lot S161",
    "vehicle_chassis_no": "1G1YY32G335118860"
  },
  {
    "lot_source_link": "https://www.mecum.com/lots/422931/1961-chevrolet-corvette-resto-mod/?aa_id=268531-0",
    "lot_code": "Lot S163",
    "vehicle_chassis_no": "10867S103753"
  },
  {
    "lot_source_link": "https://www.mecum.com/lots/422932/1939-lasalle-convertible/?aa_id=268532-0",
    "lot_code": "Lot S164",
    "vehicle_chassis_no": "2323495"
  },
  {
    "lot_source_link": "https://www.mecum.com/lots/422933/1946-ford-coe-pickup/?aa_id=268533-0",
    "lot_code": "Lot S165",
    "vehicle_chassis_no": "699T1295044"
  },
  {
    "lot_source_link": "https://www.mecum.com/lots/422934/2020-jeep-wrangler-jl-rubicon-unlimited/?aa_id=268534-0",
    "lot_code": "Lot S166",
    "vehicle_chassis_no": "1C4HJXFG9LW140174"
  },
  {
    "lot_source_link": "https://www.mecum.com/lots/422936/1979-pontiac-trans-am/?aa_id=268535-0",
    "lot_code": "Lot S168",
    "vehicle_chassis_no": "2W87K9L151990"
  },
  {
    "lot_source_link": "https://www.mecum.com/lots/422582/2019-chevrolet-colorado-lt-pickup/?aa_id=268391-0",
    "lot_code": "Lot S169",
    "vehicle_chassis_no": "1GCPTDE16K1239497"
  },
  {
    "lot_source_link": "https://www.mecum.com/lots/422938/1967-ford-mustang-fastback/?aa_id=268536-0",
    "lot_code": "Lot S170",
    "vehicle_chassis_no": "7F02S130825"
  },
  {
    "lot_source_link": "https://www.mecum.com/lots/422939/1960-chevrolet-corvette-resto-mod-convertible/?aa_id=268537-0",
    "lot_code": "Lot S171",
    "vehicle_chassis_no": "AZ375820"
  },
  {
    "lot_source_link": "https://www.mecum.com/lots/422940/1972-chevrolet-chevelle-resto-mod/?aa_id=268538-0",
    "lot_code": "Lot S172",
    "vehicle_chassis_no": "1D37J2B610198"
  },
  {
    "lot_source_link": "https://www.mecum.com/lots/422941/2008-ford-shelby-gt500/?aa_id=268539-0",
    "lot_code": "Lot S173",
    "vehicle_chassis_no": "1ZVHT88S085130158"
  },
  {
    "lot_source_link": "https://www.mecum.com/lots/422942/1938-ford-cabriolet-street-rod/?aa_id=268540-0",
    "lot_code": "Lot S174",
    "vehicle_chassis_no": "P5FH100222"
  },
  {
    "lot_source_link": "https://www.mecum.com/lots/422944/1955-porsche-550-replica-spyder/?aa_id=268541-0",
    "lot_code": "Lot S176",
    "vehicle_chassis_no": "AZ348375"
  },
  {
    "lot_source_link": "https://www.mecum.com/lots/422945/1957-ford-thunderbird/?aa_id=268542-0",
    "lot_code": "Lot S177",
    "vehicle_chassis_no": "D7FH3182474"
  },
  {
    "lot_source_link": "https://www.mecum.com/lots/422946/1956-chevrolet-corvette-convertible-resto-mod/?aa_id=268543-0",
    "lot_code": "Lot S178",
    "vehicle_chassis_no": "E56S001870"
  },
  {
    "lot_source_link": "https://www.mecum.com/lots/422947/1966-ford-mustang-convertible/?aa_id=268544-0",
    "lot_code": "Lot S179",
    "vehicle_chassis_no": "6R08T230899"
  },
  {
    "lot_source_link": "https://www.mecum.com/lots/422948/1937-ford-roadster-street-rod/?aa_id=268545-0",
    "lot_code": "Lot S180",
    "vehicle_chassis_no": "3578310"
  },
  {
    "lot_source_link": "https://www.mecum.com/lots/422949/1966-volkswagen-beetle-convertible/?aa_id=268546-0",
    "lot_code": "Lot S181",
    "vehicle_chassis_no": "156529249"
  },
  {
    "lot_source_link": "https://www.mecum.com/lots/422951/1971-chevrolet-chevelle-wagon/?aa_id=268547-0",
    "lot_code": "Lot S183",
    "vehicle_chassis_no": "131361R169400"
  },
  {
    "lot_source_link": "https://www.mecum.com/lots/451955/1993-toyota-supra/?aa_id=280079-0",
    "lot_code": "Lot S184.1",
    "vehicle_chassis_no": "JT2JA82J4P0003380"
  },
  {
    "lot_source_link": "https://www.mecum.com/lots/422440/2006-ford-f150-pickup/?aa_id=268287-0",
    "lot_code": "Lot S187",
    "vehicle_chassis_no": "1FTPX12556FB11917"
  },
  {
    "lot_source_link": "https://www.mecum.com/lots/422956/1965-jaguar-e-type-roadster/?aa_id=268549-0",
    "lot_code": "Lot S188",
    "vehicle_chassis_no": "880585"
  },
  {
    "lot_source_link": "https://www.mecum.com/lots/422957/1978-chevrolet-k5-blazer/?aa_id=268550-0",
    "lot_code": "Lot S189",
    "vehicle_chassis_no": "CCL188Z195409"
  },
  {
    "lot_source_link": "https://www.mecum.com/lots/422958/1986-land-rover-defender/?aa_id=268551-0",
    "lot_code": "Lot S190",
    "vehicle_chassis_no": "SALLDHAC7BA246399"
  },
  {
    "lot_source_link": "https://www.mecum.com/lots/422961/1954-ford-f100-pickup/?aa_id=268552-0",
    "lot_code": "Lot S193",
    "vehicle_chassis_no": "F10D4P10175"
  },
  {
    "lot_source_link": "https://www.mecum.com/lots/422966/1965-factory-five-shelby-cobra-replica/?aa_id=268553-0",
    "lot_code": "Lot S198",
    "vehicle_chassis_no": "FFR2757K"
  },
  {
    "lot_source_link": "https://www.mecum.com/lots/422967/1963-chrysler-300-convertible/?aa_id=268554-0",
    "lot_code": "Lot S199",
    "vehicle_chassis_no": "8233221492"
  },
  {
    "lot_source_link": "https://www.mecum.com/lots/422968/1934-ford-roadster-street-rod/?aa_id=268555-0",
    "lot_code": "Lot S200",
    "vehicle_chassis_no": "1842699134"
  },
  {
    "lot_source_link": "https://www.mecum.com/lots/422969/2019-tesla-model-3/?aa_id=268556-0",
    "lot_code": "Lot S201",
    "vehicle_chassis_no": "5YJ3E1EA2KF301542"
  },
  {
    "lot_source_link": "https://www.mecum.com/lots/422976/2004-mercedes-benz-g55/?aa_id=268557-0",
    "lot_code": "Lot S208",
    "vehicle_chassis_no": "WDCYR46E14X143159"
  },
  {
    "lot_source_link": "https://www.mecum.com/lots/422977/2006-maserati-quattroporte-executive-gt/?aa_id=268558-0",
    "lot_code": "Lot S209",
    "vehicle_chassis_no": "ZAMCE39A660024108"
  },
  {
    "lot_source_link": "https://www.mecum.com/lots/422979/1968-chevrolet-chevelle/?aa_id=268559-0",
    "lot_code": "Lot S211",
    "vehicle_chassis_no": "136378Z168153"
  },
  {
    "lot_source_link": "https://www.mecum.com/lots/422980/2018-jeep-wrangler/?aa_id=268560-0",
    "lot_code": "Lot S212",
    "vehicle_chassis_no": "1C4BJWDG3JL886475"
  },
  {
    "lot_source_link": "https://www.mecum.com/lots/422981/1994-chevrolet-blazer/?aa_id=268561-0",
    "lot_code": "Lot S213",
    "vehicle_chassis_no": "1GNEK18K4RJ376260"
  },
  {
    "lot_source_link": "https://www.mecum.com/lots/422982/1964-ford-thunderbird-convertible/?aa_id=268562-0",
    "lot_code": "Lot S214",
    "vehicle_chassis_no": "4YA5Z132901"
  }
]