[
  {
    "lot_source_link": "https://www.mecum.com/lots/1133702/1969-chevrolet-camaro/?aa_id=632124-0",
    "lot_code": "Lot S272",
    "vehicle_chassis_no": "124379N528520"
  },
  {
    "lot_source_link": "https://www.mecum.com/lots/1133704/1966-chevrolet-chevelle-convertible/?aa_id=632123-0",
    "lot_code": "Lot S271",
    "vehicle_chassis_no": "136676K213452"
  },
  {
    "lot_source_link": "https://www.mecum.com/lots/1133705/1967-chevrolet-camaro-rs/?aa_id=632122-0",
    "lot_code": "Lot S270",
    "vehicle_chassis_no": "124377L103878"
  },
  {
    "lot_source_link": "https://www.mecum.com/lots/1133660/2008-porsche-cayenne-gts/?aa_id=631735-0",
    "lot_code": "Lot S254.1",
    "vehicle_chassis_no": "WP1AD29P48LA73014"
  },
  {
    "lot_source_link": "https://www.mecum.com/lots/1132408/1957-chevrolet-210-coupe/?aa_id=629931-0",
    "lot_code": "Lot S253",
    "vehicle_chassis_no": "71011A623627"
  },
  {
    "lot_source_link": "https://www.mecum.com/lots/1132419/2019-chevrolet-corvette-zr1-coupe/?aa_id=628895-0",
    "lot_code": "Lot S252",
    "vehicle_chassis_no": "1G1Y42D94K5800004"
  },
  {
    "lot_source_link": "https://www.mecum.com/lots/1132404/2024-ford-mustang-gt-hennessey-h850/?aa_id=628605-0",
    "lot_code": "Lot S251",
    "vehicle_chassis_no": "1FA6P8CFXR5409567"
  },
  {
    "lot_source_link": "https://www.mecum.com/lots/1133698/1967-ford-mustang-fastback/?aa_id=632082-0",
    "lot_code": "Lot S250.1",
    "vehicle_chassis_no": "7R02T153945"
  },
  {
    "lot_source_link": "https://www.mecum.com/lots/1132358/1969-chevrolet-camaro/?aa_id=629854-0",
    "lot_code": "Lot S248",
    "vehicle_chassis_no": "124379N676491"
  },
  {
    "lot_source_link": "https://www.mecum.com/lots/1132337/2002-porsche-911-turbo/?aa_id=628943-0",
    "lot_code": "Lot S247",
    "vehicle_chassis_no": "WP0AB29942S686210"
  },
  {
    "lot_source_link": "https://www.mecum.com/lots/1132334/2023-dodge-challenger-srt-demon-170/?aa_id=630193-0",
    "lot_code": "Lot S246",
    "vehicle_chassis_no": "2C3CDZL9XPH101802"
  },
  {
    "lot_source_link": "https://www.mecum.com/lots/1131697/1949-cadillac-series-61-sedanette/?aa_id=626343-0",
    "lot_code": "Lot S244",
    "vehicle_chassis_no": "496130566"
  },
  {
    "lot_source_link": "https://www.mecum.com/lots/1130665/1956-chevrolet-bel-air-custom-hardtop/?aa_id=625022-0",
    "lot_code": "Lot S236",
    "vehicle_chassis_no": "VC56L004155"
  },
  {
    "lot_source_link": "https://www.mecum.com/lots/1132836/1966-ford-mustang-fastback/?aa_id=630561-0",
    "lot_code": "Lot S235.1",
    "vehicle_chassis_no": "6R09A107619"
  },
  {
    "lot_source_link": "https://www.mecum.com/lots/1130214/2009-bentley-continental-flying-spur-speed-sedan/?aa_id=627153-0",
    "lot_code": "Lot S235",
    "vehicle_chassis_no": "SCBBP93W59C061416"
  },
  {
    "lot_source_link": "https://www.mecum.com/lots/1132086/1970-gmc-c25-pickup/?aa_id=627669-0",
    "lot_code": "Lot S233",
    "vehicle_chassis_no": "CE234ZZ62961"
  },
  {
    "lot_source_link": "https://www.mecum.com/lots/1132811/2007-ford-f650-crew-cab-pickup/?aa_id=629934-0",
    "lot_code": "Lot S231.1",
    "vehicle_chassis_no": "3FRNW65B87V463994"
  },
  {
    "lot_source_link": "https://www.mecum.com/lots/1128709/1967-chevrolet-chevelle-ss-custom/?aa_id=625344-0",
    "lot_code": "Lot S227",
    "vehicle_chassis_no": "138177K204671"
  },
  {
    "lot_source_link": "https://www.mecum.com/lots/1132231/1987-porsche-911-cabriolet/?aa_id=629673-0",
    "lot_code": "Lot S222",
    "vehicle_chassis_no": "WP0EB0913HS171658"
  },
  {
    "lot_source_link": "https://www.mecum.com/lots/1130549/1986-ferrari-328-gts/?aa_id=625185-0",
    "lot_code": "Lot S217",
    "vehicle_chassis_no": "ZFFXA20A7G0062703"
  },
  {
    "lot_source_link": "https://www.mecum.com/lots/1128471/1965-chevrolet-corvette-custom-coupe/?aa_id=622730-0",
    "lot_code": "Lot S215",
    "vehicle_chassis_no": "194375S100749"
  },
  {
    "lot_source_link": "https://www.mecum.com/lots/1131688/1995-land-rover-defender-110/?aa_id=626206-0",
    "lot_code": "Lot S214",
    "vehicle_chassis_no": "SALLDHMF8MA947147"
  },
  {
    "lot_source_link": "https://www.mecum.com/lots/1130213/2008-jaguar-xkr-convertible/?aa_id=631066-0",
    "lot_code": "Lot S212",
    "vehicle_chassis_no": "SAJWA44CX89B23089"
  },
  {
    "lot_source_link": "https://www.mecum.com/lots/1131759/1950-ford-custom-coupe/?aa_id=626744-0",
    "lot_code": "Lot S211",
    "vehicle_chassis_no": "B0LB111320"
  },
  {
    "lot_source_link": "https://www.mecum.com/lots/1128295/1951-mercury-monterey-custom-coupe/?aa_id=622196-0",
    "lot_code": "Lot S210",
    "vehicle_chassis_no": "51SL23206M"
  },
  {
    "lot_source_link": "https://www.mecum.com/lots/1132998/1990-jeep-grand-wagoneer/?aa_id=630304-0",
    "lot_code": "Lot S209",
    "vehicle_chassis_no": "1J4GS5879LP505239"
  },
  {
    "lot_source_link": "https://www.mecum.com/lots/1128480/2021-audi-r8-spyder/?aa_id=622630-0",
    "lot_code": "Lot S208",
    "vehicle_chassis_no": "WUABACFX9M7900858"
  },
  {
    "lot_source_link": "https://www.mecum.com/lots/1124591/1967-chevrolet-camaro-rs-ss/?aa_id=614676-0",
    "lot_code": "Lot S207",
    "vehicle_chassis_no": "124377L118029"
  },
  {
    "lot_source_link": "https://www.mecum.com/lots/1131605/1952-mg-td-convertible/?aa_id=629552-0",
    "lot_code": "Lot S206",
    "vehicle_chassis_no": "TD10430"
  },
  {
    "lot_source_link": "https://www.mecum.com/lots/1131603/1965-ford-mustang-gt-k-code-convertible/?aa_id=629547-0",
    "lot_code": "Lot S204",
    "vehicle_chassis_no": "5R08K140664"
  },
  {
    "lot_source_link": "https://www.mecum.com/lots/1131602/1969-chevrolet-camaro/?aa_id=629545-0",
    "lot_code": "Lot S203",
    "vehicle_chassis_no": "124379N506485"
  },
  {
    "lot_source_link": "https://www.mecum.com/lots/1133706/1956-studebaker-golden-hawk-coupe/?aa_id=632133-0",
    "lot_code": "Lot S202.1",
    "vehicle_chassis_no": "6800418"
  },
  {
    "lot_source_link": "https://www.mecum.com/lots/1128379/1932-ford-street-rod/?aa_id=624194-0",
    "lot_code": "Lot S199",
    "vehicle_chassis_no": "DMV56219NV"
  },
  {
    "lot_source_link": "https://www.mecum.com/lots/1130218/2007-mercedes-benz-sl550-convertible/?aa_id=631260-0",
    "lot_code": "Lot S198",
    "vehicle_chassis_no": "WDBSK71F07F129828"
  },
  {
    "lot_source_link": "https://www.mecum.com/lots/1130212/2008-maserati-granturismo-coupe/?aa_id=627324-0",
    "lot_code": "Lot S195",
    "vehicle_chassis_no": "ZAMGJ45A580042076"
  },
  {
    "lot_source_link": "https://www.mecum.com/lots/1129804/1958-chevrolet-apache-pickup/?aa_id=628162-0",
    "lot_code": "Lot S193",
    "vehicle_chassis_no": "83104608781"
  },
  {
    "lot_source_link": "https://www.mecum.com/lots/1131911/1966-chevrolet-impala-ss-convertible/?aa_id=627209-0",
    "lot_code": "Lot S191",
    "vehicle_chassis_no": "164676J270320"
  },
  {
    "lot_source_link": "https://www.mecum.com/lots/1129800/1971-dodge-charger-super-bee/?aa_id=627222-0",
    "lot_code": "Lot S189",
    "vehicle_chassis_no": "WM23N1A189159"
  },
  {
    "lot_source_link": "https://www.mecum.com/lots/1129681/2019-ford-shelby-gt350se-hennessey-hpe-850/?aa_id=623803-0",
    "lot_code": "Lot S186",
    "vehicle_chassis_no": "1FA6P8JZ0K5551591"
  },
  {
    "lot_source_link": "https://www.mecum.com/lots/1129171/1965-roadster-shelby-cobra-replica-roadster/?aa_id=623514-0",
    "lot_code": "Lot S184",
    "vehicle_chassis_no": "AE9BMAAH8E1MT1033"
  },
  {
    "lot_source_link": "https://www.mecum.com/lots/1127533/2009-bentley-arnage-red-label-sedan/?aa_id=619675-0",
    "lot_code": "Lot S181",
    "vehicle_chassis_no": "SCBLE47K29CX19665"
  },
  {
    "lot_source_link": "https://www.mecum.com/lots/1128316/1969-chevrolet-c10-custom-pickup/?aa_id=623536-0",
    "lot_code": "Lot S179",
    "vehicle_chassis_no": "CS149S885935"
  },
  {
    "lot_source_link": "https://www.mecum.com/lots/1127753/1974-chevrolet-camaro-z28/?aa_id=624623-0",
    "lot_code": "Lot S177",
    "vehicle_chassis_no": "1Q87T4N236531"
  },
  {
    "lot_source_link": "https://www.mecum.com/lots/1128714/1961-chevrolet-impala-convertible/?aa_id=623787-0",
    "lot_code": "Lot S175",
    "vehicle_chassis_no": "11867J147990"
  },
  {
    "lot_source_link": "https://www.mecum.com/lots/1129528/2018-mercedes-benz-gt-amg-roadster/?aa_id=623738-0",
    "lot_code": "Lot S174",
    "vehicle_chassis_no": "WDDYK7HA8JA018475"
  },
  {
    "lot_source_link": "https://www.mecum.com/lots/1133699/1966-chevrolet-nova-ss/?aa_id=632100-0",
    "lot_code": "Lot S173.1",
    "vehicle_chassis_no": "118376N134497"
  },
  {
    "lot_source_link": "https://www.mecum.com/lots/1128441/1966-chevrolet-corvette-custom-coupe/?aa_id=627207-0",
    "lot_code": "Lot S171",
    "vehicle_chassis_no": "MA3465"
  },
  {
    "lot_source_link": "https://www.mecum.com/lots/1125243/1969-ford-mustang-boss-302-custom-fastback/?aa_id=623628-0",
    "lot_code": "Lot S169",
    "vehicle_chassis_no": "9F02G198247"
  },
  {
    "lot_source_link": "https://www.mecum.com/lots/1130046/1961-chevrolet-corvette-convertible/?aa_id=629832-0",
    "lot_code": "Lot S167",
    "vehicle_chassis_no": "10867S107385"
  },
  {
    "lot_source_link": "https://www.mecum.com/lots/1133708/1997-am-general-hummer-h1/?aa_id=632143-0",
    "lot_code": "Lot S166.1",
    "vehicle_chassis_no": "137ZA8335VE175320"
  },
  {
    "lot_source_link": "https://www.mecum.com/lots/1121741/2011-cadillac-escalade-platinum/?aa_id=631174-0",
    "lot_code": "Lot S166",
    "vehicle_chassis_no": "1GYS4DEF6BR154934"
  },
  {
    "lot_source_link": "https://www.mecum.com/lots/1121740/2006-mercedes-benz-sl600-convertible/?aa_id=631170-0",
    "lot_code": "Lot S165",
    "vehicle_chassis_no": "WDBSK76F16F105478"
  },
  {
    "lot_source_link": "https://www.mecum.com/lots/1121739/1984-porsche-911-carrera-cabriolet/?aa_id=631364-0",
    "lot_code": "Lot S164",
    "vehicle_chassis_no": "WP0EB0913ES170635"
  },
  {
    "lot_source_link": "https://www.mecum.com/lots/1121737/2010-rolls-royce-ghost/?aa_id=631362-0",
    "lot_code": "Lot S162",
    "vehicle_chassis_no": "SCA664S53AUX48896"
  },
  {
    "lot_source_link": "https://www.mecum.com/lots/1132191/2021-ram-2500-limited-pickup/?aa_id=630149-0",
    "lot_code": "Lot S161",
    "vehicle_chassis_no": "3C6UR5SL8MG579498"
  },
  {
    "lot_source_link": "https://www.mecum.com/lots/1127809/1966-chevrolet-nova-ss-custom-coupe/?aa_id=624117-0",
    "lot_code": "Lot S159",
    "vehicle_chassis_no": "118376W153055"
  },
  {
    "lot_source_link": "https://www.mecum.com/lots/1127808/1972-gmc-1500-super-custom-pickup/?aa_id=623791-0",
    "lot_code": "Lot S157",
    "vehicle_chassis_no": "TKE242Z515654"
  },
  {
    "lot_source_link": "https://www.mecum.com/lots/1127807/1955-chevrolet-bel-air-convertible/?aa_id=623597-0",
    "lot_code": "Lot S155",
    "vehicle_chassis_no": "VC55J169528"
  },
  {
    "lot_source_link": "https://www.mecum.com/lots/1127744/1971-dodge-charger-r-t/?aa_id=623596-0",
    "lot_code": "Lot S154",
    "vehicle_chassis_no": "WS23V1A100909"
  },
  {
    "lot_source_link": "https://www.mecum.com/lots/1127806/1963-chevrolet-corvette-grand-sport-replica-coupe/?aa_id=623595-0",
    "lot_code": "Lot S153",
    "vehicle_chassis_no": "CGS0013"
  },
  {
    "lot_source_link": "https://www.mecum.com/lots/1127743/1963-chevrolet-corvette-split-window-coupe/?aa_id=623594-0",
    "lot_code": "Lot S152",
    "vehicle_chassis_no": "30837S114897"
  },
  {
    "lot_source_link": "https://www.mecum.com/lots/1127804/1972-chevrolet-k10-cheyenne-super-pickup/?aa_id=623592-0",
    "lot_code": "Lot S149",
    "vehicle_chassis_no": "CKE142Z141457"
  },
  {
    "lot_source_link": "https://www.mecum.com/lots/1127741/1970-chevrolet-chevelle-convertible/?aa_id=623591-0",
    "lot_code": "Lot S148",
    "vehicle_chassis_no": "136670L182508"
  },
  {
    "lot_source_link": "https://www.mecum.com/lots/1127803/1969-chevrolet-camaro-z28/?aa_id=623589-0",
    "lot_code": "Lot S147",
    "vehicle_chassis_no": "124379L524809"
  },
  {
    "lot_source_link": "https://www.mecum.com/lots/1127740/1970-chevrolet-c10-pickup/?aa_id=623588-0",
    "lot_code": "Lot S146",
    "vehicle_chassis_no": "CE140Z146398"
  },
  {
    "lot_source_link": "https://www.mecum.com/lots/1127739/1969-amc-amx/?aa_id=624170-0",
    "lot_code": "Lot S144",
    "vehicle_chassis_no": "A9M397X304414"
  },
  {
    "lot_source_link": "https://www.mecum.com/lots/1127800/1968-pontiac-gto/?aa_id=623585-0",
    "lot_code": "Lot S141",
    "vehicle_chassis_no": "242378P183518"
  },
  {
    "lot_source_link": "https://www.mecum.com/lots/1127737/1968-ford-mustang-convertible/?aa_id=623584-0",
    "lot_code": "Lot S140",
    "vehicle_chassis_no": "8F03J125672"
  },
  {
    "lot_source_link": "https://www.mecum.com/lots/1132934/1932-ford-custom-roadster/?aa_id=630268-0",
    "lot_code": "Lot S139",
    "vehicle_chassis_no": "181229447"
  },
  {
    "lot_source_link": "https://www.mecum.com/lots/1132027/2019-ferrari-488-spider/?aa_id=626737-0",
    "lot_code": "Lot S138",
    "vehicle_chassis_no": "ZFF80AMA0K0239323"
  },
  {
    "lot_source_link": "https://www.mecum.com/lots/1131903/1981-datsun-280zx/?aa_id=628712-0",
    "lot_code": "Lot S136",
    "vehicle_chassis_no": "JN1HZ06S1BX192351"
  },
  {
    "lot_source_link": "https://www.mecum.com/lots/1131900/2018-dodge-challenger-srt-demon/?aa_id=629788-0",
    "lot_code": "Lot S133",
    "vehicle_chassis_no": "2C3CDZH96JH102722"
  },
  {
    "lot_source_link": "https://www.mecum.com/lots/1127150/1972-chevrolet-c10-pickup/?aa_id=616809-0",
    "lot_code": "Lot S131",
    "vehicle_chassis_no": "CCE142S180346"
  },
  {
    "lot_source_link": "https://www.mecum.com/lots/1118420/1956-oldsmobile-98-custom-convertible/?aa_id=615093-0",
    "lot_code": "Lot S130",
    "vehicle_chassis_no": "569C7674"
  },
  {
    "lot_source_link": "https://www.mecum.com/lots/1132719/2022-dodge-challenger-custom/?aa_id=630190-0",
    "lot_code": "Lot S129.1",
    "vehicle_chassis_no": "2C3CDZC93NH184860"
  },
  {
    "lot_source_link": "https://www.mecum.com/lots/1119584/1937-ford-club-coupe/?aa_id=630153-0",
    "lot_code": "Lot S125",
    "vehicle_chassis_no": "F72655231"
  },
  {
    "lot_source_link": "https://www.mecum.com/lots/1132848/1967-ford-mustang-fastback/?aa_id=629823-0",
    "lot_code": "Lot S124.1",
    "vehicle_chassis_no": "7T02C118717"
  },
  {
    "lot_source_link": "https://www.mecum.com/lots/1131600/1982-delorean-dmc-12/?aa_id=628744-0",
    "lot_code": "Lot S122",
    "vehicle_chassis_no": "SCEDT26T2CD011090"
  },
  {
    "lot_source_link": "https://www.mecum.com/lots/1130289/1967-chevrolet-corvette-convertible/?aa_id=625248-0",
    "lot_code": "Lot S121",
    "vehicle_chassis_no": "194677S102968"
  },
  {
    "lot_source_link": "https://www.mecum.com/lots/1121736/2021-chevrolet-silverado-3500hd-ltz-pickup/?aa_id=630106-0",
    "lot_code": "Lot S119",
    "vehicle_chassis_no": "1GC4YUEY8MF261461"
  },
  {
    "lot_source_link": "https://www.mecum.com/lots/1121735/2008-maserati-quattroporte-sedan/?aa_id=630113-0",
    "lot_code": "Lot S118",
    "vehicle_chassis_no": "ZAMFE39A580033446"
  },
  {
    "lot_source_link": "https://www.mecum.com/lots/1121732/2014-bentley-continental-flying-spur-sedan/?aa_id=629938-0",
    "lot_code": "Lot S115",
    "vehicle_chassis_no": "SCBEC9ZA8EC091668"
  },
  {
    "lot_source_link": "https://www.mecum.com/lots/1132028/2016-dodge-viper-acr/?aa_id=626764-0",
    "lot_code": "Lot S114",
    "vehicle_chassis_no": "1C3BDECZ7GV100537"
  },
  {
    "lot_source_link": "https://www.mecum.com/lots/1121896/1958-lincoln-continental-mark-iii-coupe/?aa_id=616227-0",
    "lot_code": "Lot S112",
    "vehicle_chassis_no": "H8YE429347"
  },
  {
    "lot_source_link": "https://www.mecum.com/lots/1128476/1970-shelby-gt350-convertible/?aa_id=626673-0",
    "lot_code": "Lot S109",
    "vehicle_chassis_no": "0F03M482528"
  },
  {
    "lot_source_link": "https://www.mecum.com/lots/1132718/1969-chevrolet-camaro-custom/?aa_id=629610-0",
    "lot_code": "Lot S108.1",
    "vehicle_chassis_no": "123379N635450"
  },
  {
    "lot_source_link": "https://www.mecum.com/lots/1127857/1964-chevrolet-corvette-convertible/?aa_id=627826-0",
    "lot_code": "Lot S107",
    "vehicle_chassis_no": "40867S119230"
  },
  {
    "lot_source_link": "https://www.mecum.com/lots/1127752/1987-chevrolet-silverado-pickup/?aa_id=623295-0",
    "lot_code": "Lot S99",
    "vehicle_chassis_no": "1GCER14K3HJ153300"
  },
  {
    "lot_source_link": "https://www.mecum.com/lots/1127814/1970-dodge-challenger/?aa_id=623294-0",
    "lot_code": "Lot S98",
    "vehicle_chassis_no": "JH23G0B112040"
  },
  {
    "lot_source_link": "https://www.mecum.com/lots/1127751/2004-chevrolet-silverado-custom-pickup/?aa_id=623293-0",
    "lot_code": "Lot S97",
    "vehicle_chassis_no": "2GCEK19N541297524"
  },
  {
    "lot_source_link": "https://www.mecum.com/lots/1127750/1989-pontiac-trans-am-gta/?aa_id=623291-0",
    "lot_code": "Lot S95",
    "vehicle_chassis_no": "1G2FW2181KL262558"
  },
  {
    "lot_source_link": "https://www.mecum.com/lots/1127812/1967-chevrolet-camaro-rs-ss/?aa_id=623290-0",
    "lot_code": "Lot S94",
    "vehicle_chassis_no": "124377N232142"
  },
  {
    "lot_source_link": "https://www.mecum.com/lots/1127749/1955-chevrolet-custom-pickup/?aa_id=623289-0",
    "lot_code": "Lot S93",
    "vehicle_chassis_no": "51314624542"
  },
  {
    "lot_source_link": "https://www.mecum.com/lots/1127811/1955-chevrolet-bel-air-custom-hardtop/?aa_id=623288-0",
    "lot_code": "Lot S92",
    "vehicle_chassis_no": "VC55L064720"
  },
  {
    "lot_source_link": "https://www.mecum.com/lots/1127748/1971-chevrolet-camaro-rs-z28/?aa_id=623287-0",
    "lot_code": "Lot S91",
    "vehicle_chassis_no": "124871N572874"
  },
  {
    "lot_source_link": "https://www.mecum.com/lots/1127810/1970-plymouth-barracuda-custom/?aa_id=623285-0",
    "lot_code": "Lot S90",
    "vehicle_chassis_no": "BH23G0B294050"
  },
  {
    "lot_source_link": "https://www.mecum.com/lots/1121731/1979-ford-f250-xlt-pickup/?aa_id=630146-0",
    "lot_code": "Lot S88",
    "vehicle_chassis_no": "F26HREA0635"
  },
  {
    "lot_source_link": "https://www.mecum.com/lots/1121729/1968-ford-mustang-coupe/?aa_id=629954-0",
    "lot_code": "Lot S86",
    "vehicle_chassis_no": "8R01C138389"
  },
  {
    "lot_source_link": "https://www.mecum.com/lots/1121727/1970-dodge-charger-hardtop/?aa_id=630123-0",
    "lot_code": "Lot S84",
    "vehicle_chassis_no": "XP29L0G165272"
  },
  {
    "lot_source_link": "https://www.mecum.com/lots/1119582/1956-nash-metropolitan-coupe/?aa_id=631186-0",
    "lot_code": "Lot S81",
    "vehicle_chassis_no": "E26748"
  },
  {
    "lot_source_link": "https://www.mecum.com/lots/1119576/1954-chevrolet-210-coupe/?aa_id=630157-0",
    "lot_code": "Lot S80",
    "vehicle_chassis_no": "0586820F54Z"
  },
  {
    "lot_source_link": "https://www.mecum.com/lots/1119581/1960-ford-falcon-ranchero/?aa_id=630095-0",
    "lot_code": "Lot S79",
    "vehicle_chassis_no": "0R27S159059"
  },
  {
    "lot_source_link": "https://www.mecum.com/lots/1119577/1948-ford-deluxe-convertible/?aa_id=630137-0",
    "lot_code": "Lot S78",
    "vehicle_chassis_no": "899A2104492"
  },
  {
    "lot_source_link": "https://www.mecum.com/lots/1119580/1956-chevrolet-3100-pickup/?aa_id=630099-0",
    "lot_code": "Lot S77",
    "vehicle_chassis_no": "3A56L017573"
  },
  {
    "lot_source_link": "https://www.mecum.com/lots/1127755/1973-pontiac-firebird/?aa_id=626000-0",
    "lot_code": "Lot S74",
    "vehicle_chassis_no": "2T87M3N111003"
  },
  {
    "lot_source_link": "https://www.mecum.com/lots/1130047/1966-chevrolet-corvette-coupe/?aa_id=629831-0",
    "lot_code": "Lot S73",
    "vehicle_chassis_no": "194376S123221"
  },
  {
    "lot_source_link": "https://www.mecum.com/lots/1128091/1970-chevrolet-camaro-ss/?aa_id=623147-0",
    "lot_code": "Lot S72",
    "vehicle_chassis_no": "124870N576043"
  },
  {
    "lot_source_link": "https://www.mecum.com/lots/1127091/1969-chevrolet-chevelle-ss/?aa_id=615227-0",
    "lot_code": "Lot S70",
    "vehicle_chassis_no": "136379A306949"
  },
  {
    "lot_source_link": "https://www.mecum.com/lots/1130216/2004-mercedes-benz-sl500-convertible/?aa_id=630104-0",
    "lot_code": "Lot S69",
    "vehicle_chassis_no": "WDBSK75F64F085131"
  },
  {
    "lot_source_link": "https://www.mecum.com/lots/1114222/2018-dodge-challenger-hellcat-widebody/?aa_id=614739-0",
    "lot_code": "Lot S66",
    "vehicle_chassis_no": "2C3CDZC9XJH332237"
  },
  {
    "lot_source_link": "https://www.mecum.com/lots/1121726/2010-porsche-panamera-turbo-sedan/?aa_id=629935-0",
    "lot_code": "Lot S64",
    "vehicle_chassis_no": "WP0AC2A78AL091909"
  },
  {
    "lot_source_link": "https://www.mecum.com/lots/1121724/1984-chevrolet-monte-carlo-ss/?aa_id=629920-0",
    "lot_code": "Lot S62",
    "vehicle_chassis_no": "1G1AZ37G1ER124319"
  },
  {
    "lot_source_link": "https://www.mecum.com/lots/1121722/1979-pontiac-trans-am/?aa_id=629922-0",
    "lot_code": "Lot S61",
    "vehicle_chassis_no": "2W87K9N191946"
  },
  {
    "lot_source_link": "https://www.mecum.com/lots/1133667/2007-mercedes-benz-s550-sedan/?aa_id=631966-0",
    "lot_code": "Lot S60.1",
    "vehicle_chassis_no": "WDDNG71X77A119518"
  },
  {
    "lot_source_link": "https://www.mecum.com/lots/1121721/1967-chevrolet-el-camino/?aa_id=630120-0",
    "lot_code": "Lot S60",
    "vehicle_chassis_no": "136807Z139503"
  },
  {
    "lot_source_link": "https://www.mecum.com/lots/1130586/1965-superformance-shelby-cobra-mkiii-replica-roadster/?aa_id=627189-0",
    "lot_code": "Lot S56",
    "vehicle_chassis_no": "K1399AM1802"
  },
  {
    "lot_source_link": "https://www.mecum.com/lots/1128440/1971-plymouth-cuda/?aa_id=627025-0",
    "lot_code": "Lot S54",
    "vehicle_chassis_no": "BS23H1B148243"
  },
  {
    "lot_source_link": "https://www.mecum.com/lots/1127866/1957-chevrolet-nomad-wagon/?aa_id=629622-0",
    "lot_code": "Lot S53",
    "vehicle_chassis_no": "VC57L163168"
  },
  {
    "lot_source_link": "https://www.mecum.com/lots/1113796/1967-ford-mustang-gta-fastback/?aa_id=614720-0",
    "lot_code": "Lot S51",
    "vehicle_chassis_no": "7R02A198450"
  },
  {
    "lot_source_link": "https://www.mecum.com/lots/1131906/1966-ford-mustang-gt/?aa_id=628709-0",
    "lot_code": "Lot S50",
    "vehicle_chassis_no": "6F07A238912"
  },
  {
    "lot_source_link": "https://www.mecum.com/lots/1131622/2018-sherp-pro-custom-amphibious-all-terrain-vehicle/?aa_id=626459-0",
    "lot_code": "Lot S46",
    "vehicle_chassis_no": "X8918260SFHFY1335"
  },
  {
    "lot_source_link": "https://www.mecum.com/lots/1128481/1970-dodge-charger/?aa_id=622922-0",
    "lot_code": "Lot S44",
    "vehicle_chassis_no": "XH29G0G196515"
  },
  {
    "lot_source_link": "https://www.mecum.com/lots/1131443/1960-chevrolet-apache-pickup/?aa_id=627475-0",
    "lot_code": "Lot S43",
    "vehicle_chassis_no": "0C1534603189A"
  },
  {
    "lot_source_link": "https://www.mecum.com/lots/1131442/1963-chevrolet-nova-ss/?aa_id=627687-0",
    "lot_code": "Lot S42",
    "vehicle_chassis_no": "30437N155797"
  },
  {
    "lot_source_link": "https://www.mecum.com/lots/1131439/1964-pontiac-grand-prix-hardtop/?aa_id=627213-0",
    "lot_code": "Lot S39",
    "vehicle_chassis_no": "894S29373"
  },
  {
    "lot_source_link": "https://www.mecum.com/lots/1131438/1963-studebaker-gran-turismo-hawk-coupe/?aa_id=627291-0",
    "lot_code": "Lot S38",
    "vehicle_chassis_no": "63VC1618"
  },
  {
    "lot_source_link": "https://www.mecum.com/lots/1127762/1995-land-rover-range-rover-se-convertible/?aa_id=630472-0",
    "lot_code": "Lot S37",
    "vehicle_chassis_no": "SALPV124XSA307865"
  },
  {
    "lot_source_link": "https://www.mecum.com/lots/1132912/1968-ford-mustang-fastback/?aa_id=629794-0",
    "lot_code": "Lot S35.1",
    "vehicle_chassis_no": "8F02S193475"
  },
  {
    "lot_source_link": "https://www.mecum.com/lots/1129545/1981-cent-grand-prix-replica-roadster/?aa_id=624027-0",
    "lot_code": "Lot S34",
    "vehicle_chassis_no": "1G2AJ37A6BP578040"
  },
  {
    "lot_source_link": "https://www.mecum.com/lots/1132087/1985-mazda-rx-7-coupe/?aa_id=626589-0",
    "lot_code": "Lot S32",
    "vehicle_chassis_no": "JM1FB3313F0864995"
  },
  {
    "lot_source_link": "https://www.mecum.com/lots/1125690/1972-chevrolet-c10-pickup/?aa_id=619519-0",
    "lot_code": "Lot S30",
    "vehicle_chassis_no": "CCE242F349601"
  },
  {
    "lot_source_link": "https://www.mecum.com/lots/1121720/2024-evolution-golf-cart/?aa_id=630107-0",
    "lot_code": "Lot S29",
    "vehicle_chassis_no": "EVBD0839709"
  },
  {
    "lot_source_link": "https://www.mecum.com/lots/1133666/2001-bmw-328i-convertible/?aa_id=632053-0",
    "lot_code": "Lot S28.1",
    "vehicle_chassis_no": "WBADW7C53BE726860"
  },
  {
    "lot_source_link": "https://www.mecum.com/lots/1121719/2008-mercedes-benz-sl550-convertible/?aa_id=630143-0",
    "lot_code": "Lot S28",
    "vehicle_chassis_no": "WDBSK71F58F137747"
  },
  {
    "lot_source_link": "https://www.mecum.com/lots/1121723/2016-maserati-ghibli-sedan/?aa_id=631270-0",
    "lot_code": "Lot S25",
    "vehicle_chassis_no": "ZAM57XSA0G1171234"
  },
  {
    "lot_source_link": "https://www.mecum.com/lots/1131758/1956-chevrolet-210-coupe/?aa_id=630415-0",
    "lot_code": "Lot S23",
    "vehicle_chassis_no": "VB56L038873"
  },
  {
    "lot_source_link": "https://www.mecum.com/lots/1131935/1959-chevrolet-corvette-convertible/?aa_id=629755-0",
    "lot_code": "Lot S17",
    "vehicle_chassis_no": "J59S104082"
  },
  {
    "lot_source_link": "https://www.mecum.com/lots/1132570/1935-ford-5-window-coupe/?aa_id=630815-0",
    "lot_code": "Lot S16",
    "vehicle_chassis_no": "AZ381644"
  },
  {
    "lot_source_link": "https://www.mecum.com/lots/1130211/2009-mercedes-benz-sl63-amg-convertible/?aa_id=630635-0",
    "lot_code": "Lot S15",
    "vehicle_chassis_no": "WDBSK70FX9F153848"
  },
  {
    "lot_source_link": "https://www.mecum.com/lots/1131015/1987-land-rover-defender-beach-runner/?aa_id=625283-0",
    "lot_code": "Lot S12",
    "vehicle_chassis_no": "SALLDHAV8BA293953"
  },
  {
    "lot_source_link": "https://www.mecum.com/lots/1130210/2007-bentley-continental-gtc/?aa_id=629652-0",
    "lot_code": "Lot S10",
    "vehicle_chassis_no": "SCBDR33W47C046242"
  },
  {
    "lot_source_link": "https://www.mecum.com/lots/1133659/1999-chevrolet-silverado-pickup/?aa_id=631704-0",
    "lot_code": "Lot F238",
    "vehicle_chassis_no": "1GCEC19M8XR142062"
  },
  {
    "lot_source_link": "https://www.mecum.com/lots/1133159/1915-ford-model-t-runabout/?aa_id=630852-0",
    "lot_code": "Lot F231",
    "vehicle_chassis_no": "5507327"
  },
  {
    "lot_source_link": "https://www.mecum.com/lots/1133110/1967-lincoln-continental-convertible/?aa_id=630875-0",
    "lot_code": "Lot F230",
    "vehicle_chassis_no": "7Y86G820165"
  },
  {
    "lot_source_link": "https://www.mecum.com/lots/1132849/1988-chevrolet-camaro-rs-convertible/?aa_id=630749-0",
    "lot_code": "Lot F226",
    "vehicle_chassis_no": "1G1FP31E1JL123588"
  },
  {
    "lot_source_link": "https://www.mecum.com/lots/1133647/1970-oldsmobile-442-coupe/?aa_id=631672-0",
    "lot_code": "Lot F225.1",
    "vehicle_chassis_no": "344870G120230"
  },
  {
    "lot_source_link": "https://www.mecum.com/lots/1132768/1962-chevrolet-impala-hardtop/?aa_id=630540-0",
    "lot_code": "Lot F224",
    "vehicle_chassis_no": "21747T277663"
  },
  {
    "lot_source_link": "https://www.mecum.com/lots/1132766/2007-ford-shelby-gt500/?aa_id=630187-0",
    "lot_code": "Lot F223",
    "vehicle_chassis_no": "1ZVHT88S575348224"
  },
  {
    "lot_source_link": "https://www.mecum.com/lots/1132595/1956-studebaker-golden-hawk-coupe/?aa_id=629233-0",
    "lot_code": "Lot F219",
    "vehicle_chassis_no": "6800418"
  },
  {
    "lot_source_link": "https://www.mecum.com/lots/1132571/2021-ram-trx-launch-edition-pickup/?aa_id=629776-0",
    "lot_code": "Lot F217",
    "vehicle_chassis_no": "1C6SRFU95MN901083"
  },
  {
    "lot_source_link": "https://www.mecum.com/lots/1132569/1967-datsun-1600-roadster/?aa_id=630133-0",
    "lot_code": "Lot F216",
    "vehicle_chassis_no": "SPL31107874"
  },
  {
    "lot_source_link": "https://www.mecum.com/lots/1132568/1996-porsche-911-carrera-coupe/?aa_id=629113-0",
    "lot_code": "Lot F215",
    "vehicle_chassis_no": "WP0AA2995TS322849"
  },
  {
    "lot_source_link": "https://www.mecum.com/lots/1132567/1955-ford-thunderbird-custom-convertible/?aa_id=629704-0",
    "lot_code": "Lot F214",
    "vehicle_chassis_no": "P5FH249842"
  },
  {
    "lot_source_link": "https://www.mecum.com/lots/1130204/2001-porsche-911-carrera-convertible/?aa_id=627116-0",
    "lot_code": "Lot F211",
    "vehicle_chassis_no": "WP0CA29931S652883"
  },
  {
    "lot_source_link": "https://www.mecum.com/lots/1132407/1937-ford-custom-pickup/?aa_id=629932-0",
    "lot_code": "Lot F208",
    "vehicle_chassis_no": "183381857"
  },
  {
    "lot_source_link": "https://www.mecum.com/lots/1131914/1969-ford-f100-pickup/?aa_id=627199-0",
    "lot_code": "Lot F204",
    "vehicle_chassis_no": "F10YCF73911"
  },
  {
    "lot_source_link": "https://www.mecum.com/lots/1131639/1940-ford-1-2-ton-pickup/?aa_id=626752-0",
    "lot_code": "Lot F201",
    "vehicle_chassis_no": "AZ264289"
  },
  {
    "lot_source_link": "https://www.mecum.com/lots/1132603/2002-ford-thunderbird-convertible/?aa_id=629651-0",
    "lot_code": "Lot F200.1",
    "vehicle_chassis_no": "1FAHP60A62Y101628"
  },
  {
    "lot_source_link": "https://www.mecum.com/lots/1130206/2003-chevrolet-corvette-coupe/?aa_id=629917-0",
    "lot_code": "Lot F197",
    "vehicle_chassis_no": "1G1YY22G035113268"
  },
  {
    "lot_source_link": "https://www.mecum.com/lots/1129015/1969-pontiac-firebird-400/?aa_id=623621-0",
    "lot_code": "Lot F196",
    "vehicle_chassis_no": "223379L107091"
  },
  {
    "lot_source_link": "https://www.mecum.com/lots/1133558/1991-bmw-850i-coupe/?aa_id=631188-0",
    "lot_code": "Lot F192.1",
    "vehicle_chassis_no": "WBAEG2319MCB72985"
  },
  {
    "lot_source_link": "https://www.mecum.com/lots/1130208/2006-chevrolet-corvette-z06-coupe/?aa_id=627135-0",
    "lot_code": "Lot F190",
    "vehicle_chassis_no": "1G1YY26E265116167"
  },
  {
    "lot_source_link": "https://www.mecum.com/lots/1129014/1965-plymouth-sport-fury/?aa_id=623619-0",
    "lot_code": "Lot F189",
    "vehicle_chassis_no": "P452178545"
  },
  {
    "lot_source_link": "https://www.mecum.com/lots/1133131/1928-studebaker-dictator-sedan/?aa_id=630373-0",
    "lot_code": "Lot F188",
    "vehicle_chassis_no": "1446077"
  },
  {
    "lot_source_link": "https://www.mecum.com/lots/1126912/2021-chevrolet-silverado-custom-black-ops-pickup/?aa_id=615234-0",
    "lot_code": "Lot F186",
    "vehicle_chassis_no": "1GCUYGEL8MZ185034"
  },
  {
    "lot_source_link": "https://www.mecum.com/lots/1132342/2016-bentley-flying-spur-sedan/?aa_id=628086-0",
    "lot_code": "Lot F185.1",
    "vehicle_chassis_no": "SCBEC9ZA6GC055030"
  },
  {
    "lot_source_link": "https://www.mecum.com/lots/1130287/2022-mercedes-benz-maybach-gls600/?aa_id=625023-0",
    "lot_code": "Lot F184",
    "vehicle_chassis_no": "4JGFF8HB2NA812720"
  },
  {
    "lot_source_link": "https://www.mecum.com/lots/1131175/2010-assembled-vehicle-ford-model-a-tudor-sedan/?aa_id=628097-0",
    "lot_code": "Lot F182",
    "vehicle_chassis_no": "A2293622"
  },
  {
    "lot_source_link": "https://www.mecum.com/lots/1133160/1934-ford-tudor-sedan/?aa_id=630846-0",
    "lot_code": "Lot F181.1",
    "vehicle_chassis_no": "18702084"
  },
  {
    "lot_source_link": "https://www.mecum.com/lots/1132602/2006-freightliner-16m-sport-chassis-truck/?aa_id=629789-0",
    "lot_code": "Lot F179.1",
    "vehicle_chassis_no": "1FVACVDC96HX06072"
  },
  {
    "lot_source_link": "https://www.mecum.com/lots/1127735/1981-gmc-jimmy/?aa_id=624617-0",
    "lot_code": "Lot F177",
    "vehicle_chassis_no": "1G5EK18H2BF510325"
  },
  {
    "lot_source_link": "https://www.mecum.com/lots/1129285/1973-volkswagen-type-ii-bus/?aa_id=631425-0",
    "lot_code": "Lot F176",
    "vehicle_chassis_no": "BH294591"
  },
  {
    "lot_source_link": "https://www.mecum.com/lots/1131437/1932-ford-custom-3-window-coupe/?aa_id=627210-0",
    "lot_code": "Lot F174",
    "vehicle_chassis_no": "AZ393329"
  },
  {
    "lot_source_link": "https://www.mecum.com/lots/1129928/1950-cadillac-series-61/?aa_id=626481-0",
    "lot_code": "Lot F173",
    "vehicle_chassis_no": "506101932"
  },
  {
    "lot_source_link": "https://www.mecum.com/lots/1129927/1978-lincoln-continental-mark-v/?aa_id=626479-0",
    "lot_code": "Lot F172",
    "vehicle_chassis_no": "8Y89A892366"
  },
  {
    "lot_source_link": "https://www.mecum.com/lots/1129926/1947-cadillac-fleetwood-sedan/?aa_id=626011-0",
    "lot_code": "Lot F171",
    "vehicle_chassis_no": "6428455"
  },
  {
    "lot_source_link": "https://www.mecum.com/lots/1131457/1970-ford-mustang-mach-1-fastback/?aa_id=628748-0",
    "lot_code": "Lot F165",
    "vehicle_chassis_no": "0F05H166098"
  },
  {
    "lot_source_link": "https://www.mecum.com/lots/1131458/1971-chevrolet-corvette-convertible/?aa_id=628746-0",
    "lot_code": "Lot F164",
    "vehicle_chassis_no": "194671S104234"
  },
  {
    "lot_source_link": "https://www.mecum.com/lots/1130476/1971-chevrolet-chevelle/?aa_id=625639-0",
    "lot_code": "Lot F163",
    "vehicle_chassis_no": "1343711500975"
  },
  {
    "lot_source_link": "https://www.mecum.com/lots/1131738/1979-pontiac-trans-am/?aa_id=629671-0",
    "lot_code": "Lot F161",
    "vehicle_chassis_no": "2W87K9L139187"
  },
  {
    "lot_source_link": "https://www.mecum.com/lots/1127358/2021-mercedes-benz-amg-gt-black-series-coupe/?aa_id=631448-0",
    "lot_code": "Lot F160",
    "vehicle_chassis_no": "W1KYJ8BA2MA043037"
  },
  {
    "lot_source_link": "https://www.mecum.com/lots/1130733/2008-asve-coupe/?aa_id=628113-0",
    "lot_code": "Lot F159",
    "vehicle_chassis_no": "183722720"
  },
  {
    "lot_source_link": "https://www.mecum.com/lots/1132406/1966-fiberfab-avenger-gt-15-coupe/?aa_id=629550-0",
    "lot_code": "Lot F156",
    "vehicle_chassis_no": "CA964577"
  },
  {
    "lot_source_link": "https://www.mecum.com/lots/1129012/1970-chevrolet-camaro-rs-ss/?aa_id=623615-0",
    "lot_code": "Lot F155",
    "vehicle_chassis_no": "124870N564559"
  },
  {
    "lot_source_link": "https://www.mecum.com/lots/1131393/1997-plymouth-prowler-convertible/?aa_id=625892-0",
    "lot_code": "Lot F154",
    "vehicle_chassis_no": "1P3EW65F6VV300981"
  },
  {
    "lot_source_link": "https://www.mecum.com/lots/1128077/1969-plymouth-road-runner/?aa_id=630728-0",
    "lot_code": "Lot F153",
    "vehicle_chassis_no": "RM23H9A246994"
  },
  {
    "lot_source_link": "https://www.mecum.com/lots/1133560/2001-jeep-cherokee/?aa_id=631551-0",
    "lot_code": "Lot F151.1",
    "vehicle_chassis_no": "1J4FF48S91L594961"
  },
  {
    "lot_source_link": "https://www.mecum.com/lots/1121716/2015-mercedes-benz-c300-4matic-sedan/?aa_id=631125-0",
    "lot_code": "Lot F151",
    "vehicle_chassis_no": "55SWF4KB7FU003680"
  },
  {
    "lot_source_link": "https://www.mecum.com/lots/1133559/2012-land-rover-range-rover-evoque-prestige/?aa_id=631139-0",
    "lot_code": "Lot F150.1",
    "vehicle_chassis_no": "SALVV2BGXCH667072"
  },
  {
    "lot_source_link": "https://www.mecum.com/lots/1121715/2009-mercedes-benz-sl550-convertible/?aa_id=631184-0",
    "lot_code": "Lot F150",
    "vehicle_chassis_no": "WDBSK71F09F149855"
  },
  {
    "lot_source_link": "https://www.mecum.com/lots/1121714/2014-maserati-quattroporte-s-q4-sedan/?aa_id=630994-0",
    "lot_code": "Lot F149",
    "vehicle_chassis_no": "ZAM56RRA4E1078637"
  },
  {
    "lot_source_link": "https://www.mecum.com/lots/1121712/2005-chevrolet-corvette-coupe/?aa_id=631158-0",
    "lot_code": "Lot F147",
    "vehicle_chassis_no": "1G1YY24U355113173"
  },
  {
    "lot_source_link": "https://www.mecum.com/lots/1131698/1965-chevrolet-custom-pickup/?aa_id=626342-0",
    "lot_code": "Lot F146",
    "vehicle_chassis_no": "C1445Z154590"
  },
  {
    "lot_source_link": "https://www.mecum.com/lots/1128169/1966-chevrolet-nova-ss/?aa_id=625447-0",
    "lot_code": "Lot F144",
    "vehicle_chassis_no": "118376W102647"
  },
  {
    "lot_source_link": "https://www.mecum.com/lots/1131895/1990-nissan-300zx/?aa_id=628702-0",
    "lot_code": "Lot F143",
    "vehicle_chassis_no": "JN1CZ24A3LX002115"
  },
  {
    "lot_source_link": "https://www.mecum.com/lots/1119572/1965-chevrolet-el-camino/?aa_id=630096-0",
    "lot_code": "Lot F138",
    "vehicle_chassis_no": "136805Z152634"
  },
  {
    "lot_source_link": "https://www.mecum.com/lots/1130663/1996-excalibur-phaeton-limousine/?aa_id=626373-0",
    "lot_code": "Lot F137",
    "vehicle_chassis_no": "1LNLM81W0TY706552"
  },
  {
    "lot_source_link": "https://www.mecum.com/lots/1129326/1971-triumph-stag-convertible/?aa_id=623138-0",
    "lot_code": "Lot F136",
    "vehicle_chassis_no": "LE7738LBW"
  },
  {
    "lot_source_link": "https://www.mecum.com/lots/1129465/1932-chrysler-cd-8-custom-convertible/?aa_id=625033-0",
    "lot_code": "Lot F133",
    "vehicle_chassis_no": "DMV48841NV"
  },
  {
    "lot_source_link": "https://www.mecum.com/lots/1121710/2011-bentley-mulsanne-sedan/?aa_id=630112-0",
    "lot_code": "Lot F130",
    "vehicle_chassis_no": "SCBBB7ZHXBC015825"
  },
  {
    "lot_source_link": "https://www.mecum.com/lots/1121709/1960-chevrolet-el-camino/?aa_id=629976-0",
    "lot_code": "Lot F129",
    "vehicle_chassis_no": "01180A194488"
  },
  {
    "lot_source_link": "https://www.mecum.com/lots/1121708/2012-chevrolet-corvette-centennial-edition-coupe/?aa_id=630114-0",
    "lot_code": "Lot F128",
    "vehicle_chassis_no": "1G1YG2DW9C5102602"
  },
  {
    "lot_source_link": "https://www.mecum.com/lots/1121707/1967-chevrolet-camaro/?aa_id=630122-0",
    "lot_code": "Lot F127",
    "vehicle_chassis_no": "124377N202898"
  },
  {
    "lot_source_link": "https://www.mecum.com/lots/1131897/1968-plymouth-hemi-road-runner/?aa_id=628703-0",
    "lot_code": "Lot F126",
    "vehicle_chassis_no": "RM23J8G225461"
  },
  {
    "lot_source_link": "https://www.mecum.com/lots/1133021/2013-chevrolet-camaro-zl1-convertible/?aa_id=630216-0",
    "lot_code": "Lot F125.1",
    "vehicle_chassis_no": "2G1FZ3DP1D9807334"
  },
  {
    "lot_source_link": "https://www.mecum.com/lots/1129173/1957-chevrolet-3100-pickup/?aa_id=623491-0",
    "lot_code": "Lot F125",
    "vehicle_chassis_no": "V3B57L104934"
  },
  {
    "lot_source_link": "https://www.mecum.com/lots/1126687/1965-chevrolet-corvette-custom-coupe/?aa_id=614673-0",
    "lot_code": "Lot F124",
    "vehicle_chassis_no": "194375S115845"
  },
  {
    "lot_source_link": "https://www.mecum.com/lots/1130477/1989-mercedes-benz-560sl-convertible/?aa_id=625640-0",
    "lot_code": "Lot F123",
    "vehicle_chassis_no": "WDBBA48D5KA102622"
  },
  {
    "lot_source_link": "https://www.mecum.com/lots/1131893/2009-bentley-continental-flying-spur-sedan/?aa_id=628321-0",
    "lot_code": "Lot F120",
    "vehicle_chassis_no": "SCBBP93W89C060700"
  },
  {
    "lot_source_link": "https://www.mecum.com/lots/1126882/1932-white-65-bus/?aa_id=624539-0",
    "lot_code": "Lot F118",
    "vehicle_chassis_no": "65162680"
  },
  {
    "lot_source_link": "https://www.mecum.com/lots/1127254/1964-chevrolet-corvette-convertible/?aa_id=620143-0",
    "lot_code": "Lot F116",
    "vehicle_chassis_no": "40867S100856"
  },
  {
    "lot_source_link": "https://www.mecum.com/lots/1130478/1965-pontiac-gto-hardtop/?aa_id=625602-0",
    "lot_code": "Lot F115",
    "vehicle_chassis_no": "237375P297789"
  },
  {
    "lot_source_link": "https://www.mecum.com/lots/1121706/2008-toyota-fj-cruiser/?aa_id=630309-0",
    "lot_code": "Lot F114",
    "vehicle_chassis_no": "JTEBU11F08K019102"
  },
  {
    "lot_source_link": "https://www.mecum.com/lots/1121704/2005-mercedes-benz-sl500-convertible/?aa_id=630108-0",
    "lot_code": "Lot F112",
    "vehicle_chassis_no": "WDBSK75F15F106615"
  },
  {
    "lot_source_link": "https://www.mecum.com/lots/1121703/2007-ford-shelby-gt500-convertible/?aa_id=629910-0",
    "lot_code": "Lot F111",
    "vehicle_chassis_no": "1ZVHT89S775310072"
  },
  {
    "lot_source_link": "https://www.mecum.com/lots/1121702/2002-chevrolet-corvette-z06-coupe/?aa_id=630332-0",
    "lot_code": "Lot F110",
    "vehicle_chassis_no": "1G1YY12S525103011"
  },
  {
    "lot_source_link": "https://www.mecum.com/lots/1132423/1969-chevrolet-corvette-coupe/?aa_id=629846-0",
    "lot_code": "Lot F109",
    "vehicle_chassis_no": "194379S736249"
  },
  {
    "lot_source_link": "https://www.mecum.com/lots/1131737/1940-packard-120-convertible/?aa_id=629655-0",
    "lot_code": "Lot F108",
    "vehicle_chassis_no": "I3992845"
  },
  {
    "lot_source_link": "https://www.mecum.com/lots/1128387/1969-chevrolet-camaro-ss-custom-coupe/?aa_id=623155-0",
    "lot_code": "Lot F106",
    "vehicle_chassis_no": "124379N698254"
  },
  {
    "lot_source_link": "https://www.mecum.com/lots/1131436/1970-chevrolet-chevelle/?aa_id=627197-0",
    "lot_code": "Lot F103",
    "vehicle_chassis_no": "136370K218273"
  },
  {
    "lot_source_link": "https://www.mecum.com/lots/1129011/1970-ford-mustang-boss-302-fastback/?aa_id=623614-0",
    "lot_code": "Lot F102",
    "vehicle_chassis_no": "0F02G110842"
  },
  {
    "lot_source_link": "https://www.mecum.com/lots/1132424/2018-dodge-challenger-srt-demon/?aa_id=630031-0",
    "lot_code": "Lot F99.1",
    "vehicle_chassis_no": "2C3CDZH92JH100157"
  },
  {
    "lot_source_link": "https://www.mecum.com/lots/1127560/1972-chevrolet-c10-pickup/?aa_id=622396-0",
    "lot_code": "Lot F98",
    "vehicle_chassis_no": "CCE142A172308"
  },
  {
    "lot_source_link": "https://www.mecum.com/lots/1127819/1965-chevrolet-malibu-ss/?aa_id=625162-0",
    "lot_code": "Lot F96",
    "vehicle_chassis_no": "138375Z104297"
  },
  {
    "lot_source_link": "https://www.mecum.com/lots/1127953/1953-studebaker-commander-coupe/?aa_id=619127-0",
    "lot_code": "Lot F95",
    "vehicle_chassis_no": "8324317"
  },
  {
    "lot_source_link": "https://www.mecum.com/lots/1129677/1966-chevrolet-chevelle-coupe/?aa_id=624195-0",
    "lot_code": "Lot F94",
    "vehicle_chassis_no": "135176A155421"
  },
  {
    "lot_source_link": "https://www.mecum.com/lots/1121701/2008-chevrolet-corvette-convertible/?aa_id=630118-0",
    "lot_code": "Lot F93",
    "vehicle_chassis_no": "1G1YY36W785120135"
  },
  {
    "lot_source_link": "https://www.mecum.com/lots/1121700/1996-jeep-cherokee-sport/?aa_id=630307-0",
    "lot_code": "Lot F92",
    "vehicle_chassis_no": "1J4FJ68S8TL331759"
  },
  {
    "lot_source_link": "https://www.mecum.com/lots/1121699/2011-bmw-335i-convertible/?aa_id=630111-0",
    "lot_code": "Lot F91",
    "vehicle_chassis_no": "WBADX7C52BE742674"
  },
  {
    "lot_source_link": "https://www.mecum.com/lots/1121697/1962-chevrolet-nova-convertible/?aa_id=630119-0",
    "lot_code": "Lot F89",
    "vehicle_chassis_no": "MV1N323872IND"
  },
  {
    "lot_source_link": "https://www.mecum.com/lots/1132106/1971-chevrolet-chevelle-coupe/?aa_id=628942-0",
    "lot_code": "Lot F88",
    "vehicle_chassis_no": "136371K241476"
  },
  {
    "lot_source_link": "https://www.mecum.com/lots/1130481/1969-pontiac-gto/?aa_id=625601-0",
    "lot_code": "Lot F85",
    "vehicle_chassis_no": "242379R170012"
  },
  {
    "lot_source_link": "https://www.mecum.com/lots/1119568/1932-ford-custom-roadster/?aa_id=631100-0",
    "lot_code": "Lot F84",
    "vehicle_chassis_no": "F1A31790"
  },
  {
    "lot_source_link": "https://www.mecum.com/lots/1119567/1987-chevrolet-el-camino/?aa_id=630130-0",
    "lot_code": "Lot F83",
    "vehicle_chassis_no": "3GCCW80H9HS902327"
  },
  {
    "lot_source_link": "https://www.mecum.com/lots/1119565/1993-cadillac-allante-convertible/?aa_id=630087-0",
    "lot_code": "Lot F81",
    "vehicle_chassis_no": "1G6VS3397PU128205"
  },
  {
    "lot_source_link": "https://www.mecum.com/lots/1130631/1966-chevrolet-chevelle-ss/?aa_id=625900-0",
    "lot_code": "Lot F79",
    "vehicle_chassis_no": "138176A107768"
  },
  {
    "lot_source_link": "https://www.mecum.com/lots/1131740/1941-cadillac-series-63-convertible/?aa_id=629657-0",
    "lot_code": "Lot F78",
    "vehicle_chassis_no": "7341145"
  },
  {
    "lot_source_link": "https://www.mecum.com/lots/1131963/2005-dodge-viper-srt-10-mamba-edition/?aa_id=628742-0",
    "lot_code": "Lot F77",
    "vehicle_chassis_no": "1B3JZ65Z55V500946"
  },
  {
    "lot_source_link": "https://www.mecum.com/lots/1127736/1981-chevrolet-camaro-z28/?aa_id=624618-0",
    "lot_code": "Lot F74",
    "vehicle_chassis_no": "1G1AP87L7BL146145"
  },
  {
    "lot_source_link": "https://www.mecum.com/lots/1130736/1970-dodge-a100-pickup/?aa_id=631155-0",
    "lot_code": "Lot F73",
    "vehicle_chassis_no": "ALLAE0S106802"
  },
  {
    "lot_source_link": "https://www.mecum.com/lots/1127458/1968-dodge-coronet-r-t/?aa_id=618995-0",
    "lot_code": "Lot F72",
    "vehicle_chassis_no": "WS23L8G191748"
  },
  {
    "lot_source_link": "https://www.mecum.com/lots/1127864/1960-pontiac-bonneville-convertible/?aa_id=629620-0",
    "lot_code": "Lot F70",
    "vehicle_chassis_no": "860S1949"
  },
  {
    "lot_source_link": "https://www.mecum.com/lots/1126761/1968-dodge-coronet-440-hardtop/?aa_id=616376-0",
    "lot_code": "Lot F69",
    "vehicle_chassis_no": "WH23F8A113241"
  },
  {
    "lot_source_link": "https://www.mecum.com/lots/1127192/1972-international-scout-ii/?aa_id=616473-0",
    "lot_code": "Lot F68",
    "vehicle_chassis_no": "A83880G485890"
  },
  {
    "lot_source_link": "https://www.mecum.com/lots/1130809/1964-ford-falcon-ranchero-custom/?aa_id=625893-0",
    "lot_code": "Lot F67",
    "vehicle_chassis_no": "4R27F135666"
  },
  {
    "lot_source_link": "https://www.mecum.com/lots/1131176/1963-willys-j20-pickup/?aa_id=628672-0",
    "lot_code": "Lot F66",
    "vehicle_chassis_no": "2406A13427"
  },
  {
    "lot_source_link": "https://www.mecum.com/lots/1131899/1998-chevrolet-monte-carlo-dale-earnhardt-edition/?aa_id=628701-0",
    "lot_code": "Lot F65",
    "vehicle_chassis_no": "2G1WX12KXW9230162"
  },
  {
    "lot_source_link": "https://www.mecum.com/lots/1131898/2003-chevrolet-corvette-convertible/?aa_id=628700-0",
    "lot_code": "Lot F64",
    "vehicle_chassis_no": "1G1YY32G235130613"
  },
  {
    "lot_source_link": "https://www.mecum.com/lots/1130480/1972-oldsmobile-cutlass-supreme-convertible/?aa_id=625600-0",
    "lot_code": "Lot F63",
    "vehicle_chassis_no": "3J67K2M245346"
  },
  {
    "lot_source_link": "https://www.mecum.com/lots/1128200/2010-chevrolet-corvette-zr1-coupe/?aa_id=619512-0",
    "lot_code": "Lot F60",
    "vehicle_chassis_no": "1G1YN2DT4A5801340"
  },
  {
    "lot_source_link": "https://www.mecum.com/lots/1128584/1964-ford-galaxie-convertible/?aa_id=623679-0",
    "lot_code": "Lot F59",
    "vehicle_chassis_no": "4Z65Z101158"
  },
  {
    "lot_source_link": "https://www.mecum.com/lots/1127559/2009-dodge-challenger-srt-8/?aa_id=622394-0",
    "lot_code": "Lot F58",
    "vehicle_chassis_no": "2B3LJ74W49H632947"
  },
  {
    "lot_source_link": "https://www.mecum.com/lots/1131516/1974-dodge-power-wagon-custom-pickup/?aa_id=626979-0",
    "lot_code": "Lot F57",
    "vehicle_chassis_no": "W26BF4S152610"
  },
  {
    "lot_source_link": "https://www.mecum.com/lots/1121695/2009-jeep-wrangler-unlimited-x/?aa_id=631318-0",
    "lot_code": "Lot F55",
    "vehicle_chassis_no": "1J4GA39129L772725"
  },
  {
    "lot_source_link": "https://www.mecum.com/lots/1121694/2014-mini-cooper-convertible/?aa_id=631276-0",
    "lot_code": "Lot F54",
    "vehicle_chassis_no": "WMWZN3C57ET569903"
  },
  {
    "lot_source_link": "https://www.mecum.com/lots/1121693/2005-audi-tt-quattro-roadster/?aa_id=631361-0",
    "lot_code": "Lot F53",
    "vehicle_chassis_no": "TRUUT28N851007905"
  },
  {
    "lot_source_link": "https://www.mecum.com/lots/1121692/2015-mercedes-benz-ml350/?aa_id=631278-0",
    "lot_code": "Lot F52",
    "vehicle_chassis_no": "4JGDA5JBXFA462608"
  },
  {
    "lot_source_link": "https://www.mecum.com/lots/1131753/1966-ford-fairlane-500-convertible/?aa_id=627147-0",
    "lot_code": "Lot F49",
    "vehicle_chassis_no": "6H45Y140283"
  },
  {
    "lot_source_link": "https://www.mecum.com/lots/1129738/1970-chevrolet-camaro-rs-z28/?aa_id=631546-0",
    "lot_code": "Lot F48",
    "vehicle_chassis_no": "124870L523019"
  },
  {
    "lot_source_link": "https://www.mecum.com/lots/1130044/1971-chevrolet-c10-pickup/?aa_id=629701-0",
    "lot_code": "Lot F47",
    "vehicle_chassis_no": "CE141B639572"
  },
  {
    "lot_source_link": "https://www.mecum.com/lots/1130479/1981-excalibur-series-iv-roadster/?aa_id=625599-0",
    "lot_code": "Lot F43",
    "vehicle_chassis_no": "1XARF2316BM811322"
  },
  {
    "lot_source_link": "https://www.mecum.com/lots/1132185/1940-lasalle-coupe/?aa_id=630019-0",
    "lot_code": "Lot F41",
    "vehicle_chassis_no": "4327363"
  },
  {
    "lot_source_link": "https://www.mecum.com/lots/1130550/1948-callair-yc4-2-snowcar/?aa_id=626409-0",
    "lot_code": "Lot F40",
    "vehicle_chassis_no": "BOS"
  },
  {
    "lot_source_link": "https://www.mecum.com/lots/1128380/2018-maserati-ghibli-s-q4-gransport-sedan/?aa_id=625546-0",
    "lot_code": "Lot F38",
    "vehicle_chassis_no": "ZAM57YTS7J1303216"
  },
  {
    "lot_source_link": "https://www.mecum.com/lots/1130043/1956-chevrolet-210-custom-wagon/?aa_id=629700-0",
    "lot_code": "Lot F37",
    "vehicle_chassis_no": "VB56L025497"
  },
  {
    "lot_source_link": "https://www.mecum.com/lots/1130620/1972-chevrolet-chevelle/?aa_id=630808-0",
    "lot_code": "Lot F35",
    "vehicle_chassis_no": "1D37H2R519968"
  },
  {
    "lot_source_link": "https://www.mecum.com/lots/1129716/1965-ford-mustang-coupe/?aa_id=624493-0",
    "lot_code": "Lot F34",
    "vehicle_chassis_no": "5R07A201263"
  },
  {
    "lot_source_link": "https://www.mecum.com/lots/1131020/1996-chevrolet-corvette-convertible/?aa_id=625723-0",
    "lot_code": "Lot F32",
    "vehicle_chassis_no": "1G1YY32P6T5102457"
  },
  {
    "lot_source_link": "https://www.mecum.com/lots/1131739/1967-chevrolet-camaro-custom-convertible/?aa_id=629654-0",
    "lot_code": "Lot F31",
    "vehicle_chassis_no": "DMV51833NV"
  },
  {
    "lot_source_link": "https://www.mecum.com/lots/1127459/1956-dodge-custom-lancer/?aa_id=617998-0",
    "lot_code": "Lot F30",
    "vehicle_chassis_no": "35042878"
  },
  {
    "lot_source_link": "https://www.mecum.com/lots/1130380/1954-chevrolet-3600-5-window-pickup/?aa_id=625564-0",
    "lot_code": "Lot F26",
    "vehicle_chassis_no": "0126893F54XA"
  },
  {
    "lot_source_link": "https://www.mecum.com/lots/1127789/1967-chevrolet-c10-pickup/?aa_id=625996-0",
    "lot_code": "Lot F24",
    "vehicle_chassis_no": "CS147Z127296"
  },
  {
    "lot_source_link": "https://www.mecum.com/lots/1133493/1961-chevrolet-apache-pickup/?aa_id=631491-0",
    "lot_code": "Lot F23.1",
    "vehicle_chassis_no": "1C154J123398"
  },
  {
    "lot_source_link": "https://www.mecum.com/lots/1131741/1957-chevrolet-bel-air-convertible/?aa_id=629638-0",
    "lot_code": "Lot F22",
    "vehicle_chassis_no": "VC57N198918"
  },
  {
    "lot_source_link": "https://www.mecum.com/lots/1131878/2000-chevrolet-silverado-z71-pickup/?aa_id=626978-0",
    "lot_code": "Lot F21",
    "vehicle_chassis_no": "2GCEK19T7Y1151016"
  },
  {
    "lot_source_link": "https://www.mecum.com/lots/1130200/2007-mercedes-benz-s550-sedan/?aa_id=630634-0",
    "lot_code": "Lot F19",
    "vehicle_chassis_no": "WDDNG71X47A135398"
  },
  {
    "lot_source_link": "https://www.mecum.com/lots/1132152/1964-chevrolet-impala-ss/?aa_id=629845-0",
    "lot_code": "Lot F17",
    "vehicle_chassis_no": "41447L172183"
  },
  {
    "lot_source_link": "https://www.mecum.com/lots/1128191/1964-pontiac-bonneville/?aa_id=621381-0",
    "lot_code": "Lot F14",
    "vehicle_chassis_no": "884S41246"
  },
  {
    "lot_source_link": "https://www.mecum.com/lots/1130199/2013-mercedes-benz-e350-convertible/?aa_id=627323-0",
    "lot_code": "Lot F13",
    "vehicle_chassis_no": "WDDKK5KF2DF185680"
  },
  {
    "lot_source_link": "https://www.mecum.com/lots/1127861/1929-ford-model-a-phaeton/?aa_id=623467-0",
    "lot_code": "Lot F12",
    "vehicle_chassis_no": "A1380829"
  },
  {
    "lot_source_link": "https://www.mecum.com/lots/1122513/1981-ford-bronco-ranger/?aa_id=625989-0",
    "lot_code": "Lot F10",
    "vehicle_chassis_no": "1FMEU15G4BLA36566"
  },
  {
    "lot_source_link": "https://www.mecum.com/lots/1130632/1972-chevrolet-c10-pickup/?aa_id=626325-0",
    "lot_code": "Lot F7",
    "vehicle_chassis_no": "CCE142S132259"
  },
  {
    "lot_source_link": "https://www.mecum.com/lots/1131172/2008-chevrolet-corvette-convertible/?aa_id=625720-0",
    "lot_code": "Lot F6",
    "vehicle_chassis_no": "1G1YY36WX85109727"
  },
  {
    "lot_source_link": "https://www.mecum.com/lots/1129002/1949-ford-f1-pickup/?aa_id=623517-0",
    "lot_code": "Lot F5",
    "vehicle_chassis_no": "98RC474190"
  },
  {
    "lot_source_link": "https://www.mecum.com/lots/1131174/1985-alfa-romeo-spider-graduate/?aa_id=628671-0",
    "lot_code": "Lot F4",
    "vehicle_chassis_no": "ZARBA5418F1020737"
  },
  {
    "lot_source_link": "https://www.mecum.com/lots/1133161/1931-chevrolet-5-window-coupe/?aa_id=630847-0",
    "lot_code": "Lot F3",
    "vehicle_chassis_no": "AZ49058"
  },
  {
    "lot_source_link": "https://www.mecum.com/lots/1129788/1999-toyota-tacoma-pickup/?aa_id=625292-0",
    "lot_code": "Lot T271",
    "vehicle_chassis_no": "4TASN92N4XZ453224"
  },
  {
    "lot_source_link": "https://www.mecum.com/lots/1132516/2003-chevrolet-corvette-50th-anniversary-convertible/?aa_id=631173-0",
    "lot_code": "Lot T262",
    "vehicle_chassis_no": "1G1YY32G635134406"
  },
  {
    "lot_source_link": "https://www.mecum.com/lots/1132405/1977-pontiac-ventura-sj-coupe/?aa_id=628540-0",
    "lot_code": "Lot T261",
    "vehicle_chassis_no": "2ZI7C7WI27234"
  },
  {
    "lot_source_link": "https://www.mecum.com/lots/1132323/1952-willys-overland-m38-jeep/?aa_id=627755-0",
    "lot_code": "Lot T259",
    "vehicle_chassis_no": "2ATP02273AM461524"
  },
  {
    "lot_source_link": "https://www.mecum.com/lots/1131756/1988-nissan-300zx-coupe/?aa_id=626074-0",
    "lot_code": "Lot T257",
    "vehicle_chassis_no": "JN1HZ14S6JX271683"
  },
  {
    "lot_source_link": "https://www.mecum.com/lots/1130437/1992-chevrolet-corvette-convertible/?aa_id=630291-0",
    "lot_code": "Lot T256",
    "vehicle_chassis_no": "1G1YY33P0N5113259"
  },
  {
    "lot_source_link": "https://www.mecum.com/lots/1129787/2000-toyota-4runner-sr5/?aa_id=625289-0",
    "lot_code": "Lot T255",
    "vehicle_chassis_no": "JT3HN86R0Y0260729"
  },
  {
    "lot_source_link": "https://www.mecum.com/lots/1128413/1965-ford-mustang-coupe/?aa_id=622647-0",
    "lot_code": "Lot T253",
    "vehicle_chassis_no": "5R07C228253"
  },
  {
    "lot_source_link": "https://www.mecum.com/lots/1127840/1963-ford-thunderbird-hardtop/?aa_id=619975-0",
    "lot_code": "Lot T252",
    "vehicle_chassis_no": "3Y83Z105128"
  },
  {
    "lot_source_link": "https://www.mecum.com/lots/1129691/1992-oldsmobile-custom-cruiser-wagon/?aa_id=624259-0",
    "lot_code": "Lot T240",
    "vehicle_chassis_no": "1G3BP8377NW302532"
  },
  {
    "lot_source_link": "https://www.mecum.com/lots/1132524/2005-chevrolet-express-starcraft-conversion-van/?aa_id=630161-0",
    "lot_code": "Lot T212",
    "vehicle_chassis_no": "1GBFG15T551198143"
  },
  {
    "lot_source_link": "https://www.mecum.com/lots/1133226/1973-cadillac-coupe-deville/?aa_id=630501-0",
    "lot_code": "Lot T206",
    "vehicle_chassis_no": "6D47R3Q168303"
  },
  {
    "lot_source_link": "https://www.mecum.com/lots/1130430/2007-pontiac-solstice-gxp-convertible/?aa_id=630705-0",
    "lot_code": "Lot T205",
    "vehicle_chassis_no": "1G2MG35X47Y130965"
  },
  {
    "lot_source_link": "https://www.mecum.com/lots/1128651/1970-oldsmobile-442/?aa_id=623794-0",
    "lot_code": "Lot T201",
    "vehicle_chassis_no": "344870M401902"
  },
  {
    "lot_source_link": "https://www.mecum.com/lots/1128586/1951-chevrolet-3100-pickup/?aa_id=622390-0",
    "lot_code": "Lot T190",
    "vehicle_chassis_no": "2JPE12056"
  },
  {
    "lot_source_link": "https://www.mecum.com/lots/1133002/1988-land-rover-defender-110/?aa_id=630868-0",
    "lot_code": "Lot T184",
    "vehicle_chassis_no": "SALLDHAB8EA325772"
  },
  {
    "lot_source_link": "https://www.mecum.com/lots/1133105/1992-ford-mustang-convertible/?aa_id=631159-0",
    "lot_code": "Lot T182",
    "vehicle_chassis_no": "1FACP44E7NF165138"
  },
  {
    "lot_source_link": "https://www.mecum.com/lots/1132511/1964-international-c1200-pickup/?aa_id=630213-0",
    "lot_code": "Lot T181",
    "vehicle_chassis_no": "SB313737B"
  },
  {
    "lot_source_link": "https://www.mecum.com/lots/1130433/1987-suzuki-samurai-suv/?aa_id=630801-0",
    "lot_code": "Lot T180",
    "vehicle_chassis_no": "JS4JC51CXH4152127"
  },
  {
    "lot_source_link": "https://www.mecum.com/lots/1132765/2010-subaru-forester/?aa_id=630285-0",
    "lot_code": "Lot T178",
    "vehicle_chassis_no": "JF2SH6CC1AG904704"
  },
  {
    "lot_source_link": "https://www.mecum.com/lots/1132422/1940-ford-custom-pickup/?aa_id=630206-0",
    "lot_code": "Lot T177",
    "vehicle_chassis_no": "5658161"
  },
  {
    "lot_source_link": "https://www.mecum.com/lots/1132092/1964-chevrolet-nova-wagon/?aa_id=629066-0",
    "lot_code": "Lot T175",
    "vehicle_chassis_no": "40235N205548"
  },
  {
    "lot_source_link": "https://www.mecum.com/lots/1132256/2013-subaru-impreza-wrx/?aa_id=629069-0",
    "lot_code": "Lot T166",
    "vehicle_chassis_no": "JF1GR7E69DG864462"
  },
  {
    "lot_source_link": "https://www.mecum.com/lots/1129850/1967-chevrolet-c10-pickup/?aa_id=625762-0",
    "lot_code": "Lot T165",
    "vehicle_chassis_no": "CE147Z122608"
  },
  {
    "lot_source_link": "https://www.mecum.com/lots/1132149/1987-mercedes-benz-560sl-convertible/?aa_id=629532-0",
    "lot_code": "Lot T163",
    "vehicle_chassis_no": "WDBBA48D6HA063161"
  },
  {
    "lot_source_link": "https://www.mecum.com/lots/1132148/1954-ford-customline-coupe/?aa_id=628784-0",
    "lot_code": "Lot T162",
    "vehicle_chassis_no": "A4RG137579"
  },
  {
    "lot_source_link": "https://www.mecum.com/lots/1131201/1987-chevrolet-k5-blazer/?aa_id=631333-0",
    "lot_code": "Lot T161",
    "vehicle_chassis_no": "1GNEV18K0HF163038"
  },
  {
    "lot_source_link": "https://www.mecum.com/lots/1128782/1967-chevrolet-el-camino/?aa_id=623165-0",
    "lot_code": "Lot T160",
    "vehicle_chassis_no": "136807Z139573"
  },
  {
    "lot_source_link": "https://www.mecum.com/lots/1132242/1940-buick-super-sedan/?aa_id=627932-0",
    "lot_code": "Lot T159",
    "vehicle_chassis_no": "23603451"
  },
  {
    "lot_source_link": "https://www.mecum.com/lots/1132582/1955-cadillac-series-62-convertible/?aa_id=630204-0",
    "lot_code": "Lot T158",
    "vehicle_chassis_no": "5562122925"
  },
  {
    "lot_source_link": "https://www.mecum.com/lots/1132758/2004-dodge-ram-srt-10-pickup/?aa_id=631338-0",
    "lot_code": "Lot T157",
    "vehicle_chassis_no": "3D3HA16H84G170280"
  },
  {
    "lot_source_link": "https://www.mecum.com/lots/1132736/2008-bentley-continental-flying-spur-sedan/?aa_id=629924-0",
    "lot_code": "Lot T156.1",
    "vehicle_chassis_no": "SCBBR93W78C052287"
  },
  {
    "lot_source_link": "https://www.mecum.com/lots/1132396/1974-triumph-tr6-roadster/?aa_id=628158-0",
    "lot_code": "Lot T154",
    "vehicle_chassis_no": "CF20999U"
  },
  {
    "lot_source_link": "https://www.mecum.com/lots/1130623/1948-ford-f1-pickup/?aa_id=624601-0",
    "lot_code": "Lot T153",
    "vehicle_chassis_no": "87HC110082"
  },
  {
    "lot_source_link": "https://www.mecum.com/lots/1132417/1967-volkswagen-beetle-convertible/?aa_id=630013-0",
    "lot_code": "Lot T152",
    "vehicle_chassis_no": "NCS104234"
  },
  {
    "lot_source_link": "https://www.mecum.com/lots/1127675/1966-cadillac-deville-convertible/?aa_id=623860-0",
    "lot_code": "Lot T150",
    "vehicle_chassis_no": "F6127635"
  },
  {
    "lot_source_link": "https://www.mecum.com/lots/1132421/1985-chevrolet-monte-carlo/?aa_id=630148-0",
    "lot_code": "Lot T148",
    "vehicle_chassis_no": "1G1GZ37G4FR149856"
  },
  {
    "lot_source_link": "https://www.mecum.com/lots/1132763/2008-jeep-wrangler-unlimited-x/?aa_id=630163-0",
    "lot_code": "Lot T147.1",
    "vehicle_chassis_no": "1J4GA39108L621476"
  },
  {
    "lot_source_link": "https://www.mecum.com/lots/1133077/1992-chevrolet-corvette-coupe/?aa_id=630547-0",
    "lot_code": "Lot T142.1",
    "vehicle_chassis_no": "1G1YY23P5N5104244"
  },
  {
    "lot_source_link": "https://www.mecum.com/lots/1131773/1931-chevrolet-custom-sedan/?aa_id=627200-0",
    "lot_code": "Lot T140",
    "vehicle_chassis_no": "31572"
  },
  {
    "lot_source_link": "https://www.mecum.com/lots/1131128/1968-chevrolet-camaro/?aa_id=628741-0",
    "lot_code": "Lot T137",
    "vehicle_chassis_no": "124378L321167"
  },
  {
    "lot_source_link": "https://www.mecum.com/lots/1127154/1985-chevrolet-monte-carlo-ss-coupe/?aa_id=616263-0",
    "lot_code": "Lot T136",
    "vehicle_chassis_no": "1G1GZ37G3FR187384"
  },
  {
    "lot_source_link": "https://www.mecum.com/lots/1120980/1985-buick-riviera-convertible/?aa_id=616617-0",
    "lot_code": "Lot T135",
    "vehicle_chassis_no": "1G4EZ67YXFE454192"
  },
  {
    "lot_source_link": "https://www.mecum.com/lots/1132999/1963-ford-fairlane-500/?aa_id=630812-0",
    "lot_code": "Lot T133.1",
    "vehicle_chassis_no": "3R47F161306"
  },
  {
    "lot_source_link": "https://www.mecum.com/lots/1128840/1995-buick-roadmaster-wagon/?aa_id=623180-0",
    "lot_code": "Lot T131",
    "vehicle_chassis_no": "1G4BR82P7SR415091"
  },
  {
    "lot_source_link": "https://www.mecum.com/lots/1129638/1970-chevrolet-c10-pickup/?aa_id=625224-0",
    "lot_code": "Lot T128",
    "vehicle_chassis_no": "CE140S137828"
  },
  {
    "lot_source_link": "https://www.mecum.com/lots/1131454/1993-toyota-land-cruiser-pickup/?aa_id=630573-0",
    "lot_code": "Lot T127",
    "vehicle_chassis_no": "FZJ750001218"
  },
  {
    "lot_source_link": "https://www.mecum.com/lots/1132234/1962-ford-galaxie-500-sunliner/?aa_id=630386-0",
    "lot_code": "Lot T126",
    "vehicle_chassis_no": "2G65X187449"
  },
  {
    "lot_source_link": "https://www.mecum.com/lots/1130064/1978-toyota-fj-43-land-cruiser/?aa_id=624168-0",
    "lot_code": "Lot T125",
    "vehicle_chassis_no": "FJ4356939"
  },
  {
    "lot_source_link": "https://www.mecum.com/lots/1131126/1967-chevrolet-chevelle/?aa_id=628675-0",
    "lot_code": "Lot T124",
    "vehicle_chassis_no": "136177Z156471"
  },
  {
    "lot_source_link": "https://www.mecum.com/lots/1131690/1960-nash-metropolitan/?aa_id=628794-0",
    "lot_code": "Lot T123",
    "vehicle_chassis_no": "E78700"
  },
  {
    "lot_source_link": "https://www.mecum.com/lots/1132107/1966-volkswagen-beetle-coupe/?aa_id=628944-0",
    "lot_code": "Lot T122",
    "vehicle_chassis_no": "116475875"
  },
  {
    "lot_source_link": "https://www.mecum.com/lots/1130509/2005-chevrolet-ssr/?aa_id=625415-0",
    "lot_code": "Lot T121",
    "vehicle_chassis_no": "1GCES14H25B117449"
  },
  {
    "lot_source_link": "https://www.mecum.com/lots/1124653/2003-hummer-h2/?aa_id=615079-0",
    "lot_code": "Lot T120",
    "vehicle_chassis_no": "5GRGN23U13H139634"
  },
  {
    "lot_source_link": "https://www.mecum.com/lots/1131892/1967-chevrolet-camaro/?aa_id=627585-0",
    "lot_code": "Lot T117",
    "vehicle_chassis_no": "OK0567279616"
  },
  {
    "lot_source_link": "https://www.mecum.com/lots/1128606/2007-land-rover-range-rover/?aa_id=629747-0",
    "lot_code": "Lot T116",
    "vehicle_chassis_no": "SALSF25457A986752"
  },
  {
    "lot_source_link": "https://www.mecum.com/lots/1131124/1950-chevrolet-3100-pickup/?aa_id=627388-0",
    "lot_code": "Lot T115",
    "vehicle_chassis_no": "6HPK16357"
  },
  {
    "lot_source_link": "https://www.mecum.com/lots/1132920/2015-chevrolet-ss-sedan/?aa_id=630633-0",
    "lot_code": "Lot T114.1",
    "vehicle_chassis_no": "6G3F25RW2FL112186"
  },
  {
    "lot_source_link": "https://www.mecum.com/lots/1127278/1975-ford-f250-xlt-super-cab-pickup/?aa_id=619274-0",
    "lot_code": "Lot T112",
    "vehicle_chassis_no": "F25MKW65526"
  },
  {
    "lot_source_link": "https://www.mecum.com/lots/1127558/2008-ford-mustang-bullitt/?aa_id=619272-0",
    "lot_code": "Lot T111",
    "vehicle_chassis_no": "1ZVHT82HX85191563"
  },
  {
    "lot_source_link": "https://www.mecum.com/lots/1128190/1976-amc-gremlin/?aa_id=630323-0",
    "lot_code": "Lot T110",
    "vehicle_chassis_no": "A6C465A113009"
  },
  {
    "lot_source_link": "https://www.mecum.com/lots/1132283/1990-dodge-dakota-pickup/?aa_id=628979-0",
    "lot_code": "Lot T107",
    "vehicle_chassis_no": "1B6GL26X2LS691907"
  },
  {
    "lot_source_link": "https://www.mecum.com/lots/1132464/1999-chevrolet-corvette-convertible/?aa_id=630881-0",
    "lot_code": "Lot T106",
    "vehicle_chassis_no": "1G1YY32G2X5107161"
  },
  {
    "lot_source_link": "https://www.mecum.com/lots/1128841/1984-pontiac-6000-ste-sedan/?aa_id=623183-0",
    "lot_code": "Lot T105",
    "vehicle_chassis_no": "2G2AH19ZXE1333181"
  },
  {
    "lot_source_link": "https://www.mecum.com/lots/1132233/1967-buick-wildcat-hardtop/?aa_id=629751-0",
    "lot_code": "Lot T104",
    "vehicle_chassis_no": "464877D109103"
  },
  {
    "lot_source_link": "https://www.mecum.com/lots/1131581/2003-porsche-911-targa/?aa_id=626558-0",
    "lot_code": "Lot T102",
    "vehicle_chassis_no": "WP0BA29993S635567"
  },
  {
    "lot_source_link": "https://www.mecum.com/lots/1118949/1996-chevrolet-impala-ss/?aa_id=614674-0",
    "lot_code": "Lot T101",
    "vehicle_chassis_no": "1G1BL52P7TR103786"
  },
  {
    "lot_source_link": "https://www.mecum.com/lots/1127149/1956-ford-thunderbird-convertible/?aa_id=619373-0",
    "lot_code": "Lot T100",
    "vehicle_chassis_no": "P6FH251289"
  },
  {
    "lot_source_link": "https://www.mecum.com/lots/1127965/2000-gmc-sierra-sle-pickup/?aa_id=619209-0",
    "lot_code": "Lot T99",
    "vehicle_chassis_no": "1GTEC14T6YZ323466"
  },
  {
    "lot_source_link": "https://www.mecum.com/lots/1129288/1994-toyota-sr5-pickup/?aa_id=625647-0",
    "lot_code": "Lot T98",
    "vehicle_chassis_no": "4TARN81A3RZ157752"
  },
  {
    "lot_source_link": "https://www.mecum.com/lots/1131033/1973-mercedes-benz-450sl-convertible/?aa_id=630127-0",
    "lot_code": "Lot T97",
    "vehicle_chassis_no": "10704412013050"
  },
  {
    "lot_source_link": "https://www.mecum.com/lots/1129695/1952-mg-td-roadster/?aa_id=624398-0",
    "lot_code": "Lot T96",
    "vehicle_chassis_no": "1397384049"
  },
  {
    "lot_source_link": "https://www.mecum.com/lots/1128605/1998-mercedes-benz-slk230-kompressor-convertible/?aa_id=629728-0",
    "lot_code": "Lot T95",
    "vehicle_chassis_no": "WDBKK47F8WF035474"
  },
  {
    "lot_source_link": "https://www.mecum.com/lots/1125548/1977-datsun-280z/?aa_id=617812-0",
    "lot_code": "Lot T90",
    "vehicle_chassis_no": "HLS30361334"
  },
  {
    "lot_source_link": "https://www.mecum.com/lots/1119571/1936-ford-pickup/?aa_id=630091-0",
    "lot_code": "Lot T87",
    "vehicle_chassis_no": "1B3196868"
  },
  {
    "lot_source_link": "https://www.mecum.com/lots/1119570/1965-rambler-330-wagon/?aa_id=630924-0",
    "lot_code": "Lot T86",
    "vehicle_chassis_no": "WT500702"
  },
  {
    "lot_source_link": "https://www.mecum.com/lots/1119569/2005-mazda-rx-8-coupe/?aa_id=630496-0",
    "lot_code": "Lot T85",
    "vehicle_chassis_no": "JM1FE173X50145281"
  },
  {
    "lot_source_link": "https://www.mecum.com/lots/1119563/1961-ford-econoline-coe/?aa_id=631018-0",
    "lot_code": "Lot T84",
    "vehicle_chassis_no": "E10TH291771"
  },
  {
    "lot_source_link": "https://www.mecum.com/lots/1119562/2000-suzuki-grand-vitara/?aa_id=630128-0",
    "lot_code": "Lot T83",
    "vehicle_chassis_no": "JS3TD62V2Y4127478"
  },
  {
    "lot_source_link": "https://www.mecum.com/lots/1119561/1981-ford-thunderbird-heritage-edition/?aa_id=630126-0",
    "lot_code": "Lot T82",
    "vehicle_chassis_no": "1FABP42F4BH149616"
  },
  {
    "lot_source_link": "https://www.mecum.com/lots/1119560/1989-ford-bronco-ii/?aa_id=630109-0",
    "lot_code": "Lot T81",
    "vehicle_chassis_no": "1FMCU14T5KUA53117"
  },
  {
    "lot_source_link": "https://www.mecum.com/lots/1127457/1967-plymouth-belvedere-i/?aa_id=617997-0",
    "lot_code": "Lot T78",
    "vehicle_chassis_no": "RL21B77200336"
  },
  {
    "lot_source_link": "https://www.mecum.com/lots/1131200/1999-chevrolet-camaro-z28/?aa_id=631332-0",
    "lot_code": "Lot T76",
    "vehicle_chassis_no": "2G1FP22GXX2107022"
  },
  {
    "lot_source_link": "https://www.mecum.com/lots/1130431/1992-chevrolet-corvette-coupe/?aa_id=630722-0",
    "lot_code": "Lot T75",
    "vehicle_chassis_no": "1G1YY23P0N5104930"
  },
  {
    "lot_source_link": "https://www.mecum.com/lots/1128842/1994-pontiac-firebird/?aa_id=623181-0",
    "lot_code": "Lot T74",
    "vehicle_chassis_no": "2G2FS22S8R2206956"
  },
  {
    "lot_source_link": "https://www.mecum.com/lots/1127456/1931-pontiac-sedan/?aa_id=617992-0",
    "lot_code": "Lot T71",
    "vehicle_chassis_no": "821623"
  },
  {
    "lot_source_link": "https://www.mecum.com/lots/1115582/1993-ford-ranger-pickup/?aa_id=615125-0",
    "lot_code": "Lot T70",
    "vehicle_chassis_no": "1FTCR11X3PPB53784"
  },
  {
    "lot_source_link": "https://www.mecum.com/lots/1127961/1980-chevrolet-corvette-coupe/?aa_id=619510-0",
    "lot_code": "Lot T66",
    "vehicle_chassis_no": "1Z87HAS439929"
  },
  {
    "lot_source_link": "https://www.mecum.com/lots/1128604/2002-mercedes-benz-cl600-coupe/?aa_id=629623-0",
    "lot_code": "Lot T64",
    "vehicle_chassis_no": "WDBPJ78J52A020953"
  },
  {
    "lot_source_link": "https://www.mecum.com/lots/1130195/2003-mercedes-benz-sl500-convertible/?aa_id=627133-0",
    "lot_code": "Lot T60",
    "vehicle_chassis_no": "WDBSK75F93F055569"
  },
  {
    "lot_source_link": "https://www.mecum.com/lots/1126621/1979-lincoln-continental-mark-v-coupe/?aa_id=619860-0",
    "lot_code": "Lot T59",
    "vehicle_chassis_no": "9Y89S738062"
  },
  {
    "lot_source_link": "https://www.mecum.com/lots/1130301/2014-ford-mustang-roush-rs/?aa_id=626038-0",
    "lot_code": "Lot T58",
    "vehicle_chassis_no": "1ZVBP8AM9E5257590"
  },
  {
    "lot_source_link": "https://www.mecum.com/lots/1130197/2006-mercedes-benz-slk280-convertible/?aa_id=627912-0",
    "lot_code": "Lot T56",
    "vehicle_chassis_no": "WDBWK54FX6F118657"
  },
  {
    "lot_source_link": "https://www.mecum.com/lots/1130617/1979-jeep-j20-pickup/?aa_id=625024-0",
    "lot_code": "Lot T53",
    "vehicle_chassis_no": "J9M46PN060582"
  },
  {
    "lot_source_link": "https://www.mecum.com/lots/1130194/2005-chrysler-crossfire-convertible/?aa_id=627131-0",
    "lot_code": "Lot T52",
    "vehicle_chassis_no": "1C3AN65L75X052742"
  },
  {
    "lot_source_link": "https://www.mecum.com/lots/1131168/1985-ford-f350-pickup/?aa_id=627176-0",
    "lot_code": "Lot T51",
    "vehicle_chassis_no": "1FTHF35L9FPB57063"
  },
  {
    "lot_source_link": "https://www.mecum.com/lots/1131371/1997-ford-f350-xlt-pickup/?aa_id=625869-0",
    "lot_code": "Lot T50",
    "vehicle_chassis_no": "1FTJW36F6VEA12471"
  },
  {
    "lot_source_link": "https://www.mecum.com/lots/1130432/1987-mitsubishi-mighty-max-pickup/?aa_id=630723-0",
    "lot_code": "Lot T48",
    "vehicle_chassis_no": "JA7FL24D4HP111452"
  },
  {
    "lot_source_link": "https://www.mecum.com/lots/1132226/1986-bmw-635-csi-coupe/?aa_id=630678-0",
    "lot_code": "Lot T47",
    "vehicle_chassis_no": "WBAEC8409G0612419"
  },
  {
    "lot_source_link": "https://www.mecum.com/lots/1130193/2006-mercedes-benz-clk350-convertible/?aa_id=627908-0",
    "lot_code": "Lot T46",
    "vehicle_chassis_no": "WDBTK56H16F192180"
  },
  {
    "lot_source_link": "https://www.mecum.com/lots/1127437/1968-ford-mustang-gt/?aa_id=626041-0",
    "lot_code": "Lot T45",
    "vehicle_chassis_no": "8R01C161135"
  },
  {
    "lot_source_link": "https://www.mecum.com/lots/1132228/1995-lexus-sc400/?aa_id=630677-0",
    "lot_code": "Lot T42",
    "vehicle_chassis_no": "JT8UZ30C1S0048742"
  },
  {
    "lot_source_link": "https://www.mecum.com/lots/1130192/2004-dodge-durango-slt/?aa_id=627907-0",
    "lot_code": "Lot T41",
    "vehicle_chassis_no": "1D4HD48D04F127598"
  },
  {
    "lot_source_link": "https://www.mecum.com/lots/1126627/1977-oldsmobile-toronado-brougham-coupe/?aa_id=619863-0",
    "lot_code": "Lot T40",
    "vehicle_chassis_no": "3Z57K7M728776"
  },
  {
    "lot_source_link": "https://www.mecum.com/lots/1132229/1989-nissan-300zx-coupe/?aa_id=630676-0",
    "lot_code": "Lot T39",
    "vehicle_chassis_no": "JN1HZ14S7KX292074"
  },
  {
    "lot_source_link": "https://www.mecum.com/lots/1132352/1967-ford-ranchero/?aa_id=629065-0",
    "lot_code": "Lot T36",
    "vehicle_chassis_no": "7K48C147606"
  },
  {
    "lot_source_link": "https://www.mecum.com/lots/1130191/2011-bmw-750li-sedan/?aa_id=630613-0",
    "lot_code": "Lot T35",
    "vehicle_chassis_no": "WBAKB8C56BCY65885"
  },
  {
    "lot_source_link": "https://www.mecum.com/lots/1130198/2007-bmw-335i-convertible/?aa_id=627152-0",
    "lot_code": "Lot T34",
    "vehicle_chassis_no": "WBAWL73517PX45954"
  },
  {
    "lot_source_link": "https://www.mecum.com/lots/1130196/2013-bmw-128i-convertible/?aa_id=627132-0",
    "lot_code": "Lot T33",
    "vehicle_chassis_no": "WBAUN1C50DVR00659"
  },
  {
    "lot_source_link": "https://www.mecum.com/lots/1132764/1992-pontiac-firebird-coupe/?aa_id=630838-0",
    "lot_code": "Lot T31.1",
    "vehicle_chassis_no": "1G2FS23T0NL225616"
  },
  {
    "lot_source_link": "https://www.mecum.com/lots/1132465/1968-dodge-dart-convertible/?aa_id=630724-0",
    "lot_code": "Lot T29",
    "vehicle_chassis_no": "LP27D8B133135"
  },
  {
    "lot_source_link": "https://www.mecum.com/lots/1132950/1970-pontiac-lemans/?aa_id=631268-0",
    "lot_code": "Lot T26",
    "vehicle_chassis_no": "235370Z117625"
  },
  {
    "lot_source_link": "https://www.mecum.com/lots/1130189/1999-mercedes-benz-slk230-convertible/?aa_id=627321-0",
    "lot_code": "Lot T25",
    "vehicle_chassis_no": "WDBKK47F1XF096294"
  },
  {
    "lot_source_link": "https://www.mecum.com/lots/1132606/2006-cadillac-cts/?aa_id=630576-0",
    "lot_code": "Lot T21",
    "vehicle_chassis_no": "1G6DP577860133341"
  },
  {
    "lot_source_link": "https://www.mecum.com/lots/1132397/1979-triumph-spitfire-1500-roadster/?aa_id=628122-0",
    "lot_code": "Lot T10",
    "vehicle_chassis_no": "FM101998UC"
  }
]