[
  {
    "lot_source_link": "https://www.mecum.com/lots/1135638/1941-cadillac-series-75-fleetwood-sedan/?aa_id=650952-0",
    "lot_code": "Lot S150",
    "vehicle_chassis_no": "3341135"
  },
  {
    "lot_source_link": "https://www.mecum.com/lots/1135633/1902-oldsmobile-model-r-curved-dash-runabout/?aa_id=648877-0",
    "lot_code": "Lot S136.3",
    "vehicle_chassis_no": "7475"
  },
  {
    "lot_source_link": "https://www.mecum.com/lots/1135632/1920-spacke-model-s20-roadster/?aa_id=650651-0",
    "lot_code": "Lot S136.2",
    "vehicle_chassis_no": "S20S643"
  },
  {
    "lot_source_link": "https://www.mecum.com/lots/1135631/1914-ford-model-t-speedster/?aa_id=650648-0",
    "lot_code": "Lot S126.3",
    "vehicle_chassis_no": "532198"
  },
  {
    "lot_source_link": "https://www.mecum.com/lots/1135630/1914-imp-cyclecar-model-z/?aa_id=642448-0",
    "lot_code": "Lot S126.2",
    "vehicle_chassis_no": "7582"
  },
  {
    "lot_source_link": "https://www.mecum.com/lots/1135629/1927-ford-track-t-roadster/?aa_id=650951-0",
    "lot_code": "Lot S119.3",
    "vehicle_chassis_no": "3047390"
  },
  {
    "lot_source_link": "https://www.mecum.com/lots/1135639/1917-metz-model-22-convertible/?aa_id=650953-0",
    "lot_code": "Lot S119.2",
    "vehicle_chassis_no": "29988"
  },
  {
    "lot_source_link": "https://www.mecum.com/lots/1135637/1912-ford-model-t-truck/?aa_id=648888-0",
    "lot_code": "Lot S111.3",
    "vehicle_chassis_no": "980076"
  },
  {
    "lot_source_link": "https://www.mecum.com/lots/1135635/1906-orient-buckboard/?aa_id=648886-0",
    "lot_code": "Lot S111.2",
    "vehicle_chassis_no": "2596"
  },
  {
    "lot_source_link": "https://www.mecum.com/lots/1135636/1903-cadillac-model-a-rear-entrance-tonneau/?aa_id=649060-0",
    "lot_code": "Lot S107.3",
    "vehicle_chassis_no": "692"
  },
  {
    "lot_source_link": "https://www.mecum.com/lots/1135634/1914-spacke-cycle-car-prototype/?aa_id=648883-0",
    "lot_code": "Lot S107.2",
    "vehicle_chassis_no": "S643"
  }
]