[
  {
    "lot_source_link": "https://www.mecum.com/lots/384228/1999-ford-ranger-pickup/?aa_id=250086-0",
    "lot_code": "Lot F6",
    "vehicle_chassis_no": "1FTZR15X7XPB86436"
  },
  {
    "lot_source_link": "https://www.mecum.com/lots/384230/2002-lexus-sc430-convertible/?aa_id=250088-0",
    "lot_code": "Lot F8",
    "vehicle_chassis_no": "JTHFN48Y020012423"
  },
  {
    "lot_source_link": "https://www.mecum.com/lots/384232/2008-volkswagen-beetle-convertible/?aa_id=250090-0",
    "lot_code": "Lot F10",
    "vehicle_chassis_no": "3VWRF31Y58M417521"
  },
  {
    "lot_source_link": "https://www.mecum.com/lots/384234/1935-ford-delivery-street-rod/?aa_id=250091-0",
    "lot_code": "Lot F12",
    "vehicle_chassis_no": "1531766"
  },
  {
    "lot_source_link": "https://www.mecum.com/lots/384237/1985-cadillac-eldorado-biarritz/?aa_id=250092-0",
    "lot_code": "Lot F15",
    "vehicle_chassis_no": "1G6EL5782FE649772"
  },
  {
    "lot_source_link": "https://www.mecum.com/lots/384238/1975-chevrolet-corvette-coupe/?aa_id=250093-0",
    "lot_code": "Lot F16",
    "vehicle_chassis_no": "1Z37J5S421637"
  },
  {
    "lot_source_link": "https://www.mecum.com/lots/384240/1987-chevrolet-s10-blazer/?aa_id=250094-0",
    "lot_code": "Lot F18",
    "vehicle_chassis_no": "1GNCT18R0H8188374"
  },
  {
    "lot_source_link": "https://www.mecum.com/lots/400325/2005-chevrolet-corvette-convertible/?aa_id=259315-0",
    "lot_code": "Lot F19.1",
    "vehicle_chassis_no": "1G1YY34U755126000"
  },
  {
    "lot_source_link": "https://www.mecum.com/lots/384242/1978-ford-thunderbird/?aa_id=250095-0",
    "lot_code": "Lot F20",
    "vehicle_chassis_no": "8G87H16131091"
  },
  {
    "lot_source_link": "https://www.mecum.com/lots/384244/1976-lincoln-town-car/?aa_id=250096-0",
    "lot_code": "Lot F22",
    "vehicle_chassis_no": "6Y82A853342"
  },
  {
    "lot_source_link": "https://www.mecum.com/lots/384245/2004-volkswagen-beetle/?aa_id=250097-0",
    "lot_code": "Lot F23",
    "vehicle_chassis_no": "3VWCD21C34M402715"
  },
  {
    "lot_source_link": "https://www.mecum.com/lots/402337/2006-maserati-quattroporte-executive-gt/?aa_id=260291-0",
    "lot_code": "Lot F25.1",
    "vehicle_chassis_no": "ZAMCE39A360021165"
  },
  {
    "lot_source_link": "https://www.mecum.com/lots/384248/1993-chevrolet-camaro-z28/?aa_id=250098-0",
    "lot_code": "Lot F26",
    "vehicle_chassis_no": "2G1FP22P5P2125623"
  },
  {
    "lot_source_link": "https://www.mecum.com/lots/384249/2002-ford-thunderbird/?aa_id=250099-0",
    "lot_code": "Lot F27",
    "vehicle_chassis_no": "1FAHP60A02Y118960"
  },
  {
    "lot_source_link": "https://www.mecum.com/lots/384250/2004-chevrolet-corvette-convertible/?aa_id=250100-0",
    "lot_code": "Lot F28",
    "vehicle_chassis_no": "1G1YY32G345117984"
  },
  {
    "lot_source_link": "https://www.mecum.com/lots/384251/1993-dodge-ramcharger/?aa_id=250101-0",
    "lot_code": "Lot F29",
    "vehicle_chassis_no": "3B4GM17Z1PM143704"
  },
  {
    "lot_source_link": "https://www.mecum.com/lots/384252/1948-dodge-d100-resto-mod-pickup/?aa_id=250102-0",
    "lot_code": "Lot F30",
    "vehicle_chassis_no": "47128513"
  },
  {
    "lot_source_link": "https://www.mecum.com/lots/384253/2009-volkswagen-beetle-blush-edition/?aa_id=250103-0",
    "lot_code": "Lot F31",
    "vehicle_chassis_no": "3VWSG31Y09M412419"
  },
  {
    "lot_source_link": "https://www.mecum.com/lots/384254/2011-mercedes-benz-e350-convertible/?aa_id=250104-0",
    "lot_code": "Lot F32",
    "vehicle_chassis_no": "WDDKK5GF2BF049734"
  },
  {
    "lot_source_link": "https://www.mecum.com/lots/384255/1978-chevrolet-camaro-type-lt/?aa_id=250105-0",
    "lot_code": "Lot F33",
    "vehicle_chassis_no": "1S87L8N623875"
  },
  {
    "lot_source_link": "https://www.mecum.com/lots/384256/1972-chevrolet-caprice/?aa_id=250106-0",
    "lot_code": "Lot F34",
    "vehicle_chassis_no": "1N39R2J192202"
  },
  {
    "lot_source_link": "https://www.mecum.com/lots/384257/2001-lincoln-ls/?aa_id=250107-0",
    "lot_code": "Lot F35",
    "vehicle_chassis_no": "1LNHM86S91Y726582"
  },
  {
    "lot_source_link": "https://www.mecum.com/lots/398652/1964-chrysler-300k/?aa_id=259187-0",
    "lot_code": "Lot F36",
    "vehicle_chassis_no": "8443112113"
  },
  {
    "lot_source_link": "https://www.mecum.com/lots/384259/1988-jaguar-xj6-sedan/?aa_id=250108-0",
    "lot_code": "Lot F37",
    "vehicle_chassis_no": "SAJHV1642JC549026"
  },
  {
    "lot_source_link": "https://www.mecum.com/lots/384260/1968-ford-torino-gt/?aa_id=250109-0",
    "lot_code": "Lot F38",
    "vehicle_chassis_no": "8A44F256442"
  },
  {
    "lot_source_link": "https://www.mecum.com/lots/384262/1976-chevrolet-howe-c65-fire-truck/?aa_id=250110-0",
    "lot_code": "Lot F40",
    "vehicle_chassis_no": "CCE666V153384"
  },
  {
    "lot_source_link": "https://www.mecum.com/lots/384263/1999-bmw-m3-convertible/?aa_id=250111-0",
    "lot_code": "Lot F41",
    "vehicle_chassis_no": "WBSBK0334XEC41125"
  },
  {
    "lot_source_link": "https://www.mecum.com/lots/384264/2003-bentley-arnage/?aa_id=250112-0",
    "lot_code": "Lot F42",
    "vehicle_chassis_no": "SCBLC37F83CX09331"
  },
  {
    "lot_source_link": "https://www.mecum.com/lots/384266/2000-jeep-cherokee/?aa_id=250113-0",
    "lot_code": "Lot F44",
    "vehicle_chassis_no": "1J4FF48S9YL263694"
  },
  {
    "lot_source_link": "https://www.mecum.com/lots/384267/1971-buick-electra-225/?aa_id=250114-0",
    "lot_code": "Lot F45",
    "vehicle_chassis_no": "482371Y113663"
  },
  {
    "lot_source_link": "https://www.mecum.com/lots/384268/1998-ford-southwind-motorhome/?aa_id=250115-0",
    "lot_code": "Lot F46",
    "vehicle_chassis_no": "3FCMF53G6VJA22581"
  },
  {
    "lot_source_link": "https://www.mecum.com/lots/384269/1966-buick-skylark-convertible/?aa_id=250116-0",
    "lot_code": "Lot F47",
    "vehicle_chassis_no": "444676H276917"
  },
  {
    "lot_source_link": "https://www.mecum.com/lots/384270/1949-kaiser-frazer/?aa_id=250117-0",
    "lot_code": "Lot F48",
    "vehicle_chassis_no": "K492040312"
  },
  {
    "lot_source_link": "https://www.mecum.com/lots/384272/2007-chrysler-crossfire-limited/?aa_id=250118-0",
    "lot_code": "Lot F50",
    "vehicle_chassis_no": "1C3LN69L97X073758"
  },
  {
    "lot_source_link": "https://www.mecum.com/lots/384273/1977-lincoln-continental-mark-v/?aa_id=250119-0",
    "lot_code": "Lot F51",
    "vehicle_chassis_no": "7Y89A890828"
  },
  {
    "lot_source_link": "https://www.mecum.com/lots/384274/1967-ford-mustang/?aa_id=250120-0",
    "lot_code": "Lot F52",
    "vehicle_chassis_no": "7R01T159522"
  },
  {
    "lot_source_link": "https://www.mecum.com/lots/384275/1994-chevrolet-corvette-coupe/?aa_id=250121-0",
    "lot_code": "Lot F53",
    "vehicle_chassis_no": "1G1YY22P0R5109892"
  },
  {
    "lot_source_link": "https://www.mecum.com/lots/384277/1960-ford-thunderbird/?aa_id=250122-0",
    "lot_code": "Lot F55",
    "vehicle_chassis_no": "0Y71Y163522"
  },
  {
    "lot_source_link": "https://www.mecum.com/lots/384278/1978-chevrolet-camaro-z28/?aa_id=250123-0",
    "lot_code": "Lot F56",
    "vehicle_chassis_no": "1Q87L8N628954"
  },
  {
    "lot_source_link": "https://www.mecum.com/lots/398653/1953-dodge-pickup/?aa_id=259188-0",
    "lot_code": "Lot F57.1",
    "vehicle_chassis_no": "82272707"
  },
  {
    "lot_source_link": "https://www.mecum.com/lots/384280/1975-pontiac-trans-am/?aa_id=250125-0",
    "lot_code": "Lot F58",
    "vehicle_chassis_no": "2W87S5N541392"
  },
  {
    "lot_source_link": "https://www.mecum.com/lots/384281/1963-chevrolet-corvair-monza-900-convertible/?aa_id=250126-0",
    "lot_code": "Lot F59",
    "vehicle_chassis_no": "30967W275004"
  },
  {
    "lot_source_link": "https://www.mecum.com/lots/398491/1977-chevrolet-silverado-pickup/?aa_id=259125-0",
    "lot_code": "Lot F60.1",
    "vehicle_chassis_no": "CCS347Z113306"
  },
  {
    "lot_source_link": "https://www.mecum.com/lots/384283/2011-mercedes-benz-e350/?aa_id=250127-0",
    "lot_code": "Lot F61",
    "vehicle_chassis_no": "WDDKJ5GB4BF085764"
  },
  {
    "lot_source_link": "https://www.mecum.com/lots/384284/1974-triumph-tr6-convertible/?aa_id=250128-0",
    "lot_code": "Lot F62",
    "vehicle_chassis_no": "CF22507U"
  },
  {
    "lot_source_link": "https://www.mecum.com/lots/384286/2007-ford-mustang-gt-premium-convertible/?aa_id=250130-0",
    "lot_code": "Lot F64",
    "vehicle_chassis_no": "1ZVHT85HX75245809"
  },
  {
    "lot_source_link": "https://www.mecum.com/lots/394097/1979-pontiac-trans-am/?aa_id=256173-0",
    "lot_code": "Lot F65",
    "vehicle_chassis_no": "2W87Z9N122163"
  },
  {
    "lot_source_link": "https://www.mecum.com/lots/384288/1977-chevrolet-corvette-coupe/?aa_id=250131-0",
    "lot_code": "Lot F66",
    "vehicle_chassis_no": "1Z37L7S446282"
  },
  {
    "lot_source_link": "https://www.mecum.com/lots/384289/1979-gmc-sierra-pickup/?aa_id=250132-0",
    "lot_code": "Lot F67",
    "vehicle_chassis_no": "TKL149S519482"
  },
  {
    "lot_source_link": "https://www.mecum.com/lots/384290/1963-mercury-monterey-hardtop/?aa_id=250133-0",
    "lot_code": "Lot F68",
    "vehicle_chassis_no": "3W63Z504205"
  },
  {
    "lot_source_link": "https://www.mecum.com/lots/384291/1993-ford-mustang-svt-cobra/?aa_id=250134-0",
    "lot_code": "Lot F69",
    "vehicle_chassis_no": "1FACP42D5PF142308"
  },
  {
    "lot_source_link": "https://www.mecum.com/lots/384292/2005-ford-mustang-gt-premium/?aa_id=250135-0",
    "lot_code": "Lot F70",
    "vehicle_chassis_no": "1ZVFT82H155106855"
  },
  {
    "lot_source_link": "https://www.mecum.com/lots/398492/1989-ford-f150-pickup/?aa_id=259126-0",
    "lot_code": "Lot F70.1",
    "vehicle_chassis_no": "1FTEF14Y9KNB36014"
  },
  {
    "lot_source_link": "https://www.mecum.com/lots/400286/2008-bmw-335i-convertible/?aa_id=259284-0",
    "lot_code": "Lot F71.1",
    "vehicle_chassis_no": "WBAWL73588PX54006"
  },
  {
    "lot_source_link": "https://www.mecum.com/lots/384294/1974-chevrolet-c10-pickup/?aa_id=250136-0",
    "lot_code": "Lot F72",
    "vehicle_chassis_no": "CCV144B163610"
  },
  {
    "lot_source_link": "https://www.mecum.com/lots/394134/2007-ford-shelby-gt/?aa_id=256196-0",
    "lot_code": "Lot F73",
    "vehicle_chassis_no": "1ZVHT82H075309389"
  },
  {
    "lot_source_link": "https://www.mecum.com/lots/384296/1962-plymouth-savoy/?aa_id=250137-0",
    "lot_code": "Lot F74",
    "vehicle_chassis_no": "3126152051"
  },
  {
    "lot_source_link": "https://www.mecum.com/lots/384297/1937-buick-special-series-40-slantback/?aa_id=250138-0",
    "lot_code": "Lot F75",
    "vehicle_chassis_no": "3166849"
  },
  {
    "lot_source_link": "https://www.mecum.com/lots/384298/1966-ford-mustang/?aa_id=250139-0",
    "lot_code": "Lot F76",
    "vehicle_chassis_no": "6T07T203604"
  },
  {
    "lot_source_link": "https://www.mecum.com/lots/384299/1986-chevrolet-corvette/?aa_id=250140-0",
    "lot_code": "Lot F77",
    "vehicle_chassis_no": "1G1YY6782G5901046"
  },
  {
    "lot_source_link": "https://www.mecum.com/lots/393061/1966-lincoln-continental/?aa_id=255658-0",
    "lot_code": "Lot F79",
    "vehicle_chassis_no": "6Y89G432781"
  },
  {
    "lot_source_link": "https://www.mecum.com/lots/398654/1951-chevrolet-tanker-hot-rod/?aa_id=259189-0",
    "lot_code": "Lot F80",
    "vehicle_chassis_no": "21UVL1125"
  },
  {
    "lot_source_link": "https://www.mecum.com/lots/402338/1985-chevrolet-pickup/?aa_id=260292-0",
    "lot_code": "Lot F80.1",
    "vehicle_chassis_no": "1GCDC14H9FF412065"
  },
  {
    "lot_source_link": "https://www.mecum.com/lots/384303/1993-chevrolet-corvette-coupe/?aa_id=250141-0",
    "lot_code": "Lot F81",
    "vehicle_chassis_no": "1G1YY23P3P5114922"
  },
  {
    "lot_source_link": "https://www.mecum.com/lots/384304/1971-chevrolet-c10-pickup/?aa_id=250142-0",
    "lot_code": "Lot F82",
    "vehicle_chassis_no": "CE141F815629"
  },
  {
    "lot_source_link": "https://www.mecum.com/lots/398493/1976-chevrolet-suburban/?aa_id=259127-0",
    "lot_code": "Lot F83",
    "vehicle_chassis_no": "CKL266F144416"
  },
  {
    "lot_source_link": "https://www.mecum.com/lots/384306/1981-chevrolet-corvette-coupe/?aa_id=250143-0",
    "lot_code": "Lot F84",
    "vehicle_chassis_no": "1G1AY8766BS403857"
  },
  {
    "lot_source_link": "https://www.mecum.com/lots/384307/1971-ford-f100-pickup/?aa_id=250144-0",
    "lot_code": "Lot F85",
    "vehicle_chassis_no": "F11YKL46201"
  },
  {
    "lot_source_link": "https://www.mecum.com/lots/384308/1989-gmc-suburban-sle/?aa_id=250145-0",
    "lot_code": "Lot F86",
    "vehicle_chassis_no": "1GKER16KXKF531818"
  },
  {
    "lot_source_link": "https://www.mecum.com/lots/384309/2000-jeep-wrangler/?aa_id=250146-0",
    "lot_code": "Lot F87",
    "vehicle_chassis_no": "1J4FA49S4YP779404"
  },
  {
    "lot_source_link": "https://www.mecum.com/lots/398655/1950-lincoln/?aa_id=259190-0",
    "lot_code": "Lot F87.1",
    "vehicle_chassis_no": "50LP17950L"
  },
  {
    "lot_source_link": "https://www.mecum.com/lots/384310/1969-pontiac-gto/?aa_id=250147-0",
    "lot_code": "Lot F88",
    "vehicle_chassis_no": "242379B133592"
  },
  {
    "lot_source_link": "https://www.mecum.com/lots/384311/2007-mercedes-benz-sl550-convertible/?aa_id=250148-0",
    "lot_code": "Lot F89",
    "vehicle_chassis_no": "WDBSK71F97F134669"
  },
  {
    "lot_source_link": "https://www.mecum.com/lots/384312/1954-chevrolet-bel-air/?aa_id=250149-0",
    "lot_code": "Lot F90",
    "vehicle_chassis_no": "54L004938"
  },
  {
    "lot_source_link": "https://www.mecum.com/lots/400352/2002-pontiac-trans-am-slp-firehawk/?aa_id=259334-0",
    "lot_code": "Lot F90.1",
    "vehicle_chassis_no": "2G2FV22G522139693"
  },
  {
    "lot_source_link": "https://www.mecum.com/lots/384313/1987-porsche-944-s/?aa_id=250150-0",
    "lot_code": "Lot F91",
    "vehicle_chassis_no": "WP0AA0947HN450976"
  },
  {
    "lot_source_link": "https://www.mecum.com/lots/384314/2002-ford-thunderbird/?aa_id=250151-0",
    "lot_code": "Lot F92",
    "vehicle_chassis_no": "1FAHP60A22Y125165"
  },
  {
    "lot_source_link": "https://www.mecum.com/lots/384315/1973-dodge-challenger-resto-mod/?aa_id=250152-0",
    "lot_code": "Lot F93",
    "vehicle_chassis_no": "JH23G3B214436"
  },
  {
    "lot_source_link": "https://www.mecum.com/lots/384316/1966-ford-fairlane-gt/?aa_id=250153-0",
    "lot_code": "Lot F94",
    "vehicle_chassis_no": "6H40S180643"
  },
  {
    "lot_source_link": "https://www.mecum.com/lots/384317/1966-chevrolet-el-camino/?aa_id=250154-0",
    "lot_code": "Lot F95",
    "vehicle_chassis_no": "136806B112103"
  },
  {
    "lot_source_link": "https://www.mecum.com/lots/384318/1992-toyota-celica/?aa_id=250155-0",
    "lot_code": "Lot F96",
    "vehicle_chassis_no": "JT2ST87N1N0119255"
  },
  {
    "lot_source_link": "https://www.mecum.com/lots/384319/1978-chevrolet-corvette-silver-anniversary/?aa_id=250156-0",
    "lot_code": "Lot F97",
    "vehicle_chassis_no": "1Z87L8S402155"
  },
  {
    "lot_source_link": "https://www.mecum.com/lots/393060/1957-ford-ranchero/?aa_id=255657-0",
    "lot_code": "Lot F98",
    "vehicle_chassis_no": "C7UF132729"
  },
  {
    "lot_source_link": "https://www.mecum.com/lots/384321/1995-ford-bronco-eddie-bauer-edition/?aa_id=250157-0",
    "lot_code": "Lot F99",
    "vehicle_chassis_no": "1FMEU15H1SLA61160"
  },
  {
    "lot_source_link": "https://www.mecum.com/lots/384322/1973-dodge-charger/?aa_id=250158-0",
    "lot_code": "Lot F100",
    "vehicle_chassis_no": "WH23H3G132819"
  },
  {
    "lot_source_link": "https://www.mecum.com/lots/402335/1969-chevrolet-chevelle-ss/?aa_id=260290-0",
    "lot_code": "Lot F100.1",
    "vehicle_chassis_no": "136379K333577"
  },
  {
    "lot_source_link": "https://www.mecum.com/lots/384323/2006-jaguar-xkr-convertible/?aa_id=250159-0",
    "lot_code": "Lot F101",
    "vehicle_chassis_no": "SAJDA42B363A46602"
  },
  {
    "lot_source_link": "https://www.mecum.com/lots/384324/1948-ford-super-deluxe/?aa_id=250160-0",
    "lot_code": "Lot F102",
    "vehicle_chassis_no": "899A2078497"
  },
  {
    "lot_source_link": "https://www.mecum.com/lots/384325/2001-ford-f150-harley-davidson-edition/?aa_id=250161-0",
    "lot_code": "Lot F103",
    "vehicle_chassis_no": "1FTRW07L71KC02507"
  },
  {
    "lot_source_link": "https://www.mecum.com/lots/384326/1962-ford-thunderbird-sports-roadster/?aa_id=250162-0",
    "lot_code": "Lot F104",
    "vehicle_chassis_no": "2Y89Z151927"
  },
  {
    "lot_source_link": "https://www.mecum.com/lots/398656/2019-ford-mustang-gt-cs-convertible/?aa_id=259191-0",
    "lot_code": "Lot F105.1",
    "vehicle_chassis_no": "1FATP8FF8K5201207"
  },
  {
    "lot_source_link": "https://www.mecum.com/lots/402331/2001-porsche-911-cabriolet/?aa_id=260288-0",
    "lot_code": "Lot F106.1",
    "vehicle_chassis_no": "WP0CA29911S652333"
  },
  {
    "lot_source_link": "https://www.mecum.com/lots/384329/2005-bmw-745li/?aa_id=250163-0",
    "lot_code": "Lot F107",
    "vehicle_chassis_no": "WBAGN63535DS56821"
  },
  {
    "lot_source_link": "https://www.mecum.com/lots/384330/1953-chevrolet-3100-5-window-pickup/?aa_id=250164-0",
    "lot_code": "Lot F108",
    "vehicle_chassis_no": "LBA38590"
  },
  {
    "lot_source_link": "https://www.mecum.com/lots/384331/1956-continental-mark-ii/?aa_id=250165-0",
    "lot_code": "Lot F109",
    "vehicle_chassis_no": "C5601531"
  },
  {
    "lot_source_link": "https://www.mecum.com/lots/398657/1942-chevrolet-street-rod-pickup/?aa_id=259192-0",
    "lot_code": "Lot F109.1",
    "vehicle_chassis_no": "3BK093059"
  },
  {
    "lot_source_link": "https://www.mecum.com/lots/384332/1968-chevrolet-corvette-coupe/?aa_id=250166-0",
    "lot_code": "Lot F110",
    "vehicle_chassis_no": "194378S411553"
  },
  {
    "lot_source_link": "https://www.mecum.com/lots/384333/1970-ford-mustang-convertible/?aa_id=250167-0",
    "lot_code": "Lot F111",
    "vehicle_chassis_no": "0F03F191684"
  },
  {
    "lot_source_link": "https://www.mecum.com/lots/384334/1979-dodge-power-wagon-pickup/?aa_id=250168-0",
    "lot_code": "Lot F112",
    "vehicle_chassis_no": "W14JE9S237579"
  },
  {
    "lot_source_link": "https://www.mecum.com/lots/384335/1985-chevrolet-corvette-coupe/?aa_id=250169-0",
    "lot_code": "Lot F113",
    "vehicle_chassis_no": "1G1YY0783F5131452"
  },
  {
    "lot_source_link": "https://www.mecum.com/lots/398658/1957-ford-custom-wagon/?aa_id=259193-0",
    "lot_code": "Lot F113.1",
    "vehicle_chassis_no": "C7UR120333"
  },
  {
    "lot_source_link": "https://www.mecum.com/lots/384336/2000-chevrolet-silverado-pickup/?aa_id=250170-0",
    "lot_code": "Lot F114",
    "vehicle_chassis_no": "1GCEC14VXYZ105452"
  },
  {
    "lot_source_link": "https://www.mecum.com/lots/384337/1969-chevrolet-c10-pickup/?aa_id=250171-0",
    "lot_code": "Lot F115",
    "vehicle_chassis_no": "CE149B831990"
  },
  {
    "lot_source_link": "https://www.mecum.com/lots/384338/1963-pontiac-grand-prix/?aa_id=250172-0",
    "lot_code": "Lot F116",
    "vehicle_chassis_no": "963W3043"
  },
  {
    "lot_source_link": "https://www.mecum.com/lots/384339/1996-chevrolet-corvette-collector-edition/?aa_id=250173-0",
    "lot_code": "Lot F117",
    "vehicle_chassis_no": "1G1YY22P7T5111873"
  },
  {
    "lot_source_link": "https://www.mecum.com/lots/384340/1958-gmc-pickup/?aa_id=250174-0",
    "lot_code": "Lot F118",
    "vehicle_chassis_no": "253CS1083B"
  },
  {
    "lot_source_link": "https://www.mecum.com/lots/384341/1998-chevrolet-corvette-coupe/?aa_id=250175-0",
    "lot_code": "Lot F119",
    "vehicle_chassis_no": "1G1YY22G6W5128006"
  },
  {
    "lot_source_link": "https://www.mecum.com/lots/398659/1948-dodge-limousine/?aa_id=259194-0",
    "lot_code": "Lot F120.1",
    "vehicle_chassis_no": "10031185"
  },
  {
    "lot_source_link": "https://www.mecum.com/lots/384343/2008-ford-shelby-gt500/?aa_id=250176-0",
    "lot_code": "Lot F121",
    "vehicle_chassis_no": "1ZVHT88S585137638"
  },
  {
    "lot_source_link": "https://www.mecum.com/lots/384344/2008-bmw-650i-convertible/?aa_id=250177-0",
    "lot_code": "Lot F122",
    "vehicle_chassis_no": "WBAEB53538CX60113"
  },
  {
    "lot_source_link": "https://www.mecum.com/lots/384345/1965-ford-mustang-convertible/?aa_id=250178-0",
    "lot_code": "Lot F123",
    "vehicle_chassis_no": "5F08F218125"
  },
  {
    "lot_source_link": "https://www.mecum.com/lots/384346/1965-ford-mustang-resto-mod/?aa_id=250179-0",
    "lot_code": "Lot F124",
    "vehicle_chassis_no": "5T09T140071"
  },
  {
    "lot_source_link": "https://www.mecum.com/lots/384347/2019-ford-mustang-bullitt/?aa_id=250180-0",
    "lot_code": "Lot F125",
    "vehicle_chassis_no": "1FA6P8K04K5503057"
  },
  {
    "lot_source_link": "https://www.mecum.com/lots/384349/1964-ford-galaxie-500/?aa_id=250181-0",
    "lot_code": "Lot F127",
    "vehicle_chassis_no": "4N66Z133981"
  },
  {
    "lot_source_link": "https://www.mecum.com/lots/384350/1989-cadillac-brougham-trump-gold-edition/?aa_id=250182-0",
    "lot_code": "Lot F128",
    "vehicle_chassis_no": "1G6DW51Y1KR704453"
  },
  {
    "lot_source_link": "https://www.mecum.com/lots/384351/1995-pontiac-firebird/?aa_id=250183-0",
    "lot_code": "Lot F129",
    "vehicle_chassis_no": "2G2FV22P6S2252715"
  },
  {
    "lot_source_link": "https://www.mecum.com/lots/384352/1994-chevrolet-corvette/?aa_id=250184-0",
    "lot_code": "Lot F130",
    "vehicle_chassis_no": "1G1YY22P2R5110400"
  },
  {
    "lot_source_link": "https://www.mecum.com/lots/384353/1951-chevrolet-pickup/?aa_id=250185-0",
    "lot_code": "Lot F131",
    "vehicle_chassis_no": "14JJE19854"
  },
  {
    "lot_source_link": "https://www.mecum.com/lots/384354/1971-chevrolet-pickup/?aa_id=250186-0",
    "lot_code": "Lot F132",
    "vehicle_chassis_no": "CE141A638000"
  },
  {
    "lot_source_link": "https://www.mecum.com/lots/384355/1967-ford-fairlane/?aa_id=250187-0",
    "lot_code": "Lot F133",
    "vehicle_chassis_no": "7K35C220357"
  },
  {
    "lot_source_link": "https://www.mecum.com/lots/384356/2020-toyota-supra-launch-edition/?aa_id=250188-0",
    "lot_code": "Lot F134",
    "vehicle_chassis_no": "WZ1DB4C03LW023094"
  },
  {
    "lot_source_link": "https://www.mecum.com/lots/384357/2005-pontiac-gto/?aa_id=250189-0",
    "lot_code": "Lot F135",
    "vehicle_chassis_no": "6G2VX12U05L399772"
  },
  {
    "lot_source_link": "https://www.mecum.com/lots/384358/1951-chevrolet-deluxe-tin-woody-wagon/?aa_id=250190-0",
    "lot_code": "Lot F136",
    "vehicle_chassis_no": "5JKD40095"
  },
  {
    "lot_source_link": "https://www.mecum.com/lots/384359/1932-ford-roadster-pickup/?aa_id=250191-0",
    "lot_code": "Lot F137",
    "vehicle_chassis_no": "18197236"
  },
  {
    "lot_source_link": "https://www.mecum.com/lots/384360/1998-lonestar-shelby-cobra-replica/?aa_id=250192-0",
    "lot_code": "Lot F138",
    "vehicle_chassis_no": "4LSCBA214WK000073"
  },
  {
    "lot_source_link": "https://www.mecum.com/lots/384361/2010-volkswagen-beetle-final-edition/?aa_id=250193-0",
    "lot_code": "Lot F139",
    "vehicle_chassis_no": "3VWRW3AG4AM026101"
  },
  {
    "lot_source_link": "https://www.mecum.com/lots/384362/2005-ford-mustang-gt-premium/?aa_id=250194-0",
    "lot_code": "Lot F140",
    "vehicle_chassis_no": "1ZVHT82HX55101274"
  },
  {
    "lot_source_link": "https://www.mecum.com/lots/384363/1973-chevrolet-camaro/?aa_id=250195-0",
    "lot_code": "Lot F141",
    "vehicle_chassis_no": "1S87K3N192731"
  },
  {
    "lot_source_link": "https://www.mecum.com/lots/384364/2007-jaguar-xk-convertible/?aa_id=250196-0",
    "lot_code": "Lot F142",
    "vehicle_chassis_no": "SAJDA44B075B03485"
  },
  {
    "lot_source_link": "https://www.mecum.com/lots/384365/1966-ford-mustang/?aa_id=250197-0",
    "lot_code": "Lot F143",
    "vehicle_chassis_no": "6F07T379435"
  },
  {
    "lot_source_link": "https://www.mecum.com/lots/400360/1986-pontiac-trans-am/?aa_id=259341-0",
    "lot_code": "Lot F144.1",
    "vehicle_chassis_no": "1G2FW87H3GN236789"
  },
  {
    "lot_source_link": "https://www.mecum.com/lots/384367/1941-mercury-eight-club-convertible/?aa_id=250198-0",
    "lot_code": "Lot F145",
    "vehicle_chassis_no": "99A299374"
  },
  {
    "lot_source_link": "https://www.mecum.com/lots/384368/1980-mg-convertible/?aa_id=250199-0",
    "lot_code": "Lot F146",
    "vehicle_chassis_no": "GVVDJ2AG506673"
  },
  {
    "lot_source_link": "https://www.mecum.com/lots/384369/1968-chevrolet-corvette-convertible/?aa_id=250200-0",
    "lot_code": "Lot F147",
    "vehicle_chassis_no": "194678S404295"
  },
  {
    "lot_source_link": "https://www.mecum.com/lots/384370/1978-gmc-pickup/?aa_id=250201-0",
    "lot_code": "Lot F148",
    "vehicle_chassis_no": "TKL148F716839"
  },
  {
    "lot_source_link": "https://www.mecum.com/lots/384371/1964-chevrolet-impala-ss/?aa_id=250202-0",
    "lot_code": "Lot F149",
    "vehicle_chassis_no": "41447Y175002"
  },
  {
    "lot_source_link": "https://www.mecum.com/lots/384372/2008-bmw-750li/?aa_id=250203-0",
    "lot_code": "Lot F150",
    "vehicle_chassis_no": "WBAHN83558DT82361"
  },
  {
    "lot_source_link": "https://www.mecum.com/lots/384373/1994-chevrolet-k3500-dually-pickup/?aa_id=250204-0",
    "lot_code": "Lot F151",
    "vehicle_chassis_no": "1GCHK34F8RE240023"
  },
  {
    "lot_source_link": "https://www.mecum.com/lots/384375/1958-chevrolet-impala-convertible/?aa_id=250205-0",
    "lot_code": "Lot F153",
    "vehicle_chassis_no": "F58T245715"
  },
  {
    "lot_source_link": "https://www.mecum.com/lots/384376/1976-chevrolet-corvette-coupe/?aa_id=250206-0",
    "lot_code": "Lot F154",
    "vehicle_chassis_no": "1Z37LGS438887"
  },
  {
    "lot_source_link": "https://www.mecum.com/lots/384377/2012-audi-q7-quattro/?aa_id=250207-0",
    "lot_code": "Lot F155",
    "vehicle_chassis_no": "WA1LGAFE6CD004871"
  },
  {
    "lot_source_link": "https://www.mecum.com/lots/384378/1957-chevrolet-150/?aa_id=250208-0",
    "lot_code": "Lot F156",
    "vehicle_chassis_no": "A57A191356"
  },
  {
    "lot_source_link": "https://www.mecum.com/lots/384379/1972-jeep-commando-resto-mod/?aa_id=250209-0",
    "lot_code": "Lot F157",
    "vehicle_chassis_no": "J2M87FVA43635"
  },
  {
    "lot_source_link": "https://www.mecum.com/lots/384380/2008-smart-fortwo/?aa_id=250210-0",
    "lot_code": "Lot F158",
    "vehicle_chassis_no": "WMEEJ31X38K127312"
  },
  {
    "lot_source_link": "https://www.mecum.com/lots/384381/1985-ford-bronco-ii/?aa_id=250211-0",
    "lot_code": "Lot F159",
    "vehicle_chassis_no": "1FMCU14S2FUD10540"
  },
  {
    "lot_source_link": "https://www.mecum.com/lots/384382/2006-pontiac-solstice-convertible/?aa_id=250212-0",
    "lot_code": "Lot F160",
    "vehicle_chassis_no": "1G2MB33B86Y106284"
  },
  {
    "lot_source_link": "https://www.mecum.com/lots/384383/1967-chevrolet-nova-ss/?aa_id=250213-0",
    "lot_code": "Lot F161",
    "vehicle_chassis_no": "118377W153368"
  },
  {
    "lot_source_link": "https://www.mecum.com/lots/384384/1966-ford-f250-pickup/?aa_id=250214-0",
    "lot_code": "Lot F162",
    "vehicle_chassis_no": "F25BL890498"
  },
  {
    "lot_source_link": "https://www.mecum.com/lots/384385/2002-chevrolet-monte-carlo/?aa_id=250215-0",
    "lot_code": "Lot F163",
    "vehicle_chassis_no": "2G1WX15K229241372"
  },
  {
    "lot_source_link": "https://www.mecum.com/lots/384386/1957-mercury-monterey-convertible/?aa_id=250216-0",
    "lot_code": "Lot F164",
    "vehicle_chassis_no": "57ME57916M"
  },
  {
    "lot_source_link": "https://www.mecum.com/lots/384387/2006-jeep-grand-cherokee-srt-8/?aa_id=250217-0",
    "lot_code": "Lot F165",
    "vehicle_chassis_no": "1J8HR78316C261668"
  },
  {
    "lot_source_link": "https://www.mecum.com/lots/384388/1967-chevrolet-c10-pickup/?aa_id=250218-0",
    "lot_code": "Lot F166",
    "vehicle_chassis_no": "CS147Z137445"
  },
  {
    "lot_source_link": "https://www.mecum.com/lots/384389/1965-chevrolet-g10-sport-van-deluxe/?aa_id=250219-0",
    "lot_code": "Lot F167",
    "vehicle_chassis_no": "GT265P128337"
  },
  {
    "lot_source_link": "https://www.mecum.com/lots/384390/1994-ford-mustang-gt-convertible/?aa_id=250220-0",
    "lot_code": "Lot F168",
    "vehicle_chassis_no": "1FALP45T0RF235873"
  },
  {
    "lot_source_link": "https://www.mecum.com/lots/384391/2010-volkswagen-beetle-red-rock-edition/?aa_id=250221-0",
    "lot_code": "Lot F169",
    "vehicle_chassis_no": "3VWPG3AGXAM014670"
  },
  {
    "lot_source_link": "https://www.mecum.com/lots/384392/1988-mercedes-benz-560sl-convertible/?aa_id=250222-0",
    "lot_code": "Lot F170",
    "vehicle_chassis_no": "WDBBA48D3JA077637"
  },
  {
    "lot_source_link": "https://www.mecum.com/lots/384393/1965-everett-morrison-shelby-cobra-replica/?aa_id=250223-0",
    "lot_code": "Lot F171",
    "vehicle_chassis_no": "EM427SC0803011090"
  },
  {
    "lot_source_link": "https://www.mecum.com/lots/384394/2001-bentley-arnage/?aa_id=250224-0",
    "lot_code": "Lot F172",
    "vehicle_chassis_no": "SCBLC31E31CX06298"
  },
  {
    "lot_source_link": "https://www.mecum.com/lots/384395/2007-ford-mustang/?aa_id=250225-0",
    "lot_code": "Lot F173",
    "vehicle_chassis_no": "1ZVFT82H675223298"
  },
  {
    "lot_source_link": "https://www.mecum.com/lots/384396/1966-dodge-coronet/?aa_id=250226-0",
    "lot_code": "Lot F174",
    "vehicle_chassis_no": "WH23B67250662"
  },
  {
    "lot_source_link": "https://www.mecum.com/lots/384397/2002-ford-f150-harley-davidson-edition/?aa_id=250227-0",
    "lot_code": "Lot F175",
    "vehicle_chassis_no": "1FTRW07312KD73044"
  },
  {
    "lot_source_link": "https://www.mecum.com/lots/384398/2008-ford-shelby-gt500/?aa_id=250228-0",
    "lot_code": "Lot F176",
    "vehicle_chassis_no": "1ZVHT88S485189276"
  },
  {
    "lot_source_link": "https://www.mecum.com/lots/384399/1984-gmc-c15-pickup/?aa_id=250229-0",
    "lot_code": "Lot F177",
    "vehicle_chassis_no": "1GTDC14H0EF705383"
  },
  {
    "lot_source_link": "https://www.mecum.com/lots/384400/2007-chevrolet-trailblazer-ss/?aa_id=250230-0",
    "lot_code": "Lot F178",
    "vehicle_chassis_no": "1GNES13H472107792"
  },
  {
    "lot_source_link": "https://www.mecum.com/lots/384401/1990-jaguar-xjs-convertible/?aa_id=250231-0",
    "lot_code": "Lot F179",
    "vehicle_chassis_no": "SAJNW4843LC172983"
  },
  {
    "lot_source_link": "https://www.mecum.com/lots/384402/2013-jeep-wrangler-unlimited-rubicon/?aa_id=250232-0",
    "lot_code": "Lot F180",
    "vehicle_chassis_no": "1C4BJWFG5DL584641"
  },
  {
    "lot_source_link": "https://www.mecum.com/lots/384403/2003-mitsubishi-eclipse-gts/?aa_id=250233-0",
    "lot_code": "Lot F181",
    "vehicle_chassis_no": "4A3AC74H13E001568"
  },
  {
    "lot_source_link": "https://www.mecum.com/lots/384404/1963-ford-fairlane/?aa_id=250234-0",
    "lot_code": "Lot F182",
    "vehicle_chassis_no": "3K43F190874"
  },
  {
    "lot_source_link": "https://www.mecum.com/lots/384405/2012-mini-clubman/?aa_id=250235-0",
    "lot_code": "Lot F183",
    "vehicle_chassis_no": "WMWZF3C51CT268327"
  },
  {
    "lot_source_link": "https://www.mecum.com/lots/384406/1979-ford-ranchero/?aa_id=250236-0",
    "lot_code": "Lot F184",
    "vehicle_chassis_no": "9H47F154307"
  },
  {
    "lot_source_link": "https://www.mecum.com/lots/384407/2008-mercedes-benz-s550-sedan/?aa_id=250237-0",
    "lot_code": "Lot F185",
    "vehicle_chassis_no": "WDDNG86X28A188942"
  },
  {
    "lot_source_link": "https://www.mecum.com/lots/384408/1957-continental-mark-ii/?aa_id=250238-0",
    "lot_code": "Lot F186",
    "vehicle_chassis_no": "C56S3932"
  },
  {
    "lot_source_link": "https://www.mecum.com/lots/384409/1971-chevrolet-nova/?aa_id=250239-0",
    "lot_code": "Lot F187",
    "vehicle_chassis_no": "114271W278109"
  },
  {
    "lot_source_link": "https://www.mecum.com/lots/384410/2000-mercedes-benz-sl500-convertible/?aa_id=250240-0",
    "lot_code": "Lot F188",
    "vehicle_chassis_no": "WDBFA68F2YF187994"
  },
  {
    "lot_source_link": "https://www.mecum.com/lots/384411/1963-studebaker-avanti/?aa_id=250241-0",
    "lot_code": "Lot F189",
    "vehicle_chassis_no": "63R2035"
  },
  {
    "lot_source_link": "https://www.mecum.com/lots/384412/2007-mercedes-benz-sl550-convertible/?aa_id=250242-0",
    "lot_code": "Lot F190",
    "vehicle_chassis_no": "WDBSK71F07F135662"
  },
  {
    "lot_source_link": "https://www.mecum.com/lots/384414/1967-chevrolet-camaro/?aa_id=250243-0",
    "lot_code": "Lot F192",
    "vehicle_chassis_no": "123377N159547"
  },
  {
    "lot_source_link": "https://www.mecum.com/lots/384415/1969-pontiac-firebird-convertible/?aa_id=250244-0",
    "lot_code": "Lot F193",
    "vehicle_chassis_no": "223679N107435"
  },
  {
    "lot_source_link": "https://www.mecum.com/lots/384416/1985-gmc-high-sierra-pickup/?aa_id=250245-0",
    "lot_code": "Lot F194",
    "vehicle_chassis_no": "1GTEK24L1FF715374"
  },
  {
    "lot_source_link": "https://www.mecum.com/lots/384417/2004-chevrolet-silverado-pickup/?aa_id=250246-0",
    "lot_code": "Lot F195",
    "vehicle_chassis_no": "1GBHK39294E338268"
  },
  {
    "lot_source_link": "https://www.mecum.com/lots/384418/1969-chevrolet-corvette-coupe/?aa_id=250247-0",
    "lot_code": "Lot F196",
    "vehicle_chassis_no": "194379S737559"
  },
  {
    "lot_source_link": "https://www.mecum.com/lots/384419/2006-mercedes-benz-clk350-convertible/?aa_id=250248-0",
    "lot_code": "Lot F197",
    "vehicle_chassis_no": "WDBTK56G46T067487"
  },
  {
    "lot_source_link": "https://www.mecum.com/lots/384420/2010-volkswagen-beetle/?aa_id=250249-0",
    "lot_code": "Lot F198",
    "vehicle_chassis_no": "3VWPG3AG8AM008205"
  },
  {
    "lot_source_link": "https://www.mecum.com/lots/384421/1986-chevrolet-camaro-iroc-z/?aa_id=250250-0",
    "lot_code": "Lot F199",
    "vehicle_chassis_no": "1G1FP87F8GL202326"
  },
  {
    "lot_source_link": "https://www.mecum.com/lots/384422/1953-chevrolet-pickup/?aa_id=250251-0",
    "lot_code": "Lot F200",
    "vehicle_chassis_no": "MVIN356389IND"
  },
  {
    "lot_source_link": "https://www.mecum.com/lots/384423/1983-dodge-rampage/?aa_id=250252-0",
    "lot_code": "Lot F201",
    "vehicle_chassis_no": "1B7EZ64C1DD240322"
  },
  {
    "lot_source_link": "https://www.mecum.com/lots/384424/2006-mercedes-benz-slk280/?aa_id=250253-0",
    "lot_code": "Lot F202",
    "vehicle_chassis_no": "WDBWK54F26F121536"
  },
  {
    "lot_source_link": "https://www.mecum.com/lots/384425/1967-chevrolet-el-camino/?aa_id=250254-0",
    "lot_code": "Lot F203",
    "vehicle_chassis_no": "136807Z127089"
  },
  {
    "lot_source_link": "https://www.mecum.com/lots/384426/1955-chevrolet-3100-pickup/?aa_id=250255-0",
    "lot_code": "Lot F204",
    "vehicle_chassis_no": "H255B023195"
  },
  {
    "lot_source_link": "https://www.mecum.com/lots/384427/1993-chevrolet-camaro-z28-pace-car-edition/?aa_id=250256-0",
    "lot_code": "Lot F205",
    "vehicle_chassis_no": "2G1FP22P0P2105327"
  },
  {
    "lot_source_link": "https://www.mecum.com/lots/384430/2006-mercedes-benz-ml500/?aa_id=250257-0",
    "lot_code": "Lot F208",
    "vehicle_chassis_no": "4JGBB75E56A056322"
  },
  {
    "lot_source_link": "https://www.mecum.com/lots/384444/2004-mercedes-benz-sl55-convertible/?aa_id=250258-0",
    "lot_code": "Lot F222",
    "vehicle_chassis_no": "WDBSK74F84F079977"
  },
  {
    "lot_source_link": "https://www.mecum.com/lots/384448/2002-chevrolet-corvette-coupe/?aa_id=250259-0",
    "lot_code": "Lot F226",
    "vehicle_chassis_no": "1G1YY22G425103681"
  },
  {
    "lot_source_link": "https://www.mecum.com/lots/384453/2005-chrysler-crossfire/?aa_id=250260-0",
    "lot_code": "Lot F231",
    "vehicle_chassis_no": "1C3AN69LX5X046783"
  },
  {
    "lot_source_link": "https://www.mecum.com/lots/384459/2007-mercedes-benz-clk350-convertible/?aa_id=250261-0",
    "lot_code": "Lot F237",
    "vehicle_chassis_no": "WDBTK56F77F217406"
  },
  {
    "lot_source_link": "https://www.mecum.com/lots/384464/1993-chevrolet-corvette-coupe/?aa_id=250262-0",
    "lot_code": "Lot F242",
    "vehicle_chassis_no": "1G1YY23P4P5104948"
  },
  {
    "lot_source_link": "https://www.mecum.com/lots/384472/2005-ford-excursion/?aa_id=250263-0",
    "lot_code": "Lot F250",
    "vehicle_chassis_no": "1FMSU43P25EA12878"
  },
  {
    "lot_source_link": "https://www.mecum.com/lots/384474/1942-ford-coe-pickup/?aa_id=250264-0",
    "lot_code": "Lot F252",
    "vehicle_chassis_no": "99T543604"
  },
  {
    "lot_source_link": "https://www.mecum.com/lots/384475/2008-ford-mustang-roush-427r/?aa_id=250265-0",
    "lot_code": "Lot F253",
    "vehicle_chassis_no": "1ZVHT82H885134844"
  },
  {
    "lot_source_link": "https://www.mecum.com/lots/384476/1977-gmc-sierra-classic-pickup/?aa_id=250266-0",
    "lot_code": "Lot F254",
    "vehicle_chassis_no": "MVIN370552IND"
  },
  {
    "lot_source_link": "https://www.mecum.com/lots/384477/1951-chevrolet-3100-5-window-pickup/?aa_id=250267-0",
    "lot_code": "Lot F255",
    "vehicle_chassis_no": "JBA323157"
  },
  {
    "lot_source_link": "https://www.mecum.com/lots/384478/1931-ford-model-a-street-rod/?aa_id=250268-0",
    "lot_code": "Lot F256",
    "vehicle_chassis_no": "A4151353"
  },
  {
    "lot_source_link": "https://www.mecum.com/lots/384479/1971-chevrolet-camaro-rs-z28/?aa_id=250269-0",
    "lot_code": "Lot F257",
    "vehicle_chassis_no": "124871N576142"
  },
  {
    "lot_source_link": "https://www.mecum.com/lots/384480/1976-chevrolet-c10-pickup/?aa_id=250270-0",
    "lot_code": "Lot F258",
    "vehicle_chassis_no": "CCL146A104914"
  },
  {
    "lot_source_link": "https://www.mecum.com/lots/384481/2011-volvo-c70-convertible/?aa_id=250271-0",
    "lot_code": "Lot F259",
    "vehicle_chassis_no": "YV1672MC9BJ118898"
  },
  {
    "lot_source_link": "https://www.mecum.com/lots/384483/1984-chevrolet-corvette-coupe/?aa_id=250272-0",
    "lot_code": "Lot F261",
    "vehicle_chassis_no": "1G1AY0781E5117386"
  },
  {
    "lot_source_link": "https://www.mecum.com/lots/384484/1997-jaguar-xk/?aa_id=250273-0",
    "lot_code": "Lot F262",
    "vehicle_chassis_no": "SAJGX2741VC005715"
  },
  {
    "lot_source_link": "https://www.mecum.com/lots/384485/1970-chevrolet-el-camino/?aa_id=250274-0",
    "lot_code": "Lot F263",
    "vehicle_chassis_no": "136800K147565"
  },
  {
    "lot_source_link": "https://www.mecum.com/lots/384486/1934-nash/?aa_id=250275-0",
    "lot_code": "Lot F264",
    "vehicle_chassis_no": "R287071"
  },
  {
    "lot_source_link": "https://www.mecum.com/lots/384488/2010-land-rover-lr4/?aa_id=250276-0",
    "lot_code": "Lot F266",
    "vehicle_chassis_no": "SALAK2D42AA523919"
  },
  {
    "lot_source_link": "https://www.mecum.com/lots/384489/1933-willys-sedan-delivery-street-rod/?aa_id=250277-0",
    "lot_code": "Lot F267",
    "vehicle_chassis_no": "7739SS5"
  },
  {
    "lot_source_link": "https://www.mecum.com/lots/384491/2012-gmc-sierra-pickup/?aa_id=250278-0",
    "lot_code": "Lot F269",
    "vehicle_chassis_no": "1GT22ZCG1CZ298168"
  },
  {
    "lot_source_link": "https://www.mecum.com/lots/384493/2008-porsche-cayenne/?aa_id=250279-0",
    "lot_code": "Lot F271",
    "vehicle_chassis_no": "WP1AA29PX8LA26711"
  },
  {
    "lot_source_link": "https://www.mecum.com/lots/384496/2009-mercedes-benz-ml350/?aa_id=250280-0",
    "lot_code": "Lot F274",
    "vehicle_chassis_no": "4JGBB86EX9A478465"
  },
  {
    "lot_source_link": "https://www.mecum.com/lots/384500/2011-bmw-550i/?aa_id=250281-0",
    "lot_code": "Lot F278",
    "vehicle_chassis_no": "WBASN4C58BC209798"
  },
  {
    "lot_source_link": "https://www.mecum.com/lots/384504/1994-chevrolet-corvette-coupe/?aa_id=250282-0",
    "lot_code": "Lot F282",
    "vehicle_chassis_no": "1G1YY22PXR5118633"
  },
  {
    "lot_source_link": "https://www.mecum.com/lots/384507/2004-porsche-boxster/?aa_id=250283-0",
    "lot_code": "Lot F285",
    "vehicle_chassis_no": "WP0CA29884S621012"
  },
  {
    "lot_source_link": "https://www.mecum.com/lots/384512/2008-mini-cooper-convertible/?aa_id=250284-0",
    "lot_code": "Lot F290",
    "vehicle_chassis_no": "WMWRH33528TU81174"
  },
  {
    "lot_source_link": "https://www.mecum.com/lots/384518/2002-chevrolet-corvette-convertible/?aa_id=250285-0",
    "lot_code": "Lot F296",
    "vehicle_chassis_no": "1G1YY32G625102747"
  },
  {
    "lot_source_link": "https://www.mecum.com/lots/LS19-384601/1956-chevrolet-corvette-go-kart/?aa_id=250289-0",
    "lot_code": "Lot S19",
    "vehicle_chassis_no": "SOLD ON BILL OF SALE"
  },
  {
    "lot_source_link": "https://www.mecum.com/lots/384602/1970-dodge-dart/?aa_id=250290-0",
    "lot_code": "Lot S20",
    "vehicle_chassis_no": "LL23G0R212882"
  },
  {
    "lot_source_link": "https://www.mecum.com/lots/384604/1976-chevrolet-corvette-coupe/?aa_id=250291-0",
    "lot_code": "Lot S22",
    "vehicle_chassis_no": "1X37L6S427367"
  },
  {
    "lot_source_link": "https://www.mecum.com/lots/384605/2003-mercedes-benz-sl500-convertible/?aa_id=250292-0",
    "lot_code": "Lot S23",
    "vehicle_chassis_no": "WDBSK75F13F062970"
  },
  {
    "lot_source_link": "https://www.mecum.com/lots/384606/2001-chevrolet-camaro-z28/?aa_id=250293-0",
    "lot_code": "Lot S24",
    "vehicle_chassis_no": "2G1FP22G212136893"
  },
  {
    "lot_source_link": "https://www.mecum.com/lots/384607/2010-dodge-challenger-srt-8/?aa_id=250294-0",
    "lot_code": "Lot S25",
    "vehicle_chassis_no": "2B3CJ7DW4AH111571"
  },
  {
    "lot_source_link": "https://www.mecum.com/lots/384608/1991-ford-e150-van/?aa_id=250295-0",
    "lot_code": "Lot S26",
    "vehicle_chassis_no": "1FDEE14N2MHA32258"
  },
  {
    "lot_source_link": "https://www.mecum.com/lots/384609/1989-shelby-shadow-csx/?aa_id=250296-0",
    "lot_code": "Lot S27",
    "vehicle_chassis_no": "1B3BP94AXKN644737"
  },
  {
    "lot_source_link": "https://www.mecum.com/lots/384610/1955-chevrolet-bel-air/?aa_id=250297-0",
    "lot_code": "Lot S28",
    "vehicle_chassis_no": "C55A106652"
  },
  {
    "lot_source_link": "https://www.mecum.com/lots/402339/2006-bmw-z4/?aa_id=260293-0",
    "lot_code": "Lot S29.1",
    "vehicle_chassis_no": "4USBU33536LW58323"
  },
  {
    "lot_source_link": "https://www.mecum.com/lots/384612/1949-studebaker-2r5-pickup/?aa_id=250298-0",
    "lot_code": "Lot S30",
    "vehicle_chassis_no": "R1512488"
  },
  {
    "lot_source_link": "https://www.mecum.com/lots/384613/2007-ford-34-daybreak-motorhome/?aa_id=250299-0",
    "lot_code": "Lot S31",
    "vehicle_chassis_no": "1F6NF53Y160A17873"
  },
  {
    "lot_source_link": "https://www.mecum.com/lots/384614/1968-pontiac-gto/?aa_id=250300-0",
    "lot_code": "Lot S32",
    "vehicle_chassis_no": "242378P338611"
  },
  {
    "lot_source_link": "https://www.mecum.com/lots/402373/2006-maserati-quattroporte-executive-gt/?aa_id=260325-0",
    "lot_code": "Lot S32.1",
    "vehicle_chassis_no": "ZAMCE39A360021165"
  },
  {
    "lot_source_link": "https://www.mecum.com/lots/384615/2007-mercedes-benz-clk550-convertible/?aa_id=250301-0",
    "lot_code": "Lot S33",
    "vehicle_chassis_no": "WDBTK72GX7T079470"
  },
  {
    "lot_source_link": "https://www.mecum.com/lots/384616/1975-chevrolet-cosworth-vega/?aa_id=250302-0",
    "lot_code": "Lot S34",
    "vehicle_chassis_no": "1V77E5U192788"
  },
  {
    "lot_source_link": "https://www.mecum.com/lots/384617/1955-chevrolet-210/?aa_id=250303-0",
    "lot_code": "Lot S35",
    "vehicle_chassis_no": "B55N240558"
  },
  {
    "lot_source_link": "https://www.mecum.com/lots/384618/1967-ford-f100-pickup/?aa_id=250304-0",
    "lot_code": "Lot S36",
    "vehicle_chassis_no": "F10BDA70046"
  },
  {
    "lot_source_link": "https://www.mecum.com/lots/384619/1964-ford-falcon-convertible/?aa_id=250305-0",
    "lot_code": "Lot S37",
    "vehicle_chassis_no": "4H15U208151"
  },
  {
    "lot_source_link": "https://www.mecum.com/lots/384620/1968-chevrolet-camaro/?aa_id=250306-0",
    "lot_code": "Lot S38",
    "vehicle_chassis_no": "124378N415102"
  },
  {
    "lot_source_link": "https://www.mecum.com/lots/384621/2008-audi-a4-convertible/?aa_id=250307-0",
    "lot_code": "Lot S39",
    "vehicle_chassis_no": "WAUAF48H88K009286"
  },
  {
    "lot_source_link": "https://www.mecum.com/lots/402340/1967-ford-mustang-fastback/?aa_id=260294-0",
    "lot_code": "Lot S40.1",
    "vehicle_chassis_no": "7R02C190409"
  },
  {
    "lot_source_link": "https://www.mecum.com/lots/384623/1969-chevrolet-corvette-convertible/?aa_id=250308-0",
    "lot_code": "Lot S41",
    "vehicle_chassis_no": "194679S718483"
  },
  {
    "lot_source_link": "https://www.mecum.com/lots/384624/1963-ford-falcon-futura-convertible/?aa_id=250309-0",
    "lot_code": "Lot S42",
    "vehicle_chassis_no": "3H15U250493"
  },
  {
    "lot_source_link": "https://www.mecum.com/lots/384625/1968-ford-galaxie-convertible/?aa_id=250310-0",
    "lot_code": "Lot S43",
    "vehicle_chassis_no": "8W57F226826"
  },
  {
    "lot_source_link": "https://www.mecum.com/lots/384626/1999-ford-mustang/?aa_id=250311-0",
    "lot_code": "Lot S44",
    "vehicle_chassis_no": "1FAFP404XXF132907"
  },
  {
    "lot_source_link": "https://www.mecum.com/lots/384627/1976-international-scout-pickup/?aa_id=250312-0",
    "lot_code": "Lot S45",
    "vehicle_chassis_no": "F0062FGD33531"
  },
  {
    "lot_source_link": "https://www.mecum.com/lots/384629/2009-mercedes-benz-sl550-convertible/?aa_id=250313-0",
    "lot_code": "Lot S47",
    "vehicle_chassis_no": "WDBSK71F69F143462"
  },
  {
    "lot_source_link": "https://www.mecum.com/lots/384630/1970-ford-torino/?aa_id=250314-0",
    "lot_code": "Lot S48",
    "vehicle_chassis_no": "0A30H246104"
  },
  {
    "lot_source_link": "https://www.mecum.com/lots/384632/2009-mercedes-benz-clk350-convertible/?aa_id=250315-0",
    "lot_code": "Lot S50",
    "vehicle_chassis_no": "WDBTK56F39F259977"
  },
  {
    "lot_source_link": "https://www.mecum.com/lots/384633/1967-dodge-coronet-r-t/?aa_id=250316-0",
    "lot_code": "Lot S51",
    "vehicle_chassis_no": "WS23L77177802"
  },
  {
    "lot_source_link": "https://www.mecum.com/lots/384635/1966-cadillac-limousine/?aa_id=250317-0",
    "lot_code": "Lot S53",
    "vehicle_chassis_no": "S6160681"
  },
  {
    "lot_source_link": "https://www.mecum.com/lots/384637/1969-chevrolet-corvette-convertible/?aa_id=250318-0",
    "lot_code": "Lot S55",
    "vehicle_chassis_no": "GA66000"
  },
  {
    "lot_source_link": "https://www.mecum.com/lots/384639/2001-ford-mustang-saleen/?aa_id=250319-0",
    "lot_code": "Lot S57",
    "vehicle_chassis_no": "1FAFP42X41F132271"
  },
  {
    "lot_source_link": "https://www.mecum.com/lots/384640/1987-chevrolet-c10-pickup/?aa_id=250320-0",
    "lot_code": "Lot S58",
    "vehicle_chassis_no": "1GCDR14KXHF371751"
  },
  {
    "lot_source_link": "https://www.mecum.com/lots/384642/2007-bmw-650i-convertible/?aa_id=250321-0",
    "lot_code": "Lot S60",
    "vehicle_chassis_no": "WBAEK13517CN83522"
  },
  {
    "lot_source_link": "https://www.mecum.com/lots/384643/1971-pontiac-gto-convertible/?aa_id=250322-0",
    "lot_code": "Lot S61",
    "vehicle_chassis_no": "242671P101057"
  },
  {
    "lot_source_link": "https://www.mecum.com/lots/384644/1968-chevrolet-camaro/?aa_id=250323-0",
    "lot_code": "Lot S62",
    "vehicle_chassis_no": "124378N369371"
  },
  {
    "lot_source_link": "https://www.mecum.com/lots/384645/2001-chrysler-prowler-mulholland-edition/?aa_id=250324-0",
    "lot_code": "Lot S63",
    "vehicle_chassis_no": "1C3EW65G61V703768"
  },
  {
    "lot_source_link": "https://www.mecum.com/lots/384646/1949-mg-tc-roadster/?aa_id=250325-0",
    "lot_code": "Lot S64",
    "vehicle_chassis_no": "XPAG10215"
  },
  {
    "lot_source_link": "https://www.mecum.com/lots/384647/2005-land-rover-lr3/?aa_id=250326-0",
    "lot_code": "Lot S65",
    "vehicle_chassis_no": "SALAE25425A335008"
  },
  {
    "lot_source_link": "https://www.mecum.com/lots/384648/1934-nash-street-rod/?aa_id=250327-0",
    "lot_code": "Lot S66",
    "vehicle_chassis_no": "E38904"
  },
  {
    "lot_source_link": "https://www.mecum.com/lots/384650/1967-pontiac-gto/?aa_id=250328-0",
    "lot_code": "Lot S68",
    "vehicle_chassis_no": "242177Z128737"
  },
  {
    "lot_source_link": "https://www.mecum.com/lots/384651/1966-chevrolet-c10-pickup/?aa_id=250329-0",
    "lot_code": "Lot S69",
    "vehicle_chassis_no": "C1446T128947"
  },
  {
    "lot_source_link": "https://www.mecum.com/lots/384652/2007-mercedes-benz-sl550-convertible/?aa_id=250330-0",
    "lot_code": "Lot S70",
    "vehicle_chassis_no": "WDBSK71F77F128109"
  },
  {
    "lot_source_link": "https://www.mecum.com/lots/400326/1955-chevrolet-bel-air-convertible/?aa_id=259316-0",
    "lot_code": "Lot S71.1",
    "vehicle_chassis_no": "VC55A012634"
  },
  {
    "lot_source_link": "https://www.mecum.com/lots/384654/2015-ford-mustang-gt/?aa_id=250331-0",
    "lot_code": "Lot S72",
    "vehicle_chassis_no": "1FA6P8CF4F5301280"
  },
  {
    "lot_source_link": "https://www.mecum.com/lots/384655/1966-chevrolet-chevelle-ss/?aa_id=250332-0",
    "lot_code": "Lot S73",
    "vehicle_chassis_no": "138176Z110595"
  },
  {
    "lot_source_link": "https://www.mecum.com/lots/400328/1937-ford-5-window-coupe-street-rod/?aa_id=259317-0",
    "lot_code": "Lot S74.1",
    "vehicle_chassis_no": "183369563"
  },
  {
    "lot_source_link": "https://www.mecum.com/lots/384657/1936-chrysler-airflow-c9/?aa_id=250333-0",
    "lot_code": "Lot S75",
    "vehicle_chassis_no": "6607444"
  },
  {
    "lot_source_link": "https://www.mecum.com/lots/384659/1960-pontiac-bonneville-bubble-top/?aa_id=250334-0",
    "lot_code": "Lot S77",
    "vehicle_chassis_no": "860S7834"
  },
  {
    "lot_source_link": "https://www.mecum.com/lots/384660/1994-chevrolet-corvette-convertible/?aa_id=250335-0",
    "lot_code": "Lot S78",
    "vehicle_chassis_no": "1G1YY32P2R5111374"
  },
  {
    "lot_source_link": "https://www.mecum.com/lots/384661/1966-chevrolet-chevelle/?aa_id=250336-0",
    "lot_code": "Lot S79",
    "vehicle_chassis_no": "136176F116807"
  },
  {
    "lot_source_link": "https://www.mecum.com/lots/402333/1970-chevrolet-chevelle-ss-convertible/?aa_id=260289-0",
    "lot_code": "Lot S79.1",
    "vehicle_chassis_no": "136670L197552"
  },
  {
    "lot_source_link": "https://www.mecum.com/lots/400361/1966-chevrolet-corvette-convertible/?aa_id=259342-0",
    "lot_code": "Lot S80.1",
    "vehicle_chassis_no": "194676S112410"
  },
  {
    "lot_source_link": "https://www.mecum.com/lots/384663/1993-chevrolet-corvette-40th-anniversary/?aa_id=250337-0",
    "lot_code": "Lot S81",
    "vehicle_chassis_no": "1G1YY23P3P5117531"
  },
  {
    "lot_source_link": "https://www.mecum.com/lots/384665/1957-ford-thunderbird/?aa_id=250338-0",
    "lot_code": "Lot S83",
    "vehicle_chassis_no": "D7FH329728"
  },
  {
    "lot_source_link": "https://www.mecum.com/lots/384666/2002-ford-thunderbird/?aa_id=250339-0",
    "lot_code": "Lot S84",
    "vehicle_chassis_no": "1FAHP60A72Y109799"
  },
  {
    "lot_source_link": "https://www.mecum.com/lots/384667/1965-dodge-dart-gt/?aa_id=250340-0",
    "lot_code": "Lot S85",
    "vehicle_chassis_no": "L452523465"
  },
  {
    "lot_source_link": "https://www.mecum.com/lots/384668/2002-ford-mustang-convertible/?aa_id=250341-0",
    "lot_code": "Lot S86",
    "vehicle_chassis_no": "1FAFP44432F226999"
  },
  {
    "lot_source_link": "https://www.mecum.com/lots/384669/2001-am-general-hummer/?aa_id=250342-0",
    "lot_code": "Lot S87",
    "vehicle_chassis_no": "137ZA843X1E190937"
  },
  {
    "lot_source_link": "https://www.mecum.com/lots/384670/1969-chevrolet-camaro-z28/?aa_id=250343-0",
    "lot_code": "Lot S88",
    "vehicle_chassis_no": "124379N622553"
  },
  {
    "lot_source_link": "https://www.mecum.com/lots/384671/1968-international-travelette-pickup/?aa_id=250344-0",
    "lot_code": "Lot S89",
    "vehicle_chassis_no": "783204H755364"
  },
  {
    "lot_source_link": "https://www.mecum.com/lots/384672/1968-chevrolet-camaro/?aa_id=250345-0",
    "lot_code": "Lot S90",
    "vehicle_chassis_no": "124378L334285"
  },
  {
    "lot_source_link": "https://www.mecum.com/lots/400333/1978-volkswagen-westfalia-camper-bus/?aa_id=259320-0",
    "lot_code": "Lot S90.1",
    "vehicle_chassis_no": "2382069364"
  },
  {
    "lot_source_link": "https://www.mecum.com/lots/384673/2015-ford-shelby-gt350/?aa_id=250346-0",
    "lot_code": "Lot S91",
    "vehicle_chassis_no": "1FA6P8JZ7F5520070"
  },
  {
    "lot_source_link": "https://www.mecum.com/lots/400247/1968-oldsmobile-toronado/?aa_id=259257-0",
    "lot_code": "Lot S92",
    "vehicle_chassis_no": "394878M601918"
  },
  {
    "lot_source_link": "https://www.mecum.com/lots/384675/1969-pontiac-gto-convertible/?aa_id=250347-0",
    "lot_code": "Lot S93",
    "vehicle_chassis_no": "242679B176530"
  },
  {
    "lot_source_link": "https://www.mecum.com/lots/384676/1970-chevrolet-chevelle-ss/?aa_id=250348-0",
    "lot_code": "Lot S94",
    "vehicle_chassis_no": "1363701540552"
  },
  {
    "lot_source_link": "https://www.mecum.com/lots/384678/2010-bentley-continental-gtc/?aa_id=250349-0",
    "lot_code": "Lot S96",
    "vehicle_chassis_no": "SCBDP3ZA1AC062469"
  },
  {
    "lot_source_link": "https://www.mecum.com/lots/384679/2002-chevrolet-monte-carlo-earnhardt-edition/?aa_id=250350-0",
    "lot_code": "Lot S97",
    "vehicle_chassis_no": "2G1WX15K929182398"
  },
  {
    "lot_source_link": "https://www.mecum.com/lots/384680/2010-chevrolet-camaro-ss/?aa_id=250351-0",
    "lot_code": "Lot S98",
    "vehicle_chassis_no": "2G1FT1EW1A9157668"
  },
  {
    "lot_source_link": "https://www.mecum.com/lots/384681/1963-chevrolet-corvette-convertible/?aa_id=250352-0",
    "lot_code": "Lot S99",
    "vehicle_chassis_no": "30867S111196"
  },
  {
    "lot_source_link": "https://www.mecum.com/lots/384682/1979-pontiac-trans-am-se/?aa_id=250353-0",
    "lot_code": "Lot S100",
    "vehicle_chassis_no": "2W87K9L175095"
  },
  {
    "lot_source_link": "https://www.mecum.com/lots/384683/1967-chevrolet-corvette-convertible/?aa_id=250354-0",
    "lot_code": "Lot S101",
    "vehicle_chassis_no": "194677S106856"
  },
  {
    "lot_source_link": "https://www.mecum.com/lots/384685/2004-porsche-cayenne/?aa_id=250355-0",
    "lot_code": "Lot S103",
    "vehicle_chassis_no": "WP1AB29P64LA66534"
  },
  {
    "lot_source_link": "https://www.mecum.com/lots/384686/1970-chevrolet-chevelle-ls6/?aa_id=250356-0",
    "lot_code": "Lot S104",
    "vehicle_chassis_no": "136370B148471"
  },
  {
    "lot_source_link": "https://www.mecum.com/lots/384687/1973-chevrolet-camaro/?aa_id=250357-0",
    "lot_code": "Lot S105",
    "vehicle_chassis_no": "1Q87H3N115358"
  },
  {
    "lot_source_link": "https://www.mecum.com/lots/384688/1941-chevrolet-special-deluxe-business-coupe/?aa_id=250358-0",
    "lot_code": "Lot S106",
    "vehicle_chassis_no": "AA300417"
  },
  {
    "lot_source_link": "https://www.mecum.com/lots/384689/1964-ford-galaxie-500-lightweight/?aa_id=250359-0",
    "lot_code": "Lot S107",
    "vehicle_chassis_no": "4A66R133125"
  },
  {
    "lot_source_link": "https://www.mecum.com/lots/384690/1933-ford-sedan-street-rod/?aa_id=250360-0",
    "lot_code": "Lot S108",
    "vehicle_chassis_no": "377475"
  },
  {
    "lot_source_link": "https://www.mecum.com/lots/384691/1970-chevrolet-chevelle-ls6/?aa_id=250361-0",
    "lot_code": "Lot S109",
    "vehicle_chassis_no": "136370A130837"
  },
  {
    "lot_source_link": "https://www.mecum.com/lots/384692/1954-ford-crestline-skyliner/?aa_id=250362-0",
    "lot_code": "Lot S110",
    "vehicle_chassis_no": "U4RF108891"
  },
  {
    "lot_source_link": "https://www.mecum.com/lots/384693/1972-buick-gs-stage-1/?aa_id=250363-0",
    "lot_code": "Lot S111",
    "vehicle_chassis_no": "4G37V2Z118521"
  },
  {
    "lot_source_link": "https://www.mecum.com/lots/384694/1969-chevrolet-chevelle/?aa_id=250364-0",
    "lot_code": "Lot S112",
    "vehicle_chassis_no": "136379K378156"
  },
  {
    "lot_source_link": "https://www.mecum.com/lots/402341/1955-chevrolet-bel-air/?aa_id=260295-0",
    "lot_code": "Lot S112.1",
    "vehicle_chassis_no": "VC55J070339"
  },
  {
    "lot_source_link": "https://www.mecum.com/lots/384695/1957-ford-thunderbird-e-code/?aa_id=250365-0",
    "lot_code": "Lot S113",
    "vehicle_chassis_no": "E7FH395296"
  },
  {
    "lot_source_link": "https://www.mecum.com/lots/384696/1931-ford-model-a-chicago-police-paddy-wagon/?aa_id=250366-0",
    "lot_code": "Lot S114",
    "vehicle_chassis_no": "4845767"
  },
  {
    "lot_source_link": "https://www.mecum.com/lots/384697/2000-ford-f150-harley-davidson-edition/?aa_id=250367-0",
    "lot_code": "Lot S115",
    "vehicle_chassis_no": "2FTRX07L1YCA98026"
  },
  {
    "lot_source_link": "https://www.mecum.com/lots/384698/2006-nissan-titan-se-pickup/?aa_id=250368-0",
    "lot_code": "Lot S116",
    "vehicle_chassis_no": "1N6BA06A06N519323"
  },
  {
    "lot_source_link": "https://www.mecum.com/lots/384699/2010-mini-cooper/?aa_id=250369-0",
    "lot_code": "Lot S117",
    "vehicle_chassis_no": "WMWMF3C55ATU78310"
  },
  {
    "lot_source_link": "https://www.mecum.com/lots/384700/1951-buick-riviera-hardtop/?aa_id=250370-0",
    "lot_code": "Lot S118",
    "vehicle_chassis_no": "16416509"
  },
  {
    "lot_source_link": "https://www.mecum.com/lots/384701/2007-ford-mustang-gt-saleen-parnelli-jones/?aa_id=250371-0",
    "lot_code": "Lot S119",
    "vehicle_chassis_no": "1ZVFT82H675293013"
  },
  {
    "lot_source_link": "https://www.mecum.com/lots/394196/1969-ford-mustang-boss-429-fastback/?aa_id=256247-0",
    "lot_code": "Lot S120",
    "vehicle_chassis_no": "9F02Z195394"
  },
  {
    "lot_source_link": "https://www.mecum.com/lots/384703/1990-chevrolet-k5-blazer/?aa_id=250372-0",
    "lot_code": "Lot S121",
    "vehicle_chassis_no": "1GNEV18K3LF167982"
  },
  {
    "lot_source_link": "https://www.mecum.com/lots/384704/1957-ford-thunderbird-f-code/?aa_id=250373-0",
    "lot_code": "Lot S122",
    "vehicle_chassis_no": "F7FH342055"
  },
  {
    "lot_source_link": "https://www.mecum.com/lots/LS19-384705/1938-chevrolet-master-deluxe/?aa_id=250374-0",
    "lot_code": "Lot S123",
    "vehicle_chassis_no": "3HA0427331"
  },
  {
    "lot_source_link": "https://www.mecum.com/lots/384706/2002-ford-thunderbird-convertible/?aa_id=250375-0",
    "lot_code": "Lot S124",
    "vehicle_chassis_no": "1FAHP60A62Y108448"
  },
  {
    "lot_source_link": "https://www.mecum.com/lots/384707/1979-volkswagen-super-beetle-epilogue-edition/?aa_id=250376-0",
    "lot_code": "Lot S125",
    "vehicle_chassis_no": "1592040356"
  },
  {
    "lot_source_link": "https://www.mecum.com/lots/384708/1940-ford-coupe-street-rod/?aa_id=250377-0",
    "lot_code": "Lot S126",
    "vehicle_chassis_no": "185471653"
  },
  {
    "lot_source_link": "https://www.mecum.com/lots/384709/1966-chevrolet-corvette-coupe/?aa_id=250378-0",
    "lot_code": "Lot S127",
    "vehicle_chassis_no": "194376S121539"
  },
  {
    "lot_source_link": "https://www.mecum.com/lots/384710/1969-chevrolet-camaro-ss/?aa_id=250379-0",
    "lot_code": "Lot S128",
    "vehicle_chassis_no": "124379N686236"
  },
  {
    "lot_source_link": "https://www.mecum.com/lots/384711/1963-chevrolet-impala/?aa_id=250380-0",
    "lot_code": "Lot S129",
    "vehicle_chassis_no": "31847S258451"
  },
  {
    "lot_source_link": "https://www.mecum.com/lots/384712/1998-chevrolet-corvette-convertible/?aa_id=250381-0",
    "lot_code": "Lot S130",
    "vehicle_chassis_no": "1G1YY32G4W5126499"
  },
  {
    "lot_source_link": "https://www.mecum.com/lots/384713/1996-chevrolet-corvette-convertible/?aa_id=250382-0",
    "lot_code": "Lot S131",
    "vehicle_chassis_no": "1G1YY32P9T5111606"
  },
  {
    "lot_source_link": "https://www.mecum.com/lots/384714/1970-chevrolet-chevelle/?aa_id=250383-0",
    "lot_code": "Lot S132",
    "vehicle_chassis_no": "136370R202816"
  },
  {
    "lot_source_link": "https://www.mecum.com/lots/384715/2004-cadillac-srx/?aa_id=250384-0",
    "lot_code": "Lot S133",
    "vehicle_chassis_no": "1GYEE637840158010"
  },
  {
    "lot_source_link": "https://www.mecum.com/lots/384716/1958-cadillac-eldorado-biarritz-convertible/?aa_id=250385-0",
    "lot_code": "Lot S134",
    "vehicle_chassis_no": "58E024293"
  },
  {
    "lot_source_link": "https://www.mecum.com/lots/384718/1962-chevrolet-corvette-convertible/?aa_id=250386-0",
    "lot_code": "Lot S136",
    "vehicle_chassis_no": "20867S105534"
  },
  {
    "lot_source_link": "https://www.mecum.com/lots/402362/1968-chevrolet-chevelle-ss/?aa_id=260314-0",
    "lot_code": "Lot S137.1",
    "vehicle_chassis_no": "138378A165554"
  },
  {
    "lot_source_link": "https://www.mecum.com/lots/384720/1999-chevrolet-custom-pickup/?aa_id=250387-0",
    "lot_code": "Lot S138",
    "vehicle_chassis_no": "2GCEC19T3X1210767"
  },
  {
    "lot_source_link": "https://www.mecum.com/lots/384721/1957-chevrolet-bel-air/?aa_id=250388-0",
    "lot_code": "Lot S139",
    "vehicle_chassis_no": "VC57N218449"
  },
  {
    "lot_source_link": "https://www.mecum.com/lots/384722/1969-chevrolet-camaro/?aa_id=250389-0",
    "lot_code": "Lot S140",
    "vehicle_chassis_no": "124379N541700"
  },
  {
    "lot_source_link": "https://www.mecum.com/lots/384723/2012-mini-cooper-convertible/?aa_id=250390-0",
    "lot_code": "Lot S141",
    "vehicle_chassis_no": "WMWZN3C57CT135199"
  },
  {
    "lot_source_link": "https://www.mecum.com/lots/384724/1957-chevrolet-nomad/?aa_id=250391-0",
    "lot_code": "Lot S142",
    "vehicle_chassis_no": "VC57L132691"
  },
  {
    "lot_source_link": "https://www.mecum.com/lots/384725/1956-chevrolet-210-resto-mod/?aa_id=250392-0",
    "lot_code": "Lot S143",
    "vehicle_chassis_no": "B56N149259"
  },
  {
    "lot_source_link": "https://www.mecum.com/lots/384726/2011-ford-shelby-gt350/?aa_id=250393-0",
    "lot_code": "Lot S144",
    "vehicle_chassis_no": "1ZVBP8CF9B5154938"
  },
  {
    "lot_source_link": "https://www.mecum.com/lots/384727/2018-ford-shelby-gt350/?aa_id=250394-0",
    "lot_code": "Lot S145",
    "vehicle_chassis_no": "1FA6P8JZ6J5503110"
  },
  {
    "lot_source_link": "https://www.mecum.com/lots/384728/2002-pontiac-trans-am-collector-edition/?aa_id=250395-0",
    "lot_code": "Lot S146",
    "vehicle_chassis_no": "2G2FV32G122144749"
  },
  {
    "lot_source_link": "https://www.mecum.com/lots/384729/1961-chevrolet-corvette-convertible/?aa_id=250396-0",
    "lot_code": "Lot S147",
    "vehicle_chassis_no": "10867S102204"
  },
  {
    "lot_source_link": "https://www.mecum.com/lots/384730/1972-chevrolet-camaro/?aa_id=250397-0",
    "lot_code": "Lot S148",
    "vehicle_chassis_no": "1Q87F2N139205"
  },
  {
    "lot_source_link": "https://www.mecum.com/lots/384731/2005-chevrolet-silverado-pickup/?aa_id=250398-0",
    "lot_code": "Lot S149",
    "vehicle_chassis_no": "1GCEK14T15Z243765"
  },
  {
    "lot_source_link": "https://www.mecum.com/lots/384732/1988-chevrolet-caprice-batmobile-replica/?aa_id=250399-0",
    "lot_code": "Lot S150",
    "vehicle_chassis_no": "1G1BL51H1JR201347"
  },
  {
    "lot_source_link": "https://www.mecum.com/lots/384733/1984-chevrolet-corvette-coupe/?aa_id=250400-0",
    "lot_code": "Lot S151",
    "vehicle_chassis_no": "1G1AY0789E5130435"
  },
  {
    "lot_source_link": "https://www.mecum.com/lots/384734/1964-ford-galaxie/?aa_id=250401-0",
    "lot_code": "Lot S152",
    "vehicle_chassis_no": "4U66C158657"
  },
  {
    "lot_source_link": "https://www.mecum.com/lots/384735/1955-chrysler-windsor-newport-deluxe/?aa_id=250402-0",
    "lot_code": "Lot S153",
    "vehicle_chassis_no": "W55L2583"
  },
  {
    "lot_source_link": "https://www.mecum.com/lots/384736/1940-oldsmobile-70-series-club-coupe/?aa_id=250403-0",
    "lot_code": "Lot S154",
    "vehicle_chassis_no": "G367670"
  },
  {
    "lot_source_link": "https://www.mecum.com/lots/384737/1955-ford-fairlane-club-sedan/?aa_id=250404-0",
    "lot_code": "Lot S155",
    "vehicle_chassis_no": "U5AT104441"
  },
  {
    "lot_source_link": "https://www.mecum.com/lots/384738/1968-buick-skylark/?aa_id=250405-0",
    "lot_code": "Lot S156",
    "vehicle_chassis_no": "433278H367023"
  },
  {
    "lot_source_link": "https://www.mecum.com/lots/384739/1934-ford-sedan/?aa_id=250406-0",
    "lot_code": "Lot S157",
    "vehicle_chassis_no": "C18T3135"
  },
  {
    "lot_source_link": "https://www.mecum.com/lots/384740/1967-chevrolet-camaro/?aa_id=250407-0",
    "lot_code": "Lot S158",
    "vehicle_chassis_no": "124377N110060"
  },
  {
    "lot_source_link": "https://www.mecum.com/lots/384741/1956-plymouth-belvedere-sedan/?aa_id=250408-0",
    "lot_code": "Lot S159",
    "vehicle_chassis_no": "22259818"
  },
  {
    "lot_source_link": "https://www.mecum.com/lots/384742/1932-ford-5-window-coupe-street-rod/?aa_id=250409-0",
    "lot_code": "Lot S160",
    "vehicle_chassis_no": "508682286"
  },
  {
    "lot_source_link": "https://www.mecum.com/lots/384743/1940-chevrolet-street-rod/?aa_id=250410-0",
    "lot_code": "Lot S161",
    "vehicle_chassis_no": "401011M23800"
  },
  {
    "lot_source_link": "https://www.mecum.com/lots/384744/1961-ford-f100-pickup/?aa_id=250411-0",
    "lot_code": "Lot S162",
    "vehicle_chassis_no": "F10CK123903"
  },
  {
    "lot_source_link": "https://www.mecum.com/lots/384746/1977-dodge-d100-warlock-pickup/?aa_id=250412-0",
    "lot_code": "Lot S164",
    "vehicle_chassis_no": "D13BE7S094596"
  },
  {
    "lot_source_link": "https://www.mecum.com/lots/384747/1999-gmc-sonoma-pickup/?aa_id=250413-0",
    "lot_code": "Lot S165",
    "vehicle_chassis_no": "1GTCS1446XK513181"
  },
  {
    "lot_source_link": "https://www.mecum.com/lots/384748/1941-chevrolet-custom/?aa_id=250414-0",
    "lot_code": "Lot S166",
    "vehicle_chassis_no": "3AH0768760"
  },
  {
    "lot_source_link": "https://www.mecum.com/lots/384749/1977-toyota-fj-40-land-cruiser/?aa_id=250415-0",
    "lot_code": "Lot S167",
    "vehicle_chassis_no": "FJ40905001"
  },
  {
    "lot_source_link": "https://www.mecum.com/lots/384750/1967-chevrolet-camaro-rs-ss/?aa_id=250416-0",
    "lot_code": "Lot S168",
    "vehicle_chassis_no": "124377N249180"
  },
  {
    "lot_source_link": "https://www.mecum.com/lots/384751/1962-jaguar-mk-ii/?aa_id=250417-0",
    "lot_code": "Lot S169",
    "vehicle_chassis_no": "P219672BW"
  },
  {
    "lot_source_link": "https://www.mecum.com/lots/384752/1960-cadillac-fleetwood/?aa_id=250418-0",
    "lot_code": "Lot S170",
    "vehicle_chassis_no": "60J027343"
  },
  {
    "lot_source_link": "https://www.mecum.com/lots/384753/1934-ford-street-rod/?aa_id=250419-0",
    "lot_code": "Lot S171",
    "vehicle_chassis_no": "806139"
  },
  {
    "lot_source_link": "https://www.mecum.com/lots/384760/2008-bmw-328i/?aa_id=250420-0",
    "lot_code": "Lot S178",
    "vehicle_chassis_no": "WBAVC53518FZ88834"
  },
  {
    "lot_source_link": "https://www.mecum.com/lots/384833/1968-chevrolet-malibu/?aa_id=250421-0",
    "lot_code": "Lot S251",
    "vehicle_chassis_no": "136378K213845"
  },
  {
    "lot_source_link": "https://www.mecum.com/lots/384834/2007-ford-shelby-gt/?aa_id=250422-0",
    "lot_code": "Lot S252",
    "vehicle_chassis_no": "1ZVHT82H075309389"
  },
  {
    "lot_source_link": "https://www.mecum.com/lots/384835/2005-ford-excursion/?aa_id=250423-0",
    "lot_code": "Lot S253",
    "vehicle_chassis_no": "1FMSU43P25EA12878"
  },
  {
    "lot_source_link": "https://www.mecum.com/lots/384836/2011-volvo-c70-convertible/?aa_id=250424-0",
    "lot_code": "Lot S254",
    "vehicle_chassis_no": "YV1672MC9BJ118898"
  },
  {
    "lot_source_link": "https://www.mecum.com/lots/384837/2009-mercedes-benz-ml350/?aa_id=250425-0",
    "lot_code": "Lot S255",
    "vehicle_chassis_no": "4JGBB86EX9A478465"
  },
  {
    "lot_source_link": "https://www.mecum.com/lots/384838/2012-porsche-panamera/?aa_id=250426-0",
    "lot_code": "Lot S256",
    "vehicle_chassis_no": "WP0AA2A70CL010636"
  },
  {
    "lot_source_link": "https://www.mecum.com/lots/384839/2002-chevrolet-monte-carlo/?aa_id=250427-0",
    "lot_code": "Lot S257",
    "vehicle_chassis_no": "2G1WX15K229241372"
  },
  {
    "lot_source_link": "https://www.mecum.com/lots/384840/2013-jeep-wrangler-unlimited-rubicon/?aa_id=250428-0",
    "lot_code": "Lot S258",
    "vehicle_chassis_no": "1C4BJWFG5DL584641"
  },
  {
    "lot_source_link": "https://www.mecum.com/lots/384841/1994-chevrolet-corvette-coupe/?aa_id=250429-0",
    "lot_code": "Lot S259",
    "vehicle_chassis_no": "1G1YY22PXR5118633"
  },
  {
    "lot_source_link": "https://www.mecum.com/lots/384842/1984-gmc-c15-pickup/?aa_id=250430-0",
    "lot_code": "Lot S260",
    "vehicle_chassis_no": "1GTDC14H0EF705383"
  },
  {
    "lot_source_link": "https://www.mecum.com/lots/384843/2008-mercedes-benz-s550-sedan/?aa_id=250431-0",
    "lot_code": "Lot S261",
    "vehicle_chassis_no": "WDDNG86X28A188942"
  },
  {
    "lot_source_link": "https://www.mecum.com/lots/384844/2006-mercedes-benz-slk280-convertible/?aa_id=250432-0",
    "lot_code": "Lot S262",
    "vehicle_chassis_no": "WDBWK54F76F099503"
  },
  {
    "lot_source_link": "https://www.mecum.com/lots/384850/2005-dodge-2500-pickup/?aa_id=250433-0",
    "lot_code": "Lot S268",
    "vehicle_chassis_no": "3D3KS28D05G733147"
  },
  {
    "lot_source_link": "https://www.mecum.com/lots/384854/2008-mercedes-benz-clk350/?aa_id=250434-0",
    "lot_code": "Lot S272",
    "vehicle_chassis_no": "WDBTK56F88F236970"
  },
  {
    "lot_source_link": "https://www.mecum.com/lots/384860/2009-mercedes-benz-cls550/?aa_id=250435-0",
    "lot_code": "Lot S278",
    "vehicle_chassis_no": "WDDDJ72X59A153939"
  },
  {
    "lot_source_link": "https://www.mecum.com/lots/384866/2009-mercedes-benz-r350/?aa_id=250436-0",
    "lot_code": "Lot S284",
    "vehicle_chassis_no": "4JGCB65E79A090684"
  },
  {
    "lot_source_link": "https://www.mecum.com/lots/384870/2008-jeep-wrangler/?aa_id=250437-0",
    "lot_code": "Lot S288",
    "vehicle_chassis_no": "1J4FA54198L621474"
  }
]