[
  {
    "lot_source_link": "https://www.mecum.com/lots/1127888/1974-pontiac-firebird-formula/?aa_id=618252-0",
    "lot_code": "Lot S163",
    "vehicle_chassis_no": "2U87N4N148043"
  },
  {
    "lot_source_link": "https://www.mecum.com/lots/1126467/1974-detomaso-pantera-gts/?aa_id=614113-0",
    "lot_code": "Lot S162",
    "vehicle_chassis_no": "THGTPL07165"
  },
  {
    "lot_source_link": "https://www.mecum.com/lots/1126466/2006-ford-gt/?aa_id=614112-0",
    "lot_code": "Lot S161",
    "vehicle_chassis_no": "1FAFP90S36Y401084"
  },
  {
    "lot_source_link": "https://www.mecum.com/lots/1124784/1966-chevrolet-nova/?aa_id=614114-0",
    "lot_code": "Lot S159",
    "vehicle_chassis_no": "116376W132737"
  },
  {
    "lot_source_link": "https://www.mecum.com/lots/1125396/1969-chevrolet-camaro/?aa_id=607415-0",
    "lot_code": "Lot S158",
    "vehicle_chassis_no": "123379N706700"
  },
  {
    "lot_source_link": "https://www.mecum.com/lots/1125546/1953-chevrolet-bel-air-coupe/?aa_id=610734-0",
    "lot_code": "Lot S153",
    "vehicle_chassis_no": "C53S211369"
  },
  {
    "lot_source_link": "https://www.mecum.com/lots/1123839/1968-pontiac-gto/?aa_id=611257-0",
    "lot_code": "Lot S152",
    "vehicle_chassis_no": "242378Z100085"
  },
  {
    "lot_source_link": "https://www.mecum.com/lots/1126148/1968-shelby-gt500-convertible/?aa_id=613394-0",
    "lot_code": "Lot S151",
    "vehicle_chassis_no": "8T03S174945"
  },
  {
    "lot_source_link": "https://www.mecum.com/lots/1124908/1969-shelby-gt350-convertible/?aa_id=606979-0",
    "lot_code": "Lot S148",
    "vehicle_chassis_no": "9F03M481288"
  },
  {
    "lot_source_link": "https://www.mecum.com/lots/1121389/2018-bentley-bentayga-onyx-edition/?aa_id=615742-0",
    "lot_code": "Lot S146",
    "vehicle_chassis_no": "SJAAC2ZV4JC022297"
  },
  {
    "lot_source_link": "https://www.mecum.com/lots/1125230/1968-chevrolet-camaro-convertible/?aa_id=611962-0",
    "lot_code": "Lot S144",
    "vehicle_chassis_no": "124678N428586"
  },
  {
    "lot_source_link": "https://www.mecum.com/lots/1109782/1969-chevrolet-camaro-rs-z28/?aa_id=597619-0",
    "lot_code": "Lot S143",
    "vehicle_chassis_no": "124379L520179"
  },
  {
    "lot_source_link": "https://www.mecum.com/lots/1122382/1970-oldsmobile-442-convertible/?aa_id=603377-0",
    "lot_code": "Lot S141",
    "vehicle_chassis_no": "344670M284474"
  },
  {
    "lot_source_link": "https://www.mecum.com/lots/1121408/1970-chevrolet-chevelle-convertible/?aa_id=597625-0",
    "lot_code": "Lot S139",
    "vehicle_chassis_no": "136670B147029"
  },
  {
    "lot_source_link": "https://www.mecum.com/lots/1124646/1967-ford-mustang-custom-fastback/?aa_id=605919-0",
    "lot_code": "Lot S138",
    "vehicle_chassis_no": "7R02C214335"
  },
  {
    "lot_source_link": "https://www.mecum.com/lots/1123667/1969-chevrolet-camaro/?aa_id=604257-0",
    "lot_code": "Lot S137",
    "vehicle_chassis_no": "124379L508531"
  },
  {
    "lot_source_link": "https://www.mecum.com/lots/1123831/1965-ford-mustang-fastback/?aa_id=610780-0",
    "lot_code": "Lot S136",
    "vehicle_chassis_no": "5R09T256368"
  },
  {
    "lot_source_link": "https://www.mecum.com/lots/1121387/2012-porsche-cayenne-turbo/?aa_id=616120-0",
    "lot_code": "Lot S135",
    "vehicle_chassis_no": "WP1AC2A21CLA83561"
  },
  {
    "lot_source_link": "https://www.mecum.com/lots/1125501/1965-pontiac-gto-hardtop/?aa_id=610319-0",
    "lot_code": "Lot S131",
    "vehicle_chassis_no": "237375P354025"
  },
  {
    "lot_source_link": "https://www.mecum.com/lots/1125500/1956-chevrolet-corvette-convertible/?aa_id=610316-0",
    "lot_code": "Lot S130",
    "vehicle_chassis_no": "E56S001757"
  },
  {
    "lot_source_link": "https://www.mecum.com/lots/1121407/1966-chevrolet-corvette-convertible/?aa_id=597621-0",
    "lot_code": "Lot S129",
    "vehicle_chassis_no": "194676S127145"
  },
  {
    "lot_source_link": "https://www.mecum.com/lots/1123495/1959-chevrolet-corvette-convertible/?aa_id=603550-0",
    "lot_code": "Lot S125",
    "vehicle_chassis_no": "J59S106299"
  },
  {
    "lot_source_link": "https://www.mecum.com/lots/1121409/1970-plymouth-hemi-cuda/?aa_id=597629-0",
    "lot_code": "Lot S123",
    "vehicle_chassis_no": "BS23R0B178823"
  },
  {
    "lot_source_link": "https://www.mecum.com/lots/1121165/1931-packard-840-deluxe-eight-convertible-coupe/?aa_id=599937-0",
    "lot_code": "Lot S122",
    "vehicle_chassis_no": "190532"
  },
  {
    "lot_source_link": "https://www.mecum.com/lots/1122209/1938-rolls-royce-25-30-custom-boattail-speedster/?aa_id=604442-0",
    "lot_code": "Lot S120",
    "vehicle_chassis_no": "GR063"
  },
  {
    "lot_source_link": "https://www.mecum.com/lots/1122208/1964-rolls-royce-silver-cloud-iii-saloon/?aa_id=603300-0",
    "lot_code": "Lot S119",
    "vehicle_chassis_no": "LSFU107"
  },
  {
    "lot_source_link": "https://www.mecum.com/lots/1124288/1956-cadillac-eldorado-biarritz-convertible/?aa_id=603297-0",
    "lot_code": "Lot S118",
    "vehicle_chassis_no": "5662047703"
  },
  {
    "lot_source_link": "https://www.mecum.com/lots/1122206/1936-packard-120-convertible/?aa_id=603294-0",
    "lot_code": "Lot S117",
    "vehicle_chassis_no": "57070"
  },
  {
    "lot_source_link": "https://www.mecum.com/lots/1122205/1919-american-lafrance-la-bestioni-torpedo-roadster/?aa_id=604334-0",
    "lot_code": "Lot S116",
    "vehicle_chassis_no": "LB4172"
  },
  {
    "lot_source_link": "https://www.mecum.com/lots/1124287/1951-mercury-custom-convertible/?aa_id=603292-0",
    "lot_code": "Lot S115",
    "vehicle_chassis_no": "51LA10756M"
  },
  {
    "lot_source_link": "https://www.mecum.com/lots/1122203/1913-waverly-electric-model-93-brougham/?aa_id=603291-0",
    "lot_code": "Lot S114",
    "vehicle_chassis_no": "5354"
  },
  {
    "lot_source_link": "https://www.mecum.com/lots/1122202/1910-international-auto-wagon-high-wheel/?aa_id=603760-0",
    "lot_code": "Lot S113",
    "vehicle_chassis_no": "1443"
  },
  {
    "lot_source_link": "https://www.mecum.com/lots/1122201/1936-packard-120-convertible-sedan/?aa_id=604333-0",
    "lot_code": "Lot S112",
    "vehicle_chassis_no": "9971008"
  },
  {
    "lot_source_link": "https://www.mecum.com/lots/1122200/1948-mg-tc-special-roadster/?aa_id=603290-0",
    "lot_code": "Lot S111",
    "vehicle_chassis_no": "TC6368"
  },
  {
    "lot_source_link": "https://www.mecum.com/lots/1122199/1967-maserati-ghibli-coupe/?aa_id=603287-0",
    "lot_code": "Lot S109",
    "vehicle_chassis_no": "AM115062"
  },
  {
    "lot_source_link": "https://www.mecum.com/lots/1122198/1931-chrysler-imperial-cg-roadster/?aa_id=604433-0",
    "lot_code": "Lot S107",
    "vehicle_chassis_no": "CG3715"
  },
  {
    "lot_source_link": "https://www.mecum.com/lots/1124965/1969-dodge-daytona/?aa_id=610699-0",
    "lot_code": "Lot S105",
    "vehicle_chassis_no": "XX29L9B358401"
  },
  {
    "lot_source_link": "https://www.mecum.com/lots/1123485/1930-packard-734-speedster-boattail-runabout/?aa_id=603753-0",
    "lot_code": "Lot S104",
    "vehicle_chassis_no": "184095"
  },
  {
    "lot_source_link": "https://www.mecum.com/lots/1122718/1971-plymouth-cuda/?aa_id=602448-0",
    "lot_code": "Lot S101",
    "vehicle_chassis_no": "BS23V1B361925"
  },
  {
    "lot_source_link": "https://www.mecum.com/lots/1122717/1963-chevrolet-corvette-z06-split-window-coupe/?aa_id=602445-0",
    "lot_code": "Lot S100",
    "vehicle_chassis_no": "30837S109403"
  },
  {
    "lot_source_link": "https://www.mecum.com/lots/1122716/1969-dodge-hemi-daytona/?aa_id=602442-0",
    "lot_code": "Lot S99",
    "vehicle_chassis_no": "XX29J9B383276"
  },
  {
    "lot_source_link": "https://www.mecum.com/lots/1122714/1970-plymouth-hemi-cuda-convertible/?aa_id=602438-0",
    "lot_code": "Lot S97",
    "vehicle_chassis_no": "BS27R0B305097"
  },
  {
    "lot_source_link": "https://www.mecum.com/lots/1125542/1967-chevrolet-corvette-l88-convertible/?aa_id=611635-0",
    "lot_code": "Lot S96",
    "vehicle_chassis_no": "194677S109097"
  },
  {
    "lot_source_link": "https://www.mecum.com/lots/1126638/1970-oldsmobile-442-convertible/?aa_id=614309-0",
    "lot_code": "Lot S95.1",
    "vehicle_chassis_no": "344670E124722"
  },
  {
    "lot_source_link": "https://www.mecum.com/lots/1126515/1933-ford-custom-roadster/?aa_id=615518-0",
    "lot_code": "Lot S94.1",
    "vehicle_chassis_no": "C18G2230"
  },
  {
    "lot_source_link": "https://www.mecum.com/lots/1125371/1967-chevrolet-corvette-coupe/?aa_id=607304-0",
    "lot_code": "Lot S93",
    "vehicle_chassis_no": "194377S106814"
  },
  {
    "lot_source_link": "https://www.mecum.com/lots/1121979/1969-ford-gt40-lightweight/?aa_id=597570-0",
    "lot_code": "Lot S90",
    "vehicle_chassis_no": "GT40P1080"
  },
  {
    "lot_source_link": "https://www.mecum.com/lots/1123610/2005-porsche-carrera-gt/?aa_id=604076-0",
    "lot_code": "Lot S88",
    "vehicle_chassis_no": "WP0CA29895L001233"
  },
  {
    "lot_source_link": "https://www.mecum.com/lots/1124079/2006-ford-gt/?aa_id=602752-0",
    "lot_code": "Lot S87",
    "vehicle_chassis_no": "1FAFP90SX6Y401583"
  },
  {
    "lot_source_link": "https://www.mecum.com/lots/1124078/1998-reynard-98i-indy-car/?aa_id=602698-0",
    "lot_code": "Lot S86",
    "vehicle_chassis_no": "EE0761"
  },
  {
    "lot_source_link": "https://www.mecum.com/lots/1124077/1998-reynard-98i-indy-car/?aa_id=602697-0",
    "lot_code": "Lot S85",
    "vehicle_chassis_no": "98I031"
  },
  {
    "lot_source_link": "https://www.mecum.com/lots/1124076/1973-jaguar-e-type-series-iii-roadster/?aa_id=602696-0",
    "lot_code": "Lot S84",
    "vehicle_chassis_no": "UE1S24077"
  },
  {
    "lot_source_link": "https://www.mecum.com/lots/1124075/1967-jaguar-e-type-series-i-roadster/?aa_id=602695-0",
    "lot_code": "Lot S83",
    "vehicle_chassis_no": "1E14707"
  },
  {
    "lot_source_link": "https://www.mecum.com/lots/1124074/1974-detomaso-pantera/?aa_id=602694-0",
    "lot_code": "Lot S82",
    "vehicle_chassis_no": "THPNPY07176"
  },
  {
    "lot_source_link": "https://www.mecum.com/lots/1124920/1988-ferrari-328-gts/?aa_id=605416-0",
    "lot_code": "Lot S81",
    "vehicle_chassis_no": "ZFFXA20A6J0077233"
  },
  {
    "lot_source_link": "https://www.mecum.com/lots/1124073/2001-ferrari-360-spider/?aa_id=602693-0",
    "lot_code": "Lot S80",
    "vehicle_chassis_no": "ZFFYT53A010125501"
  },
  {
    "lot_source_link": "https://www.mecum.com/lots/1124072/2002-ferrari-575m-maranello/?aa_id=602692-0",
    "lot_code": "Lot S79",
    "vehicle_chassis_no": "ZFFBV55A420129467"
  },
  {
    "lot_source_link": "https://www.mecum.com/lots/1124070/1999-lamborghini-diablo-vt-roadster/?aa_id=602687-0",
    "lot_code": "Lot S77",
    "vehicle_chassis_no": "ZA9RU31B0XLA12468"
  },
  {
    "lot_source_link": "https://www.mecum.com/lots/1124069/1989-lamborghini-countach-25th-anniversary/?aa_id=602685-0",
    "lot_code": "Lot S76",
    "vehicle_chassis_no": "ZA9CA05A6KLA12563"
  },
  {
    "lot_source_link": "https://www.mecum.com/lots/1121384/1969-jaguar-e-type-series-ii-roadster/?aa_id=616076-0",
    "lot_code": "Lot S70",
    "vehicle_chassis_no": "1R9258"
  },
  {
    "lot_source_link": "https://www.mecum.com/lots/1124432/1959-edsel-corsair-convertible/?aa_id=610066-0",
    "lot_code": "Lot S69",
    "vehicle_chassis_no": "W9UR705682"
  },
  {
    "lot_source_link": "https://www.mecum.com/lots/1124433/2005-ford-thunderbird-convertible/?aa_id=607213-0",
    "lot_code": "Lot S68",
    "vehicle_chassis_no": "1FAHP60A25Y106605"
  },
  {
    "lot_source_link": "https://www.mecum.com/lots/1124431/1973-volkswagen-thing-convertible/?aa_id=610068-0",
    "lot_code": "Lot S67",
    "vehicle_chassis_no": "1832840043"
  },
  {
    "lot_source_link": "https://www.mecum.com/lots/1124222/1954-chevrolet-corvette-roadster/?aa_id=606000-0",
    "lot_code": "Lot S65",
    "vehicle_chassis_no": "E54S003019"
  },
  {
    "lot_source_link": "https://www.mecum.com/lots/1123832/1966-shelby-gt350-fastback/?aa_id=610732-0",
    "lot_code": "Lot S62",
    "vehicle_chassis_no": "SFM6S2283"
  },
  {
    "lot_source_link": "https://www.mecum.com/lots/1126192/1965-shelby-cobra-csx4000-series-roadster/?aa_id=614722-0",
    "lot_code": "Lot S60",
    "vehicle_chassis_no": "CSX4221"
  },
  {
    "lot_source_link": "https://www.mecum.com/lots/1125692/1968-chevrolet-camaro-ss-convertible/?aa_id=612150-0",
    "lot_code": "Lot S59",
    "vehicle_chassis_no": "124678N366156"
  },
  {
    "lot_source_link": "https://www.mecum.com/lots/1126193/2024-lamborghini-urus-s/?aa_id=614881-0",
    "lot_code": "Lot S56",
    "vehicle_chassis_no": "ZPBUB3ZL2RLA30101"
  },
  {
    "lot_source_link": "https://www.mecum.com/lots/1123497/1966-chevrolet-chevelle/?aa_id=606358-0",
    "lot_code": "Lot S55",
    "vehicle_chassis_no": "138176A131572"
  },
  {
    "lot_source_link": "https://www.mecum.com/lots/1125171/1930-rolls-royce-phantom-1-newmarket-convertible-sedan/?aa_id=609401-0",
    "lot_code": "Lot S53",
    "vehicle_chassis_no": "S126PR"
  },
  {
    "lot_source_link": "https://www.mecum.com/lots/1126074/1957-chevrolet-bel-air-convertible/?aa_id=613893-0",
    "lot_code": "Lot S52",
    "vehicle_chassis_no": "VC57S244949"
  },
  {
    "lot_source_link": "https://www.mecum.com/lots/1124444/1930-ford-the-mod-rod-coupe/?aa_id=607904-0",
    "lot_code": "Lot S46",
    "vehicle_chassis_no": "A3042243"
  },
  {
    "lot_source_link": "https://www.mecum.com/lots/1125497/1953-chevrolet-corvette-roadster/?aa_id=610312-0",
    "lot_code": "Lot S43",
    "vehicle_chassis_no": "E53F001173"
  },
  {
    "lot_source_link": "https://www.mecum.com/lots/1123339/1969-chevrolet-camaro/?aa_id=604259-0",
    "lot_code": "Lot S41",
    "vehicle_chassis_no": "123379N510139"
  },
  {
    "lot_source_link": "https://www.mecum.com/lots/1125691/1965-ford-mustang-convertible/?aa_id=611964-0",
    "lot_code": "Lot S39",
    "vehicle_chassis_no": "5F08D160156"
  },
  {
    "lot_source_link": "https://www.mecum.com/lots/1121382/1975-fiat-600-jolly-roadster/?aa_id=616057-0",
    "lot_code": "Lot S35",
    "vehicle_chassis_no": "1020786"
  },
  {
    "lot_source_link": "https://www.mecum.com/lots/1123829/1958-buick-century-convertible/?aa_id=610075-0",
    "lot_code": "Lot S26",
    "vehicle_chassis_no": "6E2002708"
  },
  {
    "lot_source_link": "https://www.mecum.com/lots/1121380/1969-plymouth-barracuda-mod-top/?aa_id=616050-0",
    "lot_code": "Lot S20",
    "vehicle_chassis_no": "BH23F9B189216"
  },
  {
    "lot_source_link": "https://www.mecum.com/lots/1124964/2002-ferrari-360-spider/?aa_id=611225-0",
    "lot_code": "Lot S17",
    "vehicle_chassis_no": "ZFFYT53A820127529"
  },
  {
    "lot_source_link": "https://www.mecum.com/lots/1123833/1992-bentley-turbo-r/?aa_id=606639-0",
    "lot_code": "Lot S15",
    "vehicle_chassis_no": "SCBZP03D2NCX44029"
  },
  {
    "lot_source_link": "https://www.mecum.com/lots/1125724/1967-chevrolet-chevelle-ss/?aa_id=615524-0",
    "lot_code": "Lot S13",
    "vehicle_chassis_no": "138177A181660"
  },
  {
    "lot_source_link": "https://www.mecum.com/lots/1122088/2014-nissan-gt-r-midnight-opal-special-edition/?aa_id=604778-0",
    "lot_code": "Lot S11",
    "vehicle_chassis_no": "JN1AR5EFXEM271557"
  },
  {
    "lot_source_link": "https://www.mecum.com/lots/1121379/2012-fiat-500-custom-jolly-roadster/?aa_id=616048-0",
    "lot_code": "Lot S10",
    "vehicle_chassis_no": "3C3CFFBR7CT103891"
  },
  {
    "lot_source_link": "https://www.mecum.com/lots/1127490/1978-ford-bronco-xlt-ranger/?aa_id=616937-0",
    "lot_code": "Lot F152",
    "vehicle_chassis_no": "U15HLAK3059"
  },
  {
    "lot_source_link": "https://www.mecum.com/lots/1127390/1989-ferrari-328-gtb/?aa_id=616421-0",
    "lot_code": "Lot F148",
    "vehicle_chassis_no": "ZFFXA19A2K0080029"
  },
  {
    "lot_source_link": "https://www.mecum.com/lots/1127248/1958-chevrolet-impala-convertible/?aa_id=616275-0",
    "lot_code": "Lot F146",
    "vehicle_chassis_no": "F58L183911"
  },
  {
    "lot_source_link": "https://www.mecum.com/lots/1127203/2014-ferrari-458-italia/?aa_id=615415-0",
    "lot_code": "Lot F144",
    "vehicle_chassis_no": "ZFF67NFA0E0203028"
  },
  {
    "lot_source_link": "https://www.mecum.com/lots/1126793/1958-chevrolet-corvette-convertible/?aa_id=614128-0",
    "lot_code": "Lot F143",
    "vehicle_chassis_no": "J58S108908"
  },
  {
    "lot_source_link": "https://www.mecum.com/lots/1126648/1964-jaguar-e-type-series-i-roadster/?aa_id=616070-0",
    "lot_code": "Lot F139",
    "vehicle_chassis_no": "880626"
  },
  {
    "lot_source_link": "https://www.mecum.com/lots/1126647/1961-lincoln-continental-convertible/?aa_id=616065-0",
    "lot_code": "Lot F138",
    "vehicle_chassis_no": "1Y86H411415"
  },
  {
    "lot_source_link": "https://www.mecum.com/lots/1126626/1958-porsche-356-custom-coupe/?aa_id=616576-0",
    "lot_code": "Lot F137",
    "vehicle_chassis_no": "102113"
  },
  {
    "lot_source_link": "https://www.mecum.com/lots/1126623/1970-ford-bronco/?aa_id=614587-0",
    "lot_code": "Lot F136",
    "vehicle_chassis_no": "U15GLG81737"
  },
  {
    "lot_source_link": "https://www.mecum.com/lots/1126510/2011-ferrari-458-italia/?aa_id=615981-0",
    "lot_code": "Lot F133",
    "vehicle_chassis_no": "ZFF67NFA2B0177155"
  },
  {
    "lot_source_link": "https://www.mecum.com/lots/1124774/1966-gaslight-906-replica/?aa_id=607349-0",
    "lot_code": "Lot F129",
    "vehicle_chassis_no": "BILL OF SALE"
  },
  {
    "lot_source_link": "https://www.mecum.com/lots/1125710/1995-land-rover-defender-90-nas/?aa_id=614042-0",
    "lot_code": "Lot F126",
    "vehicle_chassis_no": "SALDX3281SA977901"
  },
  {
    "lot_source_link": "https://www.mecum.com/lots/1124649/2010-ferrari-458-italia/?aa_id=605952-0",
    "lot_code": "Lot F125",
    "vehicle_chassis_no": "ZFF67NFA7A0175304"
  },
  {
    "lot_source_link": "https://www.mecum.com/lots/1121164/1964-tvr-griffith-coupe/?aa_id=597572-0",
    "lot_code": "Lot F120",
    "vehicle_chassis_no": "2005058"
  },
  {
    "lot_source_link": "https://www.mecum.com/lots/1121410/2022-chevrolet-corvette-c8-r-edition-convertible/?aa_id=597632-0",
    "lot_code": "Lot F119",
    "vehicle_chassis_no": "1G1YC3D4XN5101073"
  },
  {
    "lot_source_link": "https://www.mecum.com/lots/1121374/1967-oldsmobile-98-convertible/?aa_id=615979-0",
    "lot_code": "Lot F110",
    "vehicle_chassis_no": "384677M405284"
  },
  {
    "lot_source_link": "https://www.mecum.com/lots/1121405/1963-chevrolet-corvette-split-window-coupe/?aa_id=597617-0",
    "lot_code": "Lot F107",
    "vehicle_chassis_no": "30837S108541"
  },
  {
    "lot_source_link": "https://www.mecum.com/lots/1118592/2003-lola-b02-00-two-seater/?aa_id=597664-0",
    "lot_code": "Lot F106",
    "vehicle_chassis_no": "BILL OF SALE"
  },
  {
    "lot_source_link": "https://www.mecum.com/lots/1121373/1972-chevrolet-c10-pickup/?aa_id=615958-0",
    "lot_code": "Lot F105",
    "vehicle_chassis_no": "CCE142S197498"
  },
  {
    "lot_source_link": "https://www.mecum.com/lots/1124577/1957-jaguar-xk140-mc-roadster/?aa_id=611127-0",
    "lot_code": "Lot F98",
    "vehicle_chassis_no": "S812887"
  },
  {
    "lot_source_link": "https://www.mecum.com/lots/1121406/1964-chevrolet-corvette-convertible/?aa_id=597618-0",
    "lot_code": "Lot F97",
    "vehicle_chassis_no": "40867S121019"
  },
  {
    "lot_source_link": "https://www.mecum.com/lots/1124935/1967-ferrari-330-gts/?aa_id=606038-0",
    "lot_code": "Lot F96",
    "vehicle_chassis_no": "10561"
  },
  {
    "lot_source_link": "https://www.mecum.com/lots/1125972/1962-porsche-356b-carrera-2/?aa_id=610440-0",
    "lot_code": "Lot F94",
    "vehicle_chassis_no": "120840"
  },
  {
    "lot_source_link": "https://www.mecum.com/lots/1120766/1957-mercedes-benz-300sl-roadster/?aa_id=597597-0",
    "lot_code": "Lot F91",
    "vehicle_chassis_no": "1890107500563"
  },
  {
    "lot_source_link": "https://www.mecum.com/lots/1124493/1962-porsche-356b-super-90-coupe/?aa_id=614227-0",
    "lot_code": "Lot F88",
    "vehicle_chassis_no": "210245"
  },
  {
    "lot_source_link": "https://www.mecum.com/lots/1118589/1960-scarab-formula-1/?aa_id=597660-0",
    "lot_code": "Lot F85",
    "vehicle_chassis_no": null
  },
  {
    "lot_source_link": "https://www.mecum.com/lots/1118959/1986-detomaso-pantera-gt5-s/?aa_id=605929-0",
    "lot_code": "Lot F82",
    "vehicle_chassis_no": "ZDT874000FA009414"
  },
  {
    "lot_source_link": "https://www.mecum.com/lots/1118957/1974-detomaso-pantera-l/?aa_id=605920-0",
    "lot_code": "Lot F80",
    "vehicle_chassis_no": "THPNPL07112"
  },
  {
    "lot_source_link": "https://www.mecum.com/lots/1123486/2003-ferrari-enzo/?aa_id=600774-0",
    "lot_code": "Lot F77",
    "vehicle_chassis_no": "ZFFCW56AX30131631"
  },
  {
    "lot_source_link": "https://www.mecum.com/lots/1120767/1966-shelby-427-cobra-roadster/?aa_id=597601-0",
    "lot_code": "Lot F75",
    "vehicle_chassis_no": "CSX3283"
  },
  {
    "lot_source_link": "https://www.mecum.com/lots/1119393/1965-shelby-cobra-csx4000-series-roadster/?aa_id=597609-0",
    "lot_code": "Lot F72",
    "vehicle_chassis_no": "CSX4207"
  },
  {
    "lot_source_link": "https://www.mecum.com/lots/1126846/1965-porsche-356c-coupe/?aa_id=614245-0",
    "lot_code": "Lot F70.1",
    "vehicle_chassis_no": "219141"
  },
  {
    "lot_source_link": "https://www.mecum.com/lots/1118619/1967-mercedes-benz-300se-cabriolet/?aa_id=600010-0",
    "lot_code": "Lot F70",
    "vehicle_chassis_no": "11202312009724"
  },
  {
    "lot_source_link": "https://www.mecum.com/lots/1124527/2011-mercedes-benz-sls-amg-coupe/?aa_id=609731-0",
    "lot_code": "Lot F68",
    "vehicle_chassis_no": "WDDRJ7HA1BA000599"
  },
  {
    "lot_source_link": "https://www.mecum.com/lots/1124526/2015-mercedes-benz-sls-amg-gt-final-edition-roadster/?aa_id=610788-0",
    "lot_code": "Lot F67",
    "vehicle_chassis_no": "WDDRK7JA2FA011088"
  },
  {
    "lot_source_link": "https://www.mecum.com/lots/1124576/1963-porsche-356b-cabriolet/?aa_id=605942-0",
    "lot_code": "Lot F64",
    "vehicle_chassis_no": "158540"
  },
  {
    "lot_source_link": "https://www.mecum.com/lots/1124542/1969-mercedes-benz-280se-coupe/?aa_id=614209-0",
    "lot_code": "Lot F63",
    "vehicle_chassis_no": "11102412002597"
  },
  {
    "lot_source_link": "https://www.mecum.com/lots/1122495/1959-mercedes-benz-190sl-roadster/?aa_id=599996-0",
    "lot_code": "Lot F62",
    "vehicle_chassis_no": "121040109500999"
  },
  {
    "lot_source_link": "https://www.mecum.com/lots/1121370/1951-ford-country-squire-woody-wagon/?aa_id=615936-0",
    "lot_code": "Lot F60",
    "vehicle_chassis_no": "B1DA124750"
  },
  {
    "lot_source_link": "https://www.mecum.com/lots/1126073/1935-factory-five-hot-rod-pickup/?aa_id=614366-0",
    "lot_code": "Lot F57",
    "vehicle_chassis_no": "F5R1000138TR"
  },
  {
    "lot_source_link": "https://www.mecum.com/lots/1124492/1964-porsche-356sc-cabriolet/?aa_id=614213-0",
    "lot_code": "Lot F56",
    "vehicle_chassis_no": "160346"
  },
  {
    "lot_source_link": "https://www.mecum.com/lots/1122455/2021-ferrari-812-gts/?aa_id=603152-0",
    "lot_code": "Lot F53",
    "vehicle_chassis_no": "ZFF97CMA5M0260442"
  },
  {
    "lot_source_link": "https://www.mecum.com/lots/1122453/2018-ferrari-gtc4-lusso/?aa_id=600954-0",
    "lot_code": "Lot F52",
    "vehicle_chassis_no": "ZFF82WNA9J0233802"
  },
  {
    "lot_source_link": "https://www.mecum.com/lots/1122454/2011-ferrari-599-gto/?aa_id=601189-0",
    "lot_code": "Lot F51",
    "vehicle_chassis_no": "ZFF70RCA5B0177946"
  },
  {
    "lot_source_link": "https://www.mecum.com/lots/1121378/1965-ford-mustang-convertible/?aa_id=615932-0",
    "lot_code": "Lot F41",
    "vehicle_chassis_no": "5F08C784273"
  },
  {
    "lot_source_link": "https://www.mecum.com/lots/1124579/1959-jaguar-xk150-roadster/?aa_id=609922-0",
    "lot_code": "Lot F40",
    "vehicle_chassis_no": "S831910"
  },
  {
    "lot_source_link": "https://www.mecum.com/lots/1121377/1967-volkswagen-beetle-custom-jolly-roadster/?aa_id=615931-0",
    "lot_code": "Lot F37",
    "vehicle_chassis_no": "B7419547"
  },
  {
    "lot_source_link": "https://www.mecum.com/lots/1125694/1972-chevrolet-chevelle-custom/?aa_id=612323-0",
    "lot_code": "Lot F31",
    "vehicle_chassis_no": "1D37H2L593050"
  },
  {
    "lot_source_link": "https://www.mecum.com/lots/1124027/1955-chevrolet-bel-air-custom/?aa_id=605865-0",
    "lot_code": "Lot F30",
    "vehicle_chassis_no": "C55K011868"
  },
  {
    "lot_source_link": "https://www.mecum.com/lots/1119941/1962-chevrolet-corvette-convertible/?aa_id=597569-0",
    "lot_code": "Lot F24",
    "vehicle_chassis_no": "20867S109496"
  },
  {
    "lot_source_link": "https://www.mecum.com/lots/1126803/2019-chevrolet-corvette-zr1-coupe/?aa_id=614318-0",
    "lot_code": "Lot F22.1",
    "vehicle_chassis_no": "1G1Y52D95K5802440"
  },
  {
    "lot_source_link": "https://www.mecum.com/lots/1121366/1971-datsun-240z/?aa_id=616232-0",
    "lot_code": "Lot F22",
    "vehicle_chassis_no": "HLS3035002"
  },
  {
    "lot_source_link": "https://www.mecum.com/lots/1116969/1934-ford-5-window-coupe/?aa_id=597613-0",
    "lot_code": "Lot F21",
    "vehicle_chassis_no": "181110519"
  },
  {
    "lot_source_link": "https://www.mecum.com/lots/1124450/1967-triumph-tr4a-roadster/?aa_id=615100-0",
    "lot_code": "Lot F20",
    "vehicle_chassis_no": "CTC61656"
  },
  {
    "lot_source_link": "https://www.mecum.com/lots/1121365/2003-chevrolet-corvette-50th-anniversary-convertible/?aa_id=616483-0",
    "lot_code": "Lot F17",
    "vehicle_chassis_no": "1G1YY32G435133562"
  },
  {
    "lot_source_link": "https://www.mecum.com/lots/1127570/2013-jeep-grand-cherokee-srt-8/?aa_id=617308-0",
    "lot_code": "Lot F16.1",
    "vehicle_chassis_no": "1C4RJFDJ2DC651810"
  },
  {
    "lot_source_link": "https://www.mecum.com/lots/1124973/1992-alfa-romeo-tatuus-formula-boxer-europa-race-car/?aa_id=615529-0",
    "lot_code": "Lot F14",
    "vehicle_chassis_no": "BILL OF SALE"
  },
  {
    "lot_source_link": "https://www.mecum.com/lots/1125395/1973-datsun-240z/?aa_id=607411-0",
    "lot_code": "Lot F13",
    "vehicle_chassis_no": "HLS30148388"
  },
  {
    "lot_source_link": "https://www.mecum.com/lots/1126506/2020-bmw-m8-competition/?aa_id=615927-0",
    "lot_code": "Lot F5",
    "vehicle_chassis_no": "WBSAE0C01LBM08512"
  },
  {
    "lot_source_link": "https://www.mecum.com/lots/1125743/1998-mitsubishi-3000gt-sl/?aa_id=610169-0",
    "lot_code": "Lot T240",
    "vehicle_chassis_no": "JA3AM84J8WY001125"
  },
  {
    "lot_source_link": "https://www.mecum.com/lots/1127611/1977-ford-f250-pickup/?aa_id=617291-0",
    "lot_code": "Lot T216",
    "vehicle_chassis_no": "F26SRX82402"
  },
  {
    "lot_source_link": "https://www.mecum.com/lots/1127620/1972-datsun-240z/?aa_id=616908-0",
    "lot_code": "Lot T213.1",
    "vehicle_chassis_no": "HLS3055491"
  },
  {
    "lot_source_link": "https://www.mecum.com/lots/1127402/1962-lincoln-continental-sedan/?aa_id=616380-0",
    "lot_code": "Lot T212",
    "vehicle_chassis_no": "2Y82H410315"
  },
  {
    "lot_source_link": "https://www.mecum.com/lots/1127233/1968-chevrolet-camaro-rs/?aa_id=616148-0",
    "lot_code": "Lot T204",
    "vehicle_chassis_no": "124378L316623"
  },
  {
    "lot_source_link": "https://www.mecum.com/lots/1126412/1955-packard-400-hardtop/?aa_id=614094-0",
    "lot_code": "Lot T202",
    "vehicle_chassis_no": "55877984"
  },
  {
    "lot_source_link": "https://www.mecum.com/lots/1125739/1974-volkswagen-karmann-ghia-convertible/?aa_id=610167-0",
    "lot_code": "Lot T201",
    "vehicle_chassis_no": "1442669301"
  },
  {
    "lot_source_link": "https://www.mecum.com/lots/1127231/1973-chevrolet-corvette-coupe/?aa_id=616218-0",
    "lot_code": "Lot T200",
    "vehicle_chassis_no": "1Z37J3S407561"
  },
  {
    "lot_source_link": "https://www.mecum.com/lots/1126496/2007-cadillac-cts/?aa_id=614058-0",
    "lot_code": "Lot T199",
    "vehicle_chassis_no": "1G6DP577X70185927"
  },
  {
    "lot_source_link": "https://www.mecum.com/lots/1127178/1957-ford-thunderbird-convertible/?aa_id=616154-0",
    "lot_code": "Lot T197",
    "vehicle_chassis_no": "D7FH369471"
  },
  {
    "lot_source_link": "https://www.mecum.com/lots/1126645/1967-jaguar-420g-sedan/?aa_id=615109-0",
    "lot_code": "Lot T194",
    "vehicle_chassis_no": "G1D77111BW"
  },
  {
    "lot_source_link": "https://www.mecum.com/lots/1126644/2003-porsche-911-carrera-4s/?aa_id=616242-0",
    "lot_code": "Lot T193",
    "vehicle_chassis_no": "WP0AA29903S623819"
  },
  {
    "lot_source_link": "https://www.mecum.com/lots/1126582/2002-chevrolet-camaro-ss-35th-anniversary-convertible/?aa_id=614321-0",
    "lot_code": "Lot T191",
    "vehicle_chassis_no": "2G1FP32G322138949"
  },
  {
    "lot_source_link": "https://www.mecum.com/lots/1125535/1987-dodge-ramcharger-le-150-prospector/?aa_id=609424-0",
    "lot_code": "Lot T190",
    "vehicle_chassis_no": "3B4GW12W4HM724414"
  },
  {
    "lot_source_link": "https://www.mecum.com/lots/1126411/2011-maserati-granturismo-s-coupe/?aa_id=616049-0",
    "lot_code": "Lot T189",
    "vehicle_chassis_no": "ZAM45KLA3B0059142"
  },
  {
    "lot_source_link": "https://www.mecum.com/lots/1126581/1965-ford-mustang-gt/?aa_id=615073-0",
    "lot_code": "Lot T188",
    "vehicle_chassis_no": "5R07A213638"
  },
  {
    "lot_source_link": "https://www.mecum.com/lots/1126456/1948-crosley-woody-wagon/?aa_id=616567-0",
    "lot_code": "Lot T187",
    "vehicle_chassis_no": "CC39093"
  },
  {
    "lot_source_link": "https://www.mecum.com/lots/1124541/1999-chevrolet-corvette-convertible/?aa_id=610256-0",
    "lot_code": "Lot T186",
    "vehicle_chassis_no": "1G1YY32G5X5123418"
  },
  {
    "lot_source_link": "https://www.mecum.com/lots/1126455/1968-alfa-romeo-duetto-race-car-roadster/?aa_id=616377-0",
    "lot_code": "Lot T181",
    "vehicle_chassis_no": "AR1480269"
  },
  {
    "lot_source_link": "https://www.mecum.com/lots/1126132/1997-aston-martin-db7-volante/?aa_id=610737-0",
    "lot_code": "Lot T178",
    "vehicle_chassis_no": "SCFAA4129VK201403"
  },
  {
    "lot_source_link": "https://www.mecum.com/lots/1125742/2007-bentley-continental-gt-mulliner/?aa_id=610163-0",
    "lot_code": "Lot T177",
    "vehicle_chassis_no": "SCBCR73W77C040826"
  },
  {
    "lot_source_link": "https://www.mecum.com/lots/1124540/1995-chevrolet-corvette-convertible/?aa_id=608400-0",
    "lot_code": "Lot T176",
    "vehicle_chassis_no": "1G1YY32P7S5120061"
  },
  {
    "lot_source_link": "https://www.mecum.com/lots/1125997/1970-plymouth-gtx-hardtop/?aa_id=613419-0",
    "lot_code": "Lot T175",
    "vehicle_chassis_no": "RS23U0E131429"
  },
  {
    "lot_source_link": "https://www.mecum.com/lots/1125977/1964-ford-falcon-sprint-convertible/?aa_id=614115-0",
    "lot_code": "Lot T171",
    "vehicle_chassis_no": "4H14F121273"
  },
  {
    "lot_source_link": "https://www.mecum.com/lots/1125423/1936-ford-model-68-deluxe-phaeton/?aa_id=613076-0",
    "lot_code": "Lot T168",
    "vehicle_chassis_no": "11277216"
  },
  {
    "lot_source_link": "https://www.mecum.com/lots/1124785/1988-volkswagen-cabriolet/?aa_id=605239-0",
    "lot_code": "Lot T167",
    "vehicle_chassis_no": "WVWCA0153JK008863"
  },
  {
    "lot_source_link": "https://www.mecum.com/lots/1124623/1978-ford-f100-pickup/?aa_id=610933-0",
    "lot_code": "Lot T158",
    "vehicle_chassis_no": "F10GRCA7727"
  },
  {
    "lot_source_link": "https://www.mecum.com/lots/1123011/1998-bentley-azure-convertible/?aa_id=605824-0",
    "lot_code": "Lot T156",
    "vehicle_chassis_no": "SCBZK14C6WCX61640"
  },
  {
    "lot_source_link": "https://www.mecum.com/lots/1120814/2015-dodge-challenger-srt-hellcat/?aa_id=611099-0",
    "lot_code": "Lot T153",
    "vehicle_chassis_no": "2C3CDZC96FH714174"
  },
  {
    "lot_source_link": "https://www.mecum.com/lots/1123871/1962-chevrolet-impala-ss-hardtop/?aa_id=602407-0",
    "lot_code": "Lot T152",
    "vehicle_chassis_no": "21847S270064"
  },
  {
    "lot_source_link": "https://www.mecum.com/lots/1117430/1929-ford-model-a-pickup/?aa_id=598606-0",
    "lot_code": "Lot T151",
    "vehicle_chassis_no": "A780132"
  },
  {
    "lot_source_link": "https://www.mecum.com/lots/1124969/1961-pontiac-bonneville-convertible/?aa_id=611056-0",
    "lot_code": "Lot T149",
    "vehicle_chassis_no": "861W3615"
  },
  {
    "lot_source_link": "https://www.mecum.com/lots/1125359/1952-chevrolet-styleline-deluxe-wagon/?aa_id=610827-0",
    "lot_code": "Lot T148",
    "vehicle_chassis_no": "6KKB1740"
  },
  {
    "lot_source_link": "https://www.mecum.com/lots/1125777/1957-ford-ranchero/?aa_id=611123-0",
    "lot_code": "Lot T147",
    "vehicle_chassis_no": "B7RF169196"
  },
  {
    "lot_source_link": "https://www.mecum.com/lots/1124539/1991-bmw-850i/?aa_id=614040-0",
    "lot_code": "Lot T146",
    "vehicle_chassis_no": "WBAEG231XMCB73689"
  },
  {
    "lot_source_link": "https://www.mecum.com/lots/1124968/1977-toyota-celica-gt-coupe/?aa_id=606289-0",
    "lot_code": "Lot T143",
    "vehicle_chassis_no": "RA29100437"
  },
  {
    "lot_source_link": "https://www.mecum.com/lots/1126837/1991-land-rover-defender-110-pickup/?aa_id=616909-0",
    "lot_code": "Lot T136",
    "vehicle_chassis_no": "SALLDHAC8HF801819"
  },
  {
    "lot_source_link": "https://www.mecum.com/lots/1127172/2014-chevrolet-corvette-z51-coupe/?aa_id=615399-0",
    "lot_code": "Lot T134.1",
    "vehicle_chassis_no": "1G1YM2D7XE5117615"
  },
  {
    "lot_source_link": "https://www.mecum.com/lots/1123835/1933-lasalle-345-c-town-coupe/?aa_id=610861-0",
    "lot_code": "Lot T133",
    "vehicle_chassis_no": "2BGR0708702002851"
  },
  {
    "lot_source_link": "https://www.mecum.com/lots/1126508/2021-land-rover-defender/?aa_id=617710-0",
    "lot_code": "Lot T132",
    "vehicle_chassis_no": "SALEY6RU4M2054007"
  },
  {
    "lot_source_link": "https://www.mecum.com/lots/1126759/1970-chevrolet-chevelle-coupe/?aa_id=614210-0",
    "lot_code": "Lot T131",
    "vehicle_chassis_no": "136370L169603"
  },
  {
    "lot_source_link": "https://www.mecum.com/lots/1115544/1968-ford-mustang-gt-cs-coupe/?aa_id=597616-0",
    "lot_code": "Lot T130",
    "vehicle_chassis_no": "8R01C159684"
  },
  {
    "lot_source_link": "https://www.mecum.com/lots/1125590/1965-factory-five-shelby-cobra-replica-roadster/?aa_id=610751-0",
    "lot_code": "Lot T129",
    "vehicle_chassis_no": "0R80688"
  },
  {
    "lot_source_link": "https://www.mecum.com/lots/1125248/1947-lincoln-continental/?aa_id=610716-0",
    "lot_code": "Lot T128",
    "vehicle_chassis_no": "7H167349"
  },
  {
    "lot_source_link": "https://www.mecum.com/lots/1124260/1951-packard-250-convertible/?aa_id=604582-0",
    "lot_code": "Lot T125",
    "vehicle_chassis_no": "24693124"
  },
  {
    "lot_source_link": "https://www.mecum.com/lots/1123715/1979-toyota-fj-40-land-cruiser/?aa_id=612667-0",
    "lot_code": "Lot T124",
    "vehicle_chassis_no": "FJ40301587"
  },
  {
    "lot_source_link": "https://www.mecum.com/lots/1123830/1973-ford-mustang-convertible/?aa_id=602668-0",
    "lot_code": "Lot T123",
    "vehicle_chassis_no": "3F03Q217136"
  },
  {
    "lot_source_link": "https://www.mecum.com/lots/1125745/2017-ford-shelby-gt350/?aa_id=611159-0",
    "lot_code": "Lot T122",
    "vehicle_chassis_no": "1FA6P8JZ4H5522555"
  },
  {
    "lot_source_link": "https://www.mecum.com/lots/1124269/1963-ford-galaxie-500xl-convertible/?aa_id=605283-0",
    "lot_code": "Lot T120",
    "vehicle_chassis_no": "3J69X141319"
  },
  {
    "lot_source_link": "https://www.mecum.com/lots/1121754/1971-chevrolet-malibu-convertible/?aa_id=599402-0",
    "lot_code": "Lot T118",
    "vehicle_chassis_no": "136671R137058"
  },
  {
    "lot_source_link": "https://www.mecum.com/lots/1126530/1966-ford-mustang-fastback/?aa_id=613542-0",
    "lot_code": "Lot T117",
    "vehicle_chassis_no": "6R09A106614"
  },
  {
    "lot_source_link": "https://www.mecum.com/lots/1120029/1995-ferrari-f355-berlinetta/?aa_id=597574-0",
    "lot_code": "Lot T115",
    "vehicle_chassis_no": "ZFFPR41A3S0101217"
  },
  {
    "lot_source_link": "https://www.mecum.com/lots/1126809/1937-ford-slantback-street-rod/?aa_id=616628-0",
    "lot_code": "Lot T114",
    "vehicle_chassis_no": "183579914"
  },
  {
    "lot_source_link": "https://www.mecum.com/lots/1126272/2001-oldsmobile-intrigue/?aa_id=612929-0",
    "lot_code": "Lot T113",
    "vehicle_chassis_no": "1G3WH52H81F196044"
  },
  {
    "lot_source_link": "https://www.mecum.com/lots/1126465/1960-austin-healey-3000-mki-convertible/?aa_id=613040-0",
    "lot_code": "Lot T112",
    "vehicle_chassis_no": "HBT7L4624"
  },
  {
    "lot_source_link": "https://www.mecum.com/lots/1126437/2023-chevrolet-corvette-3lt-70th-anniversary-convertible/?aa_id=615110-0",
    "lot_code": "Lot T106",
    "vehicle_chassis_no": "1G1YC3D44P5500757"
  },
  {
    "lot_source_link": "https://www.mecum.com/lots/1126593/1959-ford-fairlane-500-sunliner/?aa_id=613669-0",
    "lot_code": "Lot T105",
    "vehicle_chassis_no": "C9FC129826"
  },
  {
    "lot_source_link": "https://www.mecum.com/lots/1124713/2005-mercedes-benz-sl65-amg-convertible/?aa_id=606905-0",
    "lot_code": "Lot T103",
    "vehicle_chassis_no": "WDBSK79F35F090251"
  },
  {
    "lot_source_link": "https://www.mecum.com/lots/1117463/1977-ford-bronco-sport-suv/?aa_id=597658-0",
    "lot_code": "Lot T102",
    "vehicle_chassis_no": "U15GLY45422"
  },
  {
    "lot_source_link": "https://www.mecum.com/lots/1125069/1966-chevrolet-corvair-yenko-stinger/?aa_id=610516-0",
    "lot_code": "Lot T98",
    "vehicle_chassis_no": "107376W131838"
  },
  {
    "lot_source_link": "https://www.mecum.com/lots/1126070/1947-ford-business-coupe/?aa_id=612639-0",
    "lot_code": "Lot T97",
    "vehicle_chassis_no": "799A1762091"
  },
  {
    "lot_source_link": "https://www.mecum.com/lots/1125180/2008-pontiac-g6-coupe/?aa_id=611083-0",
    "lot_code": "Lot T96",
    "vehicle_chassis_no": "1G2ZH17N784151983"
  },
  {
    "lot_source_link": "https://www.mecum.com/lots/1123253/2002-toyota-tacoma-sr5-trd-pickup/?aa_id=601892-0",
    "lot_code": "Lot T92",
    "vehicle_chassis_no": "5TEVL52N02Z058387"
  },
  {
    "lot_source_link": "https://www.mecum.com/lots/1127214/1962-chevrolet-impala-ss-hardtop/?aa_id=616520-0",
    "lot_code": "Lot T90.1",
    "vehicle_chassis_no": "21847L231909"
  },
  {
    "lot_source_link": "https://www.mecum.com/lots/1125740/2005-dodge-viper-srt-10-convertible/?aa_id=610179-0",
    "lot_code": "Lot T89",
    "vehicle_chassis_no": "1B3JZ65Z95V500416"
  },
  {
    "lot_source_link": "https://www.mecum.com/lots/1125179/2007-cadillac-escalade/?aa_id=611082-0",
    "lot_code": "Lot T88",
    "vehicle_chassis_no": "1GYFK63877R295610"
  },
  {
    "lot_source_link": "https://www.mecum.com/lots/1126257/1956-ford-f100-custom-pickup/?aa_id=616751-0",
    "lot_code": "Lot T87",
    "vehicle_chassis_no": "F10V6R15883"
  },
  {
    "lot_source_link": "https://www.mecum.com/lots/1124902/1967-chevrolet-corvette-custom-coupe/?aa_id=605665-0",
    "lot_code": "Lot T86",
    "vehicle_chassis_no": "194377S120307"
  },
  {
    "lot_source_link": "https://www.mecum.com/lots/1126329/1972-chevrolet-chevelle/?aa_id=613073-0",
    "lot_code": "Lot T84",
    "vehicle_chassis_no": "1D37H2L576900"
  },
  {
    "lot_source_link": "https://www.mecum.com/lots/1126788/1966-chevrolet-c10-pickup/?aa_id=616467-0",
    "lot_code": "Lot T82",
    "vehicle_chassis_no": "C1446Z147457"
  },
  {
    "lot_source_link": "https://www.mecum.com/lots/1125954/1966-chevrolet-c20-custom-pickup/?aa_id=610309-0",
    "lot_code": "Lot T76",
    "vehicle_chassis_no": "C2546Z124012"
  },
  {
    "lot_source_link": "https://www.mecum.com/lots/1123841/1966-lincoln-continental-convertible/?aa_id=604741-0",
    "lot_code": "Lot T75",
    "vehicle_chassis_no": "6Y86G429767"
  },
  {
    "lot_source_link": "https://www.mecum.com/lots/1125406/1950-chrysler-town-country-newport/?aa_id=610556-0",
    "lot_code": "Lot T72",
    "vehicle_chassis_no": "7412142"
  },
  {
    "lot_source_link": "https://www.mecum.com/lots/1122719/2009-bentley-continental-flying-spur-sedan/?aa_id=602450-0",
    "lot_code": "Lot T71",
    "vehicle_chassis_no": "SCBBP93W89C060700"
  },
  {
    "lot_source_link": "https://www.mecum.com/lots/1120422/2004-chrysler-crossfire-coupe/?aa_id=597659-0",
    "lot_code": "Lot T70",
    "vehicle_chassis_no": "1C3AN69L04X014276"
  },
  {
    "lot_source_link": "https://www.mecum.com/lots/1122087/1998-chevrolet-camaro-ss/?aa_id=598445-0",
    "lot_code": "Lot T69",
    "vehicle_chassis_no": "2G1FP22G9W2142732"
  },
  {
    "lot_source_link": "https://www.mecum.com/lots/1126782/1965-plymouth-satellite-convertible/?aa_id=614319-0",
    "lot_code": "Lot T67.1",
    "vehicle_chassis_no": "R451265919"
  },
  {
    "lot_source_link": "https://www.mecum.com/lots/1123184/1985-mercedes-benz-280sl-convertible/?aa_id=604083-0",
    "lot_code": "Lot T66",
    "vehicle_chassis_no": "WDB1070421A025050"
  },
  {
    "lot_source_link": "https://www.mecum.com/lots/1121817/1965-ford-mustang-convertible/?aa_id=600767-0",
    "lot_code": "Lot T65",
    "vehicle_chassis_no": "5F08A384095"
  },
  {
    "lot_source_link": "https://www.mecum.com/lots/1127562/2002-chevrolet-corvette-convertible/?aa_id=617327-0",
    "lot_code": "Lot T63.1",
    "vehicle_chassis_no": "1G1YY32G625123100"
  },
  {
    "lot_source_link": "https://www.mecum.com/lots/1127052/1989-am-general-m998-humvee-pickup/?aa_id=615111-0",
    "lot_code": "Lot T59",
    "vehicle_chassis_no": "016876"
  },
  {
    "lot_source_link": "https://www.mecum.com/lots/1125316/1937-chevrolet-gasser/?aa_id=614090-0",
    "lot_code": "Lot T58",
    "vehicle_chassis_no": "T58BOS"
  },
  {
    "lot_source_link": "https://www.mecum.com/lots/1126787/1951-ford-f1-pickup/?aa_id=616463-0",
    "lot_code": "Lot T56",
    "vehicle_chassis_no": "F1R1CS17291"
  },
  {
    "lot_source_link": "https://www.mecum.com/lots/1126642/2008-dodge-challenger-srt-8-coupe/?aa_id=613657-0",
    "lot_code": "Lot T55",
    "vehicle_chassis_no": "2B3LJ74W88H290627"
  },
  {
    "lot_source_link": "https://www.mecum.com/lots/1126420/1982-rolls-royce-silver-spur-sedan/?aa_id=614671-0",
    "lot_code": "Lot T54",
    "vehicle_chassis_no": "SCAZN42A5CCX04291"
  },
  {
    "lot_source_link": "https://www.mecum.com/lots/1127196/1958-ford-thunderbird-convertible/?aa_id=617311-0",
    "lot_code": "Lot T52.1",
    "vehicle_chassis_no": "H8YH108059"
  },
  {
    "lot_source_link": "https://www.mecum.com/lots/1127180/1968-volkswagen-beetle/?aa_id=615525-0",
    "lot_code": "Lot T51",
    "vehicle_chassis_no": "118999032"
  },
  {
    "lot_source_link": "https://www.mecum.com/lots/1127561/2004-ford-mustang-gt-convertible/?aa_id=617299-0",
    "lot_code": "Lot T50.1",
    "vehicle_chassis_no": "1FAFP45X94F212410"
  },
  {
    "lot_source_link": "https://www.mecum.com/lots/1112656/1969-chevrolet-corvette-coupe/?aa_id=597575-0",
    "lot_code": "Lot T50",
    "vehicle_chassis_no": "194379S722824"
  },
  {
    "lot_source_link": "https://www.mecum.com/lots/1122045/1969-ford-torino-gt-fastback/?aa_id=597894-0",
    "lot_code": "Lot T44",
    "vehicle_chassis_no": "9K42H175372"
  },
  {
    "lot_source_link": "https://www.mecum.com/lots/1125048/1963-fiberfab-aztec-gt/?aa_id=617343-0",
    "lot_code": "Lot T36",
    "vehicle_chassis_no": "5211328"
  },
  {
    "lot_source_link": "https://www.mecum.com/lots/1124225/1960-austin-healey-3000-mki-convertible/?aa_id=617346-0",
    "lot_code": "Lot T35",
    "vehicle_chassis_no": "HBT7L11548"
  },
  {
    "lot_source_link": "https://www.mecum.com/lots/1124873/2013-audi-s8/?aa_id=606878-0",
    "lot_code": "Lot T33",
    "vehicle_chassis_no": "WAUD2AFD2DN017335"
  },
  {
    "lot_source_link": "https://www.mecum.com/lots/1127678/1985-chevrolet-camaro-iroc-z/?aa_id=617005-0",
    "lot_code": "Lot T31.1",
    "vehicle_chassis_no": "1G1FP87F1FL451629"
  },
  {
    "lot_source_link": "https://www.mecum.com/lots/1123251/1962-volkswagen-beetle-coupe/?aa_id=600763-0",
    "lot_code": "Lot T30",
    "vehicle_chassis_no": "4195735"
  },
  {
    "lot_source_link": "https://www.mecum.com/lots/1125689/1994-ford-mustang-gt-convertible/?aa_id=614836-0",
    "lot_code": "Lot T29",
    "vehicle_chassis_no": "1FALP45T0RF222881"
  },
  {
    "lot_source_link": "https://www.mecum.com/lots/1123595/1972-ford-capri-coupe/?aa_id=610403-0",
    "lot_code": "Lot T25",
    "vehicle_chassis_no": "GAECMC09592"
  },
  {
    "lot_source_link": "https://www.mecum.com/lots/1123588/1922-ford-model-t-hudkins-special-racer/?aa_id=605910-0",
    "lot_code": "Lot T23",
    "vehicle_chassis_no": "6047233"
  },
  {
    "lot_source_link": "https://www.mecum.com/lots/1126330/1979-ford-f250-pickup/?aa_id=613070-0",
    "lot_code": "Lot T22",
    "vehicle_chassis_no": "F26SREA2076"
  }
]