[
  {
    "lot_source_link": "https://www.mecum.com/lots/1154287/1956-continental-mark-ii-sport-coupe/?aa_id=711567-0",
    "lot_code": "Lot S160",
    "vehicle_chassis_no": "C56C2273"
  },
  {
    "lot_source_link": "https://www.mecum.com/lots/1154286/1957-lincoln-continental-sport-coupe/?aa_id=711566-0",
    "lot_code": "Lot S159",
    "vehicle_chassis_no": "C56S3855"
  },
  {
    "lot_source_link": "https://www.mecum.com/lots/1154285/1969-volkswagen-type-ii-bus/?aa_id=711565-0",
    "lot_code": "Lot S158",
    "vehicle_chassis_no": "229221715"
  },
  {
    "lot_source_link": "https://www.mecum.com/lots/1154284/2019-porsche-911-turbo-s-cabriolet/?aa_id=711564-0",
    "lot_code": "Lot S157",
    "vehicle_chassis_no": "WP0CD2A9XKS144298"
  },
  {
    "lot_source_link": "https://www.mecum.com/lots/1153971/1954-volkswagen-type-ii-23-window-deluxe-bus/?aa_id=709421-0",
    "lot_code": "Lot S152",
    "vehicle_chassis_no": "20085173"
  },
  {
    "lot_source_link": "https://www.mecum.com/lots/1151668/1965-chevrolet-corvette-convertible/?aa_id=705279-0",
    "lot_code": "Lot S145",
    "vehicle_chassis_no": "194675S117880"
  },
  {
    "lot_source_link": "https://www.mecum.com/lots/1153031/1965-ford-mustang-k-code-coupe/?aa_id=707086-0",
    "lot_code": "Lot S144",
    "vehicle_chassis_no": "5F07K161056"
  },
  {
    "lot_source_link": "https://www.mecum.com/lots/1152925/1955-chevrolet-cameo-pickup/?aa_id=710981-0",
    "lot_code": "Lot S143",
    "vehicle_chassis_no": "VH2550017771"
  },
  {
    "lot_source_link": "https://www.mecum.com/lots/1153030/1999-ferrari-550-maranello/?aa_id=707453-0",
    "lot_code": "Lot S142",
    "vehicle_chassis_no": "ZFFZR49J000115231"
  },
  {
    "lot_source_link": "https://www.mecum.com/lots/1152857/1994-lamborghini-diablo-vt/?aa_id=707085-0",
    "lot_code": "Lot S138",
    "vehicle_chassis_no": "ZA9DU07P1RLA12171"
  },
  {
    "lot_source_link": "https://www.mecum.com/lots/1152756/1984-ferrari-512-bbi-coupe/?aa_id=706272-0",
    "lot_code": "Lot S135",
    "vehicle_chassis_no": "ZFFJA09B000048505"
  },
  {
    "lot_source_link": "https://www.mecum.com/lots/1152328/2021-ford-shelby-super-snake-speedster/?aa_id=705716-0",
    "lot_code": "Lot S132",
    "vehicle_chassis_no": "1FATP8FF3M5143591"
  },
  {
    "lot_source_link": "https://www.mecum.com/lots/1149137/1959-jaguar-xk150-drophead-coupe/?aa_id=696652-0",
    "lot_code": "Lot S131",
    "vehicle_chassis_no": "S838076DN"
  },
  {
    "lot_source_link": "https://www.mecum.com/lots/1148787/1967-pontiac-gto-convertible/?aa_id=695180-0",
    "lot_code": "Lot S129",
    "vehicle_chassis_no": "242677B118596"
  },
  {
    "lot_source_link": "https://www.mecum.com/lots/1149940/1956-chevrolet-bel-air-custom/?aa_id=695515-0",
    "lot_code": "Lot S128",
    "vehicle_chassis_no": "VC56K057527"
  },
  {
    "lot_source_link": "https://www.mecum.com/lots/1150766/1957-mercedes-benz-190sl-convertible/?aa_id=703210-0",
    "lot_code": "Lot S127",
    "vehicle_chassis_no": "7500732"
  },
  {
    "lot_source_link": "https://www.mecum.com/lots/1152037/1962-ford-thunderbird-m-code-sports-roadster/?aa_id=700483-0",
    "lot_code": "Lot S126",
    "vehicle_chassis_no": "2Y89M169809"
  },
  {
    "lot_source_link": "https://www.mecum.com/lots/1152935/2007-porsche-911-gt3-rs/?aa_id=708109-0",
    "lot_code": "Lot S121.1",
    "vehicle_chassis_no": "WP0AC29917S792876"
  },
  {
    "lot_source_link": "https://www.mecum.com/lots/1149804/1967-jaguar-e-type-series-i-roadster/?aa_id=699052-0",
    "lot_code": "Lot S121",
    "vehicle_chassis_no": "1E15831"
  },
  {
    "lot_source_link": "https://www.mecum.com/lots/1150821/1969-dodge-hemi-daytona-nascar/?aa_id=696782-0",
    "lot_code": "Lot S120",
    "vehicle_chassis_no": "BILL OF SALE"
  },
  {
    "lot_source_link": "https://www.mecum.com/lots/1150796/1955-porsche-356-pre-a-speedster/?aa_id=698683-0",
    "lot_code": "Lot S118",
    "vehicle_chassis_no": "80697"
  },
  {
    "lot_source_link": "https://www.mecum.com/lots/1152573/2007-ferrari-f430-coupe/?aa_id=704770-0",
    "lot_code": "Lot S117",
    "vehicle_chassis_no": "ZFFEW58A270155871"
  },
  {
    "lot_source_link": "https://www.mecum.com/lots/1154283/1947-ford-super-deluxe-convertible/?aa_id=711568-0",
    "lot_code": "Lot S116.1",
    "vehicle_chassis_no": "799A2010973"
  },
  {
    "lot_source_link": "https://www.mecum.com/lots/1151640/1959-chevrolet-corvette-convertible/?aa_id=702202-0",
    "lot_code": "Lot S116",
    "vehicle_chassis_no": "J59S105606"
  },
  {
    "lot_source_link": "https://www.mecum.com/lots/1151718/1932-packard-905-twin-six-coupe-roadster/?aa_id=699926-0",
    "lot_code": "Lot S113",
    "vehicle_chassis_no": "57961"
  },
  {
    "lot_source_link": "https://www.mecum.com/lots/1149930/1969-mercedes-benz-280sl-roadster/?aa_id=707752-0",
    "lot_code": "Lot S112",
    "vehicle_chassis_no": "11304412004654"
  },
  {
    "lot_source_link": "https://www.mecum.com/lots/1152587/1993-jaguar-xj220/?aa_id=705667-0",
    "lot_code": "Lot S108",
    "vehicle_chassis_no": "SAJJEAEX8AX220797"
  },
  {
    "lot_source_link": "https://www.mecum.com/lots/1148467/1958-chrysler-california-ghia-hardtop/?aa_id=695551-0",
    "lot_code": "Lot S107",
    "vehicle_chassis_no": "AC68736MD"
  },
  {
    "lot_source_link": "https://www.mecum.com/lots/1151655/1965-porsche-356-sc-cabriolet/?aa_id=707172-0",
    "lot_code": "Lot S105",
    "vehicle_chassis_no": "161587"
  },
  {
    "lot_source_link": "https://www.mecum.com/lots/1151653/1964-porsche-356c-cabriolet/?aa_id=702183-0",
    "lot_code": "Lot S104",
    "vehicle_chassis_no": "160007"
  },
  {
    "lot_source_link": "https://www.mecum.com/lots/1150643/1967-ferrari-275-gtb-4/?aa_id=699287-0",
    "lot_code": "Lot S101",
    "vehicle_chassis_no": "10583"
  },
  {
    "lot_source_link": "https://www.mecum.com/lots/1146204/1973-ferrari-dino-246-gts/?aa_id=695089-0",
    "lot_code": "Lot S100",
    "vehicle_chassis_no": "05984"
  },
  {
    "lot_source_link": "https://www.mecum.com/lots/1152063/1971-ferrari-365-gts-4-daytona-spider/?aa_id=702968-0",
    "lot_code": "Lot S99",
    "vehicle_chassis_no": "14473"
  },
  {
    "lot_source_link": "https://www.mecum.com/lots/1143743/1958-edsel-citation-convertible/?aa_id=695101-0",
    "lot_code": "Lot S98",
    "vehicle_chassis_no": "X8SY705708"
  },
  {
    "lot_source_link": "https://www.mecum.com/lots/1152439/1951-ferrari-212-export-touring-barchetta/?aa_id=703493-0",
    "lot_code": "Lot S97",
    "vehicle_chassis_no": "0136E"
  },
  {
    "lot_source_link": "https://www.mecum.com/lots/1149802/1957-mercedes-benz-300sl-gullwing/?aa_id=697113-0",
    "lot_code": "Lot S95",
    "vehicle_chassis_no": "1980407500061"
  },
  {
    "lot_source_link": "https://www.mecum.com/lots/1148970/1969-vpj-ford-indy-car/?aa_id=699286-0",
    "lot_code": "Lot S94",
    "vehicle_chassis_no": "BILL OF SALE"
  },
  {
    "lot_source_link": "https://www.mecum.com/lots/1150642/1969-lamborghini-miura-p400-s/?aa_id=697472-0",
    "lot_code": "Lot S93",
    "vehicle_chassis_no": "3919"
  },
  {
    "lot_source_link": "https://www.mecum.com/lots/1152934/2008-porsche-911-gt3-rs/?aa_id=707967-0",
    "lot_code": "Lot S91.1",
    "vehicle_chassis_no": "WP0AC29968S792132"
  },
  {
    "lot_source_link": "https://www.mecum.com/lots/1150639/1973-porsche-911-carrera-rs-2-7-lightweight/?aa_id=697326-0",
    "lot_code": "Lot S91",
    "vehicle_chassis_no": "9113600545"
  },
  {
    "lot_source_link": "https://www.mecum.com/lots/1152724/2006-ford-gt-heritage-edition/?aa_id=706511-0",
    "lot_code": "Lot S90.1",
    "vehicle_chassis_no": "1FAFP90S86Y400173"
  },
  {
    "lot_source_link": "https://www.mecum.com/lots/1152474/2024-porsche-911-s-t/?aa_id=705296-0",
    "lot_code": "Lot S90",
    "vehicle_chassis_no": "WP0AF2A91RS273803"
  },
  {
    "lot_source_link": "https://www.mecum.com/lots/1152226/1960-chrysler-imperial-convertible/?aa_id=703455-0",
    "lot_code": "Lot S89",
    "vehicle_chassis_no": "9204107098"
  },
  {
    "lot_source_link": "https://www.mecum.com/lots/1149801/1968-ferrari-330-gtc/?aa_id=697110-0",
    "lot_code": "Lot S88",
    "vehicle_chassis_no": "10761"
  },
  {
    "lot_source_link": "https://www.mecum.com/lots/1146368/1967-pontiac-gto-custom-hardtop/?aa_id=695126-0",
    "lot_code": "Lot S87",
    "vehicle_chassis_no": "242177B126534"
  },
  {
    "lot_source_link": "https://www.mecum.com/lots/1152227/1957-ford-fairlane-500-skyliner/?aa_id=703456-0",
    "lot_code": "Lot S86",
    "vehicle_chassis_no": "D7RW183122"
  },
  {
    "lot_source_link": "https://www.mecum.com/lots/1152730/1987-detomaso-pantera-gt5-s/?aa_id=706275-0",
    "lot_code": "Lot S84.1",
    "vehicle_chassis_no": "1A9PN8744HD111022"
  },
  {
    "lot_source_link": "https://www.mecum.com/lots/1152601/1962-chevrolet-corvette-fuelie-convertible/?aa_id=706952-0",
    "lot_code": "Lot S83",
    "vehicle_chassis_no": "20867S100909"
  },
  {
    "lot_source_link": "https://www.mecum.com/lots/1143232/1964-rolls-royce-silver-cloud-iii-saloon/?aa_id=695444-0",
    "lot_code": "Lot S81",
    "vehicle_chassis_no": "LSFU103"
  },
  {
    "lot_source_link": "https://www.mecum.com/lots/1144173/1953-mg-td-roadster/?aa_id=695448-0",
    "lot_code": "Lot S80",
    "vehicle_chassis_no": "TD23208"
  },
  {
    "lot_source_link": "https://www.mecum.com/lots/1148734/2025-ferrari-sf90-spider/?aa_id=705310-0",
    "lot_code": "Lot S79",
    "vehicle_chassis_no": "ZFF96NMA9S0313073"
  },
  {
    "lot_source_link": "https://www.mecum.com/lots/1152288/1969-chevrolet-corvette-l88-convertible/?aa_id=702949-0",
    "lot_code": "Lot S78",
    "vehicle_chassis_no": "194679S704899"
  },
  {
    "lot_source_link": "https://www.mecum.com/lots/1145741/1954-sunbeam-alpine-mki-roadster/?aa_id=695450-0",
    "lot_code": "Lot S75",
    "vehicle_chassis_no": "A3014363LRX"
  },
  {
    "lot_source_link": "https://www.mecum.com/lots/1145260/1968-shelby-gt500kr-convertible/?aa_id=695140-0",
    "lot_code": "Lot S74",
    "vehicle_chassis_no": "8T03R21096803841"
  },
  {
    "lot_source_link": "https://www.mecum.com/lots/1152726/1963-chevrolet-impala-ss-convertible/?aa_id=706510-0",
    "lot_code": "Lot S73.1",
    "vehicle_chassis_no": "31867B181537"
  },
  {
    "lot_source_link": "https://www.mecum.com/lots/1143234/1970-mercedes-benz-280sl-pagoda-convertible/?aa_id=695446-0",
    "lot_code": "Lot S73",
    "vehicle_chassis_no": "11304412016917"
  },
  {
    "lot_source_link": "https://www.mecum.com/lots/1149803/1959-mercedes-benz-300sl-roadster/?aa_id=697118-0",
    "lot_code": "Lot S72",
    "vehicle_chassis_no": "198042109500027"
  },
  {
    "lot_source_link": "https://www.mecum.com/lots/1154096/2021-mclaren-gt/?aa_id=710636-0",
    "lot_code": "Lot S71.1",
    "vehicle_chassis_no": "SBM22GCA1MW001149"
  },
  {
    "lot_source_link": "https://www.mecum.com/lots/1146845/1960-chevrolet-corvette-fuelie-convertible/?aa_id=696310-0",
    "lot_code": "Lot S67",
    "vehicle_chassis_no": "00867S103908"
  },
  {
    "lot_source_link": "https://www.mecum.com/lots/1150144/1932-ford-hi-boy-custom-roadster/?aa_id=708928-0",
    "lot_code": "Lot S66",
    "vehicle_chassis_no": "873102"
  },
  {
    "lot_source_link": "https://www.mecum.com/lots/1150637/2021-mercedes-benz-amg-gt-black-series-p-one-edition/?aa_id=696724-0",
    "lot_code": "Lot S65",
    "vehicle_chassis_no": "W1KYJ8BA1MA041750"
  },
  {
    "lot_source_link": "https://www.mecum.com/lots/1152393/2018-dodge-challenger-srt-demon/?aa_id=706804-0",
    "lot_code": "Lot S64",
    "vehicle_chassis_no": "2C3CDZH92JH100496"
  },
  {
    "lot_source_link": "https://www.mecum.com/lots/1152378/1969-plymouth-satellite-hardtop/?aa_id=707304-0",
    "lot_code": "Lot S63",
    "vehicle_chassis_no": "RH23F9E131668"
  },
  {
    "lot_source_link": "https://www.mecum.com/lots/1151039/1972-chevrolet-camaro-rs-z28/?aa_id=699006-0",
    "lot_code": "Lot S60",
    "vehicle_chassis_no": "1Q87L2N144211"
  },
  {
    "lot_source_link": "https://www.mecum.com/lots/1152088/1963-porsche-356b-super/?aa_id=703144-0",
    "lot_code": "Lot S59",
    "vehicle_chassis_no": "122823"
  },
  {
    "lot_source_link": "https://www.mecum.com/lots/1150143/1929-packard-633-standard-eight-phaeton/?aa_id=708929-0",
    "lot_code": "Lot S55",
    "vehicle_chassis_no": "243954"
  },
  {
    "lot_source_link": "https://www.mecum.com/lots/1152821/2008-porsche-boxster-rs-60-spyder/?aa_id=707083-0",
    "lot_code": "Lot S54.1",
    "vehicle_chassis_no": "WP0CB29828U732064"
  },
  {
    "lot_source_link": "https://www.mecum.com/lots/1152147/1996-porsche-911-turbo-coupe/?aa_id=702874-0",
    "lot_code": "Lot S53",
    "vehicle_chassis_no": "WP0AC2999TS375774"
  },
  {
    "lot_source_link": "https://www.mecum.com/lots/1153663/2024-porsche-911-turbo-cabriolet/?aa_id=708170-0",
    "lot_code": "Lot S52.1",
    "vehicle_chassis_no": "WP0CD2A94RS257982"
  },
  {
    "lot_source_link": "https://www.mecum.com/lots/1150822/1967-chevrolet-corvette-custom-coupe/?aa_id=702873-0",
    "lot_code": "Lot S52",
    "vehicle_chassis_no": "194377S102701"
  },
  {
    "lot_source_link": "https://www.mecum.com/lots/1150201/1988-bmw-m5/?aa_id=702872-0",
    "lot_code": "Lot S51",
    "vehicle_chassis_no": "WBSDC9304J2791348"
  },
  {
    "lot_source_link": "https://www.mecum.com/lots/1149438/1976-jensen-interceptor-iii-convertible/?aa_id=702865-0",
    "lot_code": "Lot S50",
    "vehicle_chassis_no": "23111947"
  },
  {
    "lot_source_link": "https://www.mecum.com/lots/1149406/1930-cadillac-series-452-v-16-convertible-coupe/?aa_id=702849-0",
    "lot_code": "Lot S48",
    "vehicle_chassis_no": "702686"
  },
  {
    "lot_source_link": "https://www.mecum.com/lots/1149405/1932-duesenberg-model-j-sweep-panel-dual-cowl-phaeton/?aa_id=702817-0",
    "lot_code": "Lot S47",
    "vehicle_chassis_no": "2481"
  },
  {
    "lot_source_link": "https://www.mecum.com/lots/1152417/1956-ford-f100-custom-pickup/?aa_id=706858-0",
    "lot_code": "Lot S44",
    "vehicle_chassis_no": "AZ384381"
  },
  {
    "lot_source_link": "https://www.mecum.com/lots/1154095/2024-chevrolet-corvette-convertible/?aa_id=710633-0",
    "lot_code": "Lot S43.1",
    "vehicle_chassis_no": "1G1YA3D42R5113195"
  },
  {
    "lot_source_link": "https://www.mecum.com/lots/1149931/1957-chevrolet-corvette-convertible/?aa_id=707740-0",
    "lot_code": "Lot S43",
    "vehicle_chassis_no": "E57S102369"
  },
  {
    "lot_source_link": "https://www.mecum.com/lots/1147534/2010-mercedes-benz-s65-amg/?aa_id=695175-0",
    "lot_code": "Lot S42",
    "vehicle_chassis_no": "WDDNG7KB0AA294140"
  },
  {
    "lot_source_link": "https://www.mecum.com/lots/1147533/2012-ford-shelby-gt500-super-snake/?aa_id=695173-0",
    "lot_code": "Lot S40",
    "vehicle_chassis_no": "1ZVBP8JS6C5241777"
  },
  {
    "lot_source_link": "https://www.mecum.com/lots/1147532/1965-chevrolet-corvette-convertible/?aa_id=695170-0",
    "lot_code": "Lot S39",
    "vehicle_chassis_no": "194675S123458"
  },
  {
    "lot_source_link": "https://www.mecum.com/lots/1147531/2021-mercedes-benz-amg-gt-black-series-coupe/?aa_id=695168-0",
    "lot_code": "Lot S38",
    "vehicle_chassis_no": "W1KYJ8BA1MA041702"
  },
  {
    "lot_source_link": "https://www.mecum.com/lots/1147530/2019-porsche-911-gt2-rs-coupe/?aa_id=695165-0",
    "lot_code": "Lot S37",
    "vehicle_chassis_no": "WP0AE2A96KS155268"
  },
  {
    "lot_source_link": "https://www.mecum.com/lots/1147529/2019-porsche-911-speedster/?aa_id=695157-0",
    "lot_code": "Lot S36",
    "vehicle_chassis_no": "WP0CF2A91KS172520"
  },
  {
    "lot_source_link": "https://www.mecum.com/lots/1152407/1968-ford-mustang-custom-convertible/?aa_id=703408-0",
    "lot_code": "Lot S33",
    "vehicle_chassis_no": "8R03C108810"
  },
  {
    "lot_source_link": "https://www.mecum.com/lots/1152038/1950-spcon-custom-woody/?aa_id=702201-0",
    "lot_code": "Lot S32",
    "vehicle_chassis_no": "AZ322368"
  },
  {
    "lot_source_link": "https://www.mecum.com/lots/1151585/1955-chevrolet-cameo-pickup/?aa_id=698062-0",
    "lot_code": "Lot S30",
    "vehicle_chassis_no": "H255L005413"
  },
  {
    "lot_source_link": "https://www.mecum.com/lots/1154094/1960-chevrolet-impala-bubble-top/?aa_id=711116-0",
    "lot_code": "Lot S22.1",
    "vehicle_chassis_no": "01837A155866"
  },
  {
    "lot_source_link": "https://www.mecum.com/lots/1149927/1969-shelby-gt350-fastback/?aa_id=707737-0",
    "lot_code": "Lot S22",
    "vehicle_chassis_no": "9F02M480024"
  },
  {
    "lot_source_link": "https://www.mecum.com/lots/1149926/1954-chevrolet-corvette-roadster/?aa_id=707736-0",
    "lot_code": "Lot S21",
    "vehicle_chassis_no": "E54S003689"
  },
  {
    "lot_source_link": "https://www.mecum.com/lots/1149925/1957-ford-thunderbird-e-code-convertible/?aa_id=708807-0",
    "lot_code": "Lot S20",
    "vehicle_chassis_no": "E7FH197900"
  },
  {
    "lot_source_link": "https://www.mecum.com/lots/1152382/1971-chevrolet-c10-pickup/?aa_id=707302-0",
    "lot_code": "Lot S19",
    "vehicle_chassis_no": "AZ384371"
  },
  {
    "lot_source_link": "https://www.mecum.com/lots/1151928/1970-porsche-914-6-targa/?aa_id=702743-0",
    "lot_code": "Lot S18.1",
    "vehicle_chassis_no": "9140432350"
  },
  {
    "lot_source_link": "https://www.mecum.com/lots/1148669/1971-detomaso-pantera/?aa_id=695465-0",
    "lot_code": "Lot S16",
    "vehicle_chassis_no": "THPNLD01298"
  },
  {
    "lot_source_link": "https://www.mecum.com/lots/1148670/1971-chevrolet-corvette-ls6-convertible/?aa_id=695472-0",
    "lot_code": "Lot S15",
    "vehicle_chassis_no": "194671S104804"
  },
  {
    "lot_source_link": "https://www.mecum.com/lots/1144172/1958-bmw-isetta-600-limousine/?aa_id=695447-0",
    "lot_code": "Lot S8",
    "vehicle_chassis_no": "124601"
  },
  {
    "lot_source_link": "https://www.mecum.com/lots/1149800/1966-oldsmobile-442/?aa_id=696516-0",
    "lot_code": "Lot S7",
    "vehicle_chassis_no": "338176M273796"
  },
  {
    "lot_source_link": "https://www.mecum.com/lots/1150248/1996-porsche-911-carrera-4s-coupe/?aa_id=699386-0",
    "lot_code": "Lot S4",
    "vehicle_chassis_no": "WP0AA2996TS322956"
  },
  {
    "lot_source_link": "https://www.mecum.com/lots/1154197/1955-mercedes-benz-190sl-roadster/?aa_id=711110-0",
    "lot_code": "Lot F148",
    "vehicle_chassis_no": "1210425500559"
  },
  {
    "lot_source_link": "https://www.mecum.com/lots/1153126/1969-chevrolet-caprice-hardtop/?aa_id=707772-0",
    "lot_code": "Lot F147",
    "vehicle_chassis_no": "166479T073558"
  },
  {
    "lot_source_link": "https://www.mecum.com/lots/1152325/1967-ford-mustang-custom-fastback/?aa_id=711139-0",
    "lot_code": "Lot F144.1",
    "vehicle_chassis_no": "7R01C206517"
  },
  {
    "lot_source_link": "https://www.mecum.com/lots/1153664/1968-chevrolet-c10-custom-pickup/?aa_id=708020-0",
    "lot_code": "Lot F143",
    "vehicle_chassis_no": "CE148Z155121"
  },
  {
    "lot_source_link": "https://www.mecum.com/lots/1153085/1967-ford-mustang-gta-convertible/?aa_id=709763-0",
    "lot_code": "Lot F141",
    "vehicle_chassis_no": "7T03A291902"
  },
  {
    "lot_source_link": "https://www.mecum.com/lots/1152922/2018-dodge-challenger-srt-demon/?aa_id=707063-0",
    "lot_code": "Lot F137",
    "vehicle_chassis_no": "2C3CDZH90JH103252"
  },
  {
    "lot_source_link": "https://www.mecum.com/lots/1154104/2022-ram-trx-sandblast-edition-pickup/?aa_id=711414-0",
    "lot_code": "Lot F134.1",
    "vehicle_chassis_no": "1C6SRFU9XNN370688"
  },
  {
    "lot_source_link": "https://www.mecum.com/lots/1149111/2001-bmw-750il-sedan/?aa_id=695631-0",
    "lot_code": "Lot F131",
    "vehicle_chassis_no": "WBAGJ03471DD74223"
  },
  {
    "lot_source_link": "https://www.mecum.com/lots/1152646/1967-ford-bronco-kindred/?aa_id=705710-0",
    "lot_code": "Lot F130",
    "vehicle_chassis_no": "U15FLB14015"
  },
  {
    "lot_source_link": "https://www.mecum.com/lots/1152825/1959-edsel-corsair-convertible/?aa_id=706711-0",
    "lot_code": "Lot F129.1",
    "vehicle_chassis_no": "B9UR737100"
  },
  {
    "lot_source_link": "https://www.mecum.com/lots/1152287/1974-porsche-911-coupe/?aa_id=703852-0",
    "lot_code": "Lot F125",
    "vehicle_chassis_no": "9114101321"
  },
  {
    "lot_source_link": "https://www.mecum.com/lots/1149315/1970-chevrolet-corvette-coupe/?aa_id=699183-0",
    "lot_code": "Lot F124",
    "vehicle_chassis_no": "194370S414554"
  },
  {
    "lot_source_link": "https://www.mecum.com/lots/1152416/1940-ford-custom-pickup/?aa_id=702926-0",
    "lot_code": "Lot F120",
    "vehicle_chassis_no": "AZ388947"
  },
  {
    "lot_source_link": "https://www.mecum.com/lots/1152415/1932-ford-dearborn-deuce-75th-anniversary-hi-boy-roadster/?aa_id=706857-0",
    "lot_code": "Lot F119",
    "vehicle_chassis_no": "7532013"
  },
  {
    "lot_source_link": "https://www.mecum.com/lots/1153786/1957-chevrolet-bel-air-convertible/?aa_id=709192-0",
    "lot_code": "Lot F116.1",
    "vehicle_chassis_no": "VC570133934"
  },
  {
    "lot_source_link": "https://www.mecum.com/lots/1152267/1967-jaguar-e-type-series-i-roadster/?aa_id=703221-0",
    "lot_code": "Lot F115",
    "vehicle_chassis_no": "1E11120"
  },
  {
    "lot_source_link": "https://www.mecum.com/lots/1148950/1967-land-rover-109-series-iia/?aa_id=695096-0",
    "lot_code": "Lot F113",
    "vehicle_chassis_no": "25415294"
  },
  {
    "lot_source_link": "https://www.mecum.com/lots/1151629/1968-chevrolet-camaro-convertible/?aa_id=703467-0",
    "lot_code": "Lot F105",
    "vehicle_chassis_no": "124678L300452"
  },
  {
    "lot_source_link": "https://www.mecum.com/lots/1152387/2023-dodge-challenger-black-ghost/?aa_id=706554-0",
    "lot_code": "Lot F104",
    "vehicle_chassis_no": "2C3CDZL96PH549101"
  },
  {
    "lot_source_link": "https://www.mecum.com/lots/1151841/1971-mercedes-benz-280se-3-5-coupe/?aa_id=703212-0",
    "lot_code": "Lot F103",
    "vehicle_chassis_no": "11102612002345"
  },
  {
    "lot_source_link": "https://www.mecum.com/lots/1149923/1995-bmw-m3-coupe/?aa_id=707735-0",
    "lot_code": "Lot F100",
    "vehicle_chassis_no": "WBSBF9327SEH05520"
  },
  {
    "lot_source_link": "https://www.mecum.com/lots/1149340/2015-ferrari-458-spider/?aa_id=697213-0",
    "lot_code": "Lot F98",
    "vehicle_chassis_no": "ZFF68NHAXF0212640"
  },
  {
    "lot_source_link": "https://www.mecum.com/lots/1149441/1940-ford-von-arx-special-custom-roadster/?aa_id=695549-0",
    "lot_code": "Lot F97",
    "vehicle_chassis_no": "DR004897"
  },
  {
    "lot_source_link": "https://www.mecum.com/lots/1148963/1951-lincoln-cosmopolitan-club-coupe/?aa_id=695439-0",
    "lot_code": "Lot F94",
    "vehicle_chassis_no": "51LP6777H"
  },
  {
    "lot_source_link": "https://www.mecum.com/lots/1148962/1949-packard-custom-coupe/?aa_id=695435-0",
    "lot_code": "Lot F93",
    "vehicle_chassis_no": "225592561"
  },
  {
    "lot_source_link": "https://www.mecum.com/lots/1148961/1936-dodge-d2-business-coupe/?aa_id=695433-0",
    "lot_code": "Lot F92",
    "vehicle_chassis_no": "AZ253180"
  },
  {
    "lot_source_link": "https://www.mecum.com/lots/1148960/2003-ferrari-360-spider/?aa_id=695174-0",
    "lot_code": "Lot F91",
    "vehicle_chassis_no": "ZFFYT53A130131620"
  },
  {
    "lot_source_link": "https://www.mecum.com/lots/1148959/1970-jaguar-e-type-series-ii-roadster/?aa_id=695419-0",
    "lot_code": "Lot F90",
    "vehicle_chassis_no": "P1R13474"
  },
  {
    "lot_source_link": "https://www.mecum.com/lots/1148958/1930-packard-745-deluxe-eight-dietrich-convertible-sedan/?aa_id=695404-0",
    "lot_code": "Lot F89",
    "vehicle_chassis_no": "181631"
  },
  {
    "lot_source_link": "https://www.mecum.com/lots/1148023/1972-ferrari-dino-246-gt/?aa_id=698509-0",
    "lot_code": "Lot F88",
    "vehicle_chassis_no": "02984"
  },
  {
    "lot_source_link": "https://www.mecum.com/lots/1151940/1978-porsche-930-turbo-coupe/?aa_id=706992-0",
    "lot_code": "Lot F87",
    "vehicle_chassis_no": "9308800378"
  },
  {
    "lot_source_link": "https://www.mecum.com/lots/1148348/2022-ford-shelby-gt-h/?aa_id=695392-0",
    "lot_code": "Lot F86",
    "vehicle_chassis_no": "1FA6P8CF0N5117596"
  },
  {
    "lot_source_link": "https://www.mecum.com/lots/1148349/2016-ford-shelby-gt-h-50th-anniversary/?aa_id=695395-0",
    "lot_code": "Lot F85",
    "vehicle_chassis_no": "1FA6P8CFXG5307246"
  },
  {
    "lot_source_link": "https://www.mecum.com/lots/1148351/2006-ford-shelby-gt-h/?aa_id=695400-0",
    "lot_code": "Lot F83",
    "vehicle_chassis_no": "1ZVFT82H165254537"
  },
  {
    "lot_source_link": "https://www.mecum.com/lots/1148777/2003-ford-mustang-svt-cobra-10th-anniversary-convertible/?aa_id=695407-0",
    "lot_code": "Lot F82",
    "vehicle_chassis_no": "1FAFP49Y23F449631"
  },
  {
    "lot_source_link": "https://www.mecum.com/lots/1148352/1966-ford-shelby-gt350h-fastback/?aa_id=695406-0",
    "lot_code": "Lot F81",
    "vehicle_chassis_no": "SFM6S1947"
  },
  {
    "lot_source_link": "https://www.mecum.com/lots/1151047/1960-austin-healey-3000-mki-bt7-roadster/?aa_id=697405-0",
    "lot_code": "Lot F74",
    "vehicle_chassis_no": "HBT7L8800"
  },
  {
    "lot_source_link": "https://www.mecum.com/lots/1151048/1967-austin-healey-3000-mkiii-bj8-convertible/?aa_id=697431-0",
    "lot_code": "Lot F73",
    "vehicle_chassis_no": "HBJ8L34812"
  },
  {
    "lot_source_link": "https://www.mecum.com/lots/1149921/2012-bentley-mulsanne-sedan/?aa_id=707731-0",
    "lot_code": "Lot F72",
    "vehicle_chassis_no": "SCBBB7ZH2CC016713"
  },
  {
    "lot_source_link": "https://www.mecum.com/lots/1146333/2002-dodge-viper-gts-coupe/?aa_id=695393-0",
    "lot_code": "Lot F71",
    "vehicle_chassis_no": "1B3ER69E92V102854"
  },
  {
    "lot_source_link": "https://www.mecum.com/lots/1152391/2023-dodge-challenger-srt-demon-170/?aa_id=706988-0",
    "lot_code": "Lot F69",
    "vehicle_chassis_no": "2C3CDZL9XPH101153"
  },
  {
    "lot_source_link": "https://www.mecum.com/lots/1152389/1952-dodge-power-wagon-pickup/?aa_id=706969-0",
    "lot_code": "Lot F67",
    "vehicle_chassis_no": "80040635"
  },
  {
    "lot_source_link": "https://www.mecum.com/lots/1154091/1965-pontiac-gto/?aa_id=710973-0",
    "lot_code": "Lot F66.1",
    "vehicle_chassis_no": "237375B103379"
  },
  {
    "lot_source_link": "https://www.mecum.com/lots/1149920/2018-porsche-macan-s/?aa_id=707730-0",
    "lot_code": "Lot F66",
    "vehicle_chassis_no": "WP1AB2A57JLB32563"
  },
  {
    "lot_source_link": "https://www.mecum.com/lots/1152499/1974-lamborghini-espada/?aa_id=705271-0",
    "lot_code": "Lot F65",
    "vehicle_chassis_no": "9612"
  },
  {
    "lot_source_link": "https://www.mecum.com/lots/1148619/1934-ford-roadster/?aa_id=699301-0",
    "lot_code": "Lot F63",
    "vehicle_chassis_no": "NCS98142"
  },
  {
    "lot_source_link": "https://www.mecum.com/lots/1150648/1956-austin-healey-100-bn2-roadster/?aa_id=703148-0",
    "lot_code": "Lot F62",
    "vehicle_chassis_no": "BN2L232735"
  },
  {
    "lot_source_link": "https://www.mecum.com/lots/1144822/1938-chevrolet-business-coupe/?aa_id=695178-0",
    "lot_code": "Lot F60",
    "vehicle_chassis_no": "6GA0114996"
  },
  {
    "lot_source_link": "https://www.mecum.com/lots/1152398/1966-volkswagen-type-ii-custom/?aa_id=702961-0",
    "lot_code": "Lot F58",
    "vehicle_chassis_no": "236022705"
  },
  {
    "lot_source_link": "https://www.mecum.com/lots/1152765/2018-dodge-challenger-srt-demon/?aa_id=708104-0",
    "lot_code": "Lot F57.1",
    "vehicle_chassis_no": "2C3CDZH96JH101179"
  },
  {
    "lot_source_link": "https://www.mecum.com/lots/1152003/2000-ferrari-550-maranello/?aa_id=705981-0",
    "lot_code": "Lot F56",
    "vehicle_chassis_no": "ZFFZS49A1Y0120830"
  },
  {
    "lot_source_link": "https://www.mecum.com/lots/1152087/1949-gmc-100-pickup/?aa_id=702199-0",
    "lot_code": "Lot F55",
    "vehicle_chassis_no": "FC10152519"
  },
  {
    "lot_source_link": "https://www.mecum.com/lots/1152390/1962-chevrolet-corvette-fuelie-convertible/?aa_id=706987-0",
    "lot_code": "Lot F54",
    "vehicle_chassis_no": "20867S101373"
  },
  {
    "lot_source_link": "https://www.mecum.com/lots/1143692/1971-chevrolet-chevelle-ss-convertible/?aa_id=695128-0",
    "lot_code": "Lot F53",
    "vehicle_chassis_no": "136671K118528"
  },
  {
    "lot_source_link": "https://www.mecum.com/lots/1150034/1972-ferrari-dino-246-gt/?aa_id=698518-0",
    "lot_code": "Lot F50",
    "vehicle_chassis_no": "03186"
  },
  {
    "lot_source_link": "https://www.mecum.com/lots/1152723/2004-rolls-royce-phantom-sedan/?aa_id=709409-0",
    "lot_code": "Lot F49.1",
    "vehicle_chassis_no": "SCA1S68494UX07435"
  },
  {
    "lot_source_link": "https://www.mecum.com/lots/1152392/2023-dodge-challenger-srt-demon-170/?aa_id=706659-0",
    "lot_code": "Lot F47",
    "vehicle_chassis_no": "2C3CDZL93PH100801"
  },
  {
    "lot_source_link": "https://www.mecum.com/lots/1151529/2015-chevrolet-copo-camaro/?aa_id=698088-0",
    "lot_code": "Lot F46",
    "vehicle_chassis_no": "2015COPO038"
  },
  {
    "lot_source_link": "https://www.mecum.com/lots/1151592/1956-cadillac-series-62/?aa_id=701717-0",
    "lot_code": "Lot F45",
    "vehicle_chassis_no": "5662120577"
  },
  {
    "lot_source_link": "https://www.mecum.com/lots/1152381/2023-dodge-challenger-srt-demon-170/?aa_id=706986-0",
    "lot_code": "Lot F44",
    "vehicle_chassis_no": "2C3CDZL94PH101083"
  },
  {
    "lot_source_link": "https://www.mecum.com/lots/1149924/2015-maserati-granturismo-convertible/?aa_id=707729-0",
    "lot_code": "Lot F42",
    "vehicle_chassis_no": "ZAM45MMA7F0136594"
  },
  {
    "lot_source_link": "https://www.mecum.com/lots/1152376/1927-ford-model-t/?aa_id=706984-0",
    "lot_code": "Lot F40",
    "vehicle_chassis_no": "AZ323340"
  },
  {
    "lot_source_link": "https://www.mecum.com/lots/1152385/2023-dodge-charger-king-daytona/?aa_id=706660-0",
    "lot_code": "Lot F39",
    "vehicle_chassis_no": "2C3CDXL93PH554678"
  },
  {
    "lot_source_link": "https://www.mecum.com/lots/1152766/1988-mazda-rx-7-convertible/?aa_id=706409-0",
    "lot_code": "Lot F38.1",
    "vehicle_chassis_no": "JM1FC351XJ0107028"
  },
  {
    "lot_source_link": "https://www.mecum.com/lots/1152290/1963-chevrolet-corvette-convertible/?aa_id=705277-0",
    "lot_code": "Lot F37",
    "vehicle_chassis_no": "30867S103165"
  },
  {
    "lot_source_link": "https://www.mecum.com/lots/1148786/1957-oldsmobile-super-88-convertible/?aa_id=695156-0",
    "lot_code": "Lot F36",
    "vehicle_chassis_no": "578M22498"
  },
  {
    "lot_source_link": "https://www.mecum.com/lots/1153125/1975-pontiac-trans-am/?aa_id=708034-0",
    "lot_code": "Lot F35.1",
    "vehicle_chassis_no": "2W87W5N582163"
  },
  {
    "lot_source_link": "https://www.mecum.com/lots/1154089/2012-aston-martin-vantage/?aa_id=710602-0",
    "lot_code": "Lot F34.1",
    "vehicle_chassis_no": "SCFEKBAK5CGC16339"
  },
  {
    "lot_source_link": "https://www.mecum.com/lots/1149919/1957-ford-thunderbird-convertible/?aa_id=707728-0",
    "lot_code": "Lot F34",
    "vehicle_chassis_no": "D7FH320354"
  },
  {
    "lot_source_link": "https://www.mecum.com/lots/1154088/1969-chevrolet-camaro-convertible/?aa_id=710970-0",
    "lot_code": "Lot F33.1",
    "vehicle_chassis_no": "124679L526660"
  },
  {
    "lot_source_link": "https://www.mecum.com/lots/1149918/1965-factory-five-shelby-daytona-replica-coupe/?aa_id=707724-0",
    "lot_code": "Lot F33",
    "vehicle_chassis_no": "AZ353480"
  },
  {
    "lot_source_link": "https://www.mecum.com/lots/1149917/1973-chevrolet-corvette-coupe/?aa_id=707720-0",
    "lot_code": "Lot F32",
    "vehicle_chassis_no": "1Z37Z3S420748"
  },
  {
    "lot_source_link": "https://www.mecum.com/lots/1149916/1955-custom-speedster-replica/?aa_id=707703-0",
    "lot_code": "Lot F31",
    "vehicle_chassis_no": "WA89151187"
  },
  {
    "lot_source_link": "https://www.mecum.com/lots/1152386/2023-dodge-charger-king-daytona/?aa_id=706658-0",
    "lot_code": "Lot F29",
    "vehicle_chassis_no": "2C3CDXL93PH554650"
  },
  {
    "lot_source_link": "https://www.mecum.com/lots/1150653/1923-ford-model-t-custom-truck/?aa_id=697165-0",
    "lot_code": "Lot F27",
    "vehicle_chassis_no": "253786"
  },
  {
    "lot_source_link": "https://www.mecum.com/lots/1152397/1973-chevrolet-c10-pickup/?aa_id=706983-0",
    "lot_code": "Lot F26",
    "vehicle_chassis_no": "CCX1431184765"
  },
  {
    "lot_source_link": "https://www.mecum.com/lots/1148618/1960-triumph-tr3-roadster/?aa_id=696821-0",
    "lot_code": "Lot F25",
    "vehicle_chassis_no": "TS65779L"
  },
  {
    "lot_source_link": "https://www.mecum.com/lots/1150805/1962-chevrolet-corvette-race-car/?aa_id=705201-0",
    "lot_code": "Lot F23",
    "vehicle_chassis_no": "20867S100356"
  },
  {
    "lot_source_link": "https://www.mecum.com/lots/1152479/1957-porsche-356a-coupe/?aa_id=704803-0",
    "lot_code": "Lot F15",
    "vehicle_chassis_no": "58705"
  },
  {
    "lot_source_link": "https://www.mecum.com/lots/1152599/1956-ford-thunderbird-convertible/?aa_id=705365-0",
    "lot_code": "Lot F12",
    "vehicle_chassis_no": "P6FH160792"
  },
  {
    "lot_source_link": "https://www.mecum.com/lots/1152395/1968-dodge-coronet-r-t/?aa_id=707300-0",
    "lot_code": "Lot F11",
    "vehicle_chassis_no": "WS23L8E106852"
  },
  {
    "lot_source_link": "https://www.mecum.com/lots/1146574/1982-rolls-royce-corniche-convertible/?aa_id=695544-0",
    "lot_code": "Lot F10",
    "vehicle_chassis_no": "SCAZD42A8CCX05549"
  },
  {
    "lot_source_link": "https://www.mecum.com/lots/1153998/1968-chevrolet-camaro/?aa_id=710507-0",
    "lot_code": "Lot T206",
    "vehicle_chassis_no": "124378N425355"
  },
  {
    "lot_source_link": "https://www.mecum.com/lots/1153956/1968-chevrolet-camaro-rs/?aa_id=709526-0",
    "lot_code": "Lot T198",
    "vehicle_chassis_no": "124378N312944"
  },
  {
    "lot_source_link": "https://www.mecum.com/lots/1153741/1968-chevrolet-corvette-convertible/?aa_id=708585-0",
    "lot_code": "Lot T191",
    "vehicle_chassis_no": "194678S404002"
  },
  {
    "lot_source_link": "https://www.mecum.com/lots/1153514/1964-dodge-polara/?aa_id=708859-0",
    "lot_code": "Lot T190",
    "vehicle_chassis_no": "6342203009"
  },
  {
    "lot_source_link": "https://www.mecum.com/lots/1153220/1970-toyota-fj-40-land-cruiser-suv/?aa_id=708265-0",
    "lot_code": "Lot T188",
    "vehicle_chassis_no": "FJ4085523"
  },
  {
    "lot_source_link": "https://www.mecum.com/lots/1153133/1968-chevrolet-c10-custom-pickup/?aa_id=707070-0",
    "lot_code": "Lot T186",
    "vehicle_chassis_no": "CS148Z142229"
  },
  {
    "lot_source_link": "https://www.mecum.com/lots/1153032/1988-chevrolet-blazer-custom-deluxe/?aa_id=706931-0",
    "lot_code": "Lot T183",
    "vehicle_chassis_no": "1GNEV18K0JF151221"
  },
  {
    "lot_source_link": "https://www.mecum.com/lots/1152835/1970-volkswagen-beetle/?aa_id=707248-0",
    "lot_code": "Lot T180",
    "vehicle_chassis_no": "1102886390"
  },
  {
    "lot_source_link": "https://www.mecum.com/lots/1152893/1969-chevrolet-corvette-coupe/?aa_id=706932-0",
    "lot_code": "Lot T179",
    "vehicle_chassis_no": "194379S719629"
  },
  {
    "lot_source_link": "https://www.mecum.com/lots/1152719/2000-bmw-m5-sedan/?aa_id=706680-0",
    "lot_code": "Lot T177",
    "vehicle_chassis_no": "WBSDE9343YBZ97199"
  },
  {
    "lot_source_link": "https://www.mecum.com/lots/1152702/1920-dodge-depot-hack/?aa_id=708815-0",
    "lot_code": "Lot T176",
    "vehicle_chassis_no": "392187"
  },
  {
    "lot_source_link": "https://www.mecum.com/lots/1152676/1957-mg-a-1500-roadster/?aa_id=706619-0",
    "lot_code": "Lot T175",
    "vehicle_chassis_no": "BP15GB15705"
  },
  {
    "lot_source_link": "https://www.mecum.com/lots/1152500/1934-ford-tudor-sedan/?aa_id=706064-0",
    "lot_code": "Lot T169",
    "vehicle_chassis_no": "1848860934"
  },
  {
    "lot_source_link": "https://www.mecum.com/lots/1151992/1962-chrysler-newport-convertible/?aa_id=704694-0",
    "lot_code": "Lot T164",
    "vehicle_chassis_no": "8123221891"
  },
  {
    "lot_source_link": "https://www.mecum.com/lots/1151953/1984-mercedes-benz-300td-wagon/?aa_id=707652-0",
    "lot_code": "Lot T163",
    "vehicle_chassis_no": "WDBAB93A3EF012069"
  },
  {
    "lot_source_link": "https://www.mecum.com/lots/1151753/1975-chevrolet-k10-custom-deluxe-pickup/?aa_id=708162-0",
    "lot_code": "Lot T162",
    "vehicle_chassis_no": "CKY145F426708"
  },
  {
    "lot_source_link": "https://www.mecum.com/lots/1151762/2007-ford-mustang-gt-convertible/?aa_id=702071-0",
    "lot_code": "Lot T158",
    "vehicle_chassis_no": "1ZVHT85H975350860"
  },
  {
    "lot_source_link": "https://www.mecum.com/lots/1148714/1923-ford-model-t-speedster/?aa_id=708857-0",
    "lot_code": "Lot T155",
    "vehicle_chassis_no": "7551497"
  },
  {
    "lot_source_link": "https://www.mecum.com/lots/1148465/1996-bentley-brooklands/?aa_id=695479-0",
    "lot_code": "Lot T154",
    "vehicle_chassis_no": "SCBZF11C3TCX58022"
  },
  {
    "lot_source_link": "https://www.mecum.com/lots/1145873/1984-excalibur-series-iv-phaeton/?aa_id=695102-0",
    "lot_code": "Lot T153",
    "vehicle_chassis_no": "1XAPF4316EM848040"
  },
  {
    "lot_source_link": "https://www.mecum.com/lots/1145656/1942-ford-gpw-jeep/?aa_id=695458-0",
    "lot_code": "Lot T152",
    "vehicle_chassis_no": "47585GPW"
  },
  {
    "lot_source_link": "https://www.mecum.com/lots/1145033/1965-ford-mustang-custom-convertible/?aa_id=695453-0",
    "lot_code": "Lot T151",
    "vehicle_chassis_no": "5F08T391214"
  },
  {
    "lot_source_link": "https://www.mecum.com/lots/1152384/2022-jeep-wrangler-unlimited-rubicon-392/?aa_id=706570-0",
    "lot_code": "Lot T148",
    "vehicle_chassis_no": "1C4JJXSJ0NW213910"
  },
  {
    "lot_source_link": "https://www.mecum.com/lots/1152150/2000-bmw-m-coupe/?aa_id=710285-0",
    "lot_code": "Lot T144",
    "vehicle_chassis_no": "WBSCM934XYLC61596"
  },
  {
    "lot_source_link": "https://www.mecum.com/lots/1152469/1969-volkswagen-type-ii-camper-bus/?aa_id=707653-0",
    "lot_code": "Lot T142",
    "vehicle_chassis_no": "239191919"
  },
  {
    "lot_source_link": "https://www.mecum.com/lots/1148096/1997-dodge-viper-gts-coupe/?aa_id=695388-0",
    "lot_code": "Lot T140",
    "vehicle_chassis_no": "1B3ER69E1VV300798"
  },
  {
    "lot_source_link": "https://www.mecum.com/lots/1152823/1978-chevrolet-camaro-z28/?aa_id=706921-0",
    "lot_code": "Lot T137",
    "vehicle_chassis_no": "1Q87L8L605200"
  },
  {
    "lot_source_link": "https://www.mecum.com/lots/1152620/1968-dodge-charger/?aa_id=706631-0",
    "lot_code": "Lot T134",
    "vehicle_chassis_no": "XP29H8B401980"
  },
  {
    "lot_source_link": "https://www.mecum.com/lots/1152619/1969-chevrolet-camaro/?aa_id=706950-0",
    "lot_code": "Lot T133",
    "vehicle_chassis_no": "124379N512610"
  },
  {
    "lot_source_link": "https://www.mecum.com/lots/1152615/1968-chevrolet-chevelle-ss/?aa_id=707024-0",
    "lot_code": "Lot T128",
    "vehicle_chassis_no": "138378B229828"
  },
  {
    "lot_source_link": "https://www.mecum.com/lots/1152614/1966-chevrolet-chevelle-ss/?aa_id=705955-0",
    "lot_code": "Lot T127",
    "vehicle_chassis_no": "138176Z140190"
  },
  {
    "lot_source_link": "https://www.mecum.com/lots/1152427/2023-dodge-challenger-shakedown/?aa_id=706027-0",
    "lot_code": "Lot T126",
    "vehicle_chassis_no": "2C3CDZFJ7PH601695"
  },
  {
    "lot_source_link": "https://www.mecum.com/lots/1151800/1932-ford-3-window-coupe/?aa_id=702378-0",
    "lot_code": "Lot T125",
    "vehicle_chassis_no": "181392444"
  },
  {
    "lot_source_link": "https://www.mecum.com/lots/1152141/2004-porsche-911-turbo/?aa_id=702753-0",
    "lot_code": "Lot T124",
    "vehicle_chassis_no": "WP0AB29904S685302"
  },
  {
    "lot_source_link": "https://www.mecum.com/lots/1152613/1969-chevrolet-camaro/?aa_id=706498-0",
    "lot_code": "Lot T119",
    "vehicle_chassis_no": "124379N503429"
  },
  {
    "lot_source_link": "https://www.mecum.com/lots/1152556/2005-honda-s2000-convertible/?aa_id=704798-0",
    "lot_code": "Lot T116",
    "vehicle_chassis_no": "JHMAP21465S002956"
  },
  {
    "lot_source_link": "https://www.mecum.com/lots/1152431/2007-chevrolet-corvette-custom-coupe/?aa_id=706028-0",
    "lot_code": "Lot T115",
    "vehicle_chassis_no": "1G1YY26U375118616"
  },
  {
    "lot_source_link": "https://www.mecum.com/lots/1147133/1961-pontiac-bonneville-convertible/?aa_id=695121-0",
    "lot_code": "Lot T113",
    "vehicle_chassis_no": "861S8425"
  },
  {
    "lot_source_link": "https://www.mecum.com/lots/1152430/2011-mercedes-benz-sl63-amg-convertible/?aa_id=702960-0",
    "lot_code": "Lot T111",
    "vehicle_chassis_no": "WDBSK7AA2BF161175"
  },
  {
    "lot_source_link": "https://www.mecum.com/lots/1148807/1972-ford-c700-custom-ramp-truck/?aa_id=695547-0",
    "lot_code": "Lot T110",
    "vehicle_chassis_no": "AZ398536"
  },
  {
    "lot_source_link": "https://www.mecum.com/lots/1152833/1977-lincoln-continental-town-coupe/?aa_id=708924-0",
    "lot_code": "Lot T109",
    "vehicle_chassis_no": "7Y81S952081"
  },
  {
    "lot_source_link": "https://www.mecum.com/lots/1151802/1962-chevrolet-corvette-convertible/?aa_id=700160-0",
    "lot_code": "Lot T106",
    "vehicle_chassis_no": "20867S112993"
  },
  {
    "lot_source_link": "https://www.mecum.com/lots/1151948/1970-ford-torino/?aa_id=704693-0",
    "lot_code": "Lot T103",
    "vehicle_chassis_no": "0R30H100498"
  },
  {
    "lot_source_link": "https://www.mecum.com/lots/1144402/1969-pontiac-gto-convertible/?aa_id=695552-0",
    "lot_code": "Lot T100",
    "vehicle_chassis_no": "242679B126478"
  },
  {
    "lot_source_link": "https://www.mecum.com/lots/1152310/1949-cadillac-series-62-convertible/?aa_id=703033-0",
    "lot_code": "Lot T99",
    "vehicle_chassis_no": "496268964"
  },
  {
    "lot_source_link": "https://www.mecum.com/lots/1152138/1963-studebaker-avanti-r2-coupe/?aa_id=702643-0",
    "lot_code": "Lot T98",
    "vehicle_chassis_no": "R3887"
  },
  {
    "lot_source_link": "https://www.mecum.com/lots/1153850/1965-ford-mustang-coupe/?aa_id=709431-0",
    "lot_code": "Lot T96",
    "vehicle_chassis_no": "5R07T235178"
  },
  {
    "lot_source_link": "https://www.mecum.com/lots/1148806/1970-ford-mustang-fastback/?aa_id=708927-0",
    "lot_code": "Lot T95",
    "vehicle_chassis_no": "0F02F119319"
  },
  {
    "lot_source_link": "https://www.mecum.com/lots/1154086/1969-dodge-super-bee/?aa_id=710952-0",
    "lot_code": "Lot T94.1",
    "vehicle_chassis_no": "WM23H9A301497"
  },
  {
    "lot_source_link": "https://www.mecum.com/lots/1149914/1966-ford-mustang-coupe/?aa_id=707693-0",
    "lot_code": "Lot T94",
    "vehicle_chassis_no": "6F07C705678"
  },
  {
    "lot_source_link": "https://www.mecum.com/lots/1149912/1960-volkswagen-beetle-ragtop-sedan/?aa_id=707710-0",
    "lot_code": "Lot T92",
    "vehicle_chassis_no": "3181937"
  },
  {
    "lot_source_link": "https://www.mecum.com/lots/1152255/1965-rolls-royce-silver-cloud-iii-saloon/?aa_id=706867-0",
    "lot_code": "Lot T90",
    "vehicle_chassis_no": "LSKP1"
  },
  {
    "lot_source_link": "https://www.mecum.com/lots/1152388/1963-dodge-w200-power-wagon-pickup/?aa_id=706802-0",
    "lot_code": "Lot T89",
    "vehicle_chassis_no": "2181256414"
  },
  {
    "lot_source_link": "https://www.mecum.com/lots/1151621/1969-ford-torino-cobra-fastback/?aa_id=703205-0",
    "lot_code": "Lot T88",
    "vehicle_chassis_no": "9A46Q114032"
  },
  {
    "lot_source_link": "https://www.mecum.com/lots/1152483/1967-chevrolet-camaro-rs-ss-convertible/?aa_id=706597-0",
    "lot_code": "Lot T87",
    "vehicle_chassis_no": "124677N133165"
  },
  {
    "lot_source_link": "https://www.mecum.com/lots/1152528/1937-ford-custom-coupe/?aa_id=704775-0",
    "lot_code": "Lot T85",
    "vehicle_chassis_no": "WA98247617"
  },
  {
    "lot_source_link": "https://www.mecum.com/lots/1152669/1967-chevrolet-camaro/?aa_id=706629-0",
    "lot_code": "Lot T82",
    "vehicle_chassis_no": "124377L138947"
  },
  {
    "lot_source_link": "https://www.mecum.com/lots/1152383/2022-jeep-wrangler-unlimited-rubicon-392/?aa_id=706555-0",
    "lot_code": "Lot T78",
    "vehicle_chassis_no": "1C4JJXSJ3NW211911"
  },
  {
    "lot_source_link": "https://www.mecum.com/lots/1151842/1990-ferrari-mondial-t-cabriolet/?aa_id=703215-0",
    "lot_code": "Lot T74",
    "vehicle_chassis_no": "ZFFFK33AXL0087728"
  },
  {
    "lot_source_link": "https://www.mecum.com/lots/1152626/1977-jeep-cj-7/?aa_id=706925-0",
    "lot_code": "Lot T72",
    "vehicle_chassis_no": "J7F93EH010415"
  },
  {
    "lot_source_link": "https://www.mecum.com/lots/1152567/1957-nash-metropolitan-convertible/?aa_id=706605-0",
    "lot_code": "Lot T66",
    "vehicle_chassis_no": "E36612"
  },
  {
    "lot_source_link": "https://www.mecum.com/lots/1152503/1963-ford-thunderbird-convertible/?aa_id=703409-0",
    "lot_code": "Lot T65",
    "vehicle_chassis_no": "3Y85Z103307"
  },
  {
    "lot_source_link": "https://www.mecum.com/lots/1152228/2012-chevrolet-corvette-grand-sport-coupe/?aa_id=703457-0",
    "lot_code": "Lot T64",
    "vehicle_chassis_no": "1G1YW2DW3C5100931"
  },
  {
    "lot_source_link": "https://www.mecum.com/lots/1151883/2009-porsche-911-carrera/?aa_id=710912-0",
    "lot_code": "Lot T63",
    "vehicle_chassis_no": "WP0AA29959S706364"
  },
  {
    "lot_source_link": "https://www.mecum.com/lots/1148770/1935-ford-phaeton/?aa_id=695147-0",
    "lot_code": "Lot T61",
    "vehicle_chassis_no": "181715614"
  },
  {
    "lot_source_link": "https://www.mecum.com/lots/1149910/1968-chevrolet-camaro-rs/?aa_id=707688-0",
    "lot_code": "Lot T58",
    "vehicle_chassis_no": "124378L301548"
  },
  {
    "lot_source_link": "https://www.mecum.com/lots/1149909/2012-aston-martin-vantage-s-roadster/?aa_id=710632-0",
    "lot_code": "Lot T57",
    "vehicle_chassis_no": "SCFEKBEL4CGD15754"
  },
  {
    "lot_source_link": "https://www.mecum.com/lots/1149906/2001-porsche-911-carrera-cabriolet/?aa_id=708808-0",
    "lot_code": "Lot T53",
    "vehicle_chassis_no": "WP0CA299X1S653805"
  },
  {
    "lot_source_link": "https://www.mecum.com/lots/1145401/1974-jeep-j10-pioneer-pickup/?aa_id=704286-0",
    "lot_code": "Lot T50",
    "vehicle_chassis_no": "J4A252CN43922"
  },
  {
    "lot_source_link": "https://www.mecum.com/lots/1146369/1964-ford-thunderbird-convertible/?aa_id=695097-0",
    "lot_code": "Lot T49",
    "vehicle_chassis_no": "4Y85Z120826"
  },
  {
    "lot_source_link": "https://www.mecum.com/lots/1150682/2006-mercedes-benz-sl500-convertible/?aa_id=696748-0",
    "lot_code": "Lot T46",
    "vehicle_chassis_no": "WDBSK75F36F110425"
  },
  {
    "lot_source_link": "https://www.mecum.com/lots/1151843/1991-ford-f150-xlt-lariat-pickup/?aa_id=703214-0",
    "lot_code": "Lot T43",
    "vehicle_chassis_no": "1FTEF14N4MLA74462"
  },
  {
    "lot_source_link": "https://www.mecum.com/lots/1152532/2010-bentley-continental-flying-spur-speed/?aa_id=707293-0",
    "lot_code": "Lot T39",
    "vehicle_chassis_no": "SCBBP9ZA5AC063974"
  },
  {
    "lot_source_link": "https://www.mecum.com/lots/1151884/1967-citroen-ds19a-pallas/?aa_id=710907-0",
    "lot_code": "Lot T35",
    "vehicle_chassis_no": "4324891"
  },
  {
    "lot_source_link": "https://www.mecum.com/lots/1147493/1947-ford-super-deluxe-coupe/?aa_id=695457-0",
    "lot_code": "Lot T32",
    "vehicle_chassis_no": "799A1667024"
  },
  {
    "lot_source_link": "https://www.mecum.com/lots/1151740/2006-cadillac-xlr-convertible/?aa_id=710362-0",
    "lot_code": "Lot T27",
    "vehicle_chassis_no": "1G6YV36A765600843"
  },
  {
    "lot_source_link": "https://www.mecum.com/lots/1152186/1964-pontiac-catalina-hardtop/?aa_id=709128-0",
    "lot_code": "Lot T26",
    "vehicle_chassis_no": "834S54036"
  },
  {
    "lot_source_link": "https://www.mecum.com/lots/1152294/1957-chevrolet-bel-air-hardtop/?aa_id=706611-0",
    "lot_code": "Lot T25",
    "vehicle_chassis_no": "C57K174353"
  },
  {
    "lot_source_link": "https://www.mecum.com/lots/1152373/2011-bmw-750li-sedan/?aa_id=706673-0",
    "lot_code": "Lot T17",
    "vehicle_chassis_no": "WBAKB8C51BCY65261"
  },
  {
    "lot_source_link": "https://www.mecum.com/lots/1153496/1967-plymouth-belvedere-hardtop/?aa_id=708045-0",
    "lot_code": "Lot T15",
    "vehicle_chassis_no": "RL21B77132672"
  },
  {
    "lot_source_link": "https://www.mecum.com/lots/1152374/2007-chevrolet-avalanche-ltz/?aa_id=706674-0",
    "lot_code": "Lot T12",
    "vehicle_chassis_no": "3GNEC12007G282637"
  },
  {
    "lot_source_link": "https://www.mecum.com/lots/1152185/2011-mazda-rx-8-grand-touring-coupe/?aa_id=709442-0",
    "lot_code": "Lot T7",
    "vehicle_chassis_no": "JM1FE1SM4B0405671"
  }
]