[
  {
    "lot_source_link": "https://www.mecum.com/lots/244847/1972-chevrolet-malibu/?aa_id=163893-0",
    "lot_code": "Lot F7",
    "vehicle_chassis_no": "1D37J2L508178"
  },
  {
    "lot_source_link": "https://www.mecum.com/lots/244848/1955-gmc-100-pickup/?aa_id=163896-0",
    "lot_code": "Lot F8",
    "vehicle_chassis_no": "OR1028Y2387"
  },
  {
    "lot_source_link": "https://www.mecum.com/lots/244849/1977-ford-f150-pickup/?aa_id=163898-0",
    "lot_code": "Lot F9",
    "vehicle_chassis_no": "F15JRZ09439"
  },
  {
    "lot_source_link": "https://www.mecum.com/lots/244851/1965-chevrolet-impala-ss/?aa_id=163900-0",
    "lot_code": "Lot F11",
    "vehicle_chassis_no": "166375S249448"
  },
  {
    "lot_source_link": "https://www.mecum.com/lots/244852/1956-chevrolet-sedan-delivery/?aa_id=163902-0",
    "lot_code": "Lot F12",
    "vehicle_chassis_no": "D56S029684"
  },
  {
    "lot_source_link": "https://www.mecum.com/lots/244853/1989-cadillac-allante-convertible/?aa_id=163904-0",
    "lot_code": "Lot F13",
    "vehicle_chassis_no": "1G6VR3185KU102572"
  },
  {
    "lot_source_link": "https://www.mecum.com/lots/244855/1976-mercedes-benz-450sl/?aa_id=163906-0",
    "lot_code": "Lot F15",
    "vehicle_chassis_no": "10704412029566"
  },
  {
    "lot_source_link": "https://www.mecum.com/lots/244856/1960-crofton-bug/?aa_id=163908-0",
    "lot_code": "Lot F16",
    "vehicle_chassis_no": "1042"
  },
  {
    "lot_source_link": "https://www.mecum.com/lots/244857/1967-ford-f100-pickup/?aa_id=163910-0",
    "lot_code": "Lot F17",
    "vehicle_chassis_no": "F10YKA45104"
  },
  {
    "lot_source_link": "https://www.mecum.com/lots/244858/1958-volkswagen-beetle/?aa_id=163912-0",
    "lot_code": "Lot F18",
    "vehicle_chassis_no": "2300162"
  },
  {
    "lot_source_link": "https://www.mecum.com/lots/244859/1995-mercedes-benz-e320-cabriolet/?aa_id=163914-0",
    "lot_code": "Lot F19",
    "vehicle_chassis_no": "WDBEA66E8SC280968"
  },
  {
    "lot_source_link": "https://www.mecum.com/lots/244860/1972-chevrolet-c10-pickup/?aa_id=163916-0",
    "lot_code": "Lot F20",
    "vehicle_chassis_no": "CCE142J142602"
  },
  {
    "lot_source_link": "https://www.mecum.com/lots/244861/1977-lincoln-mark-v/?aa_id=163918-0",
    "lot_code": "Lot F21",
    "vehicle_chassis_no": "7Y89A972204"
  },
  {
    "lot_source_link": "https://www.mecum.com/lots/244862/2002-lincoln-blackwood-pickup/?aa_id=163920-0",
    "lot_code": "Lot F22",
    "vehicle_chassis_no": "5LTEW05A22KJ03365"
  },
  {
    "lot_source_link": "https://www.mecum.com/lots/244863/1957-willys-station-wagon/?aa_id=163922-0",
    "lot_code": "Lot F23",
    "vehicle_chassis_no": "5416826463"
  },
  {
    "lot_source_link": "https://www.mecum.com/lots/244864/1967-dodge-charger/?aa_id=163924-0",
    "lot_code": "Lot F24",
    "vehicle_chassis_no": "XP29H72140844"
  },
  {
    "lot_source_link": "https://www.mecum.com/lots/244865/2003-toyota-mr2-convertible/?aa_id=163926-0",
    "lot_code": "Lot F25",
    "vehicle_chassis_no": "JTDFR320X30063030"
  },
  {
    "lot_source_link": "https://www.mecum.com/lots/244866/1959-ford-thunderbird/?aa_id=163928-0",
    "lot_code": "Lot F26",
    "vehicle_chassis_no": "J9YH145819"
  },
  {
    "lot_source_link": "https://www.mecum.com/lots/244867/1968-chevrolet-el-camino/?aa_id=163930-0",
    "lot_code": "Lot F27",
    "vehicle_chassis_no": "136808Z135241"
  },
  {
    "lot_source_link": "https://www.mecum.com/lots/244868/2011-polaris-r8s/?aa_id=163932-0",
    "lot_code": "Lot F28",
    "vehicle_chassis_no": "4XAVE76A8BB404680"
  },
  {
    "lot_source_link": "https://www.mecum.com/lots/244869/1965-chevrolet-corvair-corsa-convertible/?aa_id=163934-0",
    "lot_code": "Lot F29",
    "vehicle_chassis_no": "OR107375L111324"
  },
  {
    "lot_source_link": "https://www.mecum.com/lots/253979/1955-chrysler-windsor-convertible/?aa_id=173168-0",
    "lot_code": "Lot F30",
    "vehicle_chassis_no": "W5568018"
  },
  {
    "lot_source_link": "https://www.mecum.com/lots/258923/1955-chevrolet-4-door-sedan/?aa_id=178509-0",
    "lot_code": "Lot F30.1",
    "vehicle_chassis_no": "B550074007"
  },
  {
    "lot_source_link": "https://www.mecum.com/lots/244871/1955-studebaker-e7-pickup/?aa_id=163936-0",
    "lot_code": "Lot F31",
    "vehicle_chassis_no": "E72066"
  },
  {
    "lot_source_link": "https://www.mecum.com/lots/256747/1929-ford-model-a-sport-coupe/?aa_id=175970-0",
    "lot_code": "Lot F32",
    "vehicle_chassis_no": "A1926800"
  },
  {
    "lot_source_link": "https://www.mecum.com/lots/244873/1970-buick-riviera-gs/?aa_id=163938-0",
    "lot_code": "Lot F33",
    "vehicle_chassis_no": "494870H903235"
  },
  {
    "lot_source_link": "https://www.mecum.com/lots/244874/1996-chevrolet-impala-ss/?aa_id=163940-0",
    "lot_code": "Lot F34",
    "vehicle_chassis_no": "1G1BL52P6TR160335"
  },
  {
    "lot_source_link": "https://www.mecum.com/lots/PJ16-253946/2005-porsche-cayenne/?aa_id=173120-0",
    "lot_code": "Lot F35",
    "vehicle_chassis_no": "WP1AB29P85LA64754"
  },
  {
    "lot_source_link": "https://www.mecum.com/lots/244876/1957-ford-custom/?aa_id=163942-0",
    "lot_code": "Lot F36",
    "vehicle_chassis_no": "D7LG108217"
  },
  {
    "lot_source_link": "https://www.mecum.com/lots/244877/1961-buick-lesabre/?aa_id=163944-0",
    "lot_code": "Lot F37",
    "vehicle_chassis_no": "4H2006519"
  },
  {
    "lot_source_link": "https://www.mecum.com/lots/244878/1971-lincoln-continental-mark-iii-coupe/?aa_id=163946-0",
    "lot_code": "Lot F38",
    "vehicle_chassis_no": "1Y89A848014"
  },
  {
    "lot_source_link": "https://www.mecum.com/lots/256748/2009-pontiac-g8/?aa_id=175972-0",
    "lot_code": "Lot F39",
    "vehicle_chassis_no": "6G2EC57Y99L203039"
  },
  {
    "lot_source_link": "https://www.mecum.com/lots/244880/1929-plymouth-coupe/?aa_id=163948-0",
    "lot_code": "Lot F40",
    "vehicle_chassis_no": "U79670"
  },
  {
    "lot_source_link": "https://www.mecum.com/lots/256793/1972-volkswagen-beetle/?aa_id=176040-0",
    "lot_code": "Lot F40.1",
    "vehicle_chassis_no": "1122271514"
  },
  {
    "lot_source_link": "https://www.mecum.com/lots/244881/1985-chevrolet-corvette-coupe/?aa_id=163950-0",
    "lot_code": "Lot F41",
    "vehicle_chassis_no": "1G1YY0783F5116174"
  },
  {
    "lot_source_link": "https://www.mecum.com/lots/244882/1997-bmw-328-convertible/?aa_id=163952-0",
    "lot_code": "Lot F42",
    "vehicle_chassis_no": "WBABK8323VET99170"
  },
  {
    "lot_source_link": "https://www.mecum.com/lots/244883/1992-oldsmobile-cutlass-supreme-convertible/?aa_id=163954-0",
    "lot_code": "Lot F43",
    "vehicle_chassis_no": "1G3WT34T7ND374354"
  },
  {
    "lot_source_link": "https://www.mecum.com/lots/244884/1974-volkswagen-super-beetle-convertible/?aa_id=163956-0",
    "lot_code": "Lot F44",
    "vehicle_chassis_no": "1542610815"
  },
  {
    "lot_source_link": "https://www.mecum.com/lots/244885/1970-chevrolet-corvette-coupe/?aa_id=163958-0",
    "lot_code": "Lot F45",
    "vehicle_chassis_no": "194370S401786"
  },
  {
    "lot_source_link": "https://www.mecum.com/lots/244886/1977-austin-mini-cooper/?aa_id=163960-0",
    "lot_code": "Lot F46",
    "vehicle_chassis_no": "SAXXL2S1020349060"
  },
  {
    "lot_source_link": "https://www.mecum.com/lots/244887/2002-audi-s8/?aa_id=163962-0",
    "lot_code": "Lot F47",
    "vehicle_chassis_no": "WAUGU54D51N007878"
  },
  {
    "lot_source_link": "https://www.mecum.com/lots/244888/1935-ford-tudor-street-rod/?aa_id=163964-0",
    "lot_code": "Lot F48",
    "vehicle_chassis_no": "OR74735"
  },
  {
    "lot_source_link": "https://www.mecum.com/lots/256925/1947-ford-convertible/?aa_id=176212-0",
    "lot_code": "Lot F49",
    "vehicle_chassis_no": "799A1540704"
  },
  {
    "lot_source_link": "https://www.mecum.com/lots/244890/1986-ford-mustang-convertible/?aa_id=163966-0",
    "lot_code": "Lot F50",
    "vehicle_chassis_no": "1FABP27M2GF231777"
  },
  {
    "lot_source_link": "https://www.mecum.com/lots/244891/1999-chevrolet-corvette-coupe/?aa_id=163968-0",
    "lot_code": "Lot F51",
    "vehicle_chassis_no": "1G1YY12G2X5106080"
  },
  {
    "lot_source_link": "https://www.mecum.com/lots/244892/2006-jaguar-xj-super-v8/?aa_id=163970-0",
    "lot_code": "Lot F52",
    "vehicle_chassis_no": "SAJWA82C36TG50434"
  },
  {
    "lot_source_link": "https://www.mecum.com/lots/244893/1966-chevrolet-el-camino/?aa_id=163972-0",
    "lot_code": "Lot F53",
    "vehicle_chassis_no": "136806K118708"
  },
  {
    "lot_source_link": "https://www.mecum.com/lots/244894/1975-porsche-914-targa/?aa_id=163974-0",
    "lot_code": "Lot F54",
    "vehicle_chassis_no": "4752902751"
  },
  {
    "lot_source_link": "https://www.mecum.com/lots/244895/1972-chevrolet-el-camino/?aa_id=163976-0",
    "lot_code": "Lot F55",
    "vehicle_chassis_no": "1D80H2L515513"
  },
  {
    "lot_source_link": "https://www.mecum.com/lots/244896/1956-ford-squire-wagon/?aa_id=163978-0",
    "lot_code": "Lot F56",
    "vehicle_chassis_no": "100E244405"
  },
  {
    "lot_source_link": "https://www.mecum.com/lots/244897/1998-bmw-m3-coupe/?aa_id=163980-0",
    "lot_code": "Lot F57",
    "vehicle_chassis_no": "WBSBG9325WEY78131"
  },
  {
    "lot_source_link": "https://www.mecum.com/lots/244898/1994-audi-cabriolet/?aa_id=163982-0",
    "lot_code": "Lot F58",
    "vehicle_chassis_no": "WAUBL88G5RA005165"
  },
  {
    "lot_source_link": "https://www.mecum.com/lots/244900/1966-chevrolet-nova-ss/?aa_id=163984-0",
    "lot_code": "Lot F60",
    "vehicle_chassis_no": "117376N123813"
  },
  {
    "lot_source_link": "https://www.mecum.com/lots/253980/1973-volkswagen-beetle/?aa_id=173170-0",
    "lot_code": "Lot F60.1",
    "vehicle_chassis_no": "1132998443"
  },
  {
    "lot_source_link": "https://www.mecum.com/lots/244901/2002-subaru-wrx/?aa_id=163986-0",
    "lot_code": "Lot F61",
    "vehicle_chassis_no": "JF1GD29622G514194"
  },
  {
    "lot_source_link": "https://www.mecum.com/lots/244902/2000-chevrolet-corvette-convertible/?aa_id=163988-0",
    "lot_code": "Lot F62",
    "vehicle_chassis_no": "1G1YY32G1Y5105354"
  },
  {
    "lot_source_link": "https://www.mecum.com/lots/244903/1953-cadillac-series-60-sedan/?aa_id=163990-0",
    "lot_code": "Lot F63",
    "vehicle_chassis_no": "536079241"
  },
  {
    "lot_source_link": "https://www.mecum.com/lots/244904/1976-international-scout-ii/?aa_id=163992-0",
    "lot_code": "Lot F64",
    "vehicle_chassis_no": "F0062FGD39628"
  },
  {
    "lot_source_link": "https://www.mecum.com/lots/244905/2004-ford-thunderbird/?aa_id=163994-0",
    "lot_code": "Lot F65",
    "vehicle_chassis_no": "1FAHP60AX4Y112795"
  },
  {
    "lot_source_link": "https://www.mecum.com/lots/256972/1950-ford-f100-pickup/?aa_id=176268-0",
    "lot_code": "Lot F65.1",
    "vehicle_chassis_no": "97HC316116"
  },
  {
    "lot_source_link": "https://www.mecum.com/lots/244906/1971-chevrolet-blazer/?aa_id=163996-0",
    "lot_code": "Lot F66",
    "vehicle_chassis_no": "KE181S610656"
  },
  {
    "lot_source_link": "https://www.mecum.com/lots/244907/2003-mercedes-benz-s430/?aa_id=163998-0",
    "lot_code": "Lot F67",
    "vehicle_chassis_no": "WDBNG70J53A371641"
  },
  {
    "lot_source_link": "https://www.mecum.com/lots/253842/1966-pontiac-tempest/?aa_id=172994-0",
    "lot_code": "Lot F68",
    "vehicle_chassis_no": "235176K129029"
  },
  {
    "lot_source_link": "https://www.mecum.com/lots/244909/1969-chevrolet-c10-pickup/?aa_id=164000-0",
    "lot_code": "Lot F69",
    "vehicle_chassis_no": "CS149J864368"
  },
  {
    "lot_source_link": "https://www.mecum.com/lots/244910/1973-international-travelall/?aa_id=164002-0",
    "lot_code": "Lot F70",
    "vehicle_chassis_no": "3Q2H0CHB25520"
  },
  {
    "lot_source_link": "https://www.mecum.com/lots/256762/1982-mercedes-benz-380sl-convertible/?aa_id=175992-0",
    "lot_code": "Lot F70.1",
    "vehicle_chassis_no": "WDBBA45A2CB018733"
  },
  {
    "lot_source_link": "https://www.mecum.com/lots/244911/1996-ford-mustang-gt/?aa_id=164004-0",
    "lot_code": "Lot F71",
    "vehicle_chassis_no": "1FALP42X3TF103799"
  },
  {
    "lot_source_link": "https://www.mecum.com/lots/244912/1989-chevrolet-corvette-coupe/?aa_id=164006-0",
    "lot_code": "Lot F72",
    "vehicle_chassis_no": "1G1YY2180K5122142"
  },
  {
    "lot_source_link": "https://www.mecum.com/lots/258736/1971-chevrolet-camaro-rs/?aa_id=178219-0",
    "lot_code": "Lot F74",
    "vehicle_chassis_no": "124871L508712"
  },
  {
    "lot_source_link": "https://www.mecum.com/lots/244915/1957-ford-fairlane-500/?aa_id=164010-0",
    "lot_code": "Lot F75",
    "vehicle_chassis_no": "D7LV167485"
  },
  {
    "lot_source_link": "https://www.mecum.com/lots/256749/1929-ford-model-a-roadster-pickup/?aa_id=175974-0",
    "lot_code": "Lot F75.1",
    "vehicle_chassis_no": "A1133779"
  },
  {
    "lot_source_link": "https://www.mecum.com/lots/244916/1966-dodge-d100-panel-truck/?aa_id=164012-0",
    "lot_code": "Lot F76",
    "vehicle_chassis_no": "1181635468"
  },
  {
    "lot_source_link": "https://www.mecum.com/lots/244917/1996-kenworth-toter/?aa_id=164014-0",
    "lot_code": "Lot F77",
    "vehicle_chassis_no": "2NKMH87XXTM692205"
  },
  {
    "lot_source_link": "https://www.mecum.com/lots/244918/1955-chevrolet-3100-pickup/?aa_id=164016-0",
    "lot_code": "Lot F78",
    "vehicle_chassis_no": "M2550022345"
  },
  {
    "lot_source_link": "https://www.mecum.com/lots/244919/1973-chevrolet-corvette-convertible/?aa_id=164018-0",
    "lot_code": "Lot F79",
    "vehicle_chassis_no": "1Z67J3X419889"
  },
  {
    "lot_source_link": "https://www.mecum.com/lots/244920/1963-chrysler-300j/?aa_id=164020-0",
    "lot_code": "Lot F80",
    "vehicle_chassis_no": "8433241591"
  },
  {
    "lot_source_link": "https://www.mecum.com/lots/244921/1969-ford-bronco-sport/?aa_id=164022-0",
    "lot_code": "Lot F81",
    "vehicle_chassis_no": "U15FLE28160"
  },
  {
    "lot_source_link": "https://www.mecum.com/lots/256973/1974-mg-roadster/?aa_id=176270-0",
    "lot_code": "Lot F81.1",
    "vehicle_chassis_no": "GHN5UE358121G"
  },
  {
    "lot_source_link": "https://www.mecum.com/lots/244922/2004-chevrolet-corvette-convertible/?aa_id=164024-0",
    "lot_code": "Lot F82",
    "vehicle_chassis_no": "1G1YY32G745120290"
  },
  {
    "lot_source_link": "https://www.mecum.com/lots/244923/1983-dodge-resto-mod-pickup/?aa_id=164026-0",
    "lot_code": "Lot F83",
    "vehicle_chassis_no": "1B7FD14HXDS492552"
  },
  {
    "lot_source_link": "https://www.mecum.com/lots/244924/1967-volkswagen-beetle-convertible/?aa_id=164028-0",
    "lot_code": "Lot F84",
    "vehicle_chassis_no": "157657535"
  },
  {
    "lot_source_link": "https://www.mecum.com/lots/244925/1937-chrysler-airflow/?aa_id=164030-0",
    "lot_code": "Lot F85",
    "vehicle_chassis_no": "7023189"
  },
  {
    "lot_source_link": "https://www.mecum.com/lots/244926/1961-chevrolet-corvair-greenbrier-van/?aa_id=164032-0",
    "lot_code": "Lot F86",
    "vehicle_chassis_no": "1R126S108928"
  },
  {
    "lot_source_link": "https://www.mecum.com/lots/256797/2002-chevrolet-monte-carlo-ss-earnhardt-edition/?aa_id=176044-0",
    "lot_code": "Lot F86.1",
    "vehicle_chassis_no": "2G1WX15K529207751"
  },
  {
    "lot_source_link": "https://www.mecum.com/lots/244927/2000-porsche-911-cabriolet/?aa_id=164034-0",
    "lot_code": "Lot F87",
    "vehicle_chassis_no": "WP0CA2997YS652220"
  },
  {
    "lot_source_link": "https://www.mecum.com/lots/244928/2001-plymouth-prowler/?aa_id=164036-0",
    "lot_code": "Lot F88",
    "vehicle_chassis_no": "1P3EW65G01V700280"
  },
  {
    "lot_source_link": "https://www.mecum.com/lots/244929/1970-chevrolet-monte-carlo/?aa_id=164038-0",
    "lot_code": "Lot F89",
    "vehicle_chassis_no": "138570F117482"
  },
  {
    "lot_source_link": "https://www.mecum.com/lots/244930/1987-chevrolet-corvette-callaway/?aa_id=164040-0",
    "lot_code": "Lot F90",
    "vehicle_chassis_no": "1G1YY218XH5123016"
  },
  {
    "lot_source_link": "https://www.mecum.com/lots/244931/1970-lincoln-continental-coupe/?aa_id=164042-0",
    "lot_code": "Lot F91",
    "vehicle_chassis_no": "0Y89A858271"
  },
  {
    "lot_source_link": "https://www.mecum.com/lots/256803/1939-buick-series-40-business-coupe/?aa_id=176048-0",
    "lot_code": "Lot F91.1",
    "vehicle_chassis_no": "13550767"
  },
  {
    "lot_source_link": "https://www.mecum.com/lots/244932/2012-bmw-640-convertible/?aa_id=164044-0",
    "lot_code": "Lot F92",
    "vehicle_chassis_no": "WBALW7C54CC618725"
  },
  {
    "lot_source_link": "https://www.mecum.com/lots/244933/1955-chevrolet-3100-pickup/?aa_id=164046-0",
    "lot_code": "Lot F93",
    "vehicle_chassis_no": "H2550018153"
  },
  {
    "lot_source_link": "https://www.mecum.com/lots/PJ16-245239/1990-chevrolet-corvette-zr1/?aa_id=164432-0",
    "lot_code": "Lot F94",
    "vehicle_chassis_no": "1G1YZ23J8L5801459"
  },
  {
    "lot_source_link": "https://www.mecum.com/lots/244935/1958-nash-metropolitan/?aa_id=164050-0",
    "lot_code": "Lot F95",
    "vehicle_chassis_no": "E45770"
  },
  {
    "lot_source_link": "https://www.mecum.com/lots/256974/1969-chevrolet-camaro/?aa_id=176272-0",
    "lot_code": "Lot F95.1",
    "vehicle_chassis_no": "124379N5999970"
  },
  {
    "lot_source_link": "https://www.mecum.com/lots/244936/1948-mercury-convertible/?aa_id=164052-0",
    "lot_code": "Lot F96",
    "vehicle_chassis_no": "899A2241062"
  },
  {
    "lot_source_link": "https://www.mecum.com/lots/244937/1950-ford-f1-pickup/?aa_id=164054-0",
    "lot_code": "Lot F97",
    "vehicle_chassis_no": "97HC275888"
  },
  {
    "lot_source_link": "https://www.mecum.com/lots/244938/1965-ford-falcon/?aa_id=164056-0",
    "lot_code": "Lot F98",
    "vehicle_chassis_no": "5H021U285516"
  },
  {
    "lot_source_link": "https://www.mecum.com/lots/244939/1956-chrysler-windsor/?aa_id=164058-0",
    "lot_code": "Lot F99",
    "vehicle_chassis_no": "W56L5060"
  },
  {
    "lot_source_link": "https://www.mecum.com/lots/244940/1970-oldsmobile-cutlass-rallye-350/?aa_id=164060-0",
    "lot_code": "Lot F100",
    "vehicle_chassis_no": "336870M268660"
  },
  {
    "lot_source_link": "https://www.mecum.com/lots/244941/1965-factory-five-shelby-cobra-replica/?aa_id=164062-0",
    "lot_code": "Lot F101",
    "vehicle_chassis_no": "F5R1006116RD"
  },
  {
    "lot_source_link": "https://www.mecum.com/lots/244942/1947-international-1-2-ton-pickup/?aa_id=164064-0",
    "lot_code": "Lot F102",
    "vehicle_chassis_no": "AZ353672"
  },
  {
    "lot_source_link": "https://www.mecum.com/lots/244943/1953-ford-woody-wagon/?aa_id=164066-0",
    "lot_code": "Lot F103",
    "vehicle_chassis_no": "A3LW163648"
  },
  {
    "lot_source_link": "https://www.mecum.com/lots/244944/1989-cadillac-allante-convertible/?aa_id=164068-0",
    "lot_code": "Lot F104",
    "vehicle_chassis_no": "1G6VR3189KU100601"
  },
  {
    "lot_source_link": "https://www.mecum.com/lots/244945/1957-chevrolet/?aa_id=164070-0",
    "lot_code": "Lot F105",
    "vehicle_chassis_no": "B57B224641"
  },
  {
    "lot_source_link": "https://www.mecum.com/lots/256804/1971-ford-torino-gt/?aa_id=176050-0",
    "lot_code": "Lot F105.1",
    "vehicle_chassis_no": "1A35M231088"
  },
  {
    "lot_source_link": "https://www.mecum.com/lots/244946/2005-porsche-cayenne-s/?aa_id=164072-0",
    "lot_code": "Lot F106",
    "vehicle_chassis_no": "WP1AB29P85LA66469"
  },
  {
    "lot_source_link": "https://www.mecum.com/lots/244947/1971-lincoln-continental-mark-iii/?aa_id=164074-0",
    "lot_code": "Lot F107",
    "vehicle_chassis_no": "1Y89A842007"
  },
  {
    "lot_source_link": "https://www.mecum.com/lots/244948/1955-desoto-fireflite/?aa_id=164076-0",
    "lot_code": "Lot F108",
    "vehicle_chassis_no": "50359793"
  },
  {
    "lot_source_link": "https://www.mecum.com/lots/244949/1963-chevrolet-nova/?aa_id=164078-0",
    "lot_code": "Lot F109",
    "vehicle_chassis_no": "30437K160500"
  },
  {
    "lot_source_link": "https://www.mecum.com/lots/244950/1983-amc-jeep-cj-5/?aa_id=164080-0",
    "lot_code": "Lot F110",
    "vehicle_chassis_no": "1JCBM85A9DT002930"
  },
  {
    "lot_source_link": "https://www.mecum.com/lots/256975/2000-ford-cobra-replica/?aa_id=176274-0",
    "lot_code": "Lot F110.1",
    "vehicle_chassis_no": "CRL00RY001"
  },
  {
    "lot_source_link": "https://www.mecum.com/lots/244951/1962-chevrolet-nova-convertible/?aa_id=164082-0",
    "lot_code": "Lot F111",
    "vehicle_chassis_no": "20467W123561"
  },
  {
    "lot_source_link": "https://www.mecum.com/lots/244952/1926-ford-model-t-doctors-coupe/?aa_id=164084-0",
    "lot_code": "Lot F112",
    "vehicle_chassis_no": "13690347"
  },
  {
    "lot_source_link": "https://www.mecum.com/lots/244953/1957-chevrolet-210/?aa_id=164086-0",
    "lot_code": "Lot F113",
    "vehicle_chassis_no": "B57S125964"
  },
  {
    "lot_source_link": "https://www.mecum.com/lots/256733/1990-porsche-911-targa/?aa_id=175948-0",
    "lot_code": "Lot F114",
    "vehicle_chassis_no": "WP0BB2968LS460070"
  },
  {
    "lot_source_link": "https://www.mecum.com/lots/244955/1949-ford-deluxe/?aa_id=164088-0",
    "lot_code": "Lot F115",
    "vehicle_chassis_no": "98BA702471"
  },
  {
    "lot_source_link": "https://www.mecum.com/lots/256750/2003-bmw-m3s-convertible/?aa_id=175976-0",
    "lot_code": "Lot F116",
    "vehicle_chassis_no": "WBSBR93443PK02040"
  },
  {
    "lot_source_link": "https://www.mecum.com/lots/244957/1979-ford-f250-pickup/?aa_id=164090-0",
    "lot_code": "Lot F117",
    "vehicle_chassis_no": "F26SCDJ6197"
  },
  {
    "lot_source_link": "https://www.mecum.com/lots/244958/1934-chevrolet-sedan/?aa_id=164092-0",
    "lot_code": "Lot F118",
    "vehicle_chassis_no": "5DA44406"
  },
  {
    "lot_source_link": "https://www.mecum.com/lots/244959/2003-mercedes-benz-clk430-convertible/?aa_id=164094-0",
    "lot_code": "Lot F119",
    "vehicle_chassis_no": "WDBLK70G63T142075"
  },
  {
    "lot_source_link": "https://www.mecum.com/lots/244960/1967-dodge-coronet-500-convertible/?aa_id=164096-0",
    "lot_code": "Lot F120",
    "vehicle_chassis_no": "WP27G77126851"
  },
  {
    "lot_source_link": "https://www.mecum.com/lots/256788/1973-chevrolet-vega/?aa_id=176036-0",
    "lot_code": "Lot F120.1",
    "vehicle_chassis_no": "1V77B3U234278"
  },
  {
    "lot_source_link": "https://www.mecum.com/lots/244961/2008-bmw-750li-sedan/?aa_id=164098-0",
    "lot_code": "Lot F121",
    "vehicle_chassis_no": "WBAHN83578DT83463"
  },
  {
    "lot_source_link": "https://www.mecum.com/lots/244962/1972-toyota-fj-40-land-cruiser/?aa_id=164100-0",
    "lot_code": "Lot F122",
    "vehicle_chassis_no": "FJ40132722"
  },
  {
    "lot_source_link": "https://www.mecum.com/lots/244963/1967-chevrolet-camaro/?aa_id=164102-0",
    "lot_code": "Lot F123",
    "vehicle_chassis_no": "123377L122108"
  },
  {
    "lot_source_link": "https://www.mecum.com/lots/256751/2007-mercedes-benz-sl55-amg-convertible/?aa_id=175978-0",
    "lot_code": "Lot F124",
    "vehicle_chassis_no": "WDBSK72FX7F128927"
  },
  {
    "lot_source_link": "https://www.mecum.com/lots/256758/1965-factory-five-shelby-cobra-replica/?aa_id=175988-0",
    "lot_code": "Lot F124.1",
    "vehicle_chassis_no": "WA98201733"
  },
  {
    "lot_source_link": "https://www.mecum.com/lots/244965/1965-ford-mustang-convertible/?aa_id=164104-0",
    "lot_code": "Lot F125",
    "vehicle_chassis_no": "5F08C606823"
  },
  {
    "lot_source_link": "https://www.mecum.com/lots/244966/1950-chevrolet-deluxe-coupe/?aa_id=164106-0",
    "lot_code": "Lot F126",
    "vehicle_chassis_no": "GHKF34492"
  },
  {
    "lot_source_link": "https://www.mecum.com/lots/244968/2009-chevrolet-corvette-coupe/?aa_id=164108-0",
    "lot_code": "Lot F128",
    "vehicle_chassis_no": "1G1YY36W995200070"
  },
  {
    "lot_source_link": "https://www.mecum.com/lots/256805/1969-chevrolet-nova-ss/?aa_id=176052-0",
    "lot_code": "Lot F128.1",
    "vehicle_chassis_no": "114279W351671"
  },
  {
    "lot_source_link": "https://www.mecum.com/lots/244969/1961-ford-thunderbird-convertible/?aa_id=164110-0",
    "lot_code": "Lot F129",
    "vehicle_chassis_no": "1Y73Z153860"
  },
  {
    "lot_source_link": "https://www.mecum.com/lots/244970/1930-ford-rat-rod-pickup/?aa_id=164112-0",
    "lot_code": "Lot F130",
    "vehicle_chassis_no": "ID47163C0L0"
  },
  {
    "lot_source_link": "https://www.mecum.com/lots/244971/1974-porsche-911s/?aa_id=164114-0",
    "lot_code": "Lot F131",
    "vehicle_chassis_no": "9114103770"
  },
  {
    "lot_source_link": "https://www.mecum.com/lots/244972/1934-ford-3-window-coupe/?aa_id=164116-0",
    "lot_code": "Lot F132",
    "vehicle_chassis_no": "18577889"
  },
  {
    "lot_source_link": "https://www.mecum.com/lots/244973/1983-mercedes-benz-380sel/?aa_id=164118-0",
    "lot_code": "Lot F133",
    "vehicle_chassis_no": "WDBCA43A5DB004950"
  },
  {
    "lot_source_link": "https://www.mecum.com/lots/253981/1995-gmc-yukon/?aa_id=173172-0",
    "lot_code": "Lot F134",
    "vehicle_chassis_no": "3GKEK18K6SG501294"
  },
  {
    "lot_source_link": "https://www.mecum.com/lots/244975/1935-plymouth-street-rod/?aa_id=164120-0",
    "lot_code": "Lot F135",
    "vehicle_chassis_no": "CA590998"
  },
  {
    "lot_source_link": "https://www.mecum.com/lots/244976/2005-bmw-645-coupe/?aa_id=164122-0",
    "lot_code": "Lot F136",
    "vehicle_chassis_no": "WBAEH73425CF95039"
  },
  {
    "lot_source_link": "https://www.mecum.com/lots/244977/1966-chevrolet-corvette-convertible/?aa_id=164124-0",
    "lot_code": "Lot F137",
    "vehicle_chassis_no": "194676S101408"
  },
  {
    "lot_source_link": "https://www.mecum.com/lots/244978/1984-rolls-royce-silver-shadow/?aa_id=164126-0",
    "lot_code": "Lot F138",
    "vehicle_chassis_no": "SCAZN42A9ECX08489"
  },
  {
    "lot_source_link": "https://www.mecum.com/lots/253792/1957-oldsmobile-98-starfire-holiday-coupe/?aa_id=172926-0",
    "lot_code": "Lot F139",
    "vehicle_chassis_no": "579K05904"
  },
  {
    "lot_source_link": "https://www.mecum.com/lots/244980/1971-ford-mustang-fastback/?aa_id=164128-0",
    "lot_code": "Lot F140",
    "vehicle_chassis_no": "1F05M137972"
  },
  {
    "lot_source_link": "https://www.mecum.com/lots/256795/1991-chevrolet-s10-pickup/?aa_id=176042-0",
    "lot_code": "Lot F140.1",
    "vehicle_chassis_no": "1GCCS14A9M0167107"
  },
  {
    "lot_source_link": "https://www.mecum.com/lots/244981/2007-porsche-boxster-convertible/?aa_id=164130-0",
    "lot_code": "Lot F141",
    "vehicle_chassis_no": "WP0CA29877U711762"
  },
  {
    "lot_source_link": "https://www.mecum.com/lots/244982/1995-kitv-cobra-replica/?aa_id=164132-0",
    "lot_code": "Lot F142",
    "vehicle_chassis_no": "WA98200679"
  },
  {
    "lot_source_link": "https://www.mecum.com/lots/244983/1969-dodge-coronet-r-t/?aa_id=164134-0",
    "lot_code": "Lot F143",
    "vehicle_chassis_no": "WS23L9G163114"
  },
  {
    "lot_source_link": "https://www.mecum.com/lots/244984/2002-audi-tt-quattro/?aa_id=164136-0",
    "lot_code": "Lot F144",
    "vehicle_chassis_no": "TRUUT28N321002655"
  },
  {
    "lot_source_link": "https://www.mecum.com/lots/244985/1971-chevrolet-corvette-coupe/?aa_id=164138-0",
    "lot_code": "Lot F145",
    "vehicle_chassis_no": "194371S109530"
  },
  {
    "lot_source_link": "https://www.mecum.com/lots/256806/2009-mercedes-benz-ml63-amg/?aa_id=176054-0",
    "lot_code": "Lot F145.1",
    "vehicle_chassis_no": "4JGBB77E59A471433"
  },
  {
    "lot_source_link": "https://www.mecum.com/lots/244987/1990-ford-mustang-saleen/?aa_id=164142-0",
    "lot_code": "Lot F147",
    "vehicle_chassis_no": "1FACP41E5LF130745"
  },
  {
    "lot_source_link": "https://www.mecum.com/lots/253905/1966-chevrolet-malibu-wagon-resto-mod/?aa_id=173052-0",
    "lot_code": "Lot F148",
    "vehicle_chassis_no": "613635007805"
  },
  {
    "lot_source_link": "https://www.mecum.com/lots/244989/1966-ford-galaxie-500-convertible/?aa_id=164144-0",
    "lot_code": "Lot F149",
    "vehicle_chassis_no": "6J65X184288"
  },
  {
    "lot_source_link": "https://www.mecum.com/lots/244990/2001-chevrolet-corvette-z06/?aa_id=164146-0",
    "lot_code": "Lot F150",
    "vehicle_chassis_no": "1G1YY12S715102196"
  },
  {
    "lot_source_link": "https://www.mecum.com/lots/256752/1927-ford-model-tt-canopy-express/?aa_id=175980-0",
    "lot_code": "Lot F150.1",
    "vehicle_chassis_no": "14883013"
  },
  {
    "lot_source_link": "https://www.mecum.com/lots/PJ16-244991/2010-chevrolet-camaro-ss-coupe/?aa_id=164148-0",
    "lot_code": "Lot F151",
    "vehicle_chassis_no": "2G1FJ1EJ0A9154111"
  },
  {
    "lot_source_link": "https://www.mecum.com/lots/244992/1972-chevrolet-nova-ss/?aa_id=164150-0",
    "lot_code": "Lot F152",
    "vehicle_chassis_no": "1X27K2L111630"
  },
  {
    "lot_source_link": "https://www.mecum.com/lots/244993/1966-chevrolet-c10-pickup/?aa_id=164152-0",
    "lot_code": "Lot F153",
    "vehicle_chassis_no": "C1446S133116"
  },
  {
    "lot_source_link": "https://www.mecum.com/lots/244994/1972-chevrolet-monte-carlo-resto-mod/?aa_id=164154-0",
    "lot_code": "Lot F154",
    "vehicle_chassis_no": "1H57H2L563290"
  },
  {
    "lot_source_link": "https://www.mecum.com/lots/244995/2006-chevrolet-corvette-convertible/?aa_id=164156-0",
    "lot_code": "Lot F155",
    "vehicle_chassis_no": "1G1YY36U565107167"
  },
  {
    "lot_source_link": "https://www.mecum.com/lots/244996/1996-jaguar-xj-vanden-plas/?aa_id=164158-0",
    "lot_code": "Lot F156",
    "vehicle_chassis_no": "SAJKX6743TC755227"
  },
  {
    "lot_source_link": "https://www.mecum.com/lots/244997/2004-chevrolet-corvette-coupe/?aa_id=164160-0",
    "lot_code": "Lot F157",
    "vehicle_chassis_no": "1G1YY32G645114934"
  },
  {
    "lot_source_link": "https://www.mecum.com/lots/244998/1972-pontiac-firebird-formula/?aa_id=164162-0",
    "lot_code": "Lot F158",
    "vehicle_chassis_no": "2U87X2N504437"
  },
  {
    "lot_source_link": "https://www.mecum.com/lots/244999/1962-chevrolet-nova/?aa_id=164164-0",
    "lot_code": "Lot F159",
    "vehicle_chassis_no": "204370116277"
  },
  {
    "lot_source_link": "https://www.mecum.com/lots/245001/2009-chevrolet-corvette-coupe/?aa_id=164166-0",
    "lot_code": "Lot F161",
    "vehicle_chassis_no": "1G1YY26W295103738"
  },
  {
    "lot_source_link": "https://www.mecum.com/lots/245002/1953-chevrolet-bel-air-hardtop/?aa_id=164168-0",
    "lot_code": "Lot F162",
    "vehicle_chassis_no": "BCS7569090393"
  },
  {
    "lot_source_link": "https://www.mecum.com/lots/245003/2004-chrysler-crossfire/?aa_id=164170-0",
    "lot_code": "Lot F163",
    "vehicle_chassis_no": "1C3AN69L44X01571"
  },
  {
    "lot_source_link": "https://www.mecum.com/lots/245004/1964-ford-fairlane-500/?aa_id=164172-0",
    "lot_code": "Lot F164",
    "vehicle_chassis_no": "4R43T142518"
  },
  {
    "lot_source_link": "https://www.mecum.com/lots/245005/1980-mercedes-benz-450sl-convertible/?aa_id=164174-0",
    "lot_code": "Lot F165",
    "vehicle_chassis_no": "10704412064932"
  },
  {
    "lot_source_link": "https://www.mecum.com/lots/245006/1955-chevrolet-cameo-pickup/?aa_id=164176-0",
    "lot_code": "Lot F166",
    "vehicle_chassis_no": "H255K009520"
  },
  {
    "lot_source_link": "https://www.mecum.com/lots/245007/1999-bmw-m3/?aa_id=164178-0",
    "lot_code": "Lot F167",
    "vehicle_chassis_no": "WBSBK0331XEC41230"
  },
  {
    "lot_source_link": "https://www.mecum.com/lots/245008/1994-dodge-viper-rt-10-roadster/?aa_id=164180-0",
    "lot_code": "Lot F168",
    "vehicle_chassis_no": "1B3BR65E8RV100256"
  },
  {
    "lot_source_link": "https://www.mecum.com/lots/256763/1968-chevrolet-camaro-convertible/?aa_id=175994-0",
    "lot_code": "Lot F168.1",
    "vehicle_chassis_no": "124678N393195"
  },
  {
    "lot_source_link": "https://www.mecum.com/lots/245009/1969-chevrolet-c10-pickup/?aa_id=164182-0",
    "lot_code": "Lot F169",
    "vehicle_chassis_no": "CS149Z885799"
  },
  {
    "lot_source_link": "https://www.mecum.com/lots/245010/1970-ford-mustang-fastback/?aa_id=164184-0",
    "lot_code": "Lot F170",
    "vehicle_chassis_no": "0F05M139530"
  },
  {
    "lot_source_link": "https://www.mecum.com/lots/245011/1991-chevrolet-corvette-zr1/?aa_id=164186-0",
    "lot_code": "Lot F171",
    "vehicle_chassis_no": "1G1YZ23J9M5800208"
  },
  {
    "lot_source_link": "https://www.mecum.com/lots/245012/1972-gmc-sierra-grande-pickup/?aa_id=164188-0",
    "lot_code": "Lot F172",
    "vehicle_chassis_no": "TCS142Z507037"
  },
  {
    "lot_source_link": "https://www.mecum.com/lots/245013/1969-mercedes-benz-280sl-roadster/?aa_id=164190-0",
    "lot_code": "Lot F173",
    "vehicle_chassis_no": "11304412004542"
  },
  {
    "lot_source_link": "https://www.mecum.com/lots/245016/1966-ford-bronco/?aa_id=164194-0",
    "lot_code": "Lot F176",
    "vehicle_chassis_no": "U14NL889804"
  },
  {
    "lot_source_link": "https://www.mecum.com/lots/245017/2008-ford-shelby-gt500-convertible/?aa_id=164196-0",
    "lot_code": "Lot F177",
    "vehicle_chassis_no": "1ZVHT89S585118845"
  },
  {
    "lot_source_link": "https://www.mecum.com/lots/256910/1995-mercedes-benz-sl600/?aa_id=176196-0",
    "lot_code": "Lot F178",
    "vehicle_chassis_no": "WDBFA76E8SF117844"
  },
  {
    "lot_source_link": "https://www.mecum.com/lots/245019/1989-chevrolet-suburban-r20/?aa_id=164198-0",
    "lot_code": "Lot F179",
    "vehicle_chassis_no": "1GNGR26K9KF148132"
  },
  {
    "lot_source_link": "https://www.mecum.com/lots/245020/1980-pontiac-trans-am/?aa_id=164200-0",
    "lot_code": "Lot F180",
    "vehicle_chassis_no": "2W87WAL143958"
  },
  {
    "lot_source_link": "https://www.mecum.com/lots/245021/1971-chevrolet-chevelle/?aa_id=164202-0",
    "lot_code": "Lot F181",
    "vehicle_chassis_no": "136371L144964"
  },
  {
    "lot_source_link": "https://www.mecum.com/lots/245022/1975-mercedes-benz-240d-sedan/?aa_id=164204-0",
    "lot_code": "Lot F182",
    "vehicle_chassis_no": "11511710056382"
  },
  {
    "lot_source_link": "https://www.mecum.com/lots/245023/2002-bmw-z3-convertible/?aa_id=164206-0",
    "lot_code": "Lot F183",
    "vehicle_chassis_no": "4USCN53432LJ60024"
  },
  {
    "lot_source_link": "https://www.mecum.com/lots/245024/1962-volkswagen-double-cab-truck/?aa_id=164208-0",
    "lot_code": "Lot F184",
    "vehicle_chassis_no": "905131"
  },
  {
    "lot_source_link": "https://www.mecum.com/lots/245025/1955-chevrolet-3100-pickup/?aa_id=164210-0",
    "lot_code": "Lot F185",
    "vehicle_chassis_no": "H255A006246"
  },
  {
    "lot_source_link": "https://www.mecum.com/lots/245026/1954-chevrolet-3100-pickup/?aa_id=164212-0",
    "lot_code": "Lot F186",
    "vehicle_chassis_no": "H540007289"
  },
  {
    "lot_source_link": "https://www.mecum.com/lots/245028/1934-ford-street-rod/?aa_id=164214-0",
    "lot_code": "Lot F188",
    "vehicle_chassis_no": "T8661307"
  },
  {
    "lot_source_link": "https://www.mecum.com/lots/245029/1967-chevrolet-chevelle-hardtop/?aa_id=164216-0",
    "lot_code": "Lot F189",
    "vehicle_chassis_no": "136177K117278"
  },
  {
    "lot_source_link": "https://www.mecum.com/lots/245030/1970-ford-ranchero-gt/?aa_id=164218-0",
    "lot_code": "Lot F190",
    "vehicle_chassis_no": "0A48H160439"
  },
  {
    "lot_source_link": "https://www.mecum.com/lots/245031/1998-bmw-740il/?aa_id=164220-0",
    "lot_code": "Lot F191",
    "vehicle_chassis_no": "WBAGJ8324WDM08670"
  },
  {
    "lot_source_link": "https://www.mecum.com/lots/245032/1971-dodge-charger-r-t/?aa_id=164222-0",
    "lot_code": "Lot F192",
    "vehicle_chassis_no": "WS23U1A171232"
  },
  {
    "lot_source_link": "https://www.mecum.com/lots/245033/2004-bmw-745li-sedan/?aa_id=164224-0",
    "lot_code": "Lot F193",
    "vehicle_chassis_no": "WBAGN63514DS52376"
  },
  {
    "lot_source_link": "https://www.mecum.com/lots/245034/1992-mercedes-benz-600sel/?aa_id=164226-0",
    "lot_code": "Lot F194",
    "vehicle_chassis_no": "WDBGA57E2NA027341"
  },
  {
    "lot_source_link": "https://www.mecum.com/lots/245035/1979-pontiac-trans-am/?aa_id=164228-0",
    "lot_code": "Lot F195",
    "vehicle_chassis_no": "2W87K9L153003"
  },
  {
    "lot_source_link": "https://www.mecum.com/lots/245036/1953-ford-custom-coupe/?aa_id=164230-0",
    "lot_code": "Lot F196",
    "vehicle_chassis_no": "B3RC123033"
  },
  {
    "lot_source_link": "https://www.mecum.com/lots/245115/1975-ford-f250-high-boy-pickup/?aa_id=164312-0",
    "lot_code": "Lot F196.1",
    "vehicle_chassis_no": "F26YRW40586"
  },
  {
    "lot_source_link": "https://www.mecum.com/lots/245037/1999-pontiac-firebird-convertible/?aa_id=164232-0",
    "lot_code": "Lot F197",
    "vehicle_chassis_no": "2G2FS32K6X2234404"
  },
  {
    "lot_source_link": "https://www.mecum.com/lots/245038/1969-amc-amx/?aa_id=164234-0",
    "lot_code": "Lot F198",
    "vehicle_chassis_no": "A9M397X159622"
  },
  {
    "lot_source_link": "https://www.mecum.com/lots/245039/1956-chevrolet-bel-air-resto-mod/?aa_id=164236-0",
    "lot_code": "Lot F199",
    "vehicle_chassis_no": "VC560007764"
  },
  {
    "lot_source_link": "https://www.mecum.com/lots/245040/1987-suzuki-samurai/?aa_id=164238-0",
    "lot_code": "Lot F200",
    "vehicle_chassis_no": "JS4JC51C8H4185210"
  },
  {
    "lot_source_link": "https://www.mecum.com/lots/245041/1955-chevrolet-custom-sedan/?aa_id=164240-0",
    "lot_code": "Lot F201",
    "vehicle_chassis_no": "0R9353"
  },
  {
    "lot_source_link": "https://www.mecum.com/lots/245120/1978-lincoln-continental-mark-v/?aa_id=164320-0",
    "lot_code": "Lot F202.1",
    "vehicle_chassis_no": "8Y89A907930"
  },
  {
    "lot_source_link": "https://www.mecum.com/lots/245043/1969-chevrolet-corvette-coupe-resto-mod/?aa_id=164242-0",
    "lot_code": "Lot F203",
    "vehicle_chassis_no": "194379S703086"
  },
  {
    "lot_source_link": "https://www.mecum.com/lots/245044/2011-chevrolet-corvette-coupe/?aa_id=164244-0",
    "lot_code": "Lot F204",
    "vehicle_chassis_no": "1G1YF2DW6B5105670"
  },
  {
    "lot_source_link": "https://www.mecum.com/lots/245045/1985-chevrolet-corvette-coupe/?aa_id=164246-0",
    "lot_code": "Lot F205",
    "vehicle_chassis_no": "1G1YY0786F5106786"
  },
  {
    "lot_source_link": "https://www.mecum.com/lots/245046/1951-ford-victoria/?aa_id=164248-0",
    "lot_code": "Lot F206",
    "vehicle_chassis_no": null
  },
  {
    "lot_source_link": "https://www.mecum.com/lots/245047/1967-pontiac-gto/?aa_id=164250-0",
    "lot_code": "Lot F207",
    "vehicle_chassis_no": "242177Z105003"
  },
  {
    "lot_source_link": "https://www.mecum.com/lots/258934/1969-pontiac-gto-judge/?aa_id=178525-0",
    "lot_code": "Lot F207.1",
    "vehicle_chassis_no": "242379P317989"
  },
  {
    "lot_source_link": "https://www.mecum.com/lots/258737/1967-chevrolet-chevelle-ss-convertible/?aa_id=178221-0",
    "lot_code": "Lot F208",
    "vehicle_chassis_no": "138677B133030"
  },
  {
    "lot_source_link": "https://www.mecum.com/lots/245049/1956-lincoln-continental-mark-ii/?aa_id=164252-0",
    "lot_code": "Lot F209",
    "vehicle_chassis_no": "C56B2121"
  },
  {
    "lot_source_link": "https://www.mecum.com/lots/245050/1996-chevrolet-corvette-collector-edition/?aa_id=164254-0",
    "lot_code": "Lot F210",
    "vehicle_chassis_no": "1G1YY32P6T5111904"
  },
  {
    "lot_source_link": "https://www.mecum.com/lots/245051/1956-chevrolet-210-pro-street/?aa_id=164256-0",
    "lot_code": "Lot F211",
    "vehicle_chassis_no": "VP56A043282"
  },
  {
    "lot_source_link": "https://www.mecum.com/lots/245052/1967-chevrolet-camaro-convertible/?aa_id=164258-0",
    "lot_code": "Lot F212",
    "vehicle_chassis_no": "124677N113913"
  },
  {
    "lot_source_link": "https://www.mecum.com/lots/256848/1971-ford-ranchero/?aa_id=176114-0",
    "lot_code": "Lot F213",
    "vehicle_chassis_no": "1A47H135913"
  },
  {
    "lot_source_link": "https://www.mecum.com/lots/245054/2003-ford-f150-svt-lightning-pickup/?aa_id=164260-0",
    "lot_code": "Lot F214",
    "vehicle_chassis_no": "2FTRF07323CA64477"
  },
  {
    "lot_source_link": "https://www.mecum.com/lots/245055/1962-mg-a-mkii-1600/?aa_id=164262-0",
    "lot_code": "Lot F215",
    "vehicle_chassis_no": "GHNL105502"
  },
  {
    "lot_source_link": "https://www.mecum.com/lots/245056/1962-chrysler-300h-convertible/?aa_id=164264-0",
    "lot_code": "Lot F216",
    "vehicle_chassis_no": "8423121259"
  },
  {
    "lot_source_link": "https://www.mecum.com/lots/245057/1968-oldsmobile-442/?aa_id=164266-0",
    "lot_code": "Lot F217",
    "vehicle_chassis_no": null
  },
  {
    "lot_source_link": "https://www.mecum.com/lots/PJ16-245058/1995-cadillac-fleetwood/?aa_id=164268-0",
    "lot_code": "Lot F218",
    "vehicle_chassis_no": "1G6DW52P6SR713140"
  },
  {
    "lot_source_link": "https://www.mecum.com/lots/245059/1968-chevrolet-camaro-rs-ss/?aa_id=164270-0",
    "lot_code": "Lot F219",
    "vehicle_chassis_no": "124378N386645"
  },
  {
    "lot_source_link": "https://www.mecum.com/lots/245060/1991-chevrolet-corvette-zr1/?aa_id=164272-0",
    "lot_code": "Lot F220",
    "vehicle_chassis_no": "1G1YZ23JXM5800850"
  },
  {
    "lot_source_link": "https://www.mecum.com/lots/245061/1968-pontiac-lemans-convertible/?aa_id=164274-0",
    "lot_code": "Lot F221",
    "vehicle_chassis_no": "237678B102903"
  },
  {
    "lot_source_link": "https://www.mecum.com/lots/245062/1932-ford-roadster/?aa_id=164276-0",
    "lot_code": "Lot F222",
    "vehicle_chassis_no": "607544"
  },
  {
    "lot_source_link": "https://www.mecum.com/lots/245063/1965-chevrolet-corvair/?aa_id=164278-0",
    "lot_code": "Lot F223",
    "vehicle_chassis_no": "107375W233279"
  },
  {
    "lot_source_link": "https://www.mecum.com/lots/245064/1969-chevrolet-el-camino-ss/?aa_id=164280-0",
    "lot_code": "Lot F224",
    "vehicle_chassis_no": "136809Z366928"
  },
  {
    "lot_source_link": "https://www.mecum.com/lots/245065/1953-studebaker-starlight/?aa_id=164282-0",
    "lot_code": "Lot F225",
    "vehicle_chassis_no": "882557"
  },
  {
    "lot_source_link": "https://www.mecum.com/lots/PJ16-245066/1946-mercury-convertible/?aa_id=164284-0",
    "lot_code": "Lot F226",
    "vehicle_chassis_no": "99A1202121"
  },
  {
    "lot_source_link": "https://www.mecum.com/lots/245116/1980-chevrolet-c10-pickup/?aa_id=164314-0",
    "lot_code": "Lot F227",
    "vehicle_chassis_no": "CCL44AF357776"
  },
  {
    "lot_source_link": "https://www.mecum.com/lots/245068/2007-ford-mustang/?aa_id=164286-0",
    "lot_code": "Lot F228",
    "vehicle_chassis_no": "1ZVHT82H975235311"
  },
  {
    "lot_source_link": "https://www.mecum.com/lots/258932/1965-ford-mustang/?aa_id=178523-0",
    "lot_code": "Lot F228.1",
    "vehicle_chassis_no": "5R09A155713"
  },
  {
    "lot_source_link": "https://www.mecum.com/lots/PJ16-245069/1971-chevrolet-blazer/?aa_id=164288-0",
    "lot_code": "Lot F229",
    "vehicle_chassis_no": "KE181S600261"
  },
  {
    "lot_source_link": "https://www.mecum.com/lots/258930/2010-chevrolet-camaro-ss/?aa_id=178521-0",
    "lot_code": "Lot F229.1",
    "vehicle_chassis_no": "2G1FK1EJOA91O8324"
  },
  {
    "lot_source_link": "https://www.mecum.com/lots/245070/1962-century-sabre-boat/?aa_id=164290-0",
    "lot_code": "Lot F230",
    "vehicle_chassis_no": "56116"
  },
  {
    "lot_source_link": "https://www.mecum.com/lots/245072/1962-chevrolet-impala/?aa_id=164292-0",
    "lot_code": "Lot F232",
    "vehicle_chassis_no": "21847L194986"
  },
  {
    "lot_source_link": "https://www.mecum.com/lots/PJ16-245073/1983-chevrolet-k5-blazer/?aa_id=164294-0",
    "lot_code": "Lot F233",
    "vehicle_chassis_no": "1G8EK18H7DF145517"
  },
  {
    "lot_source_link": "https://www.mecum.com/lots/245074/1966-chevrolet-chevelle-ss/?aa_id=164296-0",
    "lot_code": "Lot F234",
    "vehicle_chassis_no": "138176K127119"
  },
  {
    "lot_source_link": "https://www.mecum.com/lots/245107/2007-ford-f150-saleen-s331-pickup/?aa_id=164298-0",
    "lot_code": "Lot F267",
    "vehicle_chassis_no": "1FTPX12557NA33520"
  },
  {
    "lot_source_link": "https://www.mecum.com/lots/245109/1967-ford-mustang-convertible/?aa_id=164300-0",
    "lot_code": "Lot F269",
    "vehicle_chassis_no": "7F03C186880"
  },
  {
    "lot_source_link": "https://www.mecum.com/lots/245110/1990-ford-mustang-gt-convertible/?aa_id=164302-0",
    "lot_code": "Lot F270",
    "vehicle_chassis_no": "1FACP45E9LF219115"
  },
  {
    "lot_source_link": "https://www.mecum.com/lots/245111/1969-mercury-cougar-xr7-convertible/?aa_id=164304-0",
    "lot_code": "Lot F271",
    "vehicle_chassis_no": "9F94H511410"
  },
  {
    "lot_source_link": "https://www.mecum.com/lots/245112/1968-chevrolet-c10-pickup/?aa_id=164306-0",
    "lot_code": "Lot F272",
    "vehicle_chassis_no": "CE148A108278"
  },
  {
    "lot_source_link": "https://www.mecum.com/lots/245113/1973-ford-mustang-convertible/?aa_id=164308-0",
    "lot_code": "Lot F273",
    "vehicle_chassis_no": "3F03Q154033"
  },
  {
    "lot_source_link": "https://www.mecum.com/lots/245114/2007-ford-mustang-roush/?aa_id=164310-0",
    "lot_code": "Lot F274",
    "vehicle_chassis_no": "1ZVFT82H475336991"
  },
  {
    "lot_source_link": "https://www.mecum.com/lots/PJ16-258909/1976-chevrolet-vega-gt/?aa_id=178499-0",
    "lot_code": "Lot F276",
    "vehicle_chassis_no": "1V77B6U225197"
  },
  {
    "lot_source_link": "https://www.mecum.com/lots/PJ16-245117/1978-chevrolet-corvette-silver-anniversary/?aa_id=164316-0",
    "lot_code": "Lot F277",
    "vehicle_chassis_no": "1Z8748S423973"
  },
  {
    "lot_source_link": "https://www.mecum.com/lots/245118/1969-gmc-camper-special-pickup/?aa_id=164318-0",
    "lot_code": "Lot F278",
    "vehicle_chassis_no": "CE30VZA25011"
  },
  {
    "lot_source_link": "https://www.mecum.com/lots/245171/1955-chevrolet-4-door-sedan/?aa_id=164322-0",
    "lot_code": "Lot S1",
    "vehicle_chassis_no": "B550074007"
  },
  {
    "lot_source_link": "https://www.mecum.com/lots/245176/2011-chevrolet-corvette-coupe/?aa_id=164324-0",
    "lot_code": "Lot S6",
    "vehicle_chassis_no": "1G1YF2DW6B5105670"
  },
  {
    "lot_source_link": "https://www.mecum.com/lots/245178/1996-chevrolet-corvette-collector-edition/?aa_id=164326-0",
    "lot_code": "Lot S8",
    "vehicle_chassis_no": "1G1YY32P6T5111904"
  },
  {
    "lot_source_link": "https://www.mecum.com/lots/245179/1969-dodge-dart-gt-convertible/?aa_id=164328-0",
    "lot_code": "Lot S9",
    "vehicle_chassis_no": "LP27D9B234063"
  },
  {
    "lot_source_link": "https://www.mecum.com/lots/245180/1971-ford-mustang-convertible/?aa_id=164330-0",
    "lot_code": "Lot S10",
    "vehicle_chassis_no": "1F03F204377"
  },
  {
    "lot_source_link": "https://www.mecum.com/lots/245181/2005-mercedes-benz-sl65-amg-convertible/?aa_id=164332-0",
    "lot_code": "Lot S11",
    "vehicle_chassis_no": "WDBSK79F25F102860"
  },
  {
    "lot_source_link": "https://www.mecum.com/lots/245182/1940-chevrolet-master-deluxe-street-rod/?aa_id=164334-0",
    "lot_code": "Lot S12",
    "vehicle_chassis_no": "2928382"
  },
  {
    "lot_source_link": "https://www.mecum.com/lots/245183/1957-ford-thunderbird/?aa_id=164336-0",
    "lot_code": "Lot S13",
    "vehicle_chassis_no": null
  },
  {
    "lot_source_link": "https://www.mecum.com/lots/258910/1955-desoto-firedome-hardtop/?aa_id=178501-0",
    "lot_code": "Lot S13.1",
    "vehicle_chassis_no": "64026357"
  },
  {
    "lot_source_link": "https://www.mecum.com/lots/245184/1982-chevrolet-camaro-z28/?aa_id=164338-0",
    "lot_code": "Lot S14",
    "vehicle_chassis_no": "1G1AP87H1CL164895"
  },
  {
    "lot_source_link": "https://www.mecum.com/lots/245185/1994-am-general-hummer-h1/?aa_id=164340-0",
    "lot_code": "Lot S15",
    "vehicle_chassis_no": "137YA8330RE151749"
  },
  {
    "lot_source_link": "https://www.mecum.com/lots/245186/1971-volkswagen-super-beetle/?aa_id=164342-0",
    "lot_code": "Lot S16",
    "vehicle_chassis_no": "1112308093"
  },
  {
    "lot_source_link": "https://www.mecum.com/lots/245188/1966-international-harvester-pickup/?aa_id=164344-0",
    "lot_code": "Lot S18",
    "vehicle_chassis_no": "613208H649008"
  },
  {
    "lot_source_link": "https://www.mecum.com/lots/245189/1964-chevrolet-impala-ss/?aa_id=164346-0",
    "lot_code": "Lot S19",
    "vehicle_chassis_no": "41447L177056"
  },
  {
    "lot_source_link": "https://www.mecum.com/lots/245190/2006-land-rover-range-rover-sport-se/?aa_id=164348-0",
    "lot_code": "Lot S20",
    "vehicle_chassis_no": "SALSH23426A902852"
  },
  {
    "lot_source_link": "https://www.mecum.com/lots/245192/1991-chevrolet-corvette-zr1/?aa_id=164352-0",
    "lot_code": "Lot S22",
    "vehicle_chassis_no": "1G1YZ23J5M5800125"
  },
  {
    "lot_source_link": "https://www.mecum.com/lots/245193/1940-mercury-convertible-sedan/?aa_id=164354-0",
    "lot_code": "Lot S23",
    "vehicle_chassis_no": "99A208695"
  },
  {
    "lot_source_link": "https://www.mecum.com/lots/PJ16-245194/2008-mini-cooper/?aa_id=164356-0",
    "lot_code": "Lot S24",
    "vehicle_chassis_no": "WMWMF73548TV36862"
  },
  {
    "lot_source_link": "https://www.mecum.com/lots/245195/1995-mercedes-benz-s600/?aa_id=164358-0",
    "lot_code": "Lot S25",
    "vehicle_chassis_no": "WDBGA76E2SA245577"
  },
  {
    "lot_source_link": "https://www.mecum.com/lots/245196/1968-chevrolet-camaro/?aa_id=164360-0",
    "lot_code": "Lot S26",
    "vehicle_chassis_no": "123378N343854"
  },
  {
    "lot_source_link": "https://www.mecum.com/lots/256976/1970-dodge-challenger-r-t/?aa_id=176276-0",
    "lot_code": "Lot S27",
    "vehicle_chassis_no": "JS23U0E113725"
  },
  {
    "lot_source_link": "https://www.mecum.com/lots/245198/1937-chevrolet-pickup-street-rod/?aa_id=164362-0",
    "lot_code": "Lot S28",
    "vehicle_chassis_no": "WA98241357"
  },
  {
    "lot_source_link": "https://www.mecum.com/lots/PJ16-245199/1968-ford-bronco/?aa_id=164364-0",
    "lot_code": "Lot S29",
    "vehicle_chassis_no": "U15NLC99203"
  },
  {
    "lot_source_link": "https://www.mecum.com/lots/245200/1968-buick-electra-225/?aa_id=164366-0",
    "lot_code": "Lot S30",
    "vehicle_chassis_no": "484678H137536"
  },
  {
    "lot_source_link": "https://www.mecum.com/lots/256791/1953-dodge-coronet-convertible/?aa_id=176038-0",
    "lot_code": "Lot S30.1",
    "vehicle_chassis_no": "47001579"
  },
  {
    "lot_source_link": "https://www.mecum.com/lots/245202/1994-mercedes-benz-sl500-convertible/?aa_id=164370-0",
    "lot_code": "Lot S32",
    "vehicle_chassis_no": "WDBFA67E0RF097432"
  },
  {
    "lot_source_link": "https://www.mecum.com/lots/245203/1933-ford-flat-bed/?aa_id=164372-0",
    "lot_code": "Lot S33",
    "vehicle_chassis_no": "474905"
  },
  {
    "lot_source_link": "https://www.mecum.com/lots/245204/1969-plymouth-road-runner/?aa_id=164374-0",
    "lot_code": "Lot S34",
    "vehicle_chassis_no": "RM21H9E142975"
  },
  {
    "lot_source_link": "https://www.mecum.com/lots/253947/1958-chevrolet-impala-resto-mod/?aa_id=173122-0",
    "lot_code": "Lot S36",
    "vehicle_chassis_no": "E58S118377"
  },
  {
    "lot_source_link": "https://www.mecum.com/lots/245207/1986-buick-grand-national/?aa_id=164376-0",
    "lot_code": "Lot S37",
    "vehicle_chassis_no": "1G4GK4776GP451417"
  },
  {
    "lot_source_link": "https://www.mecum.com/lots/245209/1965-ford-mustang-fastback/?aa_id=164378-0",
    "lot_code": "Lot S39",
    "vehicle_chassis_no": "5R09C170902"
  },
  {
    "lot_source_link": "https://www.mecum.com/lots/245210/1970-mercedes-benz-250c/?aa_id=164380-0",
    "lot_code": "Lot S40",
    "vehicle_chassis_no": "12001880"
  },
  {
    "lot_source_link": "https://www.mecum.com/lots/258936/1968-assem-volkswagen/?aa_id=178527-0",
    "lot_code": "Lot S40.1",
    "vehicle_chassis_no": "5401133"
  },
  {
    "lot_source_link": "https://www.mecum.com/lots/245211/1964-dodge-440-hardtop/?aa_id=164382-0",
    "lot_code": "Lot S41",
    "vehicle_chassis_no": "6242136736"
  },
  {
    "lot_source_link": "https://www.mecum.com/lots/245212/1957-chevrolet-150-sedan/?aa_id=164384-0",
    "lot_code": "Lot S42",
    "vehicle_chassis_no": "A57B128286"
  },
  {
    "lot_source_link": "https://www.mecum.com/lots/245213/1933-ford-coupe-street-rod/?aa_id=164386-0",
    "lot_code": "Lot S43",
    "vehicle_chassis_no": "182022772"
  },
  {
    "lot_source_link": "https://www.mecum.com/lots/245214/1994-mercedes-benz-s500/?aa_id=164388-0",
    "lot_code": "Lot S44",
    "vehicle_chassis_no": "WDBGA70E4RA163403"
  },
  {
    "lot_source_link": "https://www.mecum.com/lots/245215/1928-chandler-six/?aa_id=164390-0",
    "lot_code": "Lot S45",
    "vehicle_chassis_no": "47486"
  },
  {
    "lot_source_link": "https://www.mecum.com/lots/256807/1970-pontiac-gto/?aa_id=176056-0",
    "lot_code": "Lot S45.1",
    "vehicle_chassis_no": "242370R118169"
  },
  {
    "lot_source_link": "https://www.mecum.com/lots/245216/1956-chevrolet-210/?aa_id=164392-0",
    "lot_code": "Lot S46",
    "vehicle_chassis_no": "B560080630"
  },
  {
    "lot_source_link": "https://www.mecum.com/lots/245217/1957-chevrolet-3100-pickup/?aa_id=164394-0",
    "lot_code": "Lot S47",
    "vehicle_chassis_no": "3A57L124288"
  },
  {
    "lot_source_link": "https://www.mecum.com/lots/245218/1971-gmc-suburban/?aa_id=164396-0",
    "lot_code": "Lot S48",
    "vehicle_chassis_no": "CE116Z119816"
  },
  {
    "lot_source_link": "https://www.mecum.com/lots/245219/1999-porsche-911-cabriolet/?aa_id=164398-0",
    "lot_code": "Lot S49",
    "vehicle_chassis_no": "WP0CA2990XS651134"
  },
  {
    "lot_source_link": "https://www.mecum.com/lots/256808/1967-chevrolet-camaro/?aa_id=176058-0",
    "lot_code": "Lot S49.1",
    "vehicle_chassis_no": "124377L118745"
  },
  {
    "lot_source_link": "https://www.mecum.com/lots/245220/1939-ford-convertible-street-rod/?aa_id=164400-0",
    "lot_code": "Lot S50",
    "vehicle_chassis_no": "547098832"
  },
  {
    "lot_source_link": "https://www.mecum.com/lots/245221/1982-chevrolet-corvette-collector-edition/?aa_id=164402-0",
    "lot_code": "Lot S51",
    "vehicle_chassis_no": "1G1AY0783C5104037"
  },
  {
    "lot_source_link": "https://www.mecum.com/lots/256784/1961-chevrolet-bel-air-resto-mod/?aa_id=176032-0",
    "lot_code": "Lot S51.1",
    "vehicle_chassis_no": "11637S224638"
  },
  {
    "lot_source_link": "https://www.mecum.com/lots/256849/1957-cadillac-eldorado-biarritz-convertible/?aa_id=176116-0",
    "lot_code": "Lot S52",
    "vehicle_chassis_no": "5762066084"
  },
  {
    "lot_source_link": "https://www.mecum.com/lots/245223/1962-ford-f100-pickup/?aa_id=164404-0",
    "lot_code": "Lot S53",
    "vehicle_chassis_no": "F10CP250660"
  },
  {
    "lot_source_link": "https://www.mecum.com/lots/245224/1962-chevrolet-corvette-convertible/?aa_id=164406-0",
    "lot_code": "Lot S54",
    "vehicle_chassis_no": "20867S114449"
  },
  {
    "lot_source_link": "https://www.mecum.com/lots/256764/1966-ford-mustang-convertible/?aa_id=175996-0",
    "lot_code": "Lot S54.1",
    "vehicle_chassis_no": "6T08C251096"
  },
  {
    "lot_source_link": "https://www.mecum.com/lots/245225/1966-ford-mustang/?aa_id=164408-0",
    "lot_code": "Lot S55",
    "vehicle_chassis_no": "6T08T144373"
  },
  {
    "lot_source_link": "https://www.mecum.com/lots/245226/1966-chevrolet-nova-resto-mod/?aa_id=164410-0",
    "lot_code": "Lot S56",
    "vehicle_chassis_no": "116376N146325"
  },
  {
    "lot_source_link": "https://www.mecum.com/lots/245227/1950-mercury-custom-convertible/?aa_id=164412-0",
    "lot_code": "Lot S57",
    "vehicle_chassis_no": "50LA26385M"
  },
  {
    "lot_source_link": "https://www.mecum.com/lots/245228/1991-assembled-ford-track-t-roadster/?aa_id=164414-0",
    "lot_code": "Lot S58",
    "vehicle_chassis_no": "WA92160964"
  },
  {
    "lot_source_link": "https://www.mecum.com/lots/245229/1969-ford-bronco/?aa_id=164416-0",
    "lot_code": "Lot S59",
    "vehicle_chassis_no": "U15GLE98267"
  },
  {
    "lot_source_link": "https://www.mecum.com/lots/253082/1970-dodge-coronet-r-t/?aa_id=172706-0",
    "lot_code": "Lot S59.1",
    "vehicle_chassis_no": "WS23U0G216385"
  },
  {
    "lot_source_link": "https://www.mecum.com/lots/245230/1960-ford-falcon-custom/?aa_id=164418-0",
    "lot_code": "Lot S60",
    "vehicle_chassis_no": "0R11S147643"
  },
  {
    "lot_source_link": "https://www.mecum.com/lots/256809/1966-plymouth-satellite/?aa_id=176060-0",
    "lot_code": "Lot S60.1",
    "vehicle_chassis_no": "RP23E65112011"
  },
  {
    "lot_source_link": "https://www.mecum.com/lots/245231/2003-bmw-540m-sport/?aa_id=164420-0",
    "lot_code": "Lot S61",
    "vehicle_chassis_no": "WBADN63483GN89831"
  },
  {
    "lot_source_link": "https://www.mecum.com/lots/245232/1948-studebaker-champion-convertible/?aa_id=164422-0",
    "lot_code": "Lot S62",
    "vehicle_chassis_no": "G316329"
  },
  {
    "lot_source_link": "https://www.mecum.com/lots/253785/1967-dodge-dart/?aa_id=172914-0",
    "lot_code": "Lot S64",
    "vehicle_chassis_no": "LL21B72329178"
  },
  {
    "lot_source_link": "https://www.mecum.com/lots/PJ16-245235/1996-rolls-royce-silver-spur/?aa_id=164424-0",
    "lot_code": "Lot S65",
    "vehicle_chassis_no": "SCAZN11C9TCX57853"
  },
  {
    "lot_source_link": "https://www.mecum.com/lots/256786/1949-lincoln-convertible/?aa_id=176034-0",
    "lot_code": "Lot S65.1",
    "vehicle_chassis_no": "9EH038521"
  },
  {
    "lot_source_link": "https://www.mecum.com/lots/245236/1937-ford-street-rod/?aa_id=164426-0",
    "lot_code": "Lot S66",
    "vehicle_chassis_no": "4370230"
  },
  {
    "lot_source_link": "https://www.mecum.com/lots/245237/1967-chevrolet-camaro/?aa_id=164428-0",
    "lot_code": "Lot S67",
    "vehicle_chassis_no": "124377N193261"
  },
  {
    "lot_source_link": "https://www.mecum.com/lots/245238/2007-ford-mustang/?aa_id=164430-0",
    "lot_code": "Lot S68",
    "vehicle_chassis_no": "1ZVHT82H475289387"
  },
  {
    "lot_source_link": "https://www.mecum.com/lots/256841/1953-mg-td-roadster/?aa_id=176108-0",
    "lot_code": "Lot S68.1",
    "vehicle_chassis_no": "TD14067"
  },
  {
    "lot_source_link": "https://www.mecum.com/lots/PJ16-244934/1995-chevrolet-corvette-zr1/?aa_id=164048-0",
    "lot_code": "Lot S69",
    "vehicle_chassis_no": "1G1YZ22J0S5800340"
  },
  {
    "lot_source_link": "https://www.mecum.com/lots/245240/1951-mercury-custom/?aa_id=164434-0",
    "lot_code": "Lot S70",
    "vehicle_chassis_no": "51ME29038M"
  },
  {
    "lot_source_link": "https://www.mecum.com/lots/256753/1957-chevrolet-bel-air-convertible/?aa_id=175982-0",
    "lot_code": "Lot S71",
    "vehicle_chassis_no": "VC57S202111"
  },
  {
    "lot_source_link": "https://www.mecum.com/lots/245242/1960-chevrolet-impala/?aa_id=164436-0",
    "lot_code": "Lot S72",
    "vehicle_chassis_no": "01837B217376"
  },
  {
    "lot_source_link": "https://www.mecum.com/lots/256816/2015-ford-shelby-gt350-50th-anniversary/?aa_id=176072-0",
    "lot_code": "Lot S72.1",
    "vehicle_chassis_no": "1FA6P8JZ1F5520128"
  },
  {
    "lot_source_link": "https://www.mecum.com/lots/PJ16-245243/1988-mercedes-benz-560sl-convertible/?aa_id=164438-0",
    "lot_code": "Lot S73",
    "vehicle_chassis_no": "WDBBA48D1JA084537"
  },
  {
    "lot_source_link": "https://www.mecum.com/lots/245244/1969-pontiac-firebird/?aa_id=164440-0",
    "lot_code": "Lot S74",
    "vehicle_chassis_no": "223379L109663"
  },
  {
    "lot_source_link": "https://www.mecum.com/lots/245245/1981-delorean-dmc-12/?aa_id=164442-0",
    "lot_code": "Lot S75",
    "vehicle_chassis_no": "SCEDT26TXBD003060"
  },
  {
    "lot_source_link": "https://www.mecum.com/lots/256977/1963-chevrolet-impala-ss/?aa_id=176278-0",
    "lot_code": "Lot S75.1",
    "vehicle_chassis_no": "31847L237971"
  },
  {
    "lot_source_link": "https://www.mecum.com/lots/245246/2008-mercedes-benz-sl550-convertible/?aa_id=164444-0",
    "lot_code": "Lot S76",
    "vehicle_chassis_no": "WDBSK71F48F136234"
  },
  {
    "lot_source_link": "https://www.mecum.com/lots/252611/1970-plymouth-cuda/?aa_id=172090-0",
    "lot_code": "Lot S77",
    "vehicle_chassis_no": "BS23V0B192999"
  },
  {
    "lot_source_link": "https://www.mecum.com/lots/256850/1950-ford-custom/?aa_id=176118-0",
    "lot_code": "Lot S77.1",
    "vehicle_chassis_no": "B0LB131871"
  },
  {
    "lot_source_link": "https://www.mecum.com/lots/245248/1969-chevrolet-corvette-convertible/?aa_id=164446-0",
    "lot_code": "Lot S78",
    "vehicle_chassis_no": "194679S735770"
  },
  {
    "lot_source_link": "https://www.mecum.com/lots/245249/1979-chevrolet-corvette-coupe/?aa_id=164448-0",
    "lot_code": "Lot S79",
    "vehicle_chassis_no": "1Z8789S406912"
  },
  {
    "lot_source_link": "https://www.mecum.com/lots/245250/1929-chrysler-woody/?aa_id=164450-0",
    "lot_code": "Lot S80",
    "vehicle_chassis_no": "M118827"
  },
  {
    "lot_source_link": "https://www.mecum.com/lots/256851/1968-pontiac-firebird/?aa_id=176120-0",
    "lot_code": "Lot S80.1",
    "vehicle_chassis_no": "223378U142632"
  },
  {
    "lot_source_link": "https://www.mecum.com/lots/245251/1940-chevrolet-pickup/?aa_id=164452-0",
    "lot_code": "Lot S81",
    "vehicle_chassis_no": "CA499295"
  },
  {
    "lot_source_link": "https://www.mecum.com/lots/256810/1970-chevrolet-nova/?aa_id=176062-0",
    "lot_code": "Lot S81.1",
    "vehicle_chassis_no": "114270W393037"
  },
  {
    "lot_source_link": "https://www.mecum.com/lots/245252/1964-chevrolet-bel-air-sedan/?aa_id=164454-0",
    "lot_code": "Lot S82",
    "vehicle_chassis_no": "41611S204097"
  },
  {
    "lot_source_link": "https://www.mecum.com/lots/245253/2005-bentley-arnage-t-mulliner/?aa_id=164456-0",
    "lot_code": "Lot S83",
    "vehicle_chassis_no": "SCBLF34F75CX10839"
  },
  {
    "lot_source_link": "https://www.mecum.com/lots/245254/1939-ford-custom-convertible/?aa_id=164458-0",
    "lot_code": "Lot S84",
    "vehicle_chassis_no": "54412062"
  },
  {
    "lot_source_link": "https://www.mecum.com/lots/245255/1947-dodge-pickup/?aa_id=164460-0",
    "lot_code": "Lot S85",
    "vehicle_chassis_no": "D24200013"
  },
  {
    "lot_source_link": "https://www.mecum.com/lots/256765/1996-porsche-911-coupe/?aa_id=175998-0",
    "lot_code": "Lot S85.1",
    "vehicle_chassis_no": "WP0AA2992TS323229"
  },
  {
    "lot_source_link": "https://www.mecum.com/lots/255227/1965-shelby-gt350-fastback/?aa_id=174367-0",
    "lot_code": "Lot S86",
    "vehicle_chassis_no": "SFM5S377"
  },
  {
    "lot_source_link": "https://www.mecum.com/lots/245257/1956-ford-f100-pickup/?aa_id=164462-0",
    "lot_code": "Lot S87",
    "vehicle_chassis_no": "F10V6R29255"
  },
  {
    "lot_source_link": "https://www.mecum.com/lots/245258/1968-chevrolet-camaro-ss/?aa_id=164464-0",
    "lot_code": "Lot S88",
    "vehicle_chassis_no": "123378L8L342561"
  },
  {
    "lot_source_link": "https://www.mecum.com/lots/245259/1929-ford-model-a-street-rod/?aa_id=164466-0",
    "lot_code": "Lot S89",
    "vehicle_chassis_no": "1867383"
  },
  {
    "lot_source_link": "https://www.mecum.com/lots/245260/2009-dodge-challenger/?aa_id=164468-0",
    "lot_code": "Lot S90",
    "vehicle_chassis_no": "2B3LJ74W79H547021"
  },
  {
    "lot_source_link": "https://www.mecum.com/lots/253711/1967-chevrolet-corvette-convertible/?aa_id=172818-0",
    "lot_code": "Lot S90.1",
    "vehicle_chassis_no": "194677S106215"
  },
  {
    "lot_source_link": "https://www.mecum.com/lots/245261/1970-dodge-charger-r-t/?aa_id=164470-0",
    "lot_code": "Lot S91",
    "vehicle_chassis_no": "XS29V0G114215"
  },
  {
    "lot_source_link": "https://www.mecum.com/lots/245262/1974-amc-amx/?aa_id=164472-0",
    "lot_code": "Lot S92",
    "vehicle_chassis_no": "A4M798P250126"
  },
  {
    "lot_source_link": "https://www.mecum.com/lots/245263/1962-studebaker-gran-turismo-hawk/?aa_id=164474-0",
    "lot_code": "Lot S93",
    "vehicle_chassis_no": "62V12024"
  },
  {
    "lot_source_link": "https://www.mecum.com/lots/245351/1970-dodge-challenger-r-t/?aa_id=164618-0",
    "lot_code": "Lot S93.1",
    "vehicle_chassis_no": "JS23N0B127456"
  },
  {
    "lot_source_link": "https://www.mecum.com/lots/253022/1940-ford-deluxe-coupe-street-rod/?aa_id=172622-0",
    "lot_code": "Lot S94",
    "vehicle_chassis_no": "185778842"
  },
  {
    "lot_source_link": "https://www.mecum.com/lots/245265/1970-plymouth-hemi-cuda/?aa_id=164476-0",
    "lot_code": "Lot S95",
    "vehicle_chassis_no": "BS23R0B234614"
  },
  {
    "lot_source_link": "https://www.mecum.com/lots/245266/1955-chevrolet-bel-air-convertible/?aa_id=164478-0",
    "lot_code": "Lot S96",
    "vehicle_chassis_no": "VC55F011055"
  },
  {
    "lot_source_link": "https://www.mecum.com/lots/256766/2011-maserati-granturismo-convertible/?aa_id=176000-0",
    "lot_code": "Lot S97.1",
    "vehicle_chassis_no": "ZAM45KMA2B0057915"
  },
  {
    "lot_source_link": "https://www.mecum.com/lots/245268/2007-cadillac-escalade/?aa_id=164480-0",
    "lot_code": "Lot S98",
    "vehicle_chassis_no": "1GYFK63897R234789"
  },
  {
    "lot_source_link": "https://www.mecum.com/lots/245269/1968-ford-mustang-fastback/?aa_id=164482-0",
    "lot_code": "Lot S99",
    "vehicle_chassis_no": "8T02C140879"
  },
  {
    "lot_source_link": "https://www.mecum.com/lots/253906/1972-chevrolet-k10-pickup/?aa_id=173054-0",
    "lot_code": "Lot S99.1",
    "vehicle_chassis_no": "CKE162F148545"
  },
  {
    "lot_source_link": "https://www.mecum.com/lots/245270/1932-ford-roadster/?aa_id=164484-0",
    "lot_code": "Lot S100",
    "vehicle_chassis_no": "181354478"
  },
  {
    "lot_source_link": "https://www.mecum.com/lots/245271/1951-ford-f1-pickup/?aa_id=164486-0",
    "lot_code": "Lot S101",
    "vehicle_chassis_no": "R1SP15501"
  },
  {
    "lot_source_link": "https://www.mecum.com/lots/245272/1969-ford-mustang-boss-429-fastback/?aa_id=164488-0",
    "lot_code": "Lot S102",
    "vehicle_chassis_no": "9F02Z173035"
  },
  {
    "lot_source_link": "https://www.mecum.com/lots/256978/1970-dodge-challenger-r-t-se/?aa_id=176280-0",
    "lot_code": "Lot S102.1",
    "vehicle_chassis_no": "JS29V0B193557"
  },
  {
    "lot_source_link": "https://www.mecum.com/lots/245273/1964-pontiac-grand-prix/?aa_id=164490-0",
    "lot_code": "Lot S103",
    "vehicle_chassis_no": "894L14527"
  },
  {
    "lot_source_link": "https://www.mecum.com/lots/245274/1964-pontiac-gto/?aa_id=164492-0",
    "lot_code": "Lot S104",
    "vehicle_chassis_no": "824F24882"
  },
  {
    "lot_source_link": "https://www.mecum.com/lots/245275/1960-chevrolet-impala/?aa_id=164494-0",
    "lot_code": "Lot S105",
    "vehicle_chassis_no": "01837J247136"
  },
  {
    "lot_source_link": "https://www.mecum.com/lots/256734/1933-ford-3-window-coupe/?aa_id=175950-0",
    "lot_code": "Lot S105.1",
    "vehicle_chassis_no": "0R64447"
  },
  {
    "lot_source_link": "https://www.mecum.com/lots/253095/1969-ford-mustang-fastback/?aa_id=172720-0",
    "lot_code": "Lot S106",
    "vehicle_chassis_no": "9R02R162542"
  },
  {
    "lot_source_link": "https://www.mecum.com/lots/253738/2003-chevrolet-corvette/?aa_id=172850-0",
    "lot_code": "Lot S107",
    "vehicle_chassis_no": "1G1YY22G135116017"
  },
  {
    "lot_source_link": "https://www.mecum.com/lots/253982/2015-ford-mustang-gt-pettys-garage/?aa_id=173174-0",
    "lot_code": "Lot S108",
    "vehicle_chassis_no": "1FA6P8CF3F5299375"
  },
  {
    "lot_source_link": "https://www.mecum.com/lots/256830/1970-chevrolet-chevelle-ss-convertible/?aa_id=176094-0",
    "lot_code": "Lot S108.1",
    "vehicle_chassis_no": "136670B193107"
  },
  {
    "lot_source_link": "https://www.mecum.com/lots/256735/1969-chevrolet-camaro-rs-ss-convertible/?aa_id=175952-0",
    "lot_code": "Lot S109",
    "vehicle_chassis_no": "124679N529933"
  },
  {
    "lot_source_link": "https://www.mecum.com/lots/245280/1960-ford-thunderbird/?aa_id=164496-0",
    "lot_code": "Lot S110",
    "vehicle_chassis_no": "0Y73J179178"
  },
  {
    "lot_source_link": "https://www.mecum.com/lots/252468/1962-ford-thunderbird-sports-roadster/?aa_id=171964-0",
    "lot_code": "Lot S110.1",
    "vehicle_chassis_no": "2Y89Z172563"
  },
  {
    "lot_source_link": "https://www.mecum.com/lots/245281/1962-chevrolet-bel-air-z11-bubble-top/?aa_id=164498-0",
    "lot_code": "Lot S111",
    "vehicle_chassis_no": "21637S120438"
  },
  {
    "lot_source_link": "https://www.mecum.com/lots/245282/1964-chevrolet-suburban/?aa_id=164500-0",
    "lot_code": "Lot S112",
    "vehicle_chassis_no": "0R93586"
  },
  {
    "lot_source_link": "https://www.mecum.com/lots/245357/1961-chevrolet-corvette-convertible/?aa_id=164628-0",
    "lot_code": "Lot S112.1",
    "vehicle_chassis_no": "10867S108988"
  },
  {
    "lot_source_link": "https://www.mecum.com/lots/245283/1954-chevrolet-corvette-roadster/?aa_id=164502-0",
    "lot_code": "Lot S113",
    "vehicle_chassis_no": "E54S003646"
  },
  {
    "lot_source_link": "https://www.mecum.com/lots/258911/1968-chevrolet-camaro-z28/?aa_id=178503-0",
    "lot_code": "Lot S113.1",
    "vehicle_chassis_no": "124378N395848"
  },
  {
    "lot_source_link": "https://www.mecum.com/lots/253028/1968-shelby-gt500-convertible/?aa_id=172624-0",
    "lot_code": "Lot S114",
    "vehicle_chassis_no": "8T03S17798402442"
  },
  {
    "lot_source_link": "https://www.mecum.com/lots/245285/1954-ford-f100-pickup/?aa_id=164504-0",
    "lot_code": "Lot S115",
    "vehicle_chassis_no": "F10V4R11489"
  },
  {
    "lot_source_link": "https://www.mecum.com/lots/253907/1965-chevrolet-malibu-ss/?aa_id=173056-0",
    "lot_code": "Lot S115.1",
    "vehicle_chassis_no": "138375K168001"
  },
  {
    "lot_source_link": "https://www.mecum.com/lots/245286/1968-chevrolet-copo-nova-ss/?aa_id=164506-0",
    "lot_code": "Lot S116",
    "vehicle_chassis_no": "11428W369657"
  },
  {
    "lot_source_link": "https://www.mecum.com/lots/245287/1972-chevrolet-camaro-rs-resto-mod/?aa_id=164508-0",
    "lot_code": "Lot S117",
    "vehicle_chassis_no": "1Q87K2N136071"
  },
  {
    "lot_source_link": "https://www.mecum.com/lots/245288/1933-ford-coupe-street-rod/?aa_id=164510-0",
    "lot_code": "Lot S118",
    "vehicle_chassis_no": "F5R1000355HR"
  },
  {
    "lot_source_link": "https://www.mecum.com/lots/256767/1958-chevrolet-impala-convertible/?aa_id=176002-0",
    "lot_code": "Lot S118.1",
    "vehicle_chassis_no": "F8A118235"
  },
  {
    "lot_source_link": "https://www.mecum.com/lots/245289/1918-cadillac-7-passenger-touring-car/?aa_id=164512-0",
    "lot_code": "Lot S119",
    "vehicle_chassis_no": "57G247"
  },
  {
    "lot_source_link": "https://www.mecum.com/lots/245290/2004-chevrolet-silverado-pickup/?aa_id=164514-0",
    "lot_code": "Lot S120",
    "vehicle_chassis_no": "2GCEK13T141360724"
  },
  {
    "lot_source_link": "https://www.mecum.com/lots/245291/2009-audi-r8-coupe/?aa_id=164516-0",
    "lot_code": "Lot S121",
    "vehicle_chassis_no": "WUAAU34239N000700"
  },
  {
    "lot_source_link": "https://www.mecum.com/lots/256768/2012-aston-martin-db9-volante/?aa_id=176004-0",
    "lot_code": "Lot S121.1",
    "vehicle_chassis_no": "SCFAD02A86GB05825"
  },
  {
    "lot_source_link": "https://www.mecum.com/lots/245292/1967-chevrolet-corvette-convertible/?aa_id=164518-0",
    "lot_code": "Lot S122",
    "vehicle_chassis_no": "194677S115681"
  },
  {
    "lot_source_link": "https://www.mecum.com/lots/245293/1957-chevrolet-bel-air-resto-mod/?aa_id=164520-0",
    "lot_code": "Lot S123",
    "vehicle_chassis_no": "0RVC57F259724"
  },
  {
    "lot_source_link": "https://www.mecum.com/lots/245361/1970-plymouth-cuda/?aa_id=164634-0",
    "lot_code": "Lot S123.1",
    "vehicle_chassis_no": "BS23V0E133478"
  },
  {
    "lot_source_link": "https://www.mecum.com/lots/245294/1960-chevrolet-corvette-convertible/?aa_id=164522-0",
    "lot_code": "Lot S124",
    "vehicle_chassis_no": "00867S102120"
  },
  {
    "lot_source_link": "https://www.mecum.com/lots/245295/1955-chevrolet-bel-air/?aa_id=164524-0",
    "lot_code": "Lot S125",
    "vehicle_chassis_no": "VC55S016871"
  },
  {
    "lot_source_link": "https://www.mecum.com/lots/245296/1940-ford-pickup/?aa_id=164526-0",
    "lot_code": "Lot S126",
    "vehicle_chassis_no": "185264816"
  },
  {
    "lot_source_link": "https://www.mecum.com/lots/245297/1997-porsche-911-carrera/?aa_id=164528-0",
    "lot_code": "Lot S127",
    "vehicle_chassis_no": "WP0AA2994VS320951"
  },
  {
    "lot_source_link": "https://www.mecum.com/lots/256736/1932-ford-hi-boy-roadster/?aa_id=175954-0",
    "lot_code": "Lot S127.1",
    "vehicle_chassis_no": "ID012834"
  },
  {
    "lot_source_link": "https://www.mecum.com/lots/245298/1932-ford-roadster-pickup-street-rod/?aa_id=164530-0",
    "lot_code": "Lot S128",
    "vehicle_chassis_no": "DP2MN804660"
  },
  {
    "lot_source_link": "https://www.mecum.com/lots/245299/2002-chevrolet-corvette-nomad-conversion/?aa_id=164532-0",
    "lot_code": "Lot S129",
    "vehicle_chassis_no": "1G1YY22G525107903"
  },
  {
    "lot_source_link": "https://www.mecum.com/lots/245300/1955-ford-thunderbird/?aa_id=164534-0",
    "lot_code": "Lot S130",
    "vehicle_chassis_no": "P5FH239940"
  },
  {
    "lot_source_link": "https://www.mecum.com/lots/256811/1964-pontiac-gto/?aa_id=176064-0",
    "lot_code": "Lot S130.1",
    "vehicle_chassis_no": "824F14935"
  },
  {
    "lot_source_link": "https://www.mecum.com/lots/245301/1966-chevrolet-corvette-coupe/?aa_id=164536-0",
    "lot_code": "Lot S131",
    "vehicle_chassis_no": "194376S124595"
  },
  {
    "lot_source_link": "https://www.mecum.com/lots/245302/1959-oldsmobile-98-convertible/?aa_id=164538-0",
    "lot_code": "Lot S132",
    "vehicle_chassis_no": "599C07024"
  },
  {
    "lot_source_link": "https://www.mecum.com/lots/253835/1957-chevrolet-150-sedan/?aa_id=172988-0",
    "lot_code": "Lot S133",
    "vehicle_chassis_no": "A57A205791"
  },
  {
    "lot_source_link": "https://www.mecum.com/lots/245366/1962-chevrolet-corvette-convertible/?aa_id=164642-0",
    "lot_code": "Lot S133.1",
    "vehicle_chassis_no": "20867S104298"
  },
  {
    "lot_source_link": "https://www.mecum.com/lots/245304/1947-ford-woody-wagon/?aa_id=164540-0",
    "lot_code": "Lot S134",
    "vehicle_chassis_no": "799A1657450"
  },
  {
    "lot_source_link": "https://www.mecum.com/lots/245305/1932-ford-hi-boy-roadster/?aa_id=164542-0",
    "lot_code": "Lot S135",
    "vehicle_chassis_no": "18130906"
  },
  {
    "lot_source_link": "https://www.mecum.com/lots/256769/1934-ford-cabriolet-street-rod/?aa_id=176006-0",
    "lot_code": "Lot S135.1",
    "vehicle_chassis_no": "2658303"
  },
  {
    "lot_source_link": "https://www.mecum.com/lots/245306/2015-dodge-challenger-srt-hellcat/?aa_id=164544-0",
    "lot_code": "Lot S136",
    "vehicle_chassis_no": "2C3CDZC99FH834258"
  },
  {
    "lot_source_link": "https://www.mecum.com/lots/253971/1969-ford-mustang-mach-1-fastback/?aa_id=173154-0",
    "lot_code": "Lot S136.1",
    "vehicle_chassis_no": "9R02R154589"
  },
  {
    "lot_source_link": "https://www.mecum.com/lots/245307/1965-chevrolet-el-camino/?aa_id=164546-0",
    "lot_code": "Lot S137",
    "vehicle_chassis_no": "136805Z156393"
  },
  {
    "lot_source_link": "https://www.mecum.com/lots/245308/1969-jaguar-e-type-roadster/?aa_id=164548-0",
    "lot_code": "Lot S138",
    "vehicle_chassis_no": "1R7673"
  },
  {
    "lot_source_link": "https://www.mecum.com/lots/256852/1970-chevrolet-chevelle-ss/?aa_id=176122-0",
    "lot_code": "Lot S138.1",
    "vehicle_chassis_no": "136370L165708"
  },
  {
    "lot_source_link": "https://www.mecum.com/lots/253700/1968-pontiac-gto-resto-mod/?aa_id=172810-0",
    "lot_code": "Lot S139",
    "vehicle_chassis_no": "242378B102511"
  },
  {
    "lot_source_link": "https://www.mecum.com/lots/256919/1989-bentley-turbo-r/?aa_id=176206-0",
    "lot_code": "Lot S140",
    "vehicle_chassis_no": "SCBZR03B8KCX27191"
  },
  {
    "lot_source_link": "https://www.mecum.com/lots/245311/1960-chevrolet-impala/?aa_id=164550-0",
    "lot_code": "Lot S141",
    "vehicle_chassis_no": "01837L207111"
  },
  {
    "lot_source_link": "https://www.mecum.com/lots/245312/1941-cadillac-series-61/?aa_id=164552-0",
    "lot_code": "Lot S142",
    "vehicle_chassis_no": "5354616"
  },
  {
    "lot_source_link": "https://www.mecum.com/lots/245371/1937-ford-minotti-3-window-coupe/?aa_id=164652-0",
    "lot_code": "Lot S142.1",
    "vehicle_chassis_no": "183565997"
  },
  {
    "lot_source_link": "https://www.mecum.com/lots/245313/2014-dodge-charger/?aa_id=164554-0",
    "lot_code": "Lot S143",
    "vehicle_chassis_no": "2C3CDXEJ4EH117308"
  },
  {
    "lot_source_link": "https://www.mecum.com/lots/256853/1969-chevrolet-camaro-ss/?aa_id=176124-0",
    "lot_code": "Lot S143.1",
    "vehicle_chassis_no": "124379N640439"
  },
  {
    "lot_source_link": "https://www.mecum.com/lots/256915/1941-chevrolet-coupe/?aa_id=176202-0",
    "lot_code": "Lot S144",
    "vehicle_chassis_no": "WA98234127"
  },
  {
    "lot_source_link": "https://www.mecum.com/lots/245315/1969-cadillac-eldorado/?aa_id=164556-0",
    "lot_code": "Lot S145",
    "vehicle_chassis_no": "H9159393"
  },
  {
    "lot_source_link": "https://www.mecum.com/lots/245316/1937-chevrolet-street-rod/?aa_id=164558-0",
    "lot_code": "Lot S146",
    "vehicle_chassis_no": "OR08587"
  },
  {
    "lot_source_link": "https://www.mecum.com/lots/256927/1970-ford-mustang-boss-302-fastback/?aa_id=176214-0",
    "lot_code": "Lot S146.1",
    "vehicle_chassis_no": "0F02G133964"
  },
  {
    "lot_source_link": "https://www.mecum.com/lots/245317/1932-ford-3-window-coupe/?aa_id=164560-0",
    "lot_code": "Lot S147",
    "vehicle_chassis_no": "18110923"
  },
  {
    "lot_source_link": "https://www.mecum.com/lots/245318/1930-ford-model-a-resto-mod/?aa_id=164562-0",
    "lot_code": "Lot S148",
    "vehicle_chassis_no": "A3328568"
  },
  {
    "lot_source_link": "https://www.mecum.com/lots/245319/1962-austin-healey-3000-mkii-bn7-roadster/?aa_id=164564-0",
    "lot_code": "Lot S149",
    "vehicle_chassis_no": "62HBN7L14103"
  },
  {
    "lot_source_link": "https://www.mecum.com/lots/245320/1970-chevrolet-yenko-deuce/?aa_id=164566-0",
    "lot_code": "Lot S150",
    "vehicle_chassis_no": "114270W352754"
  },
  {
    "lot_source_link": "https://www.mecum.com/lots/256979/1970-dodge-challenger-t-a/?aa_id=176282-0",
    "lot_code": "Lot S150.1",
    "vehicle_chassis_no": "JH23J0B296433"
  },
  {
    "lot_source_link": "https://www.mecum.com/lots/258940/1961-ford-thunderbird-convertible/?aa_id=178531-0",
    "lot_code": "Lot S151.1",
    "vehicle_chassis_no": "1Y73Z153860"
  },
  {
    "lot_source_link": "https://www.mecum.com/lots/245322/1964-chrysler-300k-convertible/?aa_id=164568-0",
    "lot_code": "Lot S152",
    "vehicle_chassis_no": "8443142500"
  },
  {
    "lot_source_link": "https://www.mecum.com/lots/245323/1970-dodge-challenger-t-a/?aa_id=164570-0",
    "lot_code": "Lot S153",
    "vehicle_chassis_no": "JH23J0B279467"
  },
  {
    "lot_source_link": "https://www.mecum.com/lots/245376/1953-chevrolet-3100-pickup/?aa_id=164660-0",
    "lot_code": "Lot S153.1",
    "vehicle_chassis_no": "H53N012307"
  },
  {
    "lot_source_link": "https://www.mecum.com/lots/253878/1950-chevrolet-custom/?aa_id=173036-0",
    "lot_code": "Lot S154",
    "vehicle_chassis_no": "HAA689334"
  },
  {
    "lot_source_link": "https://www.mecum.com/lots/245325/1986-pontiac-fiero-gt/?aa_id=164572-0",
    "lot_code": "Lot S155",
    "vehicle_chassis_no": "1G2PG1199JP220165"
  },
  {
    "lot_source_link": "https://www.mecum.com/lots/245326/1967-chevrolet-chevelle-ss/?aa_id=164574-0",
    "lot_code": "Lot S156",
    "vehicle_chassis_no": "138177K194870"
  },
  {
    "lot_source_link": "https://www.mecum.com/lots/245381/1964-chevrolet-corvette-convertible/?aa_id=164666-0",
    "lot_code": "Lot S156.1",
    "vehicle_chassis_no": "40867S121019"
  },
  {
    "lot_source_link": "https://www.mecum.com/lots/245327/1968-ford-mustang-convertible/?aa_id=164576-0",
    "lot_code": "Lot S157",
    "vehicle_chassis_no": "8R03T145432"
  },
  {
    "lot_source_link": "https://www.mecum.com/lots/245328/1955-ford-thunderbird/?aa_id=164578-0",
    "lot_code": "Lot S158",
    "vehicle_chassis_no": "P5FH135048"
  },
  {
    "lot_source_link": "https://www.mecum.com/lots/245329/1959-chevrolet-pickup/?aa_id=164580-0",
    "lot_code": "Lot S159",
    "vehicle_chassis_no": "CA955555"
  },
  {
    "lot_source_link": "https://www.mecum.com/lots/245330/2004-hummer-h2/?aa_id=164582-0",
    "lot_code": "Lot S160",
    "vehicle_chassis_no": "5GRGN23U34H103185"
  },
  {
    "lot_source_link": "https://www.mecum.com/lots/245331/1965-chevrolet-corvette-convertible/?aa_id=164584-0",
    "lot_code": "Lot S161",
    "vehicle_chassis_no": "194675S109625"
  },
  {
    "lot_source_link": "https://www.mecum.com/lots/245332/1963-chrysler-300-pacesetter-convertible/?aa_id=164586-0",
    "lot_code": "Lot S162",
    "vehicle_chassis_no": "8033187480"
  },
  {
    "lot_source_link": "https://www.mecum.com/lots/245333/1986-mercedes-benz-560sl-convertible/?aa_id=164588-0",
    "lot_code": "Lot S163",
    "vehicle_chassis_no": "WDBB48D0GA048783"
  },
  {
    "lot_source_link": "https://www.mecum.com/lots/245388/1955-chevrolet-bel-air/?aa_id=164668-0",
    "lot_code": "Lot S163.1",
    "vehicle_chassis_no": "C55L021948"
  },
  {
    "lot_source_link": "https://www.mecum.com/lots/245334/1964-chevrolet-corvette-resto-mod/?aa_id=164590-0",
    "lot_code": "Lot S164",
    "vehicle_chassis_no": "40867S101921"
  },
  {
    "lot_source_link": "https://www.mecum.com/lots/245335/2006-bmw-650/?aa_id=164592-0",
    "lot_code": "Lot S165",
    "vehicle_chassis_no": "WBAEK13456CN76305"
  },
  {
    "lot_source_link": "https://www.mecum.com/lots/256839/1974-detomaso-pantera/?aa_id=176106-0",
    "lot_code": "Lot S165.1",
    "vehicle_chassis_no": "THPNPU07350"
  },
  {
    "lot_source_link": "https://www.mecum.com/lots/245336/1969-chevrolet-camaro/?aa_id=164594-0",
    "lot_code": "Lot S166",
    "vehicle_chassis_no": "124379L511422"
  },
  {
    "lot_source_link": "https://www.mecum.com/lots/PJ16-245337/1964-ford-fairlane/?aa_id=164596-0",
    "lot_code": "Lot S167",
    "vehicle_chassis_no": "4R43F160342"
  },
  {
    "lot_source_link": "https://www.mecum.com/lots/245338/1959-pontiac-catalina-convertible/?aa_id=164598-0",
    "lot_code": "Lot S168",
    "vehicle_chassis_no": "159C3736"
  },
  {
    "lot_source_link": "https://www.mecum.com/lots/256813/1967-porsche-912-coupe/?aa_id=176066-0",
    "lot_code": "Lot S168.1",
    "vehicle_chassis_no": "463042"
  },
  {
    "lot_source_link": "https://www.mecum.com/lots/256814/1966-chevrolet-chevelle-ss/?aa_id=176068-0",
    "lot_code": "Lot S170",
    "vehicle_chassis_no": "138176Z157476"
  },
  {
    "lot_source_link": "https://www.mecum.com/lots/245395/1937-chevrolet-3-window-coupe/?aa_id=164672-0",
    "lot_code": "Lot S170.1",
    "vehicle_chassis_no": "6GA1211616"
  },
  {
    "lot_source_link": "https://www.mecum.com/lots/245341/1955-mercury-montclair/?aa_id=164600-0",
    "lot_code": "Lot S171",
    "vehicle_chassis_no": "55WA30229M"
  },
  {
    "lot_source_link": "https://www.mecum.com/lots/245342/1984-volkswagen-westfalia-vanagon/?aa_id=164602-0",
    "lot_code": "Lot S172",
    "vehicle_chassis_no": "WV2ZB0258EH113246"
  },
  {
    "lot_source_link": "https://www.mecum.com/lots/245343/2008-ford-shelby-gt500kr/?aa_id=164604-0",
    "lot_code": "Lot S173",
    "vehicle_chassis_no": "1ZVHT88S485195739"
  },
  {
    "lot_source_link": "https://www.mecum.com/lots/245344/1976-porsche-911s/?aa_id=164606-0",
    "lot_code": "Lot S174",
    "vehicle_chassis_no": "9116201700"
  },
  {
    "lot_source_link": "https://www.mecum.com/lots/245400/1969-chevrolet-camaro-z28/?aa_id=164674-0",
    "lot_code": "Lot S174.1",
    "vehicle_chassis_no": "124379N657401"
  },
  {
    "lot_source_link": "https://www.mecum.com/lots/245345/2007-mercedes-benz-cl550/?aa_id=164608-0",
    "lot_code": "Lot S175",
    "vehicle_chassis_no": "WDDEJ71X27A001510"
  },
  {
    "lot_source_link": "https://www.mecum.com/lots/258941/1955-studebaker-e7-pickup/?aa_id=178533-0",
    "lot_code": "Lot S176.1",
    "vehicle_chassis_no": "E72066"
  },
  {
    "lot_source_link": "https://www.mecum.com/lots/245347/1967-chevrolet-camaro-ss/?aa_id=164610-0",
    "lot_code": "Lot S177",
    "vehicle_chassis_no": "124377N213279"
  },
  {
    "lot_source_link": "https://www.mecum.com/lots/PJ16-245348/2005-dodge-ram/?aa_id=164612-0",
    "lot_code": "Lot S178",
    "vehicle_chassis_no": "3D7HA16H05G740112"
  },
  {
    "lot_source_link": "https://www.mecum.com/lots/245349/2004-chrysler-sebring-limited-convertible/?aa_id=164614-0",
    "lot_code": "Lot S179",
    "vehicle_chassis_no": "1C3EL65R54N339972"
  },
  {
    "lot_source_link": "https://www.mecum.com/lots/245350/1955-chevrolet-210-wagon/?aa_id=164616-0",
    "lot_code": "Lot S180",
    "vehicle_chassis_no": "B55A033946"
  },
  {
    "lot_source_link": "https://www.mecum.com/lots/244986/1962-chrysler-newport/?aa_id=164140-0",
    "lot_code": "Lot S180.1",
    "vehicle_chassis_no": "8123207153"
  },
  {
    "lot_source_link": "https://www.mecum.com/lots/245353/1966-chevrolet-corvette-coupe/?aa_id=164620-0",
    "lot_code": "Lot S183",
    "vehicle_chassis_no": "194376S114986"
  },
  {
    "lot_source_link": "https://www.mecum.com/lots/PJ16-245354/2005-ford-mustang-gt/?aa_id=164622-0",
    "lot_code": "Lot S184",
    "vehicle_chassis_no": "1ZVFT82H755132084"
  },
  {
    "lot_source_link": "https://www.mecum.com/lots/245355/1970-ford-mustang-boss-302-fastback/?aa_id=164624-0",
    "lot_code": "Lot S185",
    "vehicle_chassis_no": "0T02G158794"
  },
  {
    "lot_source_link": "https://www.mecum.com/lots/245356/1967-pontiac-gto/?aa_id=164626-0",
    "lot_code": "Lot S186",
    "vehicle_chassis_no": "242177B118655"
  },
  {
    "lot_source_link": "https://www.mecum.com/lots/245359/1967-chevrolet-chevelle-resto-mod/?aa_id=164630-0",
    "lot_code": "Lot S189",
    "vehicle_chassis_no": "136177Z121590"
  },
  {
    "lot_source_link": "https://www.mecum.com/lots/245360/1981-chevrolet-corvette-coupe/?aa_id=164632-0",
    "lot_code": "Lot S190",
    "vehicle_chassis_no": "1G1AY876XBS419768"
  },
  {
    "lot_source_link": "https://www.mecum.com/lots/245362/1934-desoto-airflow-street-rod/?aa_id=164636-0",
    "lot_code": "Lot S192",
    "vehicle_chassis_no": "0R5069343"
  },
  {
    "lot_source_link": "https://www.mecum.com/lots/245363/1970-plymouth-cuda/?aa_id=164638-0",
    "lot_code": "Lot S193",
    "vehicle_chassis_no": "BS23V0B178891"
  },
  {
    "lot_source_link": "https://www.mecum.com/lots/245364/1969-dodge-dart/?aa_id=164640-0",
    "lot_code": "Lot S194",
    "vehicle_chassis_no": "LH23F9E148310"
  },
  {
    "lot_source_link": "https://www.mecum.com/lots/245367/1967-chevrolet-camaro-convertible/?aa_id=164644-0",
    "lot_code": "Lot S197",
    "vehicle_chassis_no": "124677L149881"
  },
  {
    "lot_source_link": "https://www.mecum.com/lots/245368/1978-mercedes-benz-450sel/?aa_id=164646-0",
    "lot_code": "Lot S198",
    "vehicle_chassis_no": "11603312077029"
  },
  {
    "lot_source_link": "https://www.mecum.com/lots/245369/2004-chevrolet-corvette-race-car/?aa_id=164648-0",
    "lot_code": "Lot S199",
    "vehicle_chassis_no": "BILL OF SALE"
  },
  {
    "lot_source_link": "https://www.mecum.com/lots/245370/1967-chevrolet-camaro-rs-ss/?aa_id=164650-0",
    "lot_code": "Lot S200",
    "vehicle_chassis_no": "124377L118363"
  },
  {
    "lot_source_link": "https://www.mecum.com/lots/258912/1969-toyota-land-cruiser/?aa_id=178505-0",
    "lot_code": "Lot S202",
    "vehicle_chassis_no": "FJ5512525"
  },
  {
    "lot_source_link": "https://www.mecum.com/lots/245373/1964-chevrolet-chevelle-wagon/?aa_id=164654-0",
    "lot_code": "Lot S203",
    "vehicle_chassis_no": "45315L119933"
  },
  {
    "lot_source_link": "https://www.mecum.com/lots/245375/2011-lotus-evora/?aa_id=164658-0",
    "lot_code": "Lot S205",
    "vehicle_chassis_no": "SCCLMDTU3BHA10292"
  },
  {
    "lot_source_link": "https://www.mecum.com/lots/245377/2011-subaru-wrx/?aa_id=164662-0",
    "lot_code": "Lot S207",
    "vehicle_chassis_no": "JF1GV7F68BG517292"
  },
  {
    "lot_source_link": "https://www.mecum.com/lots/245378/1949-ford-deluxe/?aa_id=164664-0",
    "lot_code": "Lot S208",
    "vehicle_chassis_no": "98BA702471"
  },
  {
    "lot_source_link": "https://www.mecum.com/lots/245389/1996-ford-mustang-svt-cobra/?aa_id=164670-0",
    "lot_code": "Lot S219",
    "vehicle_chassis_no": "1FALP47V8TF175427"
  },
  {
    "lot_source_link": "https://www.mecum.com/lots/245441/2002-subaru-wrx/?aa_id=164676-0",
    "lot_code": "Lot S271",
    "vehicle_chassis_no": "JF1GD29622G514194"
  },
  {
    "lot_source_link": "https://www.mecum.com/lots/245443/1970-lincoln-continental-coupe/?aa_id=164678-0",
    "lot_code": "Lot S273",
    "vehicle_chassis_no": "0Y89A858271"
  },
  {
    "lot_source_link": "https://www.mecum.com/lots/245445/1965-ford-falcon/?aa_id=164680-0",
    "lot_code": "Lot S275",
    "vehicle_chassis_no": "5H021U285516"
  },
  {
    "lot_source_link": "https://www.mecum.com/lots/245447/2009-chevrolet-corvette-convertible/?aa_id=164682-0",
    "lot_code": "Lot S277",
    "vehicle_chassis_no": "1G1YY36W995200070"
  },
  {
    "lot_source_link": "https://www.mecum.com/lots/PJ16-245449/2010-chevrolet-camaro-ss-coupe/?aa_id=164684-0",
    "lot_code": "Lot S279",
    "vehicle_chassis_no": "2G1FJ1EJ0A9154111"
  },
  {
    "lot_source_link": "https://www.mecum.com/lots/245451/2004-chevrolet-corvette-convertible/?aa_id=164686-0",
    "lot_code": "Lot S281",
    "vehicle_chassis_no": "1G1YY32G645114934"
  },
  {
    "lot_source_link": "https://www.mecum.com/lots/245452/1956-chevrolet-210-pro-street/?aa_id=164688-0",
    "lot_code": "Lot S282",
    "vehicle_chassis_no": "VB56A043282"
  }
]