[
  {
    "lot_source_link": "https://www.mecum.com/lots/376859/1989-chevrolet-corvette-coupe/?aa_id=245521-0",
    "lot_code": "Lot F1",
    "vehicle_chassis_no": "1G1YY218XK5103470"
  },
  {
    "lot_source_link": "https://www.mecum.com/lots/376860/1978-cadillac-eldorado-biarritz/?aa_id=245523-0",
    "lot_code": "Lot F2",
    "vehicle_chassis_no": "6L47S8Q243894"
  },
  {
    "lot_source_link": "https://www.mecum.com/lots/376861/1955-plymouth-belvedere/?aa_id=245524-0",
    "lot_code": "Lot F3",
    "vehicle_chassis_no": "14023410"
  },
  {
    "lot_source_link": "https://www.mecum.com/lots/376862/2003-mercury-marauder/?aa_id=245525-0",
    "lot_code": "Lot F4",
    "vehicle_chassis_no": "2MEHM75V53X668885"
  },
  {
    "lot_source_link": "https://www.mecum.com/lots/387008/1978-datsun-280z-convertible/?aa_id=251635-0",
    "lot_code": "Lot F5.1",
    "vehicle_chassis_no": "HLS30438343"
  },
  {
    "lot_source_link": "https://www.mecum.com/lots/376864/1982-chevrolet-corvette-collector-edition/?aa_id=245526-0",
    "lot_code": "Lot F6",
    "vehicle_chassis_no": "1G1AY0787C5116238"
  },
  {
    "lot_source_link": "https://www.mecum.com/lots/376867/1975-chevrolet-monte-carlo/?aa_id=245528-0",
    "lot_code": "Lot F9",
    "vehicle_chassis_no": "1H57H5Z466059"
  },
  {
    "lot_source_link": "https://www.mecum.com/lots/386778/1985-porsche-944/?aa_id=251610-0",
    "lot_code": "Lot F10.1",
    "vehicle_chassis_no": "WP0AA0940FN450573"
  },
  {
    "lot_source_link": "https://www.mecum.com/lots/PJ19-376871/2014-chevrolet-silverado-pickup/?aa_id=245530-0",
    "lot_code": "Lot F13",
    "vehicle_chassis_no": "1GCNKPECXEZ291525"
  },
  {
    "lot_source_link": "https://www.mecum.com/lots/376873/2000-dodge-dakota-r-t-pickup/?aa_id=245531-0",
    "lot_code": "Lot F15",
    "vehicle_chassis_no": "1B7GL22Z7YS656743"
  },
  {
    "lot_source_link": "https://www.mecum.com/lots/376874/2000-cadillac-eldorado-etc/?aa_id=245532-0",
    "lot_code": "Lot F16",
    "vehicle_chassis_no": "1G6ET1290YB701171"
  },
  {
    "lot_source_link": "https://www.mecum.com/lots/376875/1971-datsun-240z/?aa_id=245533-0",
    "lot_code": "Lot F17",
    "vehicle_chassis_no": "HLS3024426"
  },
  {
    "lot_source_link": "https://www.mecum.com/lots/376877/1992-mercedes-benz-300sl/?aa_id=245535-0",
    "lot_code": "Lot F19",
    "vehicle_chassis_no": "WDBFA61E0NF046628"
  },
  {
    "lot_source_link": "https://www.mecum.com/lots/376878/1999-cadillac-eldorado/?aa_id=245536-0",
    "lot_code": "Lot F20",
    "vehicle_chassis_no": "1G6ET1295XU611503"
  },
  {
    "lot_source_link": "https://www.mecum.com/lots/376879/1979-chevrolet-camaro/?aa_id=245537-0",
    "lot_code": "Lot F21",
    "vehicle_chassis_no": "1S87G9L577755"
  },
  {
    "lot_source_link": "https://www.mecum.com/lots/376880/1971-datsun-240z/?aa_id=245538-0",
    "lot_code": "Lot F22",
    "vehicle_chassis_no": "HLS3040577"
  },
  {
    "lot_source_link": "https://www.mecum.com/lots/376881/1930-ford-model-a-5-window-coupe/?aa_id=245539-0",
    "lot_code": "Lot F23",
    "vehicle_chassis_no": "3790002"
  },
  {
    "lot_source_link": "https://www.mecum.com/lots/376882/1998-ford-35c-bus/?aa_id=245540-0",
    "lot_code": "Lot F24",
    "vehicle_chassis_no": "1FDSE30S8WHB34659"
  },
  {
    "lot_source_link": "https://www.mecum.com/lots/376883/1992-mazda-b2200-pickup/?aa_id=245541-0",
    "lot_code": "Lot F25",
    "vehicle_chassis_no": "JM2UF113XN0262609"
  },
  {
    "lot_source_link": "https://www.mecum.com/lots/376884/1926-ford-t-bucket/?aa_id=245542-0",
    "lot_code": "Lot F26",
    "vehicle_chassis_no": "OR95211"
  },
  {
    "lot_source_link": "https://www.mecum.com/lots/376885/1975-datsun-280z/?aa_id=245543-0",
    "lot_code": "Lot F27",
    "vehicle_chassis_no": "HLS30208613"
  },
  {
    "lot_source_link": "https://www.mecum.com/lots/376886/1950-studebaker-pickup/?aa_id=245544-0",
    "lot_code": "Lot F28",
    "vehicle_chassis_no": "1R66035"
  },
  {
    "lot_source_link": "https://www.mecum.com/lots/376887/1972-fiat-850-spider/?aa_id=245545-0",
    "lot_code": "Lot F29",
    "vehicle_chassis_no": "100GBS10115866"
  },
  {
    "lot_source_link": "https://www.mecum.com/lots/376888/1988-ford-f350-pickup/?aa_id=245546-0",
    "lot_code": "Lot F30",
    "vehicle_chassis_no": "2FTJW36G2JCB30851"
  },
  {
    "lot_source_link": "https://www.mecum.com/lots/376890/1996-jaguar-xj6/?aa_id=245547-0",
    "lot_code": "Lot F32",
    "vehicle_chassis_no": "SAJHX174XTC759708"
  },
  {
    "lot_source_link": "https://www.mecum.com/lots/376891/1975-pontiac-firebird-formula/?aa_id=245548-0",
    "lot_code": "Lot F33",
    "vehicle_chassis_no": "2U87E5N552467"
  },
  {
    "lot_source_link": "https://www.mecum.com/lots/376892/1968-mercury-cougar/?aa_id=245549-0",
    "lot_code": "Lot F34",
    "vehicle_chassis_no": "8F91C590964"
  },
  {
    "lot_source_link": "https://www.mecum.com/lots/376893/1967-ford-fairlane/?aa_id=245550-0",
    "lot_code": "Lot F35",
    "vehicle_chassis_no": "7A35H213848"
  },
  {
    "lot_source_link": "https://www.mecum.com/lots/376894/1974-triumph-tr6-convertible/?aa_id=245551-0",
    "lot_code": "Lot F36",
    "vehicle_chassis_no": "CF17955U0"
  },
  {
    "lot_source_link": "https://www.mecum.com/lots/376895/2008-mercedes-benz-sl550-convertible/?aa_id=245552-0",
    "lot_code": "Lot F37",
    "vehicle_chassis_no": "WDBSK71FX8F140708"
  },
  {
    "lot_source_link": "https://www.mecum.com/lots/387003/2007-mercedes-benz-slk350-convertible/?aa_id=251630-0",
    "lot_code": "Lot F39.1",
    "vehicle_chassis_no": "WDBWK56F77F139898"
  },
  {
    "lot_source_link": "https://www.mecum.com/lots/376898/2003-mercedes-benz-clk320/?aa_id=245554-0",
    "lot_code": "Lot F40",
    "vehicle_chassis_no": "WDBTJ65J93F009150"
  },
  {
    "lot_source_link": "https://www.mecum.com/lots/384207/1927-ford-t-bucket/?aa_id=250076-0",
    "lot_code": "Lot F41",
    "vehicle_chassis_no": "WA92159984"
  },
  {
    "lot_source_link": "https://www.mecum.com/lots/376900/1988-chevrolet-suburban-1500/?aa_id=245555-0",
    "lot_code": "Lot F42",
    "vehicle_chassis_no": "1GNEV16K9JFJ72328"
  },
  {
    "lot_source_link": "https://www.mecum.com/lots/376901/1960-ford-thunderbird/?aa_id=245556-0",
    "lot_code": "Lot F43",
    "vehicle_chassis_no": "0Y71Y188951"
  },
  {
    "lot_source_link": "https://www.mecum.com/lots/385820/1965-chevrolet-c20-pickup/?aa_id=251059-0",
    "lot_code": "Lot F44",
    "vehicle_chassis_no": "C2535Z146108"
  },
  {
    "lot_source_link": "https://www.mecum.com/lots/376903/1966-ford-mustang/?aa_id=245557-0",
    "lot_code": "Lot F45",
    "vehicle_chassis_no": "6R07C118059"
  },
  {
    "lot_source_link": "https://www.mecum.com/lots/376904/1928-ford-model-a-phaeton/?aa_id=245558-0",
    "lot_code": "Lot F46",
    "vehicle_chassis_no": "DRF94849"
  },
  {
    "lot_source_link": "https://www.mecum.com/lots/387011/1987-chevrolet-k20-silverado-pickup/?aa_id=251637-0",
    "lot_code": "Lot F46.1",
    "vehicle_chassis_no": "1GCGV24K4HJ158239"
  },
  {
    "lot_source_link": "https://www.mecum.com/lots/376905/2007-saab-9-3-aero/?aa_id=245559-0",
    "lot_code": "Lot F47",
    "vehicle_chassis_no": "YS3FH41U771130933"
  },
  {
    "lot_source_link": "https://www.mecum.com/lots/376906/1935-plymouth-street-rod/?aa_id=245560-0",
    "lot_code": "Lot F48",
    "vehicle_chassis_no": "CA590998"
  },
  {
    "lot_source_link": "https://www.mecum.com/lots/376907/1978-mg-b-roadster/?aa_id=245561-0",
    "lot_code": "Lot F49",
    "vehicle_chassis_no": "GHN5UJ447863G"
  },
  {
    "lot_source_link": "https://www.mecum.com/lots/376908/1950-studebaker-commander-resto-mod/?aa_id=245562-0",
    "lot_code": "Lot F50",
    "vehicle_chassis_no": "4842694"
  },
  {
    "lot_source_link": "https://www.mecum.com/lots/376909/1964-plymouth-barracuda/?aa_id=245563-0",
    "lot_code": "Lot F51",
    "vehicle_chassis_no": "V447198838"
  },
  {
    "lot_source_link": "https://www.mecum.com/lots/376910/1963-dodge-dart-gt-convertible/?aa_id=245564-0",
    "lot_code": "Lot F52",
    "vehicle_chassis_no": "7432539271"
  },
  {
    "lot_source_link": "https://www.mecum.com/lots/376911/1964-studebaker-avanti-r1/?aa_id=245565-0",
    "lot_code": "Lot F53",
    "vehicle_chassis_no": "R5063B"
  },
  {
    "lot_source_link": "https://www.mecum.com/lots/376912/1965-ford-thunderbird/?aa_id=245566-0",
    "lot_code": "Lot F54",
    "vehicle_chassis_no": "5Y83Z136635"
  },
  {
    "lot_source_link": "https://www.mecum.com/lots/376913/2002-bmw-525i-touring-wagon/?aa_id=245567-0",
    "lot_code": "Lot F55",
    "vehicle_chassis_no": "WBADS33412GD50310"
  },
  {
    "lot_source_link": "https://www.mecum.com/lots/376914/1971-chevrolet-el-camino/?aa_id=245568-0",
    "lot_code": "Lot F56",
    "vehicle_chassis_no": "134801L145771"
  },
  {
    "lot_source_link": "https://www.mecum.com/lots/376915/1993-gmc-typhoon/?aa_id=245569-0",
    "lot_code": "Lot F57",
    "vehicle_chassis_no": "1GDCT18Z7P0810969"
  },
  {
    "lot_source_link": "https://www.mecum.com/lots/376916/1965-plymouth-fury-iii/?aa_id=245570-0",
    "lot_code": "Lot F58",
    "vehicle_chassis_no": "P452103054"
  },
  {
    "lot_source_link": "https://www.mecum.com/lots/376917/1965-pontiac-catalina-22-hardtop/?aa_id=245571-0",
    "lot_code": "Lot F59",
    "vehicle_chassis_no": "252375C127099"
  },
  {
    "lot_source_link": "https://www.mecum.com/lots/376918/1968-oldsmobile-442/?aa_id=245572-0",
    "lot_code": "Lot F60",
    "vehicle_chassis_no": "344878M218897"
  },
  {
    "lot_source_link": "https://www.mecum.com/lots/376919/2008-mercedes-benz-sl550-convertible/?aa_id=245573-0",
    "lot_code": "Lot F61",
    "vehicle_chassis_no": "WDBSK71F48F136234"
  },
  {
    "lot_source_link": "https://www.mecum.com/lots/376920/1962-ford-thunderbird/?aa_id=245574-0",
    "lot_code": "Lot F62",
    "vehicle_chassis_no": "2Y83Z113059"
  },
  {
    "lot_source_link": "https://www.mecum.com/lots/376921/1976-ford-custom-hauler/?aa_id=245575-0",
    "lot_code": "Lot F63",
    "vehicle_chassis_no": "F37YCA83424"
  },
  {
    "lot_source_link": "https://www.mecum.com/lots/376922/1964-chevrolet-malibu-ss/?aa_id=245576-0",
    "lot_code": "Lot F64",
    "vehicle_chassis_no": "45837H105595"
  },
  {
    "lot_source_link": "https://www.mecum.com/lots/376923/1979-mercedes-benz-450sl-roadster/?aa_id=245577-0",
    "lot_code": "Lot F65",
    "vehicle_chassis_no": "10704412049414"
  },
  {
    "lot_source_link": "https://www.mecum.com/lots/386773/1994-mazda-miata-convertible/?aa_id=251607-0",
    "lot_code": "Lot F66.1",
    "vehicle_chassis_no": "JM1NA3538R0509418"
  },
  {
    "lot_source_link": "https://www.mecum.com/lots/376925/1971-gmc-pickup/?aa_id=245578-0",
    "lot_code": "Lot F67",
    "vehicle_chassis_no": "OR113621"
  },
  {
    "lot_source_link": "https://www.mecum.com/lots/376926/1948-ford-f1-pickup/?aa_id=245579-0",
    "lot_code": "Lot F68",
    "vehicle_chassis_no": "97HC275962"
  },
  {
    "lot_source_link": "https://www.mecum.com/lots/376927/1971-ford-mustang-mach-1-fastback/?aa_id=245580-0",
    "lot_code": "Lot F69",
    "vehicle_chassis_no": "1F05M110728"
  },
  {
    "lot_source_link": "https://www.mecum.com/lots/376928/2011-bmw-328i/?aa_id=245581-0",
    "lot_code": "Lot F70",
    "vehicle_chassis_no": "WBAPH5G52BNM72841"
  },
  {
    "lot_source_link": "https://www.mecum.com/lots/386685/1995-chevrolet-corvette-convertible/?aa_id=251528-0",
    "lot_code": "Lot F70.1",
    "vehicle_chassis_no": "1G1YY32P5S5113996"
  },
  {
    "lot_source_link": "https://www.mecum.com/lots/376942/1972-chevrolet-corvette-coupe/?aa_id=245594-0",
    "lot_code": "Lot F71",
    "vehicle_chassis_no": "1Z37K2S526737"
  },
  {
    "lot_source_link": "https://www.mecum.com/lots/376930/1953-chevrolet-3100-pickup/?aa_id=245583-0",
    "lot_code": "Lot F72",
    "vehicle_chassis_no": "J53001124"
  },
  {
    "lot_source_link": "https://www.mecum.com/lots/376931/1968-chevrolet-corvette-coupe/?aa_id=245584-0",
    "lot_code": "Lot F73",
    "vehicle_chassis_no": "194378S420016"
  },
  {
    "lot_source_link": "https://www.mecum.com/lots/376932/1964-triumph-tr4-roadster/?aa_id=245585-0",
    "lot_code": "Lot F74",
    "vehicle_chassis_no": "CT31092L0"
  },
  {
    "lot_source_link": "https://www.mecum.com/lots/376933/1986-pontiac-fiero-gt/?aa_id=245586-0",
    "lot_code": "Lot F75",
    "vehicle_chassis_no": "1G2PG9794GP274391"
  },
  {
    "lot_source_link": "https://www.mecum.com/lots/384213/1969-chevrolet-camaro-convertible/?aa_id=250079-0",
    "lot_code": "Lot F76",
    "vehicle_chassis_no": "124679L524118"
  },
  {
    "lot_source_link": "https://www.mecum.com/lots/376936/1955-chevrolet-3100-5-window-pickup/?aa_id=245588-0",
    "lot_code": "Lot F78",
    "vehicle_chassis_no": "H550005738"
  },
  {
    "lot_source_link": "https://www.mecum.com/lots/376937/1968-ford-mustang-convertible/?aa_id=245589-0",
    "lot_code": "Lot F79",
    "vehicle_chassis_no": "8T03T190345"
  },
  {
    "lot_source_link": "https://www.mecum.com/lots/376938/1991-jeep-wrangler/?aa_id=245590-0",
    "lot_code": "Lot F80",
    "vehicle_chassis_no": "2J4FY69S4MJ152619"
  },
  {
    "lot_source_link": "https://www.mecum.com/lots/376939/2005-ford-mustang-gt/?aa_id=245591-0",
    "lot_code": "Lot F81",
    "vehicle_chassis_no": "1ZVFT82H655205848"
  },
  {
    "lot_source_link": "https://www.mecum.com/lots/376940/1968-chevrolet-chevelle-ss/?aa_id=245592-0",
    "lot_code": "Lot F82",
    "vehicle_chassis_no": "138378K169204"
  },
  {
    "lot_source_link": "https://www.mecum.com/lots/376941/1956-ford-country-squire/?aa_id=245593-0",
    "lot_code": "Lot F83",
    "vehicle_chassis_no": "100E244405"
  },
  {
    "lot_source_link": "https://www.mecum.com/lots/376971/1972-chevrolet-k20-pickup/?aa_id=245617-0",
    "lot_code": "Lot F84",
    "vehicle_chassis_no": "CKE242Z177341"
  },
  {
    "lot_source_link": "https://www.mecum.com/lots/376943/1967-toyota-fj-40-land-cruiser/?aa_id=245595-0",
    "lot_code": "Lot F85",
    "vehicle_chassis_no": "FJ4046081"
  },
  {
    "lot_source_link": "https://www.mecum.com/lots/376944/1957-cmc-cabriolet/?aa_id=245596-0",
    "lot_code": "Lot F86",
    "vehicle_chassis_no": "S1506"
  },
  {
    "lot_source_link": "https://www.mecum.com/lots/376945/1985-chevrolet-k5-blazer/?aa_id=245597-0",
    "lot_code": "Lot F87",
    "vehicle_chassis_no": "1G8EK18H4FF143694"
  },
  {
    "lot_source_link": "https://www.mecum.com/lots/376946/2012-fisker-karma-ecosport/?aa_id=245598-0",
    "lot_code": "Lot F88",
    "vehicle_chassis_no": "YH4K14AA0CA001173"
  },
  {
    "lot_source_link": "https://www.mecum.com/lots/376947/1968-pontiac-lemans-convertible/?aa_id=245599-0",
    "lot_code": "Lot F89",
    "vehicle_chassis_no": "237678Z108495"
  },
  {
    "lot_source_link": "https://www.mecum.com/lots/376948/1996-pontiac-nascar/?aa_id=245600-0",
    "lot_code": "Lot F90",
    "vehicle_chassis_no": "SOLD ON BILL OF SALE"
  },
  {
    "lot_source_link": "https://www.mecum.com/lots/386064/2007-volkswagen-eos-convertible/?aa_id=251269-0",
    "lot_code": "Lot F90.1",
    "vehicle_chassis_no": "WVWFA71F77V052144"
  },
  {
    "lot_source_link": "https://www.mecum.com/lots/376950/1976-porsche-912-e/?aa_id=245601-0",
    "lot_code": "Lot F92",
    "vehicle_chassis_no": "9126001821"
  },
  {
    "lot_source_link": "https://www.mecum.com/lots/376951/1976-jeep-cj-5/?aa_id=245602-0",
    "lot_code": "Lot F93",
    "vehicle_chassis_no": "J6F83AH086007"
  },
  {
    "lot_source_link": "https://www.mecum.com/lots/387034/1969-lotus-europa-s2-federal-coupe/?aa_id=251656-0",
    "lot_code": "Lot F94.1",
    "vehicle_chassis_no": "652241"
  },
  {
    "lot_source_link": "https://www.mecum.com/lots/376953/2013-ford-mustang-boss-302/?aa_id=245603-0",
    "lot_code": "Lot F95",
    "vehicle_chassis_no": "1ZVBP8CU6D5224400"
  },
  {
    "lot_source_link": "https://www.mecum.com/lots/376954/1963-chevrolet-nova-ss/?aa_id=245604-0",
    "lot_code": "Lot F96",
    "vehicle_chassis_no": "304370111049"
  },
  {
    "lot_source_link": "https://www.mecum.com/lots/376955/1966-pontiac-tempest-convertible/?aa_id=245605-0",
    "lot_code": "Lot F97",
    "vehicle_chassis_no": "235676K132334"
  },
  {
    "lot_source_link": "https://www.mecum.com/lots/387035/2000-ford-f150-svt-lightning-pickup/?aa_id=251657-0",
    "lot_code": "Lot F98.1",
    "vehicle_chassis_no": "2FTZF0736YCA94203"
  },
  {
    "lot_source_link": "https://www.mecum.com/lots/386065/1941-ford-super-deluxe/?aa_id=251270-0",
    "lot_code": "Lot F99.1",
    "vehicle_chassis_no": "186135084"
  },
  {
    "lot_source_link": "https://www.mecum.com/lots/376958/1966-ford-mustang-coupe/?aa_id=245606-0",
    "lot_code": "Lot F100",
    "vehicle_chassis_no": "6R07C173382"
  },
  {
    "lot_source_link": "https://www.mecum.com/lots/376959/1926-ford-roadster/?aa_id=245607-0",
    "lot_code": "Lot F101",
    "vehicle_chassis_no": "CA962193"
  },
  {
    "lot_source_link": "https://www.mecum.com/lots/376961/1963-ford-galaxie-500/?aa_id=245608-0",
    "lot_code": "Lot F103",
    "vehicle_chassis_no": "3D66Z154057"
  },
  {
    "lot_source_link": "https://www.mecum.com/lots/384214/1966-chevrolet-corvette-convertible/?aa_id=250080-0",
    "lot_code": "Lot F104",
    "vehicle_chassis_no": "194676S123690"
  },
  {
    "lot_source_link": "https://www.mecum.com/lots/376963/1966-chevrolet-corvette-convertible/?aa_id=245609-0",
    "lot_code": "Lot F105",
    "vehicle_chassis_no": "194676S101252"
  },
  {
    "lot_source_link": "https://www.mecum.com/lots/386066/2006-land-rover-range-rover/?aa_id=251271-0",
    "lot_code": "Lot F105.1",
    "vehicle_chassis_no": "SALMF13416A218030"
  },
  {
    "lot_source_link": "https://www.mecum.com/lots/376964/1972-chevrolet-corvette-coupe/?aa_id=245610-0",
    "lot_code": "Lot F106",
    "vehicle_chassis_no": "1Z37K2S517829"
  },
  {
    "lot_source_link": "https://www.mecum.com/lots/376965/1938-chevrolet-cabriolet-street-rod/?aa_id=245611-0",
    "lot_code": "Lot F107",
    "vehicle_chassis_no": "OR1473743"
  },
  {
    "lot_source_link": "https://www.mecum.com/lots/376966/2004-mercedes-benz-sl600-renntech/?aa_id=245612-0",
    "lot_code": "Lot F108",
    "vehicle_chassis_no": "WDBSK76F24F079051"
  },
  {
    "lot_source_link": "https://www.mecum.com/lots/376967/1988-land-rover-defender/?aa_id=245613-0",
    "lot_code": "Lot F109",
    "vehicle_chassis_no": "SALLDHHB7EA335160"
  },
  {
    "lot_source_link": "https://www.mecum.com/lots/376968/1990-chevrolet-1500/?aa_id=245614-0",
    "lot_code": "Lot F110",
    "vehicle_chassis_no": "1GCDK14K0LZ159534"
  },
  {
    "lot_source_link": "https://www.mecum.com/lots/376969/2007-ford-mustang-convertible/?aa_id=245615-0",
    "lot_code": "Lot F111",
    "vehicle_chassis_no": "1ZVHT85H775334740"
  },
  {
    "lot_source_link": "https://www.mecum.com/lots/376970/1969-chevrolet-pickup/?aa_id=245616-0",
    "lot_code": "Lot F112",
    "vehicle_chassis_no": "CE249Z825209"
  },
  {
    "lot_source_link": "https://www.mecum.com/lots/376929/1991-chevrolet-k5-blazer/?aa_id=245582-0",
    "lot_code": "Lot F113",
    "vehicle_chassis_no": "1GNEV18K7MF139300"
  },
  {
    "lot_source_link": "https://www.mecum.com/lots/376973/1956-chevrolet-210-hardtop/?aa_id=245618-0",
    "lot_code": "Lot F115",
    "vehicle_chassis_no": "B56F117316"
  },
  {
    "lot_source_link": "https://www.mecum.com/lots/376974/1984-porsche-911-cabriolet/?aa_id=245619-0",
    "lot_code": "Lot F116",
    "vehicle_chassis_no": "WP0EB0910ES170088"
  },
  {
    "lot_source_link": "https://www.mecum.com/lots/376975/1969-chevrolet-c10-pickup/?aa_id=245620-0",
    "lot_code": "Lot F117",
    "vehicle_chassis_no": "CE149Z840268"
  },
  {
    "lot_source_link": "https://www.mecum.com/lots/376976/1967-plymouth-barracuda-convertible/?aa_id=245621-0",
    "lot_code": "Lot F118",
    "vehicle_chassis_no": "BH27D72307912"
  },
  {
    "lot_source_link": "https://www.mecum.com/lots/376977/1984-jeep-cj-8-scrambler/?aa_id=245622-0",
    "lot_code": "Lot F119",
    "vehicle_chassis_no": "1JCCM88E7ET064119"
  },
  {
    "lot_source_link": "https://www.mecum.com/lots/376978/1967-plymouth-barracuda-formula-s/?aa_id=245623-0",
    "lot_code": "Lot F120",
    "vehicle_chassis_no": "BH29E72238024"
  },
  {
    "lot_source_link": "https://www.mecum.com/lots/386067/1985-dodge-ramcharger-royal-se/?aa_id=251272-0",
    "lot_code": "Lot F120.1",
    "vehicle_chassis_no": "1B4GW12W7FS594049"
  },
  {
    "lot_source_link": "https://www.mecum.com/lots/376979/1971-chevrolet-corvette-lt1-coupe/?aa_id=245624-0",
    "lot_code": "Lot F121",
    "vehicle_chassis_no": "1943Y1S115372"
  },
  {
    "lot_source_link": "https://www.mecum.com/lots/376980/1973-chevrolet-el-camino-ss/?aa_id=245625-0",
    "lot_code": "Lot F122",
    "vehicle_chassis_no": "1D80K3Z447778"
  },
  {
    "lot_source_link": "https://www.mecum.com/lots/376981/1966-chevrolet-el-camino/?aa_id=245626-0",
    "lot_code": "Lot F123",
    "vehicle_chassis_no": "136806Z146298"
  },
  {
    "lot_source_link": "https://www.mecum.com/lots/376982/1977-chevrolet-c10-pickup/?aa_id=245627-0",
    "lot_code": "Lot F124",
    "vehicle_chassis_no": "CCL447Z111016"
  },
  {
    "lot_source_link": "https://www.mecum.com/lots/376983/1937-ford-coupe-street-rod/?aa_id=245628-0",
    "lot_code": "Lot F125",
    "vehicle_chassis_no": "183565997"
  },
  {
    "lot_source_link": "https://www.mecum.com/lots/376984/1997-chevrolet-camaro-z28/?aa_id=245629-0",
    "lot_code": "Lot F126",
    "vehicle_chassis_no": "2G1FP22P3V2108221"
  },
  {
    "lot_source_link": "https://www.mecum.com/lots/376985/1997-ford-mustang-gt/?aa_id=245630-0",
    "lot_code": "Lot F127",
    "vehicle_chassis_no": "1FALP42X7VF168142"
  },
  {
    "lot_source_link": "https://www.mecum.com/lots/376986/1971-dodge-challenger/?aa_id=245631-0",
    "lot_code": "Lot F128",
    "vehicle_chassis_no": "JH23G1B315449"
  },
  {
    "lot_source_link": "https://www.mecum.com/lots/386077/1955-chevrolet-210-handyman/?aa_id=251280-0",
    "lot_code": "Lot F129.1",
    "vehicle_chassis_no": null
  },
  {
    "lot_source_link": "https://www.mecum.com/lots/376988/1935-ford-street-rod/?aa_id=245632-0",
    "lot_code": "Lot F130",
    "vehicle_chassis_no": "2164231"
  },
  {
    "lot_source_link": "https://www.mecum.com/lots/376989/1970-pontiac-firebird-formula/?aa_id=245633-0",
    "lot_code": "Lot F131",
    "vehicle_chassis_no": "223870L600140"
  },
  {
    "lot_source_link": "https://www.mecum.com/lots/376990/1994-chevrolet-corvette-convertible/?aa_id=245634-0",
    "lot_code": "Lot F132",
    "vehicle_chassis_no": "1G1YY32P2R5114596"
  },
  {
    "lot_source_link": "https://www.mecum.com/lots/386782/1976-cadillac-castilian-fleetwood-estate-wagon/?aa_id=251612-0",
    "lot_code": "Lot F133.1",
    "vehicle_chassis_no": "6B69S6Q220456"
  },
  {
    "lot_source_link": "https://www.mecum.com/lots/376992/1970-chevrolet-1500-pickup/?aa_id=245635-0",
    "lot_code": "Lot F134",
    "vehicle_chassis_no": "KE140J142534"
  },
  {
    "lot_source_link": "https://www.mecum.com/lots/376993/1999-mercedes-benz-sl500-convertible/?aa_id=245636-0",
    "lot_code": "Lot F135",
    "vehicle_chassis_no": "WDBFA68F0XF175566"
  },
  {
    "lot_source_link": "https://www.mecum.com/lots/386068/2008-bmw-x6/?aa_id=251273-0",
    "lot_code": "Lot F135.1",
    "vehicle_chassis_no": "5UXFG43528L221838"
  },
  {
    "lot_source_link": "https://www.mecum.com/lots/376994/1970-chevrolet-chevelle/?aa_id=245637-0",
    "lot_code": "Lot F136",
    "vehicle_chassis_no": "136370R257215"
  },
  {
    "lot_source_link": "https://www.mecum.com/lots/376995/1940-ford-coupe-street-rod/?aa_id=245638-0",
    "lot_code": "Lot F137",
    "vehicle_chassis_no": "185385827"
  },
  {
    "lot_source_link": "https://www.mecum.com/lots/386783/1971-ford-mustang-mach-1-fastback/?aa_id=251613-0",
    "lot_code": "Lot F138.1",
    "vehicle_chassis_no": "1F05M132685"
  },
  {
    "lot_source_link": "https://www.mecum.com/lots/376997/2004-dodge-ram-srt-10-pickup/?aa_id=245639-0",
    "lot_code": "Lot F139",
    "vehicle_chassis_no": "3D3HA16H84G176256"
  },
  {
    "lot_source_link": "https://www.mecum.com/lots/376998/1970-dodge-challenger/?aa_id=245640-0",
    "lot_code": "Lot F140",
    "vehicle_chassis_no": "JH23G0E116508"
  },
  {
    "lot_source_link": "https://www.mecum.com/lots/376999/1980-pontiac-trans-am-se/?aa_id=245641-0",
    "lot_code": "Lot F141",
    "vehicle_chassis_no": "2W87WAL148762"
  },
  {
    "lot_source_link": "https://www.mecum.com/lots/385814/1994-ford-bronco/?aa_id=251055-0",
    "lot_code": "Lot F142",
    "vehicle_chassis_no": "1FMEU15H8RLB06122"
  },
  {
    "lot_source_link": "https://www.mecum.com/lots/385833/1971-chevrolet-c10-pickup/?aa_id=251067-0",
    "lot_code": "Lot F143.1",
    "vehicle_chassis_no": "CE141Z664965"
  },
  {
    "lot_source_link": "https://www.mecum.com/lots/377002/1991-porsche-911-carrera-2-cabriolet/?aa_id=245642-0",
    "lot_code": "Lot F144",
    "vehicle_chassis_no": "WP0CB2967MS460793"
  },
  {
    "lot_source_link": "https://www.mecum.com/lots/377003/1971-gmc-pickup/?aa_id=245643-0",
    "lot_code": "Lot F145",
    "vehicle_chassis_no": "KE234S128403"
  },
  {
    "lot_source_link": "https://www.mecum.com/lots/377004/1995-porsche-911/?aa_id=245644-0",
    "lot_code": "Lot F146",
    "vehicle_chassis_no": "WP0AA299XSS320318"
  },
  {
    "lot_source_link": "https://www.mecum.com/lots/377005/1987-mercedes-benz-560sl-convertible/?aa_id=245645-0",
    "lot_code": "Lot F147",
    "vehicle_chassis_no": "WDBBA48D3HA063389"
  },
  {
    "lot_source_link": "https://www.mecum.com/lots/377006/1982-ford-bronco-xlt-lariat/?aa_id=245646-0",
    "lot_code": "Lot F148",
    "vehicle_chassis_no": "1FMEU15G4CLA33202"
  },
  {
    "lot_source_link": "https://www.mecum.com/lots/377007/1953-lincoln-capri-convertible/?aa_id=245647-0",
    "lot_code": "Lot F149",
    "vehicle_chassis_no": "A98908592"
  },
  {
    "lot_source_link": "https://www.mecum.com/lots/377008/1989-porsche-911-carrera/?aa_id=245648-0",
    "lot_code": "Lot F150",
    "vehicle_chassis_no": "WP0AB0968KS450556"
  },
  {
    "lot_source_link": "https://www.mecum.com/lots/377009/1965-ford-ranchero/?aa_id=245649-0",
    "lot_code": "Lot F151",
    "vehicle_chassis_no": "5H27T271355"
  },
  {
    "lot_source_link": "https://www.mecum.com/lots/377011/1973-chevrolet-corvette-coupe/?aa_id=245650-0",
    "lot_code": "Lot F153",
    "vehicle_chassis_no": "1Z37Z3S402555"
  },
  {
    "lot_source_link": "https://www.mecum.com/lots/377012/1957-chevrolet-pickup/?aa_id=245651-0",
    "lot_code": "Lot F154",
    "vehicle_chassis_no": "3A570117826"
  },
  {
    "lot_source_link": "https://www.mecum.com/lots/377014/2006-dodge-ram-srt-10-pickup/?aa_id=245652-0",
    "lot_code": "Lot F156",
    "vehicle_chassis_no": "3D7HA16H46G272192"
  },
  {
    "lot_source_link": "https://www.mecum.com/lots/377015/1970-chevrolet-el-camino/?aa_id=245653-0",
    "lot_code": "Lot F157",
    "vehicle_chassis_no": "134800L194418"
  },
  {
    "lot_source_link": "https://www.mecum.com/lots/377016/1958-chevrolet-bel-air/?aa_id=245654-0",
    "lot_code": "Lot F158",
    "vehicle_chassis_no": "F580102272"
  },
  {
    "lot_source_link": "https://www.mecum.com/lots/377017/1980-international-scout-ii/?aa_id=245655-0",
    "lot_code": "Lot F159",
    "vehicle_chassis_no": "K0063KGD23006"
  },
  {
    "lot_source_link": "https://www.mecum.com/lots/377018/1962-triumph-tr3-a-roadster/?aa_id=245656-0",
    "lot_code": "Lot F160",
    "vehicle_chassis_no": "TS68109L"
  },
  {
    "lot_source_link": "https://www.mecum.com/lots/377019/2007-mercedes-benz-s65-amg/?aa_id=245657-0",
    "lot_code": "Lot F161",
    "vehicle_chassis_no": "WDDNG79X27A101710"
  },
  {
    "lot_source_link": "https://www.mecum.com/lots/377020/1962-oldsmobile-starfire-convertible/?aa_id=245658-0",
    "lot_code": "Lot F162",
    "vehicle_chassis_no": "626C06219"
  },
  {
    "lot_source_link": "https://www.mecum.com/lots/377021/1967-ford-mustang/?aa_id=245659-0",
    "lot_code": "Lot F163",
    "vehicle_chassis_no": "7T01C109252"
  },
  {
    "lot_source_link": "https://www.mecum.com/lots/377022/1934-chevrolet-street-rod/?aa_id=245660-0",
    "lot_code": "Lot F164",
    "vehicle_chassis_no": "6DA0520343"
  },
  {
    "lot_source_link": "https://www.mecum.com/lots/377023/1965-chevrolet-corvair-corsa/?aa_id=245661-0",
    "lot_code": "Lot F165",
    "vehicle_chassis_no": "107375W116457"
  },
  {
    "lot_source_link": "https://www.mecum.com/lots/377024/1969-chevrolet-camaro/?aa_id=245662-0",
    "lot_code": "Lot F166",
    "vehicle_chassis_no": "124379N562644"
  },
  {
    "lot_source_link": "https://www.mecum.com/lots/386784/1954-buick-century/?aa_id=251614-0",
    "lot_code": "Lot F167.1",
    "vehicle_chassis_no": "6A1159003"
  },
  {
    "lot_source_link": "https://www.mecum.com/lots/377026/1965-oldsmobile-starfire-98-convertible/?aa_id=245663-0",
    "lot_code": "Lot F168",
    "vehicle_chassis_no": "384675M244828"
  },
  {
    "lot_source_link": "https://www.mecum.com/lots/377027/1968-chevrolet-camaro/?aa_id=245664-0",
    "lot_code": "Lot F169",
    "vehicle_chassis_no": "124378N329626"
  },
  {
    "lot_source_link": "https://www.mecum.com/lots/377028/1969-mg-midget-convertible/?aa_id=245665-0",
    "lot_code": "Lot F170",
    "vehicle_chassis_no": "GAN4U72136G"
  },
  {
    "lot_source_link": "https://www.mecum.com/lots/377029/1956-chevrolet-210/?aa_id=245666-0",
    "lot_code": "Lot F171",
    "vehicle_chassis_no": "VB560001174"
  },
  {
    "lot_source_link": "https://www.mecum.com/lots/377030/1970-ford-mustang-mach-1-fastback/?aa_id=245667-0",
    "lot_code": "Lot F172",
    "vehicle_chassis_no": "0F05M183313"
  },
  {
    "lot_source_link": "https://www.mecum.com/lots/377031/1970-ford-torino-fastback/?aa_id=245668-0",
    "lot_code": "Lot F173",
    "vehicle_chassis_no": "0A34F279406"
  },
  {
    "lot_source_link": "https://www.mecum.com/lots/377032/1962-pontiac-grand-prix/?aa_id=245669-0",
    "lot_code": "Lot F174",
    "vehicle_chassis_no": "962S4448"
  },
  {
    "lot_source_link": "https://www.mecum.com/lots/377033/1981-datsun-280zx-turbo/?aa_id=245670-0",
    "lot_code": "Lot F175",
    "vehicle_chassis_no": "JN1CZ04S3BX602113"
  },
  {
    "lot_source_link": "https://www.mecum.com/lots/386990/1937-ford-hot-rod-pickup/?aa_id=251623-0",
    "lot_code": "Lot F176.1",
    "vehicle_chassis_no": "184091383"
  },
  {
    "lot_source_link": "https://www.mecum.com/lots/377035/1969-pontiac-lemans-convertible/?aa_id=245671-0",
    "lot_code": "Lot F177",
    "vehicle_chassis_no": "237679Z114737"
  },
  {
    "lot_source_link": "https://www.mecum.com/lots/377036/1957-chevrolet-210/?aa_id=245672-0",
    "lot_code": "Lot F178",
    "vehicle_chassis_no": "VB57L129494"
  },
  {
    "lot_source_link": "https://www.mecum.com/lots/377037/1983-bentley-mulsanne-turbo/?aa_id=245673-0",
    "lot_code": "Lot F179",
    "vehicle_chassis_no": "SABTVR03718350032"
  },
  {
    "lot_source_link": "https://www.mecum.com/lots/377038/1956-chevrolet-3100-panel-wagon/?aa_id=245674-0",
    "lot_code": "Lot F180",
    "vehicle_chassis_no": "3A56L017969"
  },
  {
    "lot_source_link": "https://www.mecum.com/lots/377039/1978-chevrolet-corvette-silver-anniversary/?aa_id=245675-0",
    "lot_code": "Lot F181",
    "vehicle_chassis_no": "1Z87L8S433123"
  },
  {
    "lot_source_link": "https://www.mecum.com/lots/377040/1973-plymouth-satellite/?aa_id=245676-0",
    "lot_code": "Lot F182",
    "vehicle_chassis_no": "RP23P3G191519"
  },
  {
    "lot_source_link": "https://www.mecum.com/lots/377041/1971-chevrolet-pickup/?aa_id=245677-0",
    "lot_code": "Lot F183",
    "vehicle_chassis_no": "CE241S661037"
  },
  {
    "lot_source_link": "https://www.mecum.com/lots/377042/1949-nuffield-oxford-london-taxi/?aa_id=245678-0",
    "lot_code": "Lot F184",
    "vehicle_chassis_no": "TXA1635"
  },
  {
    "lot_source_link": "https://www.mecum.com/lots/387049/2011-dodge-challenger/?aa_id=251668-0",
    "lot_code": "Lot F185.1",
    "vehicle_chassis_no": "2B3CJ4DG8BH561376"
  },
  {
    "lot_source_link": "https://www.mecum.com/lots/377044/1990-porsche-944-convertible/?aa_id=245679-0",
    "lot_code": "Lot F186",
    "vehicle_chassis_no": "WP0CB2940LN480881"
  },
  {
    "lot_source_link": "https://www.mecum.com/lots/377045/1992-land-rover-range-rover/?aa_id=245680-0",
    "lot_code": "Lot F187",
    "vehicle_chassis_no": "SALLHABN8JA622944"
  },
  {
    "lot_source_link": "https://www.mecum.com/lots/377046/1958-morris-minor-1-4-ton-pickup/?aa_id=245681-0",
    "lot_code": "Lot F188",
    "vehicle_chassis_no": "0FB477608"
  },
  {
    "lot_source_link": "https://www.mecum.com/lots/377047/1970-chevrolet-c10/?aa_id=245682-0",
    "lot_code": "Lot F189",
    "vehicle_chassis_no": "CE140Z106197"
  },
  {
    "lot_source_link": "https://www.mecum.com/lots/377048/2008-mercedes-benz-cl63-amg/?aa_id=245683-0",
    "lot_code": "Lot F190",
    "vehicle_chassis_no": "WDDEJ77X88A007580"
  },
  {
    "lot_source_link": "https://www.mecum.com/lots/377049/1957-chevrolet-bel-air/?aa_id=245684-0",
    "lot_code": "Lot F191",
    "vehicle_chassis_no": "VC570154247"
  },
  {
    "lot_source_link": "https://www.mecum.com/lots/377050/1951-nash-rambler-convertible/?aa_id=245685-0",
    "lot_code": "Lot F192",
    "vehicle_chassis_no": "F17327"
  },
  {
    "lot_source_link": "https://www.mecum.com/lots/377051/1957-nash-metropolitan/?aa_id=245686-0",
    "lot_code": "Lot F193",
    "vehicle_chassis_no": "E31688"
  },
  {
    "lot_source_link": "https://www.mecum.com/lots/377052/1966-ford-mustang/?aa_id=245687-0",
    "lot_code": "Lot F194",
    "vehicle_chassis_no": "6F07T359444"
  },
  {
    "lot_source_link": "https://www.mecum.com/lots/377053/2006-jeep-wrangler-unlimited/?aa_id=245688-0",
    "lot_code": "Lot F195",
    "vehicle_chassis_no": "1J4FA44S96P731871"
  },
  {
    "lot_source_link": "https://www.mecum.com/lots/377054/1978-volkswagen-beetle-convertible/?aa_id=245689-0",
    "lot_code": "Lot F196",
    "vehicle_chassis_no": "1582043802"
  },
  {
    "lot_source_link": "https://www.mecum.com/lots/377055/1972-oldsmobile-cutlass-supreme/?aa_id=245690-0",
    "lot_code": "Lot F197",
    "vehicle_chassis_no": "3J57M2Z105815"
  },
  {
    "lot_source_link": "https://www.mecum.com/lots/377056/1956-ford-parklane-wagon/?aa_id=245691-0",
    "lot_code": "Lot F198",
    "vehicle_chassis_no": "M6LR117758"
  },
  {
    "lot_source_link": "https://www.mecum.com/lots/377057/1966-chevrolet-nova-ss/?aa_id=245692-0",
    "lot_code": "Lot F199",
    "vehicle_chassis_no": "118376N112867"
  },
  {
    "lot_source_link": "https://www.mecum.com/lots/386780/1932-ford-hi-boy/?aa_id=251611-0",
    "lot_code": "Lot F200.1",
    "vehicle_chassis_no": "1851815"
  },
  {
    "lot_source_link": "https://www.mecum.com/lots/377059/1966-chevrolet-nova-ss/?aa_id=245693-0",
    "lot_code": "Lot F201",
    "vehicle_chassis_no": "117376W110499"
  },
  {
    "lot_source_link": "https://www.mecum.com/lots/377060/1951-oldsmobile-super-88/?aa_id=245694-0",
    "lot_code": "Lot F202",
    "vehicle_chassis_no": "518M22558"
  },
  {
    "lot_source_link": "https://www.mecum.com/lots/377061/2010-jeep-grand-cherokee-srt-8/?aa_id=245695-0",
    "lot_code": "Lot F203",
    "vehicle_chassis_no": "1J4RR7GW9AC161490"
  },
  {
    "lot_source_link": "https://www.mecum.com/lots/377062/1996-chevrolet-corvette-coupe/?aa_id=245696-0",
    "lot_code": "Lot F204",
    "vehicle_chassis_no": "1G1YY22P2T5116317"
  },
  {
    "lot_source_link": "https://www.mecum.com/lots/377064/1966-chevrolet-c10-pickup/?aa_id=245697-0",
    "lot_code": "Lot F206",
    "vehicle_chassis_no": "C1446Z102578"
  },
  {
    "lot_source_link": "https://www.mecum.com/lots/PJ19-377065/1971-ford-mustang-boss-351-fastback/?aa_id=245698-0",
    "lot_code": "Lot F207",
    "vehicle_chassis_no": "1F02R183353"
  },
  {
    "lot_source_link": "https://www.mecum.com/lots/377066/1981-chevrolet-camaro/?aa_id=245699-0",
    "lot_code": "Lot F208",
    "vehicle_chassis_no": "1G1AP87K8BL153385"
  },
  {
    "lot_source_link": "https://www.mecum.com/lots/377067/1974-volkswagen-thing/?aa_id=245700-0",
    "lot_code": "Lot F209",
    "vehicle_chassis_no": "AZ269185"
  },
  {
    "lot_source_link": "https://www.mecum.com/lots/377069/1971-buick-gsx/?aa_id=245701-0",
    "lot_code": "Lot F211",
    "vehicle_chassis_no": "434371H145966"
  },
  {
    "lot_source_link": "https://www.mecum.com/lots/377070/1965-ford-mustang-convertible/?aa_id=245702-0",
    "lot_code": "Lot F212",
    "vehicle_chassis_no": "5R08A214366"
  },
  {
    "lot_source_link": "https://www.mecum.com/lots/377071/1962-dodge-dart/?aa_id=245703-0",
    "lot_code": "Lot F213",
    "vehicle_chassis_no": "5222117567"
  },
  {
    "lot_source_link": "https://www.mecum.com/lots/377072/1958-simca-aronde-1315-pickup/?aa_id=245704-0",
    "lot_code": "Lot F214",
    "vehicle_chassis_no": "1315214"
  },
  {
    "lot_source_link": "https://www.mecum.com/lots/377073/1957-chevrolet-3100-pickup/?aa_id=245705-0",
    "lot_code": "Lot F215",
    "vehicle_chassis_no": "3A570116085"
  },
  {
    "lot_source_link": "https://www.mecum.com/lots/377074/1978-chevrolet-silverado-pickup/?aa_id=245706-0",
    "lot_code": "Lot F216",
    "vehicle_chassis_no": "CKL148Z121735"
  },
  {
    "lot_source_link": "https://www.mecum.com/lots/377075/1987-pontiac-fiero-se/?aa_id=245707-0",
    "lot_code": "Lot F217",
    "vehicle_chassis_no": "1G2PF1199HP202536"
  },
  {
    "lot_source_link": "https://www.mecum.com/lots/377076/2009-mercedes-benz-clk550-convertible/?aa_id=245708-0",
    "lot_code": "Lot F218",
    "vehicle_chassis_no": "WDBTK72F69T105864"
  },
  {
    "lot_source_link": "https://www.mecum.com/lots/377077/1948-ford-panel-street-rod/?aa_id=245709-0",
    "lot_code": "Lot F219",
    "vehicle_chassis_no": "WA98211542"
  },
  {
    "lot_source_link": "https://www.mecum.com/lots/377078/2003-chevrolet-monte-carlo-ss/?aa_id=245710-0",
    "lot_code": "Lot F220",
    "vehicle_chassis_no": "2G1WX12K339180507"
  },
  {
    "lot_source_link": "https://www.mecum.com/lots/377079/1967-chevrolet-c10/?aa_id=245711-0",
    "lot_code": "Lot F221",
    "vehicle_chassis_no": "CS147S145040"
  },
  {
    "lot_source_link": "https://www.mecum.com/lots/377080/1999-cadillac-deville/?aa_id=245712-0",
    "lot_code": "Lot F222",
    "vehicle_chassis_no": "1G6KE54Y0XU760975"
  },
  {
    "lot_source_link": "https://www.mecum.com/lots/377082/2002-pontiac-firebird/?aa_id=245713-0",
    "lot_code": "Lot F224",
    "vehicle_chassis_no": "2G2FS22K222162152"
  },
  {
    "lot_source_link": "https://www.mecum.com/lots/377083/2001-ford-f150-pickup/?aa_id=245714-0",
    "lot_code": "Lot F225",
    "vehicle_chassis_no": "2FTRX17L61CA26895"
  },
  {
    "lot_source_link": "https://www.mecum.com/lots/377109/1964-chevrolet-corvair-van/?aa_id=245716-0",
    "lot_code": "Lot F251",
    "vehicle_chassis_no": "4R125S107025"
  },
  {
    "lot_source_link": "https://www.mecum.com/lots/377110/1956-mercury-monterey-hardtop/?aa_id=245717-0",
    "lot_code": "Lot F252",
    "vehicle_chassis_no": "56LA34679M"
  },
  {
    "lot_source_link": "https://www.mecum.com/lots/377112/1963-gmc-custom-cab-pickup/?aa_id=245718-0",
    "lot_code": "Lot F254",
    "vehicle_chassis_no": "1502PG6931B"
  },
  {
    "lot_source_link": "https://www.mecum.com/lots/377113/1932-ford-hi-boy-roadster/?aa_id=245719-0",
    "lot_code": "Lot F255",
    "vehicle_chassis_no": "B4091557"
  },
  {
    "lot_source_link": "https://www.mecum.com/lots/377114/2004-volkswagen-phaeton/?aa_id=245720-0",
    "lot_code": "Lot F256",
    "vehicle_chassis_no": "WVWAF63D048009535"
  },
  {
    "lot_source_link": "https://www.mecum.com/lots/387048/1969-cadillac-deville-convertible/?aa_id=251667-0",
    "lot_code": "Lot F257.1",
    "vehicle_chassis_no": "F9272377"
  },
  {
    "lot_source_link": "https://www.mecum.com/lots/377116/1982-cadillac-limousine/?aa_id=245721-0",
    "lot_code": "Lot F258",
    "vehicle_chassis_no": "1G6AD6982C9156192"
  },
  {
    "lot_source_link": "https://www.mecum.com/lots/377117/1971-chevrolet-el-camino-ss/?aa_id=245722-0",
    "lot_code": "Lot F259",
    "vehicle_chassis_no": "134801K229215"
  },
  {
    "lot_source_link": "https://www.mecum.com/lots/377118/1981-ford-f100-explorer-pickup/?aa_id=245723-0",
    "lot_code": "Lot F260",
    "vehicle_chassis_no": "1FTCF10EXBNA31923"
  },
  {
    "lot_source_link": "https://www.mecum.com/lots/377193/1999-mercedes-benz-clk320/?aa_id=245724-0",
    "lot_code": "Lot S5",
    "vehicle_chassis_no": "WDBLK65G2XT017695"
  },
  {
    "lot_source_link": "https://www.mecum.com/lots/377196/1939-ford-deluxe/?aa_id=245725-0",
    "lot_code": "Lot S8",
    "vehicle_chassis_no": "184762540"
  },
  {
    "lot_source_link": "https://www.mecum.com/lots/377197/2002-lexus-sc430-convertible/?aa_id=245726-0",
    "lot_code": "Lot S9",
    "vehicle_chassis_no": "JTHFN48Y920001128"
  },
  {
    "lot_source_link": "https://www.mecum.com/lots/377199/1965-buick-riviera/?aa_id=245727-0",
    "lot_code": "Lot S11",
    "vehicle_chassis_no": "494475H905229"
  },
  {
    "lot_source_link": "https://www.mecum.com/lots/387001/1982-jeep-wagoneer/?aa_id=251629-0",
    "lot_code": "Lot S12.1",
    "vehicle_chassis_no": "1JCNA15N1CT032468"
  },
  {
    "lot_source_link": "https://www.mecum.com/lots/377201/1965-ford-ranchero/?aa_id=245728-0",
    "lot_code": "Lot S13",
    "vehicle_chassis_no": "5H27C157384"
  },
  {
    "lot_source_link": "https://www.mecum.com/lots/377202/2011-chevrolet-1500-callaway-pickup/?aa_id=245729-0",
    "lot_code": "Lot S14",
    "vehicle_chassis_no": "1GCRCTE22BZ386106"
  },
  {
    "lot_source_link": "https://www.mecum.com/lots/377203/1978-jeep-cj-5/?aa_id=245730-0",
    "lot_code": "Lot S15",
    "vehicle_chassis_no": "J8F83EH090918"
  },
  {
    "lot_source_link": "https://www.mecum.com/lots/377204/1993-chevrolet-corvette-zr1-40th-anniversary/?aa_id=245731-0",
    "lot_code": "Lot S16",
    "vehicle_chassis_no": "1G1YZ23J2P5800054"
  },
  {
    "lot_source_link": "https://www.mecum.com/lots/377205/1993-toyota-sr5-pickup/?aa_id=245732-0",
    "lot_code": "Lot S17",
    "vehicle_chassis_no": "JT4VN13G8P5112452"
  },
  {
    "lot_source_link": "https://www.mecum.com/lots/377206/1983-chevrolet-silverado-pickup/?aa_id=245733-0",
    "lot_code": "Lot S18",
    "vehicle_chassis_no": "2GCEK14H7D1127263"
  },
  {
    "lot_source_link": "https://www.mecum.com/lots/377207/1970-chevrolet-nova-ss/?aa_id=245734-0",
    "lot_code": "Lot S19",
    "vehicle_chassis_no": "114270W141711"
  },
  {
    "lot_source_link": "https://www.mecum.com/lots/377208/1989-mercedes-benz-560sl-convertible/?aa_id=245735-0",
    "lot_code": "Lot S20",
    "vehicle_chassis_no": "WDBBA48D1KA099962"
  },
  {
    "lot_source_link": "https://www.mecum.com/lots/377211/1972-toyota-fj-40-land-cruiser/?aa_id=245736-0",
    "lot_code": "Lot S23",
    "vehicle_chassis_no": "FJ40129623"
  },
  {
    "lot_source_link": "https://www.mecum.com/lots/377212/1984-jeep-cj-7/?aa_id=245737-0",
    "lot_code": "Lot S24",
    "vehicle_chassis_no": "2BGK05303ET105942"
  },
  {
    "lot_source_link": "https://www.mecum.com/lots/377213/1941-lincoln-zephyr-convertible-coupe/?aa_id=245738-0",
    "lot_code": "Lot S25",
    "vehicle_chassis_no": "126208"
  },
  {
    "lot_source_link": "https://www.mecum.com/lots/377214/1946-chevrolet-pickup/?aa_id=245739-0",
    "lot_code": "Lot S26",
    "vehicle_chassis_no": "DBA569499"
  },
  {
    "lot_source_link": "https://www.mecum.com/lots/377215/1965-mercury-m100-pickup/?aa_id=245740-0",
    "lot_code": "Lot S27",
    "vehicle_chassis_no": "5811028L227144A"
  },
  {
    "lot_source_link": "https://www.mecum.com/lots/377216/2007-ford-shelby-gt/?aa_id=245741-0",
    "lot_code": "Lot S28",
    "vehicle_chassis_no": "1ZVHT82H775304710"
  },
  {
    "lot_source_link": "https://www.mecum.com/lots/377217/1967-shelby-cobra-replica/?aa_id=245742-0",
    "lot_code": "Lot S29",
    "vehicle_chassis_no": "SVMXX15519"
  },
  {
    "lot_source_link": "https://www.mecum.com/lots/377218/2013-chevrolet-corvette-coupe/?aa_id=245743-0",
    "lot_code": "Lot S30",
    "vehicle_chassis_no": "1G1YE2DW5D5109909"
  },
  {
    "lot_source_link": "https://www.mecum.com/lots/377219/1971-chevrolet-el-camino-ss/?aa_id=245744-0",
    "lot_code": "Lot S31",
    "vehicle_chassis_no": "136801L115403"
  },
  {
    "lot_source_link": "https://www.mecum.com/lots/385831/1967-ford-mustang-convertible/?aa_id=251066-0",
    "lot_code": "Lot S32",
    "vehicle_chassis_no": "7R03C153986"
  },
  {
    "lot_source_link": "https://www.mecum.com/lots/377221/2009-ford-shelby-gt500kr/?aa_id=245745-0",
    "lot_code": "Lot S33",
    "vehicle_chassis_no": "1ZVHT88S095137340"
  },
  {
    "lot_source_link": "https://www.mecum.com/lots/377222/1968-chevrolet-camaro/?aa_id=245746-0",
    "lot_code": "Lot S34",
    "vehicle_chassis_no": "123378L346788"
  },
  {
    "lot_source_link": "https://www.mecum.com/lots/377223/2012-chevrolet-avalanche/?aa_id=245747-0",
    "lot_code": "Lot S35",
    "vehicle_chassis_no": "3GNTKGE76CG269780"
  },
  {
    "lot_source_link": "https://www.mecum.com/lots/377224/1955-chevrolet-210-wagon/?aa_id=245748-0",
    "lot_code": "Lot S36",
    "vehicle_chassis_no": "VB55K089768"
  },
  {
    "lot_source_link": "https://www.mecum.com/lots/385824/2006-mercedes-benz-r500/?aa_id=251062-0",
    "lot_code": "Lot S37",
    "vehicle_chassis_no": "4JGCB75E36A001887"
  },
  {
    "lot_source_link": "https://www.mecum.com/lots/377226/2005-mini-cooper-s-convertible/?aa_id=245749-0",
    "lot_code": "Lot S38",
    "vehicle_chassis_no": "WMWRH33525TF84898"
  },
  {
    "lot_source_link": "https://www.mecum.com/lots/377227/1972-pontiac-lemans/?aa_id=245750-0",
    "lot_code": "Lot S39",
    "vehicle_chassis_no": "2D37R2P203939"
  },
  {
    "lot_source_link": "https://www.mecum.com/lots/377228/1982-chevrolet-s10-pickup/?aa_id=245751-0",
    "lot_code": "Lot S40",
    "vehicle_chassis_no": "1GCCS14B9C0107772"
  },
  {
    "lot_source_link": "https://www.mecum.com/lots/377229/1993-jaguar-xjs-convertible/?aa_id=245752-0",
    "lot_code": "Lot S41",
    "vehicle_chassis_no": "SAJNW4742PC187546"
  },
  {
    "lot_source_link": "https://www.mecum.com/lots/376896/2003-mercedes-benz-sl500-sport-convertible/?aa_id=245553-0",
    "lot_code": "Lot S41.1",
    "vehicle_chassis_no": "WDBSK75F23F041951"
  },
  {
    "lot_source_link": "https://www.mecum.com/lots/377230/1966-ford-galaxie/?aa_id=245753-0",
    "lot_code": "Lot S42",
    "vehicle_chassis_no": "6J65X184288"
  },
  {
    "lot_source_link": "https://www.mecum.com/lots/377232/1991-cadillac-brougham-hearse/?aa_id=245754-0",
    "lot_code": "Lot S44",
    "vehicle_chassis_no": "1G6DW5471MR717595"
  },
  {
    "lot_source_link": "https://www.mecum.com/lots/377233/1951-chevrolet-deluxe-wagon/?aa_id=245755-0",
    "lot_code": "Lot S45",
    "vehicle_chassis_no": "6JKK62088"
  },
  {
    "lot_source_link": "https://www.mecum.com/lots/386070/2008-bmw-135i-convertible/?aa_id=251274-0",
    "lot_code": "Lot S45.1",
    "vehicle_chassis_no": "WBAUN93508VF55382"
  },
  {
    "lot_source_link": "https://www.mecum.com/lots/377234/1968-ford-bronco/?aa_id=245756-0",
    "lot_code": "Lot S46",
    "vehicle_chassis_no": "U15NLC45365"
  },
  {
    "lot_source_link": "https://www.mecum.com/lots/377235/1955-pontiac-star-chief/?aa_id=245757-0",
    "lot_code": "Lot S47",
    "vehicle_chassis_no": "T855H8166"
  },
  {
    "lot_source_link": "https://www.mecum.com/lots/387037/1962-chevrolet-corvette-convertible/?aa_id=251658-0",
    "lot_code": "Lot S48.1",
    "vehicle_chassis_no": "20867S100855"
  },
  {
    "lot_source_link": "https://www.mecum.com/lots/377237/1966-ford-mustang-convertible/?aa_id=245758-0",
    "lot_code": "Lot S49",
    "vehicle_chassis_no": "6T08A133814"
  },
  {
    "lot_source_link": "https://www.mecum.com/lots/377238/1980-mercedes-benz-450sl/?aa_id=245759-0",
    "lot_code": "Lot S50",
    "vehicle_chassis_no": "10704412065254"
  },
  {
    "lot_source_link": "https://www.mecum.com/lots/377239/1963-international-scout/?aa_id=245760-0",
    "lot_code": "Lot S51",
    "vehicle_chassis_no": "FC82860A"
  },
  {
    "lot_source_link": "https://www.mecum.com/lots/377240/2008-chevrolet-corvette-convertible/?aa_id=245761-0",
    "lot_code": "Lot S52",
    "vehicle_chassis_no": "1G1YY36W085112958"
  },
  {
    "lot_source_link": "https://www.mecum.com/lots/377241/1959-chevrolet-apache-pickup/?aa_id=245762-0",
    "lot_code": "Lot S53",
    "vehicle_chassis_no": "3A590102121"
  },
  {
    "lot_source_link": "https://www.mecum.com/lots/377243/1959-ford-thunderbird/?aa_id=245763-0",
    "lot_code": "Lot S55",
    "vehicle_chassis_no": "H9YH110119"
  },
  {
    "lot_source_link": "https://www.mecum.com/lots/377244/1972-chevrolet-c10-pickup/?aa_id=245764-0",
    "lot_code": "Lot S56",
    "vehicle_chassis_no": "CCE1421151438"
  },
  {
    "lot_source_link": "https://www.mecum.com/lots/377245/1969-plymouth-barracuda-formula-s-convertible/?aa_id=245765-0",
    "lot_code": "Lot S57",
    "vehicle_chassis_no": "BH27P9B223525"
  },
  {
    "lot_source_link": "https://www.mecum.com/lots/384205/1932-plymouth-sedan-street-rod/?aa_id=250075-0",
    "lot_code": "Lot S58",
    "vehicle_chassis_no": "1715939"
  },
  {
    "lot_source_link": "https://www.mecum.com/lots/377248/2005-chevrolet-corvette-z51-convertible/?aa_id=245766-0",
    "lot_code": "Lot S60",
    "vehicle_chassis_no": "1G1YY34U455133468"
  },
  {
    "lot_source_link": "https://www.mecum.com/lots/386071/2013-land-rover-range-rover-evoque-pure/?aa_id=251275-0",
    "lot_code": "Lot S60.1",
    "vehicle_chassis_no": "SALVN2BG3DH771341"
  },
  {
    "lot_source_link": "https://www.mecum.com/lots/377249/1957-chevrolet-nomad/?aa_id=245767-0",
    "lot_code": "Lot S61",
    "vehicle_chassis_no": "C57J165346"
  },
  {
    "lot_source_link": "https://www.mecum.com/lots/387012/1956-dodge-power-wagon-pickup/?aa_id=251638-0",
    "lot_code": "Lot S61.1",
    "vehicle_chassis_no": "83951510"
  },
  {
    "lot_source_link": "https://www.mecum.com/lots/382276/1935-pierce-arrow-836a/?aa_id=248796-0",
    "lot_code": "Lot S62",
    "vehicle_chassis_no": "1080938"
  },
  {
    "lot_source_link": "https://www.mecum.com/lots/377251/1963-chevrolet-bel-air-sedan/?aa_id=245768-0",
    "lot_code": "Lot S63",
    "vehicle_chassis_no": "31611K150580"
  },
  {
    "lot_source_link": "https://www.mecum.com/lots/377252/1941-ford-super-deluxe-coupe/?aa_id=245769-0",
    "lot_code": "Lot S64",
    "vehicle_chassis_no": "185910780"
  },
  {
    "lot_source_link": "https://www.mecum.com/lots/377253/1962-chevrolet-impala-wagon/?aa_id=245770-0",
    "lot_code": "Lot S65",
    "vehicle_chassis_no": "21835J262623"
  },
  {
    "lot_source_link": "https://www.mecum.com/lots/377254/1969-pontiac-gto-judge/?aa_id=245771-0",
    "lot_code": "Lot S66",
    "vehicle_chassis_no": "242379R141741"
  },
  {
    "lot_source_link": "https://www.mecum.com/lots/377255/1932-ford-roadster/?aa_id=245772-0",
    "lot_code": "Lot S67",
    "vehicle_chassis_no": "181920"
  },
  {
    "lot_source_link": "https://www.mecum.com/lots/377256/1932-ford-hi-boy-roadster/?aa_id=245773-0",
    "lot_code": "Lot S68",
    "vehicle_chassis_no": "18142337"
  },
  {
    "lot_source_link": "https://www.mecum.com/lots/377257/1965-chevrolet-malibu-l79/?aa_id=245774-0",
    "lot_code": "Lot S69",
    "vehicle_chassis_no": "138375K213498"
  },
  {
    "lot_source_link": "https://www.mecum.com/lots/377258/1964-ford-galaxie-500xl-convertible/?aa_id=245775-0",
    "lot_code": "Lot S70",
    "vehicle_chassis_no": "4J69X103068"
  },
  {
    "lot_source_link": "https://www.mecum.com/lots/377259/1950-ford-woody/?aa_id=245776-0",
    "lot_code": "Lot S71",
    "vehicle_chassis_no": "B0LB138574"
  },
  {
    "lot_source_link": "https://www.mecum.com/lots/377260/1967-chevrolet-chevelle-resto-mod/?aa_id=245777-0",
    "lot_code": "Lot S72",
    "vehicle_chassis_no": "136177Z117994"
  },
  {
    "lot_source_link": "https://www.mecum.com/lots/377261/1937-ford-club-cabriolet/?aa_id=245778-0",
    "lot_code": "Lot S73",
    "vehicle_chassis_no": "183511609"
  },
  {
    "lot_source_link": "https://www.mecum.com/lots/377262/1965-pontiac-gto/?aa_id=245779-0",
    "lot_code": "Lot S74",
    "vehicle_chassis_no": "237375Z129371"
  },
  {
    "lot_source_link": "https://www.mecum.com/lots/377263/1934-ford-speedstar-street-rod/?aa_id=245780-0",
    "lot_code": "Lot S75",
    "vehicle_chassis_no": "18928077"
  },
  {
    "lot_source_link": "https://www.mecum.com/lots/386072/2003-mercedes-benz-sl500-convertible/?aa_id=251276-0",
    "lot_code": "Lot S75.1",
    "vehicle_chassis_no": "WDBSK75R43F019885"
  },
  {
    "lot_source_link": "https://www.mecum.com/lots/386776/1990-chevrolet-corvette-convertible/?aa_id=251609-0",
    "lot_code": "Lot S76.1",
    "vehicle_chassis_no": "1G1YY3382L5110398"
  },
  {
    "lot_source_link": "https://www.mecum.com/lots/377265/1965-pontiac-gto/?aa_id=245781-0",
    "lot_code": "Lot S77",
    "vehicle_chassis_no": "237375Z131402"
  },
  {
    "lot_source_link": "https://www.mecum.com/lots/377266/1965-chevrolet-corvette-convertible/?aa_id=245782-0",
    "lot_code": "Lot S78",
    "vehicle_chassis_no": "194675S101482"
  },
  {
    "lot_source_link": "https://www.mecum.com/lots/377267/1965-sunbeam-tiger-roadster/?aa_id=245783-0",
    "lot_code": "Lot S79",
    "vehicle_chassis_no": "B9472278"
  },
  {
    "lot_source_link": "https://www.mecum.com/lots/377268/2005-bentley-continental-gt/?aa_id=245784-0",
    "lot_code": "Lot S80",
    "vehicle_chassis_no": "SCBCR63W25C029336"
  },
  {
    "lot_source_link": "https://www.mecum.com/lots/377269/1966-chevrolet-corvette-convertible/?aa_id=245785-0",
    "lot_code": "Lot S81",
    "vehicle_chassis_no": "194676S120687"
  },
  {
    "lot_source_link": "https://www.mecum.com/lots/377270/1970-chevrolet-chevelle-ss/?aa_id=245786-0",
    "lot_code": "Lot S82",
    "vehicle_chassis_no": "136370K189329"
  },
  {
    "lot_source_link": "https://www.mecum.com/lots/377271/1969-ford-mustang-mach-1-fastback/?aa_id=245787-0",
    "lot_code": "Lot S83",
    "vehicle_chassis_no": "9T02S179558"
  },
  {
    "lot_source_link": "https://www.mecum.com/lots/377272/1968-pontiac-firebird/?aa_id=245788-0",
    "lot_code": "Lot S84",
    "vehicle_chassis_no": "223378L109300"
  },
  {
    "lot_source_link": "https://www.mecum.com/lots/377273/1985-chevrolet-c10-pickup/?aa_id=245789-0",
    "lot_code": "Lot S85",
    "vehicle_chassis_no": "2GCDC14H1F1150727"
  },
  {
    "lot_source_link": "https://www.mecum.com/lots/377274/1940-packard-120/?aa_id=245790-0",
    "lot_code": "Lot S86",
    "vehicle_chassis_no": "13923935"
  },
  {
    "lot_source_link": "https://www.mecum.com/lots/377275/1968-chevrolet-chevelle-ss/?aa_id=245791-0",
    "lot_code": "Lot S87",
    "vehicle_chassis_no": "138378K188639"
  },
  {
    "lot_source_link": "https://www.mecum.com/lots/377276/1957-chevrolet-bel-air-convertible/?aa_id=245792-0",
    "lot_code": "Lot S88",
    "vehicle_chassis_no": "VC57S258081"
  },
  {
    "lot_source_link": "https://www.mecum.com/lots/377277/1970-chevrolet-camaro/?aa_id=245793-0",
    "lot_code": "Lot S89",
    "vehicle_chassis_no": "124870L504966"
  },
  {
    "lot_source_link": "https://www.mecum.com/lots/377278/1967-plymouth-hemi-gtx/?aa_id=245794-0",
    "lot_code": "Lot S90",
    "vehicle_chassis_no": "RS23J71134582"
  },
  {
    "lot_source_link": "https://www.mecum.com/lots/386073/2003-aston-martin-db7-vantage-convertible/?aa_id=251277-0",
    "lot_code": "Lot S90.1",
    "vehicle_chassis_no": "SCFAB42313K403475"
  },
  {
    "lot_source_link": "https://www.mecum.com/lots/377279/1965-backdraft-shelby-cobra-replica/?aa_id=245795-0",
    "lot_code": "Lot S91",
    "vehicle_chassis_no": "AE9BMAAH6E1MT1032"
  },
  {
    "lot_source_link": "https://www.mecum.com/lots/377280/1972-chevrolet-k5-blazer/?aa_id=245796-0",
    "lot_code": "Lot S92",
    "vehicle_chassis_no": "CKE182F179152"
  },
  {
    "lot_source_link": "https://www.mecum.com/lots/377326/1970-pontiac-lemans-sport-convertible/?aa_id=245830-0",
    "lot_code": "Lot S93",
    "vehicle_chassis_no": "237670B131738"
  },
  {
    "lot_source_link": "https://www.mecum.com/lots/377282/1964-ford-fairlane-500-k-code-sports-coupe/?aa_id=245797-0",
    "lot_code": "Lot S94",
    "vehicle_chassis_no": "4F47K193833"
  },
  {
    "lot_source_link": "https://www.mecum.com/lots/377283/1967-chevrolet-impala-ss-convertible/?aa_id=245798-0",
    "lot_code": "Lot S95",
    "vehicle_chassis_no": "168677L105638"
  },
  {
    "lot_source_link": "https://www.mecum.com/lots/377284/1961-chevrolet-corvette-big-brake-fuelie/?aa_id=245799-0",
    "lot_code": "Lot S96",
    "vehicle_chassis_no": "10867S101666"
  },
  {
    "lot_source_link": "https://www.mecum.com/lots/377285/1966-chevrolet-nova-l79/?aa_id=245800-0",
    "lot_code": "Lot S97",
    "vehicle_chassis_no": "611637009809"
  },
  {
    "lot_source_link": "https://www.mecum.com/lots/377286/1957-cadillac-eldorado-biarritz-convertible/?aa_id=245801-0",
    "lot_code": "Lot S98",
    "vehicle_chassis_no": "5762062364"
  },
  {
    "lot_source_link": "https://www.mecum.com/lots/377287/1959-chevrolet-bel-air/?aa_id=245802-0",
    "lot_code": "Lot S99",
    "vehicle_chassis_no": "C590158910"
  },
  {
    "lot_source_link": "https://www.mecum.com/lots/377288/1958-cadillac-coupe-deville/?aa_id=245803-0",
    "lot_code": "Lot S100",
    "vehicle_chassis_no": "58G112648"
  },
  {
    "lot_source_link": "https://www.mecum.com/lots/377289/1933-ford-3-window-coupe-street-rod/?aa_id=245804-0",
    "lot_code": "Lot S101",
    "vehicle_chassis_no": "DRMVB0000155888MO"
  },
  {
    "lot_source_link": "https://www.mecum.com/lots/377290/1963-chevrolet-corvette-convertible/?aa_id=245805-0",
    "lot_code": "Lot S102",
    "vehicle_chassis_no": "30867S118003"
  },
  {
    "lot_source_link": "https://www.mecum.com/lots/377291/1970-chevrolet-c10-pickup/?aa_id=245806-0",
    "lot_code": "Lot S103",
    "vehicle_chassis_no": "CE240T133418"
  },
  {
    "lot_source_link": "https://www.mecum.com/lots/387038/2009-bmw-650i/?aa_id=251659-0",
    "lot_code": "Lot S104.1",
    "vehicle_chassis_no": "WBAEA53519CV92072"
  },
  {
    "lot_source_link": "https://www.mecum.com/lots/386074/1957-chevrolet-3100-pickup/?aa_id=251278-0",
    "lot_code": "Lot S105.1",
    "vehicle_chassis_no": "3A57L118704"
  },
  {
    "lot_source_link": "https://www.mecum.com/lots/385846/1954-rolls-royce/?aa_id=251077-0",
    "lot_code": "Lot S106",
    "vehicle_chassis_no": "LDLW7"
  },
  {
    "lot_source_link": "https://www.mecum.com/lots/385847/2005-bentley-continental-gt-coupe/?aa_id=251078-0",
    "lot_code": "Lot S107",
    "vehicle_chassis_no": "SCBCR63W65C024415"
  },
  {
    "lot_source_link": "https://www.mecum.com/lots/385351/2015-dodge-challenger-r-t-scat-pack/?aa_id=250817-0",
    "lot_code": "Lot S108",
    "vehicle_chassis_no": "2C3CDZFJ7FH500459"
  },
  {
    "lot_source_link": "https://www.mecum.com/lots/385848/1961-lincoln-continental-convertible/?aa_id=251079-0",
    "lot_code": "Lot S109",
    "vehicle_chassis_no": "1Y86H411290"
  },
  {
    "lot_source_link": "https://www.mecum.com/lots/386060/1967-chevrolet-camaro-rs/?aa_id=251267-0",
    "lot_code": "Lot S110",
    "vehicle_chassis_no": "124377L120159"
  },
  {
    "lot_source_link": "https://www.mecum.com/lots/385822/1970-pontiac-gto-judge/?aa_id=251060-0",
    "lot_code": "Lot S111",
    "vehicle_chassis_no": "242370Z114753"
  },
  {
    "lot_source_link": "https://www.mecum.com/lots/377300/2010-aston-martin-dbs-volante/?aa_id=245807-0",
    "lot_code": "Lot S112",
    "vehicle_chassis_no": "SCFFDCCD4AGE11574"
  },
  {
    "lot_source_link": "https://www.mecum.com/lots/377301/1970-chevrolet-chevelle-ls6/?aa_id=245808-0",
    "lot_code": "Lot S113",
    "vehicle_chassis_no": "136370R243588"
  },
  {
    "lot_source_link": "https://www.mecum.com/lots/377302/1980-pontiac-trans-am/?aa_id=245809-0",
    "lot_code": "Lot S114",
    "vehicle_chassis_no": "2W87WAN124873"
  },
  {
    "lot_source_link": "https://www.mecum.com/lots/377303/1940-ford-pickup/?aa_id=245810-0",
    "lot_code": "Lot S115",
    "vehicle_chassis_no": "185778081"
  },
  {
    "lot_source_link": "https://www.mecum.com/lots/377304/1955-cadillac-eldorado-convertible/?aa_id=245811-0",
    "lot_code": "Lot S116",
    "vehicle_chassis_no": "556208156"
  },
  {
    "lot_source_link": "https://www.mecum.com/lots/377305/1952-bentley-mkvi/?aa_id=245812-0",
    "lot_code": "Lot S117",
    "vehicle_chassis_no": "B184PV"
  },
  {
    "lot_source_link": "https://www.mecum.com/lots/377306/1967-shelby-gt500-fastback/?aa_id=245813-0",
    "lot_code": "Lot S118",
    "vehicle_chassis_no": "67400F7A00250"
  },
  {
    "lot_source_link": "https://www.mecum.com/lots/377307/1969-chevrolet-camaro-rs-ss/?aa_id=245814-0",
    "lot_code": "Lot S119",
    "vehicle_chassis_no": "124379N700624"
  },
  {
    "lot_source_link": "https://www.mecum.com/lots/377308/1969-ford-mustang-boss-429-fastback/?aa_id=245815-0",
    "lot_code": "Lot S120",
    "vehicle_chassis_no": "9F02Z198774"
  },
  {
    "lot_source_link": "https://www.mecum.com/lots/386991/1941-cadillac-series-62-convertible/?aa_id=251624-0",
    "lot_code": "Lot S122.1",
    "vehicle_chassis_no": "8361299"
  },
  {
    "lot_source_link": "https://www.mecum.com/lots/377312/1963-mercury-monterey-custom-convertible/?aa_id=245816-0",
    "lot_code": "Lot S124",
    "vehicle_chassis_no": "3Z65Z501617"
  },
  {
    "lot_source_link": "https://www.mecum.com/lots/377313/1957-chevrolet-3100-pickup/?aa_id=245817-0",
    "lot_code": "Lot S125",
    "vehicle_chassis_no": "3A57L103724"
  },
  {
    "lot_source_link": "https://www.mecum.com/lots/377314/1970-ford-bronco/?aa_id=245818-0",
    "lot_code": "Lot S126",
    "vehicle_chassis_no": "U15GLG94921"
  },
  {
    "lot_source_link": "https://www.mecum.com/lots/377315/1970-plymouth-hemi-cuda/?aa_id=245819-0",
    "lot_code": "Lot S127",
    "vehicle_chassis_no": "BS23R0B184339"
  },
  {
    "lot_source_link": "https://www.mecum.com/lots/377316/1978-jeep-cj-7-golden-eagle/?aa_id=245820-0",
    "lot_code": "Lot S128",
    "vehicle_chassis_no": "J8F93AH027851"
  },
  {
    "lot_source_link": "https://www.mecum.com/lots/377317/2010-ford-mustang-cobra-jet/?aa_id=245821-0",
    "lot_code": "Lot S129",
    "vehicle_chassis_no": "FR500CJ2010"
  },
  {
    "lot_source_link": "https://www.mecum.com/lots/377318/1984-pontiac-firebird/?aa_id=245822-0",
    "lot_code": "Lot S130",
    "vehicle_chassis_no": "1G2AW87G2EL252234"
  },
  {
    "lot_source_link": "https://www.mecum.com/lots/377319/1975-porsche-911-carrera/?aa_id=245823-0",
    "lot_code": "Lot S131",
    "vehicle_chassis_no": "9115400132"
  },
  {
    "lot_source_link": "https://www.mecum.com/lots/377320/2012-maserati-gran-turismo-sport-convertible/?aa_id=245824-0",
    "lot_code": "Lot S132",
    "vehicle_chassis_no": "ZAM45MMA8C0065045"
  },
  {
    "lot_source_link": "https://www.mecum.com/lots/377321/1970-ford-mustang-boss-302-fastback/?aa_id=245825-0",
    "lot_code": "Lot S133",
    "vehicle_chassis_no": "0T02G117748"
  },
  {
    "lot_source_link": "https://www.mecum.com/lots/377322/1963-plymouth-savoy-max-wedge/?aa_id=245826-0",
    "lot_code": "Lot S134",
    "vehicle_chassis_no": "3131141818"
  },
  {
    "lot_source_link": "https://www.mecum.com/lots/377323/1969-ford-mustang-resto-mod/?aa_id=245827-0",
    "lot_code": "Lot S135",
    "vehicle_chassis_no": "9R02F173685"
  },
  {
    "lot_source_link": "https://www.mecum.com/lots/377324/1966-ford-mustang-fastback/?aa_id=245828-0",
    "lot_code": "Lot S136",
    "vehicle_chassis_no": "6R09T227105"
  },
  {
    "lot_source_link": "https://www.mecum.com/lots/377325/1994-autokraft-ac-mkiv-cobra/?aa_id=245829-0",
    "lot_code": "Lot S137",
    "vehicle_chassis_no": "SA9AK3022RA017003"
  },
  {
    "lot_source_link": "https://www.mecum.com/lots/385823/2008-mercedes-benz-s550/?aa_id=251061-0",
    "lot_code": "Lot S138",
    "vehicle_chassis_no": "WDDNG71X78A231656"
  },
  {
    "lot_source_link": "https://www.mecum.com/lots/377327/1969-chevrolet-camaro-rs-z28/?aa_id=245831-0",
    "lot_code": "Lot S139",
    "vehicle_chassis_no": "124379N622005"
  },
  {
    "lot_source_link": "https://www.mecum.com/lots/377328/1951-gmc-pickup/?aa_id=245832-0",
    "lot_code": "Lot S140",
    "vehicle_chassis_no": "10222C1860"
  },
  {
    "lot_source_link": "https://www.mecum.com/lots/377329/1969-chevrolet-camaro-rs/?aa_id=245833-0",
    "lot_code": "Lot S141",
    "vehicle_chassis_no": "124379N514838"
  },
  {
    "lot_source_link": "https://www.mecum.com/lots/377330/1968-chevrolet-c10-pickup/?aa_id=245834-0",
    "lot_code": "Lot S142",
    "vehicle_chassis_no": "CS148Z135543"
  },
  {
    "lot_source_link": "https://www.mecum.com/lots/387039/2017-mercedes-benz-s550-convertible/?aa_id=251660-0",
    "lot_code": "Lot S142.1",
    "vehicle_chassis_no": "WDDXK8CB3HA019982"
  },
  {
    "lot_source_link": "https://www.mecum.com/lots/377331/1962-chevrolet-custom-pickup/?aa_id=245835-0",
    "lot_code": "Lot S143",
    "vehicle_chassis_no": "2C1540104209"
  },
  {
    "lot_source_link": "https://www.mecum.com/lots/386062/2005-maserati-quattroporte/?aa_id=251268-0",
    "lot_code": "Lot S144.1",
    "vehicle_chassis_no": "ZAMCE39AX50018438"
  },
  {
    "lot_source_link": "https://www.mecum.com/lots/377333/1939-ford-street-rod/?aa_id=245836-0",
    "lot_code": "Lot S145",
    "vehicle_chassis_no": "547098832"
  },
  {
    "lot_source_link": "https://www.mecum.com/lots/377334/1981-mercedes-benz-380sl-roadster/?aa_id=245837-0",
    "lot_code": "Lot S146",
    "vehicle_chassis_no": "WDBBA45A7BB005698"
  },
  {
    "lot_source_link": "https://www.mecum.com/lots/377335/1971-ford-bronco/?aa_id=245838-0",
    "lot_code": "Lot S147",
    "vehicle_chassis_no": "U15GLK12235"
  },
  {
    "lot_source_link": "https://www.mecum.com/lots/377336/2013-aston-martin-vantage/?aa_id=245839-0",
    "lot_code": "Lot S148",
    "vehicle_chassis_no": "SCFEBBAK5DGC17704"
  },
  {
    "lot_source_link": "https://www.mecum.com/lots/377337/2003-ford-e-series-crew-cab/?aa_id=245840-0",
    "lot_code": "Lot S149",
    "vehicle_chassis_no": "1FBNE31S13HB32106"
  },
  {
    "lot_source_link": "https://www.mecum.com/lots/377338/1967-chevrolet-corvette-convertible/?aa_id=245841-0",
    "lot_code": "Lot S150",
    "vehicle_chassis_no": "194677S112404"
  },
  {
    "lot_source_link": "https://www.mecum.com/lots/377339/1986-porsche-944/?aa_id=245842-0",
    "lot_code": "Lot S151",
    "vehicle_chassis_no": "WP0AA0944GN460184"
  },
  {
    "lot_source_link": "https://www.mecum.com/lots/377341/1963-toyota-fj-40-land-cruiser/?aa_id=245844-0",
    "lot_code": "Lot S153",
    "vehicle_chassis_no": "2FJ4016086"
  },
  {
    "lot_source_link": "https://www.mecum.com/lots/377342/1932-ford/?aa_id=245845-0",
    "lot_code": "Lot S154",
    "vehicle_chassis_no": "18127343"
  },
  {
    "lot_source_link": "https://www.mecum.com/lots/377343/1965-lincoln-continental-convertible/?aa_id=245846-0",
    "lot_code": "Lot S155",
    "vehicle_chassis_no": "5Y86N401860"
  },
  {
    "lot_source_link": "https://www.mecum.com/lots/377344/1968-pontiac-gto-convertible/?aa_id=245847-0",
    "lot_code": "Lot S156",
    "vehicle_chassis_no": "242678Z133135"
  },
  {
    "lot_source_link": "https://www.mecum.com/lots/377345/1995-porsche-911-cabriolet/?aa_id=245848-0",
    "lot_code": "Lot S157",
    "vehicle_chassis_no": "WP0CA2991SS343494"
  },
  {
    "lot_source_link": "https://www.mecum.com/lots/386787/1973-mg-mkiii-roadster/?aa_id=251617-0",
    "lot_code": "Lot S159.1",
    "vehicle_chassis_no": "GAN5UD138432G"
  },
  {
    "lot_source_link": "https://www.mecum.com/lots/377348/1947-plymouth-street-rod/?aa_id=245849-0",
    "lot_code": "Lot S160",
    "vehicle_chassis_no": "25022951"
  },
  {
    "lot_source_link": "https://www.mecum.com/lots/377349/1940-ford-pickup/?aa_id=245850-0",
    "lot_code": "Lot S161",
    "vehicle_chassis_no": "185811580"
  },
  {
    "lot_source_link": "https://www.mecum.com/lots/386995/1951-chevrolet-pickup/?aa_id=251626-0",
    "lot_code": "Lot S162.1",
    "vehicle_chassis_no": "2JPG15942"
  },
  {
    "lot_source_link": "https://www.mecum.com/lots/377353/1971-ford-bronco/?aa_id=245851-0",
    "lot_code": "Lot S165",
    "vehicle_chassis_no": "U15GLK08008"
  },
  {
    "lot_source_link": "https://www.mecum.com/lots/377354/1966-chevrolet-corvette-coupe/?aa_id=245852-0",
    "lot_code": "Lot S166",
    "vehicle_chassis_no": "194376S102354"
  },
  {
    "lot_source_link": "https://www.mecum.com/lots/377355/1966-chevrolet-corvette-convertible/?aa_id=245853-0",
    "lot_code": "Lot S167",
    "vehicle_chassis_no": "194676S107327"
  },
  {
    "lot_source_link": "https://www.mecum.com/lots/377356/1991-porsche-911-cabriolet/?aa_id=245854-0",
    "lot_code": "Lot S168",
    "vehicle_chassis_no": "WP0CB2962MS460247"
  },
  {
    "lot_source_link": "https://www.mecum.com/lots/377357/1969-mercury-cyclone-spoiler-dan-gurney-special/?aa_id=245855-0",
    "lot_code": "Lot S169",
    "vehicle_chassis_no": "9H15M564761"
  },
  {
    "lot_source_link": "https://www.mecum.com/lots/377358/1971-dodge-charger-super-bee/?aa_id=245856-0",
    "lot_code": "Lot S170",
    "vehicle_chassis_no": "WM23H1A166217"
  },
  {
    "lot_source_link": "https://www.mecum.com/lots/377359/1969-chevrolet-camaro-ss/?aa_id=245857-0",
    "lot_code": "Lot S171",
    "vehicle_chassis_no": "124379L514877"
  },
  {
    "lot_source_link": "https://www.mecum.com/lots/386999/1985-cadillac-eldorado-biarritz-convertible/?aa_id=251628-0",
    "lot_code": "Lot S172.1",
    "vehicle_chassis_no": "1G6EL6784FL663971"
  },
  {
    "lot_source_link": "https://www.mecum.com/lots/377361/1952-buick-super/?aa_id=245858-0",
    "lot_code": "Lot S173",
    "vehicle_chassis_no": "66686785"
  },
  {
    "lot_source_link": "https://www.mecum.com/lots/377362/1976-toyota-fj-45-land-cruiser-pickup/?aa_id=245859-0",
    "lot_code": "Lot S174",
    "vehicle_chassis_no": "FJ45116799"
  },
  {
    "lot_source_link": "https://www.mecum.com/lots/377363/1999-porsche-911-coupe/?aa_id=245860-0",
    "lot_code": "Lot S175",
    "vehicle_chassis_no": "WP0AA2995XS623420"
  },
  {
    "lot_source_link": "https://www.mecum.com/lots/377364/1970-ford-mustang-boss-302-fastback/?aa_id=245861-0",
    "lot_code": "Lot S176",
    "vehicle_chassis_no": "0F02G145666"
  },
  {
    "lot_source_link": "https://www.mecum.com/lots/387005/2006-ford-mustang-saleen-s281/?aa_id=251632-0",
    "lot_code": "Lot S177.1",
    "vehicle_chassis_no": "1ZVFT82H265195031"
  },
  {
    "lot_source_link": "https://www.mecum.com/lots/387006/1976-pontiac-trans-am/?aa_id=251633-0",
    "lot_code": "Lot S178.1",
    "vehicle_chassis_no": "2W87W6N564782"
  },
  {
    "lot_source_link": "https://www.mecum.com/lots/377367/1957-ford-fairlane-500/?aa_id=245862-0",
    "lot_code": "Lot S179",
    "vehicle_chassis_no": "C7FW274738"
  },
  {
    "lot_source_link": "https://www.mecum.com/lots/377368/1957-chevrolet-bel-air/?aa_id=245863-0",
    "lot_code": "Lot S180",
    "vehicle_chassis_no": "0RVC57F259724"
  },
  {
    "lot_source_link": "https://www.mecum.com/lots/377369/1966-chevrolet-impala/?aa_id=245864-0",
    "lot_code": "Lot S181",
    "vehicle_chassis_no": "164376L105677"
  },
  {
    "lot_source_link": "https://www.mecum.com/lots/386997/1949-gmc-pickup/?aa_id=251627-0",
    "lot_code": "Lot S182.1",
    "vehicle_chassis_no": "FC15217848"
  },
  {
    "lot_source_link": "https://www.mecum.com/lots/377371/1994-prevost-marathon-xl-bus/?aa_id=245865-0",
    "lot_code": "Lot S183",
    "vehicle_chassis_no": "2P9M33401N1001552"
  },
  {
    "lot_source_link": "https://www.mecum.com/lots/377372/1968-chevrolet-nova-resto-mod/?aa_id=245866-0",
    "lot_code": "Lot S184",
    "vehicle_chassis_no": "113278W344876"
  },
  {
    "lot_source_link": "https://www.mecum.com/lots/377373/2003-hummer-h2/?aa_id=245867-0",
    "lot_code": "Lot S185",
    "vehicle_chassis_no": "5GRGN23U83H149450"
  },
  {
    "lot_source_link": "https://www.mecum.com/lots/377374/1965-buick-riviera/?aa_id=245868-0",
    "lot_code": "Lot S186",
    "vehicle_chassis_no": "494475H926481"
  },
  {
    "lot_source_link": "https://www.mecum.com/lots/PJ19-377376/1953-cadillac-series-62-coupe/?aa_id=245869-0",
    "lot_code": "Lot S188",
    "vehicle_chassis_no": "536233088"
  },
  {
    "lot_source_link": "https://www.mecum.com/lots/377377/1975-ford-f250-pickup/?aa_id=245870-0",
    "lot_code": "Lot S189",
    "vehicle_chassis_no": "F25MRX20433"
  },
  {
    "lot_source_link": "https://www.mecum.com/lots/377378/1969-chevrolet-pickup/?aa_id=245871-0",
    "lot_code": "Lot S190",
    "vehicle_chassis_no": "CS149Z826557"
  },
  {
    "lot_source_link": "https://www.mecum.com/lots/377379/1965-chevrolet-malibu-ss/?aa_id=245872-0",
    "lot_code": "Lot S191",
    "vehicle_chassis_no": "138375Z148447"
  },
  {
    "lot_source_link": "https://www.mecum.com/lots/377380/1991-toyota-mr2/?aa_id=245873-0",
    "lot_code": "Lot S192",
    "vehicle_chassis_no": "JT2SW21N9M0013163"
  },
  {
    "lot_source_link": "https://www.mecum.com/lots/377381/1959-ford-fairlane-500-skyliner/?aa_id=245874-0",
    "lot_code": "Lot S193",
    "vehicle_chassis_no": "B9RW108801"
  },
  {
    "lot_source_link": "https://www.mecum.com/lots/377382/2018-dodge-challenger-srt-demon/?aa_id=245875-0",
    "lot_code": "Lot S194",
    "vehicle_chassis_no": null
  },
  {
    "lot_source_link": "https://www.mecum.com/lots/377383/2003-hummer-h2/?aa_id=245876-0",
    "lot_code": "Lot S195",
    "vehicle_chassis_no": "5GRGN23U53H100254"
  },
  {
    "lot_source_link": "https://www.mecum.com/lots/377384/1976-chevrolet-c10-pickup/?aa_id=245877-0",
    "lot_code": "Lot S196",
    "vehicle_chassis_no": "CKU1461114170"
  },
  {
    "lot_source_link": "https://www.mecum.com/lots/377385/1977-chevrolet-c10-pickup/?aa_id=245878-0",
    "lot_code": "Lot S197",
    "vehicle_chassis_no": "CCL147Z199418"
  },
  {
    "lot_source_link": "https://www.mecum.com/lots/377387/2005-bmw-325ci-convertible/?aa_id=245879-0",
    "lot_code": "Lot S199",
    "vehicle_chassis_no": "WBABW33455PL37802"
  },
  {
    "lot_source_link": "https://www.mecum.com/lots/377388/1992-mercedes-benz-300sl/?aa_id=245880-0",
    "lot_code": "Lot S200",
    "vehicle_chassis_no": "WDBFA61E0NF046628"
  }
]