[
  {
    "lot_source_link": "https://www.mecum.com/lots/287786/2006-jaguar-xjl-super-v8/?aa_id=198177-0",
    "lot_code": "Lot F4",
    "vehicle_chassis_no": "SAJWA82C36TG50434"
  },
  {
    "lot_source_link": "https://www.mecum.com/lots/302691/1979-gmc-c1500-pickup/?aa_id=205909-0",
    "lot_code": "Lot F5",
    "vehicle_chassis_no": "TCL449Z501576"
  },
  {
    "lot_source_link": "https://www.mecum.com/lots/287788/1984-chevrolet-c3500-pickup/?aa_id=198179-0",
    "lot_code": "Lot F6",
    "vehicle_chassis_no": "1GCGC33M1ES144450"
  },
  {
    "lot_source_link": "https://www.mecum.com/lots/287790/1973-volkswagen-super-beetle/?aa_id=198180-0",
    "lot_code": "Lot F8",
    "vehicle_chassis_no": "1332629176"
  },
  {
    "lot_source_link": "https://www.mecum.com/lots/287791/1978-datsun-280z/?aa_id=198181-0",
    "lot_code": "Lot F9",
    "vehicle_chassis_no": "GHLS30123372"
  },
  {
    "lot_source_link": "https://www.mecum.com/lots/302155/1979-pontiac-trans-am/?aa_id=205752-0",
    "lot_code": "Lot F10",
    "vehicle_chassis_no": "2W87K9L153003"
  },
  {
    "lot_source_link": "https://www.mecum.com/lots/287793/1994-ford-f350-pickup/?aa_id=198182-0",
    "lot_code": "Lot F11",
    "vehicle_chassis_no": "1FTJW35G0REA40234"
  },
  {
    "lot_source_link": "https://www.mecum.com/lots/302698/1971-ford-pickup/?aa_id=205914-0",
    "lot_code": "Lot F12",
    "vehicle_chassis_no": "F10YKK30130"
  },
  {
    "lot_source_link": "https://www.mecum.com/lots/287795/1994-buick-roadmaster-estate-wagon/?aa_id=198183-0",
    "lot_code": "Lot F13",
    "vehicle_chassis_no": "1G4BR82P7RR426554"
  },
  {
    "lot_source_link": "https://www.mecum.com/lots/287796/1998-lincoln-mark-viii/?aa_id=198184-0",
    "lot_code": "Lot F14",
    "vehicle_chassis_no": "1LNFM92V0WY661609"
  },
  {
    "lot_source_link": "https://www.mecum.com/lots/287797/1950-crosley-farm-o-road/?aa_id=198185-0",
    "lot_code": "Lot F15",
    "vehicle_chassis_no": null
  },
  {
    "lot_source_link": "https://www.mecum.com/lots/287798/1931-chevrolet-independence-coach/?aa_id=198186-0",
    "lot_code": "Lot F16",
    "vehicle_chassis_no": "21AE24916"
  },
  {
    "lot_source_link": "https://www.mecum.com/lots/287799/2008-bmw-328xi/?aa_id=198187-0",
    "lot_code": "Lot F17",
    "vehicle_chassis_no": "WBAVT73508FZ37899"
  },
  {
    "lot_source_link": "https://www.mecum.com/lots/287800/2001-ford-mustang/?aa_id=198188-0",
    "lot_code": "Lot F18",
    "vehicle_chassis_no": "1FAFP45X61F127830"
  },
  {
    "lot_source_link": "https://www.mecum.com/lots/287801/1989-pontiac-firebird-formula/?aa_id=198189-0",
    "lot_code": "Lot F19",
    "vehicle_chassis_no": "1G2FS218XKL248699"
  },
  {
    "lot_source_link": "https://www.mecum.com/lots/287803/1972-lincoln-continental-mark-iv/?aa_id=198191-0",
    "lot_code": "Lot F21",
    "vehicle_chassis_no": "2Y89A889779"
  },
  {
    "lot_source_link": "https://www.mecum.com/lots/287804/1929-ford-model-a-sedan/?aa_id=198192-0",
    "lot_code": "Lot F22",
    "vehicle_chassis_no": "A2466816"
  },
  {
    "lot_source_link": "https://www.mecum.com/lots/287805/1978-volkswagen-camper-bus/?aa_id=198193-0",
    "lot_code": "Lot F23",
    "vehicle_chassis_no": "2382073334"
  },
  {
    "lot_source_link": "https://www.mecum.com/lots/287806/1994-ford-mustang-gt-convertible/?aa_id=198194-0",
    "lot_code": "Lot F24",
    "vehicle_chassis_no": "1FALP45T9RF108667"
  },
  {
    "lot_source_link": "https://www.mecum.com/lots/287807/1999-mercedes-benz-ml320/?aa_id=198195-0",
    "lot_code": "Lot F25",
    "vehicle_chassis_no": "4JGAB72E7XA123052"
  },
  {
    "lot_source_link": "https://www.mecum.com/lots/287808/1986-toyota-pickup/?aa_id=198196-0",
    "lot_code": "Lot F26",
    "vehicle_chassis_no": "JT4RN63B1G0035536"
  },
  {
    "lot_source_link": "https://www.mecum.com/lots/287809/2002-porsche-boxster-convertible/?aa_id=198197-0",
    "lot_code": "Lot F27",
    "vehicle_chassis_no": "WP0CA29862U623617"
  },
  {
    "lot_source_link": "https://www.mecum.com/lots/287810/2006-jaguar-s-type/?aa_id=198198-0",
    "lot_code": "Lot F28",
    "vehicle_chassis_no": "SAJWA01A26FN59698"
  },
  {
    "lot_source_link": "https://www.mecum.com/lots/287811/1966-toyota-fj-40-land-cruiser/?aa_id=198199-0",
    "lot_code": "Lot F29",
    "vehicle_chassis_no": "T66FJ4037496"
  },
  {
    "lot_source_link": "https://www.mecum.com/lots/287812/1994-mercedes-benz-s500/?aa_id=198200-0",
    "lot_code": "Lot F30",
    "vehicle_chassis_no": "WDBGA70E4RA163403"
  },
  {
    "lot_source_link": "https://www.mecum.com/lots/287813/2002-mercedes-benz-cl55/?aa_id=198201-0",
    "lot_code": "Lot F31",
    "vehicle_chassis_no": "WDBPJ73J52A021933"
  },
  {
    "lot_source_link": "https://www.mecum.com/lots/287814/1965-chevrolet-el-camino/?aa_id=198202-0",
    "lot_code": "Lot F32",
    "vehicle_chassis_no": "136805K113335"
  },
  {
    "lot_source_link": "https://www.mecum.com/lots/287815/1979-chevrolet-corvette-coupe/?aa_id=198203-0",
    "lot_code": "Lot F33",
    "vehicle_chassis_no": "1Z8789S452336"
  },
  {
    "lot_source_link": "https://www.mecum.com/lots/287816/1991-mercedes-benz-300sl-convertible/?aa_id=198204-0",
    "lot_code": "Lot F34",
    "vehicle_chassis_no": "WDBFA61E0MF019590"
  },
  {
    "lot_source_link": "https://www.mecum.com/lots/287817/1997-porsche-boxster-convertible/?aa_id=198205-0",
    "lot_code": "Lot F35",
    "vehicle_chassis_no": "WP0CA2980VS625637"
  },
  {
    "lot_source_link": "https://www.mecum.com/lots/287818/1966-ford-f100-pickup/?aa_id=198206-0",
    "lot_code": "Lot F36",
    "vehicle_chassis_no": "F25YR886415"
  },
  {
    "lot_source_link": "https://www.mecum.com/lots/287819/1988-am-general-hummer-h1/?aa_id=198207-0",
    "lot_code": "Lot F37",
    "vehicle_chassis_no": "047931"
  },
  {
    "lot_source_link": "https://www.mecum.com/lots/287820/1962-ford-f100-pickup/?aa_id=198208-0",
    "lot_code": "Lot F38",
    "vehicle_chassis_no": "F10JK293919"
  },
  {
    "lot_source_link": "https://www.mecum.com/lots/287821/1971-lincoln-mark-iii/?aa_id=198209-0",
    "lot_code": "Lot F39",
    "vehicle_chassis_no": "1Y89A830710"
  },
  {
    "lot_source_link": "https://www.mecum.com/lots/287822/2004-hummer-h2/?aa_id=198210-0",
    "lot_code": "Lot F40",
    "vehicle_chassis_no": "5GRGN23U34H103185"
  },
  {
    "lot_source_link": "https://www.mecum.com/lots/287823/2007-bmw-750/?aa_id=198211-0",
    "lot_code": "Lot F41",
    "vehicle_chassis_no": "WBAHN835X7DT73279"
  },
  {
    "lot_source_link": "https://www.mecum.com/lots/287824/2005-lincoln-navigator/?aa_id=198212-0",
    "lot_code": "Lot F42",
    "vehicle_chassis_no": "5LMFU28535LJ08363"
  },
  {
    "lot_source_link": "https://www.mecum.com/lots/287825/1967-volkswagen-beetle/?aa_id=198213-0",
    "lot_code": "Lot F43",
    "vehicle_chassis_no": "117069266"
  },
  {
    "lot_source_link": "https://www.mecum.com/lots/287826/1983-mercedes-benz-380sec-coupe/?aa_id=198214-0",
    "lot_code": "Lot F44",
    "vehicle_chassis_no": "WDBCA43A5DB004950"
  },
  {
    "lot_source_link": "https://www.mecum.com/lots/287827/1989-mercedes-benz-560sl-convertible/?aa_id=198215-0",
    "lot_code": "Lot F45",
    "vehicle_chassis_no": "WDBBA48D0KA096552"
  },
  {
    "lot_source_link": "https://www.mecum.com/lots/287828/2003-mercedes-benz-sl55-amg-convertible/?aa_id=198216-0",
    "lot_code": "Lot F46",
    "vehicle_chassis_no": "WDBSK74F53F050953"
  },
  {
    "lot_source_link": "https://www.mecum.com/lots/287829/1947-chrysler-new-yorker/?aa_id=198217-0",
    "lot_code": "Lot F47",
    "vehicle_chassis_no": "7057815"
  },
  {
    "lot_source_link": "https://www.mecum.com/lots/287831/1999-chevrolet-corvette-coupe/?aa_id=198218-0",
    "lot_code": "Lot F49",
    "vehicle_chassis_no": "1G1YY12G7X5115292"
  },
  {
    "lot_source_link": "https://www.mecum.com/lots/302460/1996-pontiac-trans-am-convertible/?aa_id=205846-0",
    "lot_code": "Lot F50",
    "vehicle_chassis_no": "2G2FV32P9T2223782"
  },
  {
    "lot_source_link": "https://www.mecum.com/lots/302756/2004-bmw-530i/?aa_id=205958-0",
    "lot_code": "Lot F51.1",
    "vehicle_chassis_no": "WBANA73594B057355"
  },
  {
    "lot_source_link": "https://www.mecum.com/lots/287834/1955-buick-century-estate-wagon/?aa_id=198219-0",
    "lot_code": "Lot F52",
    "vehicle_chassis_no": "6B1049967"
  },
  {
    "lot_source_link": "https://www.mecum.com/lots/287835/2001-mercedes-benz-s600/?aa_id=198220-0",
    "lot_code": "Lot F53",
    "vehicle_chassis_no": "WDBNG78J51A197667"
  },
  {
    "lot_source_link": "https://www.mecum.com/lots/287836/1986-mercedes-benz-560sl-convertible/?aa_id=198221-0",
    "lot_code": "Lot F54",
    "vehicle_chassis_no": "WDBBA48DXGA046961"
  },
  {
    "lot_source_link": "https://www.mecum.com/lots/287838/1998-toyota-land-cruiser/?aa_id=198222-0",
    "lot_code": "Lot F56",
    "vehicle_chassis_no": "JT3HT05J2W0018606"
  },
  {
    "lot_source_link": "https://www.mecum.com/lots/287839/1970-chevrolet-camaro/?aa_id=198223-0",
    "lot_code": "Lot F57",
    "vehicle_chassis_no": "124870N530707"
  },
  {
    "lot_source_link": "https://www.mecum.com/lots/287840/1966-ford-f100-pickup/?aa_id=198224-0",
    "lot_code": "Lot F58",
    "vehicle_chassis_no": "F10YR749877"
  },
  {
    "lot_source_link": "https://www.mecum.com/lots/287841/2004-mercedes-benz-c230/?aa_id=198225-0",
    "lot_code": "Lot F59",
    "vehicle_chassis_no": "WDBRF40J04F539189"
  },
  {
    "lot_source_link": "https://www.mecum.com/lots/287842/1973-ford-mustang-convertible/?aa_id=198226-0",
    "lot_code": "Lot F60",
    "vehicle_chassis_no": "3F03H240500"
  },
  {
    "lot_source_link": "https://www.mecum.com/lots/302727/1973-dodge-charger/?aa_id=205942-0",
    "lot_code": "Lot F60.1",
    "vehicle_chassis_no": "WP29G3A232103"
  },
  {
    "lot_source_link": "https://www.mecum.com/lots/287843/1990-chevrolet-corvette-coupe/?aa_id=198227-0",
    "lot_code": "Lot F61",
    "vehicle_chassis_no": "1G1YY2389L5105094"
  },
  {
    "lot_source_link": "https://www.mecum.com/lots/302755/1952-mg-td-roadster/?aa_id=205957-0",
    "lot_code": "Lot F62.1",
    "vehicle_chassis_no": "14587"
  },
  {
    "lot_source_link": "https://www.mecum.com/lots/287845/1988-pontiac-fiero-gt/?aa_id=198228-0",
    "lot_code": "Lot F63",
    "vehicle_chassis_no": "1G2PG119XJP223687"
  },
  {
    "lot_source_link": "https://www.mecum.com/lots/287846/1948-studebaker-commander-convertible/?aa_id=198229-0",
    "lot_code": "Lot F64",
    "vehicle_chassis_no": "H281498"
  },
  {
    "lot_source_link": "https://www.mecum.com/lots/287847/1977-chevrolet-corvette-coupe/?aa_id=198230-0",
    "lot_code": "Lot F65",
    "vehicle_chassis_no": "1Z37L7S402819"
  },
  {
    "lot_source_link": "https://www.mecum.com/lots/287848/2004-audi-a6-quattro/?aa_id=198231-0",
    "lot_code": "Lot F66",
    "vehicle_chassis_no": "WAUML64B74N092771"
  },
  {
    "lot_source_link": "https://www.mecum.com/lots/287849/1934-ford-cabriolet-street-rod/?aa_id=198232-0",
    "lot_code": "Lot F67",
    "vehicle_chassis_no": "720424"
  },
  {
    "lot_source_link": "https://www.mecum.com/lots/287850/2004-pontiac-gto/?aa_id=198233-0",
    "lot_code": "Lot F68",
    "vehicle_chassis_no": "6G2VX12G24L266598"
  },
  {
    "lot_source_link": "https://www.mecum.com/lots/287851/1978-chevrolet-scottsdale-pickup/?aa_id=198234-0",
    "lot_code": "Lot F69",
    "vehicle_chassis_no": "CCL448J160500"
  },
  {
    "lot_source_link": "https://www.mecum.com/lots/287852/1996-chevrolet-corvette-convertible/?aa_id=198235-0",
    "lot_code": "Lot F70",
    "vehicle_chassis_no": "1G1YY3252T5108819"
  },
  {
    "lot_source_link": "https://www.mecum.com/lots/287855/1998-audi-cabriolet/?aa_id=198236-0",
    "lot_code": "Lot F73",
    "vehicle_chassis_no": "WAUAA88G7WN001088"
  },
  {
    "lot_source_link": "https://www.mecum.com/lots/287856/1979-ford-pinto-hatchback/?aa_id=198237-0",
    "lot_code": "Lot F74",
    "vehicle_chassis_no": "9T11Z115323"
  },
  {
    "lot_source_link": "https://www.mecum.com/lots/287857/1982-chevrolet-corvette-collector-edition/?aa_id=198238-0",
    "lot_code": "Lot F75",
    "vehicle_chassis_no": "1G1AY0787C5123352"
  },
  {
    "lot_source_link": "https://www.mecum.com/lots/302156/1995-dodge-stealth/?aa_id=205753-0",
    "lot_code": "Lot F75.1",
    "vehicle_chassis_no": "JB3AM44H95Y029048"
  },
  {
    "lot_source_link": "https://www.mecum.com/lots/287858/2008-mercedes-benz-clk550/?aa_id=198239-0",
    "lot_code": "Lot F76",
    "vehicle_chassis_no": "WDBTJ72H88F239244"
  },
  {
    "lot_source_link": "https://www.mecum.com/lots/287859/1982-amc-jeep-cj-8-scrambler/?aa_id=198240-0",
    "lot_code": "Lot F77",
    "vehicle_chassis_no": "1JCCN88E8CT018941"
  },
  {
    "lot_source_link": "https://www.mecum.com/lots/287860/1981-chevrolet-corvette-coupe/?aa_id=198241-0",
    "lot_code": "Lot F78",
    "vehicle_chassis_no": "1G1AY8762BS423507"
  },
  {
    "lot_source_link": "https://www.mecum.com/lots/PJ17-287861/1966-ford-mustang-convertible/?aa_id=198242-0",
    "lot_code": "Lot F79",
    "vehicle_chassis_no": "6T08C175038"
  },
  {
    "lot_source_link": "https://www.mecum.com/lots/287862/1986-ford-zimmer-golden-spirit/?aa_id=198243-0",
    "lot_code": "Lot F80",
    "vehicle_chassis_no": "1FABP26M8GF166211"
  },
  {
    "lot_source_link": "https://www.mecum.com/lots/287863/1968-chevrolet-camaro/?aa_id=198244-0",
    "lot_code": "Lot F81",
    "vehicle_chassis_no": "124378L338908"
  },
  {
    "lot_source_link": "https://www.mecum.com/lots/287864/1962-plymouth-fury/?aa_id=198245-0",
    "lot_code": "Lot F82",
    "vehicle_chassis_no": "3325102781"
  },
  {
    "lot_source_link": "https://www.mecum.com/lots/287865/1953-chevrolet-bel-air/?aa_id=198246-0",
    "lot_code": "Lot F83",
    "vehicle_chassis_no": "C530005576"
  },
  {
    "lot_source_link": "https://www.mecum.com/lots/287866/2005-volkswagen-beetle-convertible/?aa_id=198247-0",
    "lot_code": "Lot F84",
    "vehicle_chassis_no": "3VWBM31Y95M364728"
  },
  {
    "lot_source_link": "https://www.mecum.com/lots/287867/1956-chevrolet-corvette-convertible/?aa_id=198248-0",
    "lot_code": "Lot F85",
    "vehicle_chassis_no": "E56S001515"
  },
  {
    "lot_source_link": "https://www.mecum.com/lots/287868/1972-chevrolet-corvette-convertible/?aa_id=198249-0",
    "lot_code": "Lot F86",
    "vehicle_chassis_no": "1Z67K2S502065"
  },
  {
    "lot_source_link": "https://www.mecum.com/lots/287869/1995-lotus-esprit-s4/?aa_id=198250-0",
    "lot_code": "Lot F87",
    "vehicle_chassis_no": "SCCFD30C5SHF63027"
  },
  {
    "lot_source_link": "https://www.mecum.com/lots/287871/2008-mercedes-benz-sl550-convertible/?aa_id=198251-0",
    "lot_code": "Lot F89",
    "vehicle_chassis_no": "WDBSK71FX8F140708"
  },
  {
    "lot_source_link": "https://www.mecum.com/lots/287872/1976-chevrolet-c30-cheyenne-pickup/?aa_id=198252-0",
    "lot_code": "Lot F90",
    "vehicle_chassis_no": "CCS346Z145082"
  },
  {
    "lot_source_link": "https://www.mecum.com/lots/287874/2008-maserati-quattroporte-executive/?aa_id=198253-0",
    "lot_code": "Lot F92",
    "vehicle_chassis_no": "ZAMFE39A680039529"
  },
  {
    "lot_source_link": "https://www.mecum.com/lots/300723/1972-chevrolet-chevelle/?aa_id=204869-0",
    "lot_code": "Lot F93",
    "vehicle_chassis_no": "1C37H21544088"
  },
  {
    "lot_source_link": "https://www.mecum.com/lots/287876/1932-packard-eight-901-sedan/?aa_id=198254-0",
    "lot_code": "Lot F94",
    "vehicle_chassis_no": "5033834"
  },
  {
    "lot_source_link": "https://www.mecum.com/lots/287877/1963-chevrolet-corvette-convertible/?aa_id=198255-0",
    "lot_code": "Lot F95",
    "vehicle_chassis_no": "30867S107730"
  },
  {
    "lot_source_link": "https://www.mecum.com/lots/302699/1979-pontiac-trans-am/?aa_id=205915-0",
    "lot_code": "Lot F96.1",
    "vehicle_chassis_no": "2W87K9N119397"
  },
  {
    "lot_source_link": "https://www.mecum.com/lots/287879/1960-austin-healey-sprite-roadster/?aa_id=198256-0",
    "lot_code": "Lot F97",
    "vehicle_chassis_no": "8AE32322"
  },
  {
    "lot_source_link": "https://www.mecum.com/lots/302713/2006-land-rover-range-rover-sport/?aa_id=205929-0",
    "lot_code": "Lot F97.1",
    "vehicle_chassis_no": "SALSF25496A908750"
  },
  {
    "lot_source_link": "https://www.mecum.com/lots/287880/1956-ford-thunderbird/?aa_id=198257-0",
    "lot_code": "Lot F98",
    "vehicle_chassis_no": "P6FH220480"
  },
  {
    "lot_source_link": "https://www.mecum.com/lots/287881/1959-chevrolet-apache-3100-pickup/?aa_id=198258-0",
    "lot_code": "Lot F99",
    "vehicle_chassis_no": "3A59J122343"
  },
  {
    "lot_source_link": "https://www.mecum.com/lots/287882/1968-chevrolet-camaro/?aa_id=198259-0",
    "lot_code": "Lot F100",
    "vehicle_chassis_no": "124378N424157"
  },
  {
    "lot_source_link": "https://www.mecum.com/lots/287883/1957-ford-thunderbird/?aa_id=198260-0",
    "lot_code": "Lot F101",
    "vehicle_chassis_no": "D7FH357230"
  },
  {
    "lot_source_link": "https://www.mecum.com/lots/287884/1932-ford-roadster/?aa_id=198261-0",
    "lot_code": "Lot F102",
    "vehicle_chassis_no": "0R2312570"
  },
  {
    "lot_source_link": "https://www.mecum.com/lots/287885/1992-mercedes-benz-300e-sedan/?aa_id=198262-0",
    "lot_code": "Lot F103",
    "vehicle_chassis_no": "WDBEA26D5NB754241"
  },
  {
    "lot_source_link": "https://www.mecum.com/lots/287886/1967-pontiac-firebird/?aa_id=198263-0",
    "lot_code": "Lot F104",
    "vehicle_chassis_no": "223377U603310"
  },
  {
    "lot_source_link": "https://www.mecum.com/lots/287887/1970-ford-ranchero-gt/?aa_id=198264-0",
    "lot_code": "Lot F105",
    "vehicle_chassis_no": "0A48M278003"
  },
  {
    "lot_source_link": "https://www.mecum.com/lots/302135/1966-chevrolet-impala/?aa_id=205737-0",
    "lot_code": "Lot F105.1",
    "vehicle_chassis_no": "164376L199921"
  },
  {
    "lot_source_link": "https://www.mecum.com/lots/287888/1953-gmc-canopy-express/?aa_id=198265-0",
    "lot_code": "Lot F106",
    "vehicle_chassis_no": "10122P48193"
  },
  {
    "lot_source_link": "https://www.mecum.com/lots/287889/1939-nash-street-rod/?aa_id=198266-0",
    "lot_code": "Lot F107",
    "vehicle_chassis_no": "LH26461"
  },
  {
    "lot_source_link": "https://www.mecum.com/lots/287890/1963-chevrolet-corvette-convertible/?aa_id=198267-0",
    "lot_code": "Lot F108",
    "vehicle_chassis_no": "30867S111640"
  },
  {
    "lot_source_link": "https://www.mecum.com/lots/287891/2006-land-rover-range-rover-hse/?aa_id=198268-0",
    "lot_code": "Lot F109",
    "vehicle_chassis_no": "SALMF15476A209913"
  },
  {
    "lot_source_link": "https://www.mecum.com/lots/287892/1950-cadillac-deville/?aa_id=198269-0",
    "lot_code": "Lot F110",
    "vehicle_chassis_no": "506283110"
  },
  {
    "lot_source_link": "https://www.mecum.com/lots/287893/1969-chevrolet-camaro/?aa_id=198270-0",
    "lot_code": "Lot F111",
    "vehicle_chassis_no": "124379N677788"
  },
  {
    "lot_source_link": "https://www.mecum.com/lots/287894/1941-chevrolet-5-window-coupe/?aa_id=198271-0",
    "lot_code": "Lot F112",
    "vehicle_chassis_no": "AA782121"
  },
  {
    "lot_source_link": "https://www.mecum.com/lots/287895/1928-ford-model-a-roadster/?aa_id=198272-0",
    "lot_code": "Lot F113",
    "vehicle_chassis_no": "A132503"
  },
  {
    "lot_source_link": "https://www.mecum.com/lots/287896/1965-chevrolet-malibu-ss/?aa_id=198273-0",
    "lot_code": "Lot F114",
    "vehicle_chassis_no": "138375Z160346"
  },
  {
    "lot_source_link": "https://www.mecum.com/lots/287897/1996-gmc-custom-pickup/?aa_id=198274-0",
    "lot_code": "Lot F115",
    "vehicle_chassis_no": "1GTEK14RXTZ509964"
  },
  {
    "lot_source_link": "https://www.mecum.com/lots/287898/1947-oldsmobile-98/?aa_id=198275-0",
    "lot_code": "Lot F116",
    "vehicle_chassis_no": "H852327"
  },
  {
    "lot_source_link": "https://www.mecum.com/lots/287899/1967-chevrolet-c10-pickup/?aa_id=198276-0",
    "lot_code": "Lot F117",
    "vehicle_chassis_no": "CS147Z161005"
  },
  {
    "lot_source_link": "https://www.mecum.com/lots/300474/1980-pontiac-trans-am/?aa_id=204732-0",
    "lot_code": "Lot F118",
    "vehicle_chassis_no": "2W87WAL143958"
  },
  {
    "lot_source_link": "https://www.mecum.com/lots/287901/1958-chevrolet-apache-panel-truck/?aa_id=198277-0",
    "lot_code": "Lot F119",
    "vehicle_chassis_no": "3A58B109319"
  },
  {
    "lot_source_link": "https://www.mecum.com/lots/287902/1993-cadillac-allante-convertible/?aa_id=198278-0",
    "lot_code": "Lot F120",
    "vehicle_chassis_no": "1G6VS3394PU125844"
  },
  {
    "lot_source_link": "https://www.mecum.com/lots/287903/1970-ford-mustang-boss-302-fastback/?aa_id=198279-0",
    "lot_code": "Lot F121",
    "vehicle_chassis_no": "0F02G129539"
  },
  {
    "lot_source_link": "https://www.mecum.com/lots/287904/1951-chevrolet-sedan/?aa_id=198280-0",
    "lot_code": "Lot F122",
    "vehicle_chassis_no": "JAD686553"
  },
  {
    "lot_source_link": "https://www.mecum.com/lots/287905/1995-chevrolet-tahoe/?aa_id=198281-0",
    "lot_code": "Lot F123",
    "vehicle_chassis_no": "1GNEK18K6SJ327826"
  },
  {
    "lot_source_link": "https://www.mecum.com/lots/287906/1969-pontiac-firebird/?aa_id=198282-0",
    "lot_code": "Lot F124",
    "vehicle_chassis_no": "223379L103131"
  },
  {
    "lot_source_link": "https://www.mecum.com/lots/287907/1969-chevrolet-camaro-rs-ss/?aa_id=198283-0",
    "lot_code": "Lot F125",
    "vehicle_chassis_no": "124379N550028"
  },
  {
    "lot_source_link": "https://www.mecum.com/lots/287908/1964-ford-galaxie-500xl/?aa_id=198284-0",
    "lot_code": "Lot F126",
    "vehicle_chassis_no": "4P68Z158408"
  },
  {
    "lot_source_link": "https://www.mecum.com/lots/287909/1964-chevrolet-nova-resto-mod/?aa_id=198285-0",
    "lot_code": "Lot F127",
    "vehicle_chassis_no": "40111N152046"
  },
  {
    "lot_source_link": "https://www.mecum.com/lots/287910/1978-mg-roadster/?aa_id=198286-0",
    "lot_code": "Lot F128",
    "vehicle_chassis_no": "GHN5UJ447863G"
  },
  {
    "lot_source_link": "https://www.mecum.com/lots/287911/1968-chevrolet-camaro/?aa_id=198287-0",
    "lot_code": "Lot F129",
    "vehicle_chassis_no": "124378L301865"
  },
  {
    "lot_source_link": "https://www.mecum.com/lots/287912/1971-buick-gsx/?aa_id=198288-0",
    "lot_code": "Lot F130",
    "vehicle_chassis_no": "434371H192739"
  },
  {
    "lot_source_link": "https://www.mecum.com/lots/302700/1974-dodge-dart-sport/?aa_id=205916-0",
    "lot_code": "Lot F130.1",
    "vehicle_chassis_no": "LL29C4G137462"
  },
  {
    "lot_source_link": "https://www.mecum.com/lots/302759/1969-chevrolet-el-camino/?aa_id=205959-0",
    "lot_code": "Lot F131.1",
    "vehicle_chassis_no": "136809Z368073"
  },
  {
    "lot_source_link": "https://www.mecum.com/lots/287914/1969-mercury-cougar-convertible/?aa_id=198289-0",
    "lot_code": "Lot F132",
    "vehicle_chassis_no": "9F92H570847"
  },
  {
    "lot_source_link": "https://www.mecum.com/lots/287915/1933-ford-3-window-coupe-street-rod/?aa_id=198290-0",
    "lot_code": "Lot F133",
    "vehicle_chassis_no": "DRMVB0000155888M0"
  },
  {
    "lot_source_link": "https://www.mecum.com/lots/287916/1989-jeep-grand-wagoneer/?aa_id=198291-0",
    "lot_code": "Lot F134",
    "vehicle_chassis_no": "1J4GS5870KP106749"
  },
  {
    "lot_source_link": "https://www.mecum.com/lots/287917/1965-cadillac-deville-convertible/?aa_id=198292-0",
    "lot_code": "Lot F135",
    "vehicle_chassis_no": "F5174596"
  },
  {
    "lot_source_link": "https://www.mecum.com/lots/287918/1952-mg-td-roadster/?aa_id=198293-0",
    "lot_code": "Lot F136",
    "vehicle_chassis_no": "XPAGTD318760"
  },
  {
    "lot_source_link": "https://www.mecum.com/lots/287919/1977-mg-b-roadster/?aa_id=198294-0",
    "lot_code": "Lot F137",
    "vehicle_chassis_no": "GHN5UH430659G"
  },
  {
    "lot_source_link": "https://www.mecum.com/lots/287920/2012-chevrolet-camaro-rs/?aa_id=198295-0",
    "lot_code": "Lot F138",
    "vehicle_chassis_no": "2G1FB1E35C9176722"
  },
  {
    "lot_source_link": "https://www.mecum.com/lots/302714/1982-porsche-924-turbo/?aa_id=205930-0",
    "lot_code": "Lot F138.1",
    "vehicle_chassis_no": "WP0AA0937CN150242"
  },
  {
    "lot_source_link": "https://www.mecum.com/lots/287921/2000-plymouth-prowler-convertible/?aa_id=198296-0",
    "lot_code": "Lot F139",
    "vehicle_chassis_no": "1P3EW65G3YV602550"
  },
  {
    "lot_source_link": "https://www.mecum.com/lots/287922/2003-bmw-x5/?aa_id=198297-0",
    "lot_code": "Lot F140",
    "vehicle_chassis_no": "5UXFB33543LH48574"
  },
  {
    "lot_source_link": "https://www.mecum.com/lots/287923/1973-cadillac-eldorado-convertible/?aa_id=198298-0",
    "lot_code": "Lot F141",
    "vehicle_chassis_no": "6L67S3Q438845"
  },
  {
    "lot_source_link": "https://www.mecum.com/lots/287924/1970-chevrolet-chevelle/?aa_id=198299-0",
    "lot_code": "Lot F142",
    "vehicle_chassis_no": "1363701541389"
  },
  {
    "lot_source_link": "https://www.mecum.com/lots/287925/1959-volkswagen-deluxe-23-window-microbus/?aa_id=198300-0",
    "lot_code": "Lot F143",
    "vehicle_chassis_no": "481764"
  },
  {
    "lot_source_link": "https://www.mecum.com/lots/302715/2008-jeep-wrangler/?aa_id=205931-0",
    "lot_code": "Lot F144.1",
    "vehicle_chassis_no": "1J4FA24138L532031"
  },
  {
    "lot_source_link": "https://www.mecum.com/lots/287927/1970-chevrolet-chevelle-ls6/?aa_id=198301-0",
    "lot_code": "Lot F145",
    "vehicle_chassis_no": "136370R203756"
  },
  {
    "lot_source_link": "https://www.mecum.com/lots/287928/1963-volkswagen-beetle-cabriolet/?aa_id=198302-0",
    "lot_code": "Lot F146",
    "vehicle_chassis_no": "5276748"
  },
  {
    "lot_source_link": "https://www.mecum.com/lots/287929/1969-chevrolet-chevelle-ss/?aa_id=198303-0",
    "lot_code": "Lot F147",
    "vehicle_chassis_no": "136379K375799"
  },
  {
    "lot_source_link": "https://www.mecum.com/lots/287930/1939-american-bantam-woody/?aa_id=198304-0",
    "lot_code": "Lot F148",
    "vehicle_chassis_no": "62908"
  },
  {
    "lot_source_link": "https://www.mecum.com/lots/287931/1947-hudson-super-six/?aa_id=198305-0",
    "lot_code": "Lot F149",
    "vehicle_chassis_no": "17157860"
  },
  {
    "lot_source_link": "https://www.mecum.com/lots/287932/1993-cadillac-deville/?aa_id=198306-0",
    "lot_code": "Lot F150",
    "vehicle_chassis_no": "1G6CD53B9P4226023"
  },
  {
    "lot_source_link": "https://www.mecum.com/lots/302462/1985-chevrolet-corvette-coupe/?aa_id=205847-0",
    "lot_code": "Lot F150.1",
    "vehicle_chassis_no": "1G1YY0786F5106786"
  },
  {
    "lot_source_link": "https://www.mecum.com/lots/287933/2004-bentley-continental-gt/?aa_id=198307-0",
    "lot_code": "Lot F151",
    "vehicle_chassis_no": "SCBCR63W74C021683"
  },
  {
    "lot_source_link": "https://www.mecum.com/lots/302123/1972-chevrolet-corvette-coupe/?aa_id=205726-0",
    "lot_code": "Lot F152",
    "vehicle_chassis_no": "1Z37K2S501277"
  },
  {
    "lot_source_link": "https://www.mecum.com/lots/287935/1949-willys-jeepster/?aa_id=198308-0",
    "lot_code": "Lot F153",
    "vehicle_chassis_no": "46382760"
  },
  {
    "lot_source_link": "https://www.mecum.com/lots/287936/1965-chevrolet-impala-ss-convertible/?aa_id=198309-0",
    "lot_code": "Lot F154",
    "vehicle_chassis_no": "166675L191060"
  },
  {
    "lot_source_link": "https://www.mecum.com/lots/287937/1969-chevrolet-corvette-coupe/?aa_id=198310-0",
    "lot_code": "Lot F155",
    "vehicle_chassis_no": "194379S709693"
  },
  {
    "lot_source_link": "https://www.mecum.com/lots/287938/2007-nissan-350z-touring/?aa_id=198311-0",
    "lot_code": "Lot F156",
    "vehicle_chassis_no": "JN1BZ34D27M501393"
  },
  {
    "lot_source_link": "https://www.mecum.com/lots/287939/1927-ford-roadster-street-rod/?aa_id=198312-0",
    "lot_code": "Lot F157",
    "vehicle_chassis_no": "T14886903"
  },
  {
    "lot_source_link": "https://www.mecum.com/lots/287940/1970-pontiac-gto/?aa_id=198313-0",
    "lot_code": "Lot F158",
    "vehicle_chassis_no": "242370P256958"
  },
  {
    "lot_source_link": "https://www.mecum.com/lots/PJ17-287941/1937-chevrolet-pickup/?aa_id=198314-0",
    "lot_code": "Lot F159",
    "vehicle_chassis_no": "21GC077948"
  },
  {
    "lot_source_link": "https://www.mecum.com/lots/287942/1965-chevrolet-corvette-convertible/?aa_id=198315-0",
    "lot_code": "Lot F160",
    "vehicle_chassis_no": "194675S119598"
  },
  {
    "lot_source_link": "https://www.mecum.com/lots/287943/1998-chevrolet-corvette-convertible/?aa_id=198316-0",
    "lot_code": "Lot F161",
    "vehicle_chassis_no": "1G1YY32G7W5117666"
  },
  {
    "lot_source_link": "https://www.mecum.com/lots/287944/1977-chevrolet-camaro-z28/?aa_id=198317-0",
    "lot_code": "Lot F162",
    "vehicle_chassis_no": "1Q87L7N542813"
  },
  {
    "lot_source_link": "https://www.mecum.com/lots/287945/2008-nissan-350z/?aa_id=198318-0",
    "lot_code": "Lot F163",
    "vehicle_chassis_no": "JN1BZ34E28M751307"
  },
  {
    "lot_source_link": "https://www.mecum.com/lots/287946/1927-ford-model-t-roadster/?aa_id=198319-0",
    "lot_code": "Lot F164",
    "vehicle_chassis_no": "WA92159984"
  },
  {
    "lot_source_link": "https://www.mecum.com/lots/302136/1965-chevrolet-impala-convertible/?aa_id=205738-0",
    "lot_code": "Lot F165.1",
    "vehicle_chassis_no": "164675Y139427"
  },
  {
    "lot_source_link": "https://www.mecum.com/lots/287948/1969-pontiac-firebird/?aa_id=198320-0",
    "lot_code": "Lot F166",
    "vehicle_chassis_no": "223379L109638"
  },
  {
    "lot_source_link": "https://www.mecum.com/lots/302233/1972-ford-bronco/?aa_id=205810-0",
    "lot_code": "Lot F166.1",
    "vehicle_chassis_no": "U15GLN61305"
  },
  {
    "lot_source_link": "https://www.mecum.com/lots/287949/1987-buick-grand-national/?aa_id=198321-0",
    "lot_code": "Lot F167",
    "vehicle_chassis_no": "1G4GJ1175HP465286"
  },
  {
    "lot_source_link": "https://www.mecum.com/lots/287950/1970-chevrolet-nova/?aa_id=198322-0",
    "lot_code": "Lot F168",
    "vehicle_chassis_no": "113270W395878"
  },
  {
    "lot_source_link": "https://www.mecum.com/lots/287951/1995-cadillac-deville-sedan/?aa_id=198323-0",
    "lot_code": "Lot F169",
    "vehicle_chassis_no": "1G6KD52BXSU239983"
  },
  {
    "lot_source_link": "https://www.mecum.com/lots/287952/1956-ford-thunderbird/?aa_id=198324-0",
    "lot_code": "Lot F170",
    "vehicle_chassis_no": "P6FH260011"
  },
  {
    "lot_source_link": "https://www.mecum.com/lots/302716/2006-bmw-m3-convertible/?aa_id=205932-0",
    "lot_code": "Lot F170.1",
    "vehicle_chassis_no": "WBSBR93476PK11643"
  },
  {
    "lot_source_link": "https://www.mecum.com/lots/287953/1967-chevrolet-corvette-coupe/?aa_id=198325-0",
    "lot_code": "Lot F171",
    "vehicle_chassis_no": "194377S104475"
  },
  {
    "lot_source_link": "https://www.mecum.com/lots/287954/2002-chevrolet-camaro-ss-convertible/?aa_id=198326-0",
    "lot_code": "Lot F172",
    "vehicle_chassis_no": "2G1FP32G722117781"
  },
  {
    "lot_source_link": "https://www.mecum.com/lots/287955/1973-chevrolet-camaro/?aa_id=198327-0",
    "lot_code": "Lot F173",
    "vehicle_chassis_no": "1Q87H3N150225"
  },
  {
    "lot_source_link": "https://www.mecum.com/lots/287956/1955-ford-f100-pickup/?aa_id=198328-0",
    "lot_code": "Lot F174",
    "vehicle_chassis_no": "F10V5MEX13708"
  },
  {
    "lot_source_link": "https://www.mecum.com/lots/287957/1960-ford-falcon-custom/?aa_id=198329-0",
    "lot_code": "Lot F175",
    "vehicle_chassis_no": "0R11S147643"
  },
  {
    "lot_source_link": "https://www.mecum.com/lots/287958/1968-chevrolet-el-camino-ss/?aa_id=198330-0",
    "lot_code": "Lot F176",
    "vehicle_chassis_no": "138808Z166390"
  },
  {
    "lot_source_link": "https://www.mecum.com/lots/287959/1983-chevrolet-silverado-pickup/?aa_id=198331-0",
    "lot_code": "Lot F177",
    "vehicle_chassis_no": "2GCEK14H4D1100148"
  },
  {
    "lot_source_link": "https://www.mecum.com/lots/287960/1983-mercedes-benz-380sl-convertible/?aa_id=198332-0",
    "lot_code": "Lot F178",
    "vehicle_chassis_no": "WDBBA45A3DB023618"
  },
  {
    "lot_source_link": "https://www.mecum.com/lots/302124/1962-chevrolet-corvette-convertible/?aa_id=205727-0",
    "lot_code": "Lot F179",
    "vehicle_chassis_no": "20867S108974"
  },
  {
    "lot_source_link": "https://www.mecum.com/lots/287962/2009-bmw-330cic-convertible/?aa_id=198333-0",
    "lot_code": "Lot F180",
    "vehicle_chassis_no": "WBAWL73529P180987"
  },
  {
    "lot_source_link": "https://www.mecum.com/lots/287963/1970-chevrolet-el-camino/?aa_id=198334-0",
    "lot_code": "Lot F181",
    "vehicle_chassis_no": "136800K216877"
  },
  {
    "lot_source_link": "https://www.mecum.com/lots/287964/1971-chevrolet-suburban/?aa_id=198335-0",
    "lot_code": "Lot F182",
    "vehicle_chassis_no": "CE161Z606800"
  },
  {
    "lot_source_link": "https://www.mecum.com/lots/287965/1967-ford-mustang/?aa_id=198336-0",
    "lot_code": "Lot F183",
    "vehicle_chassis_no": "7R01T182523"
  },
  {
    "lot_source_link": "https://www.mecum.com/lots/287966/1955-oldsmobile-88/?aa_id=198337-0",
    "lot_code": "Lot F184",
    "vehicle_chassis_no": "557C6705"
  },
  {
    "lot_source_link": "https://www.mecum.com/lots/287967/1980-toyota-bj-41-land-cruiser/?aa_id=198338-0",
    "lot_code": "Lot F185",
    "vehicle_chassis_no": "BJ41007457"
  },
  {
    "lot_source_link": "https://www.mecum.com/lots/287968/1967-oldsmobile-442-convertible/?aa_id=198339-0",
    "lot_code": "Lot F186",
    "vehicle_chassis_no": "338677M131171"
  },
  {
    "lot_source_link": "https://www.mecum.com/lots/287969/2003-bmw-z4-roadster/?aa_id=198340-0",
    "lot_code": "Lot F187",
    "vehicle_chassis_no": "4USBT53473LT22305"
  },
  {
    "lot_source_link": "https://www.mecum.com/lots/287970/1996-dodge-viper-gts-pace-car-edition/?aa_id=198341-0",
    "lot_code": "Lot F188",
    "vehicle_chassis_no": "1B3ER69E2TV200562"
  },
  {
    "lot_source_link": "https://www.mecum.com/lots/287971/1968-ford-bronco/?aa_id=198342-0",
    "lot_code": "Lot F189",
    "vehicle_chassis_no": "U15NLC99203"
  },
  {
    "lot_source_link": "https://www.mecum.com/lots/287972/1970-chevrolet-chevelle-ls6/?aa_id=198343-0",
    "lot_code": "Lot F190",
    "vehicle_chassis_no": "136370K145892"
  },
  {
    "lot_source_link": "https://www.mecum.com/lots/287973/1965-ford-mustang-fastback/?aa_id=198344-0",
    "lot_code": "Lot F191",
    "vehicle_chassis_no": "AZ361244"
  },
  {
    "lot_source_link": "https://www.mecum.com/lots/287974/1970-chevrolet-el-camino/?aa_id=198345-0",
    "lot_code": "Lot F192",
    "vehicle_chassis_no": "136800K161795"
  },
  {
    "lot_source_link": "https://www.mecum.com/lots/287975/2004-chevrolet-silverado-pickup/?aa_id=198346-0",
    "lot_code": "Lot F193",
    "vehicle_chassis_no": "2GCEK13T141360724"
  },
  {
    "lot_source_link": "https://www.mecum.com/lots/287976/1959-ford-thunderbird/?aa_id=198347-0",
    "lot_code": "Lot F194",
    "vehicle_chassis_no": "J9YH145819"
  },
  {
    "lot_source_link": "https://www.mecum.com/lots/287977/1953-chevrolet-210-taxi/?aa_id=198348-0",
    "lot_code": "Lot F195",
    "vehicle_chassis_no": "LAA1078929"
  },
  {
    "lot_source_link": "https://www.mecum.com/lots/287978/2006-mercedes-benz-cl500/?aa_id=198349-0",
    "lot_code": "Lot F196",
    "vehicle_chassis_no": "WDBPJ75JX6A047771"
  },
  {
    "lot_source_link": "https://www.mecum.com/lots/287979/1955-pontiac-chieftain/?aa_id=198350-0",
    "lot_code": "Lot F197",
    "vehicle_chassis_no": "K755H30118"
  },
  {
    "lot_source_link": "https://www.mecum.com/lots/287980/1967-chevrolet-camaro/?aa_id=198351-0",
    "lot_code": "Lot F198",
    "vehicle_chassis_no": "123377L122108"
  },
  {
    "lot_source_link": "https://www.mecum.com/lots/287981/1980-porsche-911sc-targa/?aa_id=198352-0",
    "lot_code": "Lot F199",
    "vehicle_chassis_no": "91A0143541"
  },
  {
    "lot_source_link": "https://www.mecum.com/lots/287982/1974-ford-bronco-sport/?aa_id=198353-0",
    "lot_code": "Lot F200",
    "vehicle_chassis_no": "U15GLU51475"
  },
  {
    "lot_source_link": "https://www.mecum.com/lots/287983/1937-chrysler-c17-airflow/?aa_id=198354-0",
    "lot_code": "Lot F201",
    "vehicle_chassis_no": "7023189"
  },
  {
    "lot_source_link": "https://www.mecum.com/lots/287984/1964-pontiac-gto/?aa_id=198355-0",
    "lot_code": "Lot F202",
    "vehicle_chassis_no": "824F17976"
  },
  {
    "lot_source_link": "https://www.mecum.com/lots/287985/1969-chevrolet-nova-ss/?aa_id=198356-0",
    "lot_code": "Lot F203",
    "vehicle_chassis_no": "114279W351671"
  },
  {
    "lot_source_link": "https://www.mecum.com/lots/287986/1966-plymouth-satellite-convertible/?aa_id=198357-0",
    "lot_code": "Lot F204",
    "vehicle_chassis_no": "RP27G61112939"
  },
  {
    "lot_source_link": "https://www.mecum.com/lots/287987/1961-buick-lesabre/?aa_id=198358-0",
    "lot_code": "Lot F205",
    "vehicle_chassis_no": "4H2011039"
  },
  {
    "lot_source_link": "https://www.mecum.com/lots/287988/1971-plymouth-duster/?aa_id=198359-0",
    "lot_code": "Lot F206",
    "vehicle_chassis_no": "VL29G1B135699"
  },
  {
    "lot_source_link": "https://www.mecum.com/lots/287990/1970-oldsmobile-cutlass-supreme-sx-convertible/?aa_id=198360-0",
    "lot_code": "Lot F208",
    "vehicle_chassis_no": "342670M380433"
  },
  {
    "lot_source_link": "https://www.mecum.com/lots/287991/1972-chevrolet-chevelle/?aa_id=198361-0",
    "lot_code": "Lot F209",
    "vehicle_chassis_no": "1D37H2L513762"
  },
  {
    "lot_source_link": "https://www.mecum.com/lots/287992/1967-chrysler-newport/?aa_id=198362-0",
    "lot_code": "Lot F210",
    "vehicle_chassis_no": "CL23G73207454"
  },
  {
    "lot_source_link": "https://www.mecum.com/lots/287993/1965-ford-mustang/?aa_id=198363-0",
    "lot_code": "Lot F211",
    "vehicle_chassis_no": "5R07F102106"
  },
  {
    "lot_source_link": "https://www.mecum.com/lots/287994/1979-pontiac-trans-am/?aa_id=198364-0",
    "lot_code": "Lot F212",
    "vehicle_chassis_no": "2W87K9L199612"
  },
  {
    "lot_source_link": "https://www.mecum.com/lots/287996/1956-chrysler-imperial/?aa_id=198365-0",
    "lot_code": "Lot F214",
    "vehicle_chassis_no": "C568094"
  },
  {
    "lot_source_link": "https://www.mecum.com/lots/287997/1952-chevrolet-5-window-pickup/?aa_id=198366-0",
    "lot_code": "Lot F215",
    "vehicle_chassis_no": "KBA728613"
  },
  {
    "lot_source_link": "https://www.mecum.com/lots/287998/2001-porsche-boxster-s-convertible/?aa_id=198367-0",
    "lot_code": "Lot F216",
    "vehicle_chassis_no": "WP0CB29891U661290"
  },
  {
    "lot_source_link": "https://www.mecum.com/lots/287999/1966-dodge-coronet/?aa_id=198368-0",
    "lot_code": "Lot F217",
    "vehicle_chassis_no": "WP23G65115926"
  },
  {
    "lot_source_link": "https://www.mecum.com/lots/288000/1999-bentley-arnage/?aa_id=198369-0",
    "lot_code": "Lot F218",
    "vehicle_chassis_no": "SCBLB51E1XCX02970"
  },
  {
    "lot_source_link": "https://www.mecum.com/lots/288001/1978-cadillac-seville/?aa_id=198370-0",
    "lot_code": "Lot F219",
    "vehicle_chassis_no": "6S69BQ455051"
  },
  {
    "lot_source_link": "https://www.mecum.com/lots/288002/1955-dodge-coronet/?aa_id=198371-0",
    "lot_code": "Lot F220",
    "vehicle_chassis_no": "34939507"
  },
  {
    "lot_source_link": "https://www.mecum.com/lots/288003/1968-chevrolet-el-camino/?aa_id=198372-0",
    "lot_code": "Lot F221",
    "vehicle_chassis_no": "134808B125228"
  },
  {
    "lot_source_link": "https://www.mecum.com/lots/288004/1975-chevrolet-c10-pickup/?aa_id=198373-0",
    "lot_code": "Lot F222",
    "vehicle_chassis_no": "CCZ245F433648"
  },
  {
    "lot_source_link": "https://www.mecum.com/lots/288005/1965-shelby-cobra-replica/?aa_id=198374-0",
    "lot_code": "Lot F223",
    "vehicle_chassis_no": "F5R1006614RD"
  },
  {
    "lot_source_link": "https://www.mecum.com/lots/288006/1967-chevrolet-el-camino/?aa_id=198375-0",
    "lot_code": "Lot F224",
    "vehicle_chassis_no": "136807Z119755"
  },
  {
    "lot_source_link": "https://www.mecum.com/lots/302686/1967-chevrolet-chevelle/?aa_id=205906-0",
    "lot_code": "Lot F225",
    "vehicle_chassis_no": "0R89164"
  },
  {
    "lot_source_link": "https://www.mecum.com/lots/288011/1977-cadillac-eldorado-biarritz/?aa_id=198376-0",
    "lot_code": "Lot F229",
    "vehicle_chassis_no": "6L47S7Q120200"
  },
  {
    "lot_source_link": "https://www.mecum.com/lots/302717/1967-ford-galaxie-500xl/?aa_id=205933-0",
    "lot_code": "Lot F230.1",
    "vehicle_chassis_no": "7J55HI64143"
  },
  {
    "lot_source_link": "https://www.mecum.com/lots/288013/1979-pontiac-trans-am/?aa_id=198377-0",
    "lot_code": "Lot F231",
    "vehicle_chassis_no": "2W87K9L102171"
  },
  {
    "lot_source_link": "https://www.mecum.com/lots/288014/1955-chevrolet-cameo-pickup/?aa_id=198378-0",
    "lot_code": "Lot F232",
    "vehicle_chassis_no": "H255L004562"
  },
  {
    "lot_source_link": "https://www.mecum.com/lots/288015/1987-alfa-romeo-spider-quadrifoglio/?aa_id=198379-0",
    "lot_code": "Lot F233",
    "vehicle_chassis_no": "ZARBA5568H1052603"
  },
  {
    "lot_source_link": "https://www.mecum.com/lots/288016/1975-oldsmobile-cutlass/?aa_id=198380-0",
    "lot_code": "Lot F234",
    "vehicle_chassis_no": "3J57F5M113718"
  },
  {
    "lot_source_link": "https://www.mecum.com/lots/302687/2007-mercedes-benz-cls550/?aa_id=205907-0",
    "lot_code": "Lot F235",
    "vehicle_chassis_no": "WDDDJ72X87A088033"
  },
  {
    "lot_source_link": "https://www.mecum.com/lots/288018/1996-jaguar-vanden-plas-sedan/?aa_id=198381-0",
    "lot_code": "Lot F236",
    "vehicle_chassis_no": "SAJKX6746TC759093"
  },
  {
    "lot_source_link": "https://www.mecum.com/lots/288020/1972-gmc-pickup/?aa_id=198383-0",
    "lot_code": "Lot F238",
    "vehicle_chassis_no": "TCS142Z507037"
  },
  {
    "lot_source_link": "https://www.mecum.com/lots/288021/2006-mercedes-benz-ml350/?aa_id=198384-0",
    "lot_code": "Lot F239",
    "vehicle_chassis_no": "4JGBB86EX6A015107"
  },
  {
    "lot_source_link": "https://www.mecum.com/lots/288022/1971-ford-bronco/?aa_id=198385-0",
    "lot_code": "Lot F240",
    "vehicle_chassis_no": "U15GLK53675"
  },
  {
    "lot_source_link": "https://www.mecum.com/lots/288023/1969-plymouth-road-runner/?aa_id=198386-0",
    "lot_code": "Lot F241",
    "vehicle_chassis_no": "RM21H9E142975"
  },
  {
    "lot_source_link": "https://www.mecum.com/lots/288024/1932-ford-hi-boy-roadster/?aa_id=198387-0",
    "lot_code": "Lot F242",
    "vehicle_chassis_no": "181741214"
  },
  {
    "lot_source_link": "https://www.mecum.com/lots/288025/1969-chevrolet-chevelle/?aa_id=198388-0",
    "lot_code": "Lot F243",
    "vehicle_chassis_no": "136379K455154"
  },
  {
    "lot_source_link": "https://www.mecum.com/lots/288026/1962-jaguar-mkii/?aa_id=198389-0",
    "lot_code": "Lot F244",
    "vehicle_chassis_no": "P214376BW"
  },
  {
    "lot_source_link": "https://www.mecum.com/lots/288027/1995-gmc-yukon/?aa_id=198390-0",
    "lot_code": "Lot F245",
    "vehicle_chassis_no": "3GKEK18K6SG501294"
  },
  {
    "lot_source_link": "https://www.mecum.com/lots/288053/1974-porsche-914-custom/?aa_id=198391-0",
    "lot_code": "Lot F271",
    "vehicle_chassis_no": "4742900164"
  },
  {
    "lot_source_link": "https://www.mecum.com/lots/288117/1971-mercedes-benz-220/?aa_id=198392-0",
    "lot_code": "Lot S5",
    "vehicle_chassis_no": "11501010064211"
  },
  {
    "lot_source_link": "https://www.mecum.com/lots/288119/1973-chevrolet-camaro-rs/?aa_id=198393-0",
    "lot_code": "Lot S7",
    "vehicle_chassis_no": "1S87K3N167190"
  },
  {
    "lot_source_link": "https://www.mecum.com/lots/288120/1957-chevrolet-bel-air/?aa_id=198394-0",
    "lot_code": "Lot S8",
    "vehicle_chassis_no": "VC57A196582"
  },
  {
    "lot_source_link": "https://www.mecum.com/lots/288121/1964-oldsmobile-f85/?aa_id=198395-0",
    "lot_code": "Lot S9",
    "vehicle_chassis_no": "604F026156"
  },
  {
    "lot_source_link": "https://www.mecum.com/lots/288122/1967-plymouth-barracuda/?aa_id=198396-0",
    "lot_code": "Lot S10",
    "vehicle_chassis_no": "BH23E72217265"
  },
  {
    "lot_source_link": "https://www.mecum.com/lots/288123/2001-chevrolet-corvette-convertible/?aa_id=198397-0",
    "lot_code": "Lot S11",
    "vehicle_chassis_no": "1G1YY32G015105027"
  },
  {
    "lot_source_link": "https://www.mecum.com/lots/288124/1968-mercury-cougar-xr-7/?aa_id=198398-0",
    "lot_code": "Lot S12",
    "vehicle_chassis_no": "8F93J551815"
  },
  {
    "lot_source_link": "https://www.mecum.com/lots/288125/1965-shelby-cobra-replica/?aa_id=198399-0",
    "lot_code": "Lot S13",
    "vehicle_chassis_no": "WA98204609"
  },
  {
    "lot_source_link": "https://www.mecum.com/lots/288126/1978-toyota-fj-40-land-cruiser/?aa_id=198400-0",
    "lot_code": "Lot S14",
    "vehicle_chassis_no": "FJ40269326"
  },
  {
    "lot_source_link": "https://www.mecum.com/lots/288127/1939-mercury-coupe/?aa_id=198401-0",
    "lot_code": "Lot S15",
    "vehicle_chassis_no": "99A74800"
  },
  {
    "lot_source_link": "https://www.mecum.com/lots/288128/1966-ford-bronco-u15/?aa_id=198402-0",
    "lot_code": "Lot S16",
    "vehicle_chassis_no": "U15NL845509"
  },
  {
    "lot_source_link": "https://www.mecum.com/lots/288129/1951-mercury-custom/?aa_id=198403-0",
    "lot_code": "Lot S17",
    "vehicle_chassis_no": "51ME29038M"
  },
  {
    "lot_source_link": "https://www.mecum.com/lots/288130/1977-ford-f150-pickup/?aa_id=198404-0",
    "lot_code": "Lot S18",
    "vehicle_chassis_no": "F14HLY73151"
  },
  {
    "lot_source_link": "https://www.mecum.com/lots/288131/1970-ford-maverick-grabber/?aa_id=198405-0",
    "lot_code": "Lot S19",
    "vehicle_chassis_no": "0K91T332104"
  },
  {
    "lot_source_link": "https://www.mecum.com/lots/288132/1990-mercedes-benz-300sl-convertible/?aa_id=198406-0",
    "lot_code": "Lot S20",
    "vehicle_chassis_no": "WDBFA61E7LF004776"
  },
  {
    "lot_source_link": "https://www.mecum.com/lots/288134/1966-ford-mustang/?aa_id=198407-0",
    "lot_code": "Lot S22",
    "vehicle_chassis_no": "6F07C372787"
  },
  {
    "lot_source_link": "https://www.mecum.com/lots/288135/1937-buick-special-40/?aa_id=198408-0",
    "lot_code": "Lot S23",
    "vehicle_chassis_no": "43212227"
  },
  {
    "lot_source_link": "https://www.mecum.com/lots/288136/1972-chevrolet-camaro/?aa_id=198409-0",
    "lot_code": "Lot S24",
    "vehicle_chassis_no": "1Q87F2N154196"
  },
  {
    "lot_source_link": "https://www.mecum.com/lots/302701/1968-ford-mustang/?aa_id=205917-0",
    "lot_code": "Lot S25.1",
    "vehicle_chassis_no": "8R01C101058"
  },
  {
    "lot_source_link": "https://www.mecum.com/lots/288138/1963-studebaker-hawk/?aa_id=198410-0",
    "lot_code": "Lot S26",
    "vehicle_chassis_no": "63V1011"
  },
  {
    "lot_source_link": "https://www.mecum.com/lots/302774/2003-mercedes-benz-sl500/?aa_id=205971-0",
    "lot_code": "Lot S27.1",
    "vehicle_chassis_no": "WDBSK75F93F008185"
  },
  {
    "lot_source_link": "https://www.mecum.com/lots/288140/1994-ford-mustang-svt-cobra-pace-car-edition/?aa_id=198412-0",
    "lot_code": "Lot S28",
    "vehicle_chassis_no": "1FALP45D3RF160952"
  },
  {
    "lot_source_link": "https://www.mecum.com/lots/288141/1957-mercury-montclair/?aa_id=198413-0",
    "lot_code": "Lot S29",
    "vehicle_chassis_no": "57ME20378M"
  },
  {
    "lot_source_link": "https://www.mecum.com/lots/288142/2004-chevrolet-corvette-coupe/?aa_id=198414-0",
    "lot_code": "Lot S30",
    "vehicle_chassis_no": "1G1YY22G045122716"
  },
  {
    "lot_source_link": "https://www.mecum.com/lots/PJ17-302702/1969-mercury-cougar-xr-7/?aa_id=205918-0",
    "lot_code": "Lot S30.1",
    "vehicle_chassis_no": "9F93H526189"
  },
  {
    "lot_source_link": "https://www.mecum.com/lots/288143/2002-audi-s6-avant/?aa_id=198415-0",
    "lot_code": "Lot S31",
    "vehicle_chassis_no": "WAUXU54B32N094308"
  },
  {
    "lot_source_link": "https://www.mecum.com/lots/288144/1970-toyota-fj-40-land-cruiser/?aa_id=198416-0",
    "lot_code": "Lot S32",
    "vehicle_chassis_no": "FJ40080851"
  },
  {
    "lot_source_link": "https://www.mecum.com/lots/288146/1966-cadillac-eldorado-convertible/?aa_id=198418-0",
    "lot_code": "Lot S34",
    "vehicle_chassis_no": "E6124180"
  },
  {
    "lot_source_link": "https://www.mecum.com/lots/288147/2001-chevrolet-corvette-convertible/?aa_id=198419-0",
    "lot_code": "Lot S35",
    "vehicle_chassis_no": "1G1YY32G015114293"
  },
  {
    "lot_source_link": "https://www.mecum.com/lots/302731/2011-chevrolet-camaro-pace-car-edition/?aa_id=205944-0",
    "lot_code": "Lot S35.1",
    "vehicle_chassis_no": "2G1FT3DW8B9188138"
  },
  {
    "lot_source_link": "https://www.mecum.com/lots/288149/1967-chevrolet-camaro/?aa_id=198421-0",
    "lot_code": "Lot S37",
    "vehicle_chassis_no": "123377N100658"
  },
  {
    "lot_source_link": "https://www.mecum.com/lots/288150/1940-chevrolet-master-deluxe-street-rod/?aa_id=198422-0",
    "lot_code": "Lot S38",
    "vehicle_chassis_no": "2928382"
  },
  {
    "lot_source_link": "https://www.mecum.com/lots/302703/1969-ford-mustang-fastback/?aa_id=205919-0",
    "lot_code": "Lot S38.1",
    "vehicle_chassis_no": "9R02F105427"
  },
  {
    "lot_source_link": "https://www.mecum.com/lots/288151/1937-chevrolet-pickup-street-rod/?aa_id=198423-0",
    "lot_code": "Lot S39",
    "vehicle_chassis_no": "WA98241357"
  },
  {
    "lot_source_link": "https://www.mecum.com/lots/288152/1969-chevrolet-camaro-convertible/?aa_id=198424-0",
    "lot_code": "Lot S40",
    "vehicle_chassis_no": "124679N674163"
  },
  {
    "lot_source_link": "https://www.mecum.com/lots/288153/2006-mercedes-benz-e350-sedan/?aa_id=198425-0",
    "lot_code": "Lot S41",
    "vehicle_chassis_no": "WDBUF56J46A862460"
  },
  {
    "lot_source_link": "https://www.mecum.com/lots/288154/1977-datsun-280z/?aa_id=198426-0",
    "lot_code": "Lot S42",
    "vehicle_chassis_no": "HLS30370731"
  },
  {
    "lot_source_link": "https://www.mecum.com/lots/288155/1957-ford-fairlane-500/?aa_id=198427-0",
    "lot_code": "Lot S43",
    "vehicle_chassis_no": "D7LV167485"
  },
  {
    "lot_source_link": "https://www.mecum.com/lots/288156/1947-mercury-pickup/?aa_id=198428-0",
    "lot_code": "Lot S44",
    "vehicle_chassis_no": "402H4777993"
  },
  {
    "lot_source_link": "https://www.mecum.com/lots/288157/2005-chevrolet-corvette-coupe/?aa_id=198429-0",
    "lot_code": "Lot S45",
    "vehicle_chassis_no": "1G1YY24U755134995"
  },
  {
    "lot_source_link": "https://www.mecum.com/lots/302480/1970-chevrolet-chevelle/?aa_id=205859-0",
    "lot_code": "Lot S45.1",
    "vehicle_chassis_no": "136370K160903"
  },
  {
    "lot_source_link": "https://www.mecum.com/lots/288158/1955-chevrolet-bel-air/?aa_id=198430-0",
    "lot_code": "Lot S46",
    "vehicle_chassis_no": "VC55L034502"
  },
  {
    "lot_source_link": "https://www.mecum.com/lots/288159/2002-porsche-911-turbo/?aa_id=198431-0",
    "lot_code": "Lot S47",
    "vehicle_chassis_no": "WP0AB29922S686691"
  },
  {
    "lot_source_link": "https://www.mecum.com/lots/288160/1967-dodge-coronet-r-t/?aa_id=198432-0",
    "lot_code": "Lot S48",
    "vehicle_chassis_no": "WS23L75104208"
  },
  {
    "lot_source_link": "https://www.mecum.com/lots/302458/1968-international-scout/?aa_id=205845-0",
    "lot_code": "Lot S48.1",
    "vehicle_chassis_no": "781927G2596868"
  },
  {
    "lot_source_link": "https://www.mecum.com/lots/288161/1936-ford-sedan/?aa_id=198433-0",
    "lot_code": "Lot S49",
    "vehicle_chassis_no": "182653741"
  },
  {
    "lot_source_link": "https://www.mecum.com/lots/302456/1932-chevrolet-coupe/?aa_id=205844-0",
    "lot_code": "Lot S49.1",
    "vehicle_chassis_no": "3122203"
  },
  {
    "lot_source_link": "https://www.mecum.com/lots/288162/1974-chevrolet-corvette-convertible/?aa_id=198434-0",
    "lot_code": "Lot S50",
    "vehicle_chassis_no": "1Z67J4S432679"
  },
  {
    "lot_source_link": "https://www.mecum.com/lots/302753/1966-ford-bronco-u14/?aa_id=205955-0",
    "lot_code": "Lot S50.1",
    "vehicle_chassis_no": "U14NL889804"
  },
  {
    "lot_source_link": "https://www.mecum.com/lots/288163/2008-mini-cooper-s/?aa_id=198435-0",
    "lot_code": "Lot S51",
    "vehicle_chassis_no": "WMWMF73548TT93010"
  },
  {
    "lot_source_link": "https://www.mecum.com/lots/288164/1979-datsun-280zx-coupe/?aa_id=198436-0",
    "lot_code": "Lot S52",
    "vehicle_chassis_no": "HS130107682"
  },
  {
    "lot_source_link": "https://www.mecum.com/lots/302704/1968-ford-bronco/?aa_id=205920-0",
    "lot_code": "Lot S52.1",
    "vehicle_chassis_no": "U15NLC98103"
  },
  {
    "lot_source_link": "https://www.mecum.com/lots/302754/2012-dodge-ram-pickup/?aa_id=205956-0",
    "lot_code": "Lot S53.1",
    "vehicle_chassis_no": "1C6RD7PT3CS111548"
  },
  {
    "lot_source_link": "https://www.mecum.com/lots/302767/1932-ford-roadster-street-rod/?aa_id=205964-0",
    "lot_code": "Lot S54.1",
    "vehicle_chassis_no": "18324968"
  },
  {
    "lot_source_link": "https://www.mecum.com/lots/288167/1963-plymouth-belvedere/?aa_id=198438-0",
    "lot_code": "Lot S55",
    "vehicle_chassis_no": "3231182776"
  },
  {
    "lot_source_link": "https://www.mecum.com/lots/288168/1986-chevrolet-k5-blazer/?aa_id=198439-0",
    "lot_code": "Lot S56",
    "vehicle_chassis_no": "1G8EK18H2GF172659"
  },
  {
    "lot_source_link": "https://www.mecum.com/lots/288169/1951-mg-roadster/?aa_id=198440-0",
    "lot_code": "Lot S57",
    "vehicle_chassis_no": "TD8927"
  },
  {
    "lot_source_link": "https://www.mecum.com/lots/288170/1990-chevrolet-ss-454-pickup/?aa_id=198441-0",
    "lot_code": "Lot S58",
    "vehicle_chassis_no": "1GCDC14N0LZ188314"
  },
  {
    "lot_source_link": "https://www.mecum.com/lots/301514/1967-chevrolet-nova/?aa_id=205188-0",
    "lot_code": "Lot S59.1",
    "vehicle_chassis_no": "116377W127179"
  },
  {
    "lot_source_link": "https://www.mecum.com/lots/288172/1966-chevrolet-caprice/?aa_id=198442-0",
    "lot_code": "Lot S60",
    "vehicle_chassis_no": "166396L191610"
  },
  {
    "lot_source_link": "https://www.mecum.com/lots/288173/1983-porsche-928s-coupe/?aa_id=198443-0",
    "lot_code": "Lot S61",
    "vehicle_chassis_no": "WP0JB0921DS860440"
  },
  {
    "lot_source_link": "https://www.mecum.com/lots/288174/1962-chevrolet-chevy-ii-convertible/?aa_id=198444-0",
    "lot_code": "Lot S62",
    "vehicle_chassis_no": "20467W114811"
  },
  {
    "lot_source_link": "https://www.mecum.com/lots/288175/1941-chevrolet-deluxe-coupe/?aa_id=198445-0",
    "lot_code": "Lot S63",
    "vehicle_chassis_no": "WA98244059"
  },
  {
    "lot_source_link": "https://www.mecum.com/lots/288176/1970-amc-amx/?aa_id=198446-0",
    "lot_code": "Lot S64",
    "vehicle_chassis_no": "A0C397P250491"
  },
  {
    "lot_source_link": "https://www.mecum.com/lots/288177/1965-pontiac-gto/?aa_id=198447-0",
    "lot_code": "Lot S65",
    "vehicle_chassis_no": "237375B108739"
  },
  {
    "lot_source_link": "https://www.mecum.com/lots/288178/1954-chevrolet-corvette-roadster/?aa_id=198448-0",
    "lot_code": "Lot S66",
    "vehicle_chassis_no": "E54S001544"
  },
  {
    "lot_source_link": "https://www.mecum.com/lots/288179/2007-ford-mustang-gt/?aa_id=198449-0",
    "lot_code": "Lot S67",
    "vehicle_chassis_no": "1ZVHT82H475289387"
  },
  {
    "lot_source_link": "https://www.mecum.com/lots/302718/1992-porsche-968/?aa_id=205934-0",
    "lot_code": "Lot S67.1",
    "vehicle_chassis_no": "WP0AA2969NS820383"
  },
  {
    "lot_source_link": "https://www.mecum.com/lots/288180/1932-ford-roadster/?aa_id=198450-0",
    "lot_code": "Lot S68",
    "vehicle_chassis_no": "5164533"
  },
  {
    "lot_source_link": "https://www.mecum.com/lots/288181/2005-bentley-continental-gt/?aa_id=198451-0",
    "lot_code": "Lot S69",
    "vehicle_chassis_no": "SCBCR63W65C027850"
  },
  {
    "lot_source_link": "https://www.mecum.com/lots/288182/1969-plymouth-road-runner/?aa_id=198452-0",
    "lot_code": "Lot S70",
    "vehicle_chassis_no": "RM23H9G247055"
  },
  {
    "lot_source_link": "https://www.mecum.com/lots/302705/1970-oldsmobile-442/?aa_id=205921-0",
    "lot_code": "Lot S70.1",
    "vehicle_chassis_no": "344870E185738"
  },
  {
    "lot_source_link": "https://www.mecum.com/lots/288183/2000-chevrolet-blazer/?aa_id=198453-0",
    "lot_code": "Lot S71",
    "vehicle_chassis_no": "1GNCS18W9YK266100"
  },
  {
    "lot_source_link": "https://www.mecum.com/lots/302736/1956-oldsmobile-super-88/?aa_id=205947-0",
    "lot_code": "Lot S72",
    "vehicle_chassis_no": "568M30370"
  },
  {
    "lot_source_link": "https://www.mecum.com/lots/302724/1978-pontiac-trans-am/?aa_id=205939-0",
    "lot_code": "Lot S72.1",
    "vehicle_chassis_no": "2W87Z8L131458"
  },
  {
    "lot_source_link": "https://www.mecum.com/lots/288185/1933-ford-speedster-street-rod/?aa_id=198454-0",
    "lot_code": "Lot S73",
    "vehicle_chassis_no": "182401229"
  },
  {
    "lot_source_link": "https://www.mecum.com/lots/302768/1986-toyota-pickup/?aa_id=205965-0",
    "lot_code": "Lot S73.1",
    "vehicle_chassis_no": "JT4RN63B1G0035536"
  },
  {
    "lot_source_link": "https://www.mecum.com/lots/288186/1967-pontiac-gto-resto-mod/?aa_id=198455-0",
    "lot_code": "Lot S74",
    "vehicle_chassis_no": "242177Z103171"
  },
  {
    "lot_source_link": "https://www.mecum.com/lots/288187/1962-chevrolet-impala/?aa_id=198456-0",
    "lot_code": "Lot S75",
    "vehicle_chassis_no": "21847B171210"
  },
  {
    "lot_source_link": "https://www.mecum.com/lots/302125/1967-ford-fairlane-gta-convertible/?aa_id=205728-0",
    "lot_code": "Lot S75.1",
    "vehicle_chassis_no": "7H43C102707"
  },
  {
    "lot_source_link": "https://www.mecum.com/lots/288188/1966-dodge-charger/?aa_id=198457-0",
    "lot_code": "Lot S76",
    "vehicle_chassis_no": "XP29G61188643"
  },
  {
    "lot_source_link": "https://www.mecum.com/lots/288189/1977-ford-bronco/?aa_id=198458-0",
    "lot_code": "Lot S77",
    "vehicle_chassis_no": "U15GLY80113"
  },
  {
    "lot_source_link": "https://www.mecum.com/lots/288190/1969-plymouth-gtx/?aa_id=198459-0",
    "lot_code": "Lot S78",
    "vehicle_chassis_no": "RS23L9G134323"
  },
  {
    "lot_source_link": "https://www.mecum.com/lots/288191/1969-chevrolet-camaro/?aa_id=198460-0",
    "lot_code": "Lot S79",
    "vehicle_chassis_no": "124379N668620"
  },
  {
    "lot_source_link": "https://www.mecum.com/lots/288192/1964-chevrolet-chevelle-wagon/?aa_id=198461-0",
    "lot_code": "Lot S80",
    "vehicle_chassis_no": "45315L119933"
  },
  {
    "lot_source_link": "https://www.mecum.com/lots/288193/1995-jaguar-xjs-convertible/?aa_id=198462-0",
    "lot_code": "Lot S81",
    "vehicle_chassis_no": "SAJNX2744SC195335"
  },
  {
    "lot_source_link": "https://www.mecum.com/lots/302137/1960-chevrolet-corvette-convertible/?aa_id=205739-0",
    "lot_code": "Lot S82.1",
    "vehicle_chassis_no": "00867S102937"
  },
  {
    "lot_source_link": "https://www.mecum.com/lots/300484/1967-chevrolet-k10-pickup/?aa_id=204737-0",
    "lot_code": "Lot S83",
    "vehicle_chassis_no": "KS147Z154034"
  },
  {
    "lot_source_link": "https://www.mecum.com/lots/288196/1964-mercury-comet-caliente-convertible/?aa_id=198463-0",
    "lot_code": "Lot S84",
    "vehicle_chassis_no": "4H25K588080"
  },
  {
    "lot_source_link": "https://www.mecum.com/lots/288197/1958-chevrolet-bel-air-hardtop/?aa_id=198464-0",
    "lot_code": "Lot S85",
    "vehicle_chassis_no": "F58L154837"
  },
  {
    "lot_source_link": "https://www.mecum.com/lots/288198/1957-ford-fairlane-skyliner/?aa_id=198465-0",
    "lot_code": "Lot S86",
    "vehicle_chassis_no": "D7UW172267"
  },
  {
    "lot_source_link": "https://www.mecum.com/lots/288199/1926-buick-master-street-rod/?aa_id=198466-0",
    "lot_code": "Lot S87",
    "vehicle_chassis_no": "1641921"
  },
  {
    "lot_source_link": "https://www.mecum.com/lots/288200/1968-chevrolet-camaro-ss/?aa_id=198467-0",
    "lot_code": "Lot S88",
    "vehicle_chassis_no": "124378N453783"
  },
  {
    "lot_source_link": "https://www.mecum.com/lots/288201/1967-chevrolet-camaro-ss/?aa_id=198468-0",
    "lot_code": "Lot S89",
    "vehicle_chassis_no": "124377L141592"
  },
  {
    "lot_source_link": "https://www.mecum.com/lots/288202/1969-chevrolet-camaro/?aa_id=198469-0",
    "lot_code": "Lot S90",
    "vehicle_chassis_no": "124379L501641"
  },
  {
    "lot_source_link": "https://www.mecum.com/lots/302138/1967-chevrolet-chevelle-ss/?aa_id=205740-0",
    "lot_code": "Lot S90.1",
    "vehicle_chassis_no": "138177Z117398"
  },
  {
    "lot_source_link": "https://www.mecum.com/lots/288203/1929-ford-hi-boy/?aa_id=198470-0",
    "lot_code": "Lot S91",
    "vehicle_chassis_no": "A98566029"
  },
  {
    "lot_source_link": "https://www.mecum.com/lots/288204/1986-chevrolet-c30-33-crew-cab-pickup/?aa_id=198471-0",
    "lot_code": "Lot S92",
    "vehicle_chassis_no": "1GCGC33W7GS128824"
  },
  {
    "lot_source_link": "https://www.mecum.com/lots/302706/1968-chevrolet-chevelle-ss/?aa_id=205922-0",
    "lot_code": "Lot S92.1",
    "vehicle_chassis_no": "138378B168652"
  },
  {
    "lot_source_link": "https://www.mecum.com/lots/288205/2005-lexus-sc430-convertible/?aa_id=198472-0",
    "lot_code": "Lot S93",
    "vehicle_chassis_no": "JTHFN48Y450068885"
  },
  {
    "lot_source_link": "https://www.mecum.com/lots/288206/1969-chevrolet-camaro-ss/?aa_id=198473-0",
    "lot_code": "Lot S94",
    "vehicle_chassis_no": "124379L511006"
  },
  {
    "lot_source_link": "https://www.mecum.com/lots/288207/1955-chevrolet-bel-air/?aa_id=198474-0",
    "lot_code": "Lot S95",
    "vehicle_chassis_no": "VC55F242213"
  },
  {
    "lot_source_link": "https://www.mecum.com/lots/288208/1970-chevrolet-el-camino-ss/?aa_id=198475-0",
    "lot_code": "Lot S96",
    "vehicle_chassis_no": "136800K150095"
  },
  {
    "lot_source_link": "https://www.mecum.com/lots/288209/1970-plymouth-aar-cuda/?aa_id=198476-0",
    "lot_code": "Lot S97",
    "vehicle_chassis_no": "BS23J0B302115"
  },
  {
    "lot_source_link": "https://www.mecum.com/lots/288210/1947-chevrolet-fleetline/?aa_id=198477-0",
    "lot_code": "Lot S98",
    "vehicle_chassis_no": "21EJA1074"
  },
  {
    "lot_source_link": "https://www.mecum.com/lots/288211/1971-chevrolet-monte-carlo/?aa_id=198478-0",
    "lot_code": "Lot S99",
    "vehicle_chassis_no": "138571B203876"
  },
  {
    "lot_source_link": "https://www.mecum.com/lots/288212/1966-pontiac-gto-coupe/?aa_id=198479-0",
    "lot_code": "Lot S100",
    "vehicle_chassis_no": "242076P133915"
  },
  {
    "lot_source_link": "https://www.mecum.com/lots/288213/1971-ford-mustang-mach-1-fastback/?aa_id=198480-0",
    "lot_code": "Lot S101",
    "vehicle_chassis_no": "1F05J137963"
  },
  {
    "lot_source_link": "https://www.mecum.com/lots/288214/1969-jaguar-e-type-series-2-roadster/?aa_id=198481-0",
    "lot_code": "Lot S102",
    "vehicle_chassis_no": "1R9125"
  },
  {
    "lot_source_link": "https://www.mecum.com/lots/288215/1970-plymouth-road-runner/?aa_id=198482-0",
    "lot_code": "Lot S103",
    "vehicle_chassis_no": "RM23V0A236359"
  },
  {
    "lot_source_link": "https://www.mecum.com/lots/288216/1968-chevrolet-k10-pickup/?aa_id=198483-0",
    "lot_code": "Lot S104",
    "vehicle_chassis_no": "KS148Z107517"
  },
  {
    "lot_source_link": "https://www.mecum.com/lots/288257/1963-plymouth-savoy-max-wedge/?aa_id=198515-0",
    "lot_code": "Lot S105",
    "vehicle_chassis_no": "3131167605"
  },
  {
    "lot_source_link": "https://www.mecum.com/lots/288218/1970-ford-bronco/?aa_id=198484-0",
    "lot_code": "Lot S106",
    "vehicle_chassis_no": "U15GLH13655"
  },
  {
    "lot_source_link": "https://www.mecum.com/lots/301037/1969-dodge-dart/?aa_id=205089-0",
    "lot_code": "Lot S107",
    "vehicle_chassis_no": "LL23B9B375623"
  },
  {
    "lot_source_link": "https://www.mecum.com/lots/288220/1968-shelby-gt500-convertible/?aa_id=198485-0",
    "lot_code": "Lot S108",
    "vehicle_chassis_no": "8T03S17366302061"
  },
  {
    "lot_source_link": "https://www.mecum.com/lots/288221/1962-chevrolet-impala/?aa_id=198486-0",
    "lot_code": "Lot S109",
    "vehicle_chassis_no": "21847L223077"
  },
  {
    "lot_source_link": "https://www.mecum.com/lots/288222/1962-pontiac-catalina/?aa_id=198487-0",
    "lot_code": "Lot S110",
    "vehicle_chassis_no": "362S7690"
  },
  {
    "lot_source_link": "https://www.mecum.com/lots/302707/1969-chevrolet-el-camino-ss/?aa_id=205923-0",
    "lot_code": "Lot S110.1",
    "vehicle_chassis_no": "136809K421484"
  },
  {
    "lot_source_link": "https://www.mecum.com/lots/288223/1968-chevrolet-camaro-resto-mod/?aa_id=198488-0",
    "lot_code": "Lot S111",
    "vehicle_chassis_no": "124378N421182"
  },
  {
    "lot_source_link": "https://www.mecum.com/lots/288224/1960-chevrolet-impala/?aa_id=198489-0",
    "lot_code": "Lot S112",
    "vehicle_chassis_no": "01837J247136"
  },
  {
    "lot_source_link": "https://www.mecum.com/lots/302763/1964-chevrolet-malibu-wagon/?aa_id=205961-0",
    "lot_code": "Lot S113.1",
    "vehicle_chassis_no": "45415L150898"
  },
  {
    "lot_source_link": "https://www.mecum.com/lots/288226/1956-ford-f100-pickup/?aa_id=198490-0",
    "lot_code": "Lot S114",
    "vehicle_chassis_no": "F10V3D12380"
  },
  {
    "lot_source_link": "https://www.mecum.com/lots/288227/1967-chevrolet-corvette-convertible/?aa_id=198491-0",
    "lot_code": "Lot S115",
    "vehicle_chassis_no": "194677S107998"
  },
  {
    "lot_source_link": "https://www.mecum.com/lots/288229/1962-chevrolet-impala-resto-mod/?aa_id=198492-0",
    "lot_code": "Lot S117",
    "vehicle_chassis_no": "21847L175077"
  },
  {
    "lot_source_link": "https://www.mecum.com/lots/288247/1969-chevrolet-copo-camaro/?aa_id=198507-0",
    "lot_code": "Lot S118",
    "vehicle_chassis_no": "124379N646884"
  },
  {
    "lot_source_link": "https://www.mecum.com/lots/288231/1970-plymouth-road-runner/?aa_id=198493-0",
    "lot_code": "Lot S119",
    "vehicle_chassis_no": "RM23N0G178190"
  },
  {
    "lot_source_link": "https://www.mecum.com/lots/288232/1957-chevrolet-bel-air-convertible/?aa_id=198494-0",
    "lot_code": "Lot S120",
    "vehicle_chassis_no": "VC57S192943"
  },
  {
    "lot_source_link": "https://www.mecum.com/lots/302139/1963-chevrolet-impala/?aa_id=205741-0",
    "lot_code": "Lot S120.1",
    "vehicle_chassis_no": "31847S100004"
  },
  {
    "lot_source_link": "https://www.mecum.com/lots/288234/1969-dodge-charger-r-t/?aa_id=198495-0",
    "lot_code": "Lot S122",
    "vehicle_chassis_no": "XS29L9B228695"
  },
  {
    "lot_source_link": "https://www.mecum.com/lots/288235/2003-chevrolet-corvette-crc-conversion/?aa_id=198496-0",
    "lot_code": "Lot S123",
    "vehicle_chassis_no": "1G1YY32G235112015"
  },
  {
    "lot_source_link": "https://www.mecum.com/lots/288236/1956-chevrolet-corvette-convertible/?aa_id=198497-0",
    "lot_code": "Lot S124",
    "vehicle_chassis_no": "E56S003531"
  },
  {
    "lot_source_link": "https://www.mecum.com/lots/288237/1968-chevrolet-yenko-camaro/?aa_id=198498-0",
    "lot_code": "Lot S125",
    "vehicle_chassis_no": "124378N413680"
  },
  {
    "lot_source_link": "https://www.mecum.com/lots/288238/1970-chevrolet-chevelle-ls6/?aa_id=198499-0",
    "lot_code": "Lot S126",
    "vehicle_chassis_no": "136370B148471"
  },
  {
    "lot_source_link": "https://www.mecum.com/lots/288239/1968-dodge-charger-r-t/?aa_id=198500-0",
    "lot_code": "Lot S127",
    "vehicle_chassis_no": "XS29L8B148300"
  },
  {
    "lot_source_link": "https://www.mecum.com/lots/288240/1969-ford-mustang-mach-1-fastback/?aa_id=198501-0",
    "lot_code": "Lot S128",
    "vehicle_chassis_no": "9F02R100017"
  },
  {
    "lot_source_link": "https://www.mecum.com/lots/288241/1933-ford-coupe-street-rod/?aa_id=198502-0",
    "lot_code": "Lot S129",
    "vehicle_chassis_no": "F5R1000355HR"
  },
  {
    "lot_source_link": "https://www.mecum.com/lots/288242/1970-chevrolet-chevelle-ls6/?aa_id=198503-0",
    "lot_code": "Lot S130",
    "vehicle_chassis_no": "136370K147379"
  },
  {
    "lot_source_link": "https://www.mecum.com/lots/302708/2005-bentley-arnage-r/?aa_id=205924-0",
    "lot_code": "Lot S130.1",
    "vehicle_chassis_no": "SCBLC37F95CX10443"
  },
  {
    "lot_source_link": "https://www.mecum.com/lots/302769/1979-pontiac-trans-am/?aa_id=205966-0",
    "lot_code": "Lot S131.1",
    "vehicle_chassis_no": "2W87K9L199612"
  },
  {
    "lot_source_link": "https://www.mecum.com/lots/288244/1969-chevrolet-camaro/?aa_id=198505-0",
    "lot_code": "Lot S132",
    "vehicle_chassis_no": "124379N669675"
  },
  {
    "lot_source_link": "https://www.mecum.com/lots/302719/1987-chevrolet-1500-pickup/?aa_id=205935-0",
    "lot_code": "Lot S133.1",
    "vehicle_chassis_no": "1GCEV14K2HF392478"
  },
  {
    "lot_source_link": "https://www.mecum.com/lots/288246/1955-desoto-fireflite-convertible/?aa_id=198506-0",
    "lot_code": "Lot S134",
    "vehicle_chassis_no": "50340225"
  },
  {
    "lot_source_link": "https://www.mecum.com/lots/300439/1965-shelby-gt350-fastback/?aa_id=204706-0",
    "lot_code": "Lot S135",
    "vehicle_chassis_no": "SFM5S411"
  },
  {
    "lot_source_link": "https://www.mecum.com/lots/302725/2013-chevrolet-corvette-coupe/?aa_id=205940-0",
    "lot_code": "Lot S135.1",
    "vehicle_chassis_no": "1G1YL2DE3D5105886"
  },
  {
    "lot_source_link": "https://www.mecum.com/lots/302738/1957-chevrolet-bel-air/?aa_id=205948-0",
    "lot_code": "Lot S136",
    "vehicle_chassis_no": "VC570150123"
  },
  {
    "lot_source_link": "https://www.mecum.com/lots/302709/2003-bentley-arnage/?aa_id=205925-0",
    "lot_code": "Lot S136.1",
    "vehicle_chassis_no": "SCBLF34F43CX09239"
  },
  {
    "lot_source_link": "https://www.mecum.com/lots/300463/1968-ford-bronco-u14/?aa_id=204724-0",
    "lot_code": "Lot S137",
    "vehicle_chassis_no": "U14NLC57878"
  },
  {
    "lot_source_link": "https://www.mecum.com/lots/288250/1967-chevrolet-chevelle/?aa_id=198508-0",
    "lot_code": "Lot S138",
    "vehicle_chassis_no": "136177K113683"
  },
  {
    "lot_source_link": "https://www.mecum.com/lots/288251/1964-chevrolet-impala/?aa_id=198509-0",
    "lot_code": "Lot S139",
    "vehicle_chassis_no": "41847J100929"
  },
  {
    "lot_source_link": "https://www.mecum.com/lots/288252/1969-chevrolet-chevelle/?aa_id=198510-0",
    "lot_code": "Lot S140",
    "vehicle_chassis_no": "136379Z325285"
  },
  {
    "lot_source_link": "https://www.mecum.com/lots/288253/1975-oldsmobile-cutlass/?aa_id=198511-0",
    "lot_code": "Lot S141",
    "vehicle_chassis_no": "3J57K5M291518"
  },
  {
    "lot_source_link": "https://www.mecum.com/lots/288254/1980-shay-model-a-roadster-replica/?aa_id=198512-0",
    "lot_code": "Lot S142",
    "vehicle_chassis_no": "1HWA21AA1AE006749"
  },
  {
    "lot_source_link": "https://www.mecum.com/lots/288255/1969-mercury-cougar-xr-7/?aa_id=198513-0",
    "lot_code": "Lot S143",
    "vehicle_chassis_no": "9F93H554517"
  },
  {
    "lot_source_link": "https://www.mecum.com/lots/288256/1967-chevrolet-nova-ss/?aa_id=198514-0",
    "lot_code": "Lot S144",
    "vehicle_chassis_no": "118377W195074"
  },
  {
    "lot_source_link": "https://www.mecum.com/lots/300440/1969-chevrolet-chevelle-ss/?aa_id=204707-0",
    "lot_code": "Lot S145",
    "vehicle_chassis_no": "136379K436379"
  },
  {
    "lot_source_link": "https://www.mecum.com/lots/288258/1962-ford-thunderbird-convertible/?aa_id=198516-0",
    "lot_code": "Lot S146",
    "vehicle_chassis_no": "2Y85Z172135"
  },
  {
    "lot_source_link": "https://www.mecum.com/lots/302213/1967-chevrolet-camaro-rs-ss/?aa_id=205799-0",
    "lot_code": "Lot S146.1",
    "vehicle_chassis_no": "124377L141367"
  },
  {
    "lot_source_link": "https://www.mecum.com/lots/288259/1969-pontiac-gto-judge/?aa_id=198517-0",
    "lot_code": "Lot S147",
    "vehicle_chassis_no": "242379P317989"
  },
  {
    "lot_source_link": "https://www.mecum.com/lots/288260/1956-chevrolet-bel-air-convertible/?aa_id=198518-0",
    "lot_code": "Lot S148",
    "vehicle_chassis_no": "VC56T194892"
  },
  {
    "lot_source_link": "https://www.mecum.com/lots/288261/1949-ford-woody/?aa_id=198519-0",
    "lot_code": "Lot S149",
    "vehicle_chassis_no": "98BA412738"
  },
  {
    "lot_source_link": "https://www.mecum.com/lots/288262/1936-ford-sedan-street-rod/?aa_id=198520-0",
    "lot_code": "Lot S150",
    "vehicle_chassis_no": "182751885"
  },
  {
    "lot_source_link": "https://www.mecum.com/lots/302463/1970-plymouth-cuda/?aa_id=205848-0",
    "lot_code": "Lot S150.1",
    "vehicle_chassis_no": "BS23N0E118787"
  },
  {
    "lot_source_link": "https://www.mecum.com/lots/288263/1966-shelby-cobra-replica/?aa_id=198521-0",
    "lot_code": "Lot S151",
    "vehicle_chassis_no": "SVMXX5188"
  },
  {
    "lot_source_link": "https://www.mecum.com/lots/302710/1972-ford-bronco/?aa_id=205926-0",
    "lot_code": "Lot S151.1",
    "vehicle_chassis_no": "U15GLM71385"
  },
  {
    "lot_source_link": "https://www.mecum.com/lots/288264/1940-packard-super-eight-touring-sedan/?aa_id=198522-0",
    "lot_code": "Lot S152",
    "vehicle_chassis_no": "C502615B"
  },
  {
    "lot_source_link": "https://www.mecum.com/lots/288265/1967-cadillac-deville-convertible/?aa_id=198523-0",
    "lot_code": "Lot S153",
    "vehicle_chassis_no": "F7112588"
  },
  {
    "lot_source_link": "https://www.mecum.com/lots/302770/1952-chevrolet-5-window-pickup/?aa_id=205967-0",
    "lot_code": "Lot S153.1",
    "vehicle_chassis_no": "KBA728613"
  },
  {
    "lot_source_link": "https://www.mecum.com/lots/288266/1966-ford-mustang-fastback/?aa_id=198524-0",
    "lot_code": "Lot S154",
    "vehicle_chassis_no": "6R07C110126"
  },
  {
    "lot_source_link": "https://www.mecum.com/lots/302720/1996-porsche-911-carrera-cabriolet/?aa_id=205936-0",
    "lot_code": "Lot S154.1",
    "vehicle_chassis_no": "WP0CA2996TS341600"
  },
  {
    "lot_source_link": "https://www.mecum.com/lots/288267/1969-chevrolet-camaro-z28/?aa_id=198525-0",
    "lot_code": "Lot S155",
    "vehicle_chassis_no": "124379N591297"
  },
  {
    "lot_source_link": "https://www.mecum.com/lots/288268/1967-chevrolet-corvette-convertible/?aa_id=198526-0",
    "lot_code": "Lot S156",
    "vehicle_chassis_no": "194677S106869"
  },
  {
    "lot_source_link": "https://www.mecum.com/lots/288269/1933-ford-coupe-street-rod/?aa_id=198527-0",
    "lot_code": "Lot S157",
    "vehicle_chassis_no": "182022772"
  },
  {
    "lot_source_link": "https://www.mecum.com/lots/288270/1966-mercedes-benz-230sl-roadster/?aa_id=198528-0",
    "lot_code": "Lot S158",
    "vehicle_chassis_no": "11304212008815"
  },
  {
    "lot_source_link": "https://www.mecum.com/lots/288271/1969-oldsmobile-hurst-olds/?aa_id=198529-0",
    "lot_code": "Lot S159",
    "vehicle_chassis_no": "344879M352920"
  },
  {
    "lot_source_link": "https://www.mecum.com/lots/288272/1929-ford-model-a-street-rod/?aa_id=198530-0",
    "lot_code": "Lot S160",
    "vehicle_chassis_no": "1867383"
  },
  {
    "lot_source_link": "https://www.mecum.com/lots/302711/1969-ford-mustang/?aa_id=205927-0",
    "lot_code": "Lot S160.1",
    "vehicle_chassis_no": "9R02H151756"
  },
  {
    "lot_source_link": "https://www.mecum.com/lots/288274/1972-jaguar-e-type/?aa_id=198532-0",
    "lot_code": "Lot S162",
    "vehicle_chassis_no": "UC1S73387"
  },
  {
    "lot_source_link": "https://www.mecum.com/lots/288275/1955-chevrolet-bel-air/?aa_id=198533-0",
    "lot_code": "Lot S163",
    "vehicle_chassis_no": "VC55N128494"
  },
  {
    "lot_source_link": "https://www.mecum.com/lots/288276/1957-lincoln-continental-sport-coupe/?aa_id=198534-0",
    "lot_code": "Lot S164",
    "vehicle_chassis_no": "C56Q3623"
  },
  {
    "lot_source_link": "https://www.mecum.com/lots/288277/1993-dodge-viper-rt-10-roadster/?aa_id=198535-0",
    "lot_code": "Lot S165",
    "vehicle_chassis_no": "1B3BR65E8PV200483"
  },
  {
    "lot_source_link": "https://www.mecum.com/lots/302771/1947-hudson-super-six/?aa_id=205968-0",
    "lot_code": "Lot S165.1",
    "vehicle_chassis_no": "17157860"
  },
  {
    "lot_source_link": "https://www.mecum.com/lots/288278/1973-chevrolet-camaro/?aa_id=198536-0",
    "lot_code": "Lot S166",
    "vehicle_chassis_no": "1Q87H3N151529"
  },
  {
    "lot_source_link": "https://www.mecum.com/lots/288279/2011-chevrolet-corvette-zr1/?aa_id=198537-0",
    "lot_code": "Lot S167",
    "vehicle_chassis_no": "1G1YM2DTXB5800620"
  },
  {
    "lot_source_link": "https://www.mecum.com/lots/288280/1968-chevrolet-el-camino-ss/?aa_id=198538-0",
    "lot_code": "Lot S168",
    "vehicle_chassis_no": "138808Z104753"
  },
  {
    "lot_source_link": "https://www.mecum.com/lots/302481/1966-pontiac-gto-convertible/?aa_id=205860-0",
    "lot_code": "Lot S169",
    "vehicle_chassis_no": "242676P174132"
  },
  {
    "lot_source_link": "https://www.mecum.com/lots/288282/1995-porsche-911-cabriolet/?aa_id=198539-0",
    "lot_code": "Lot S170",
    "vehicle_chassis_no": "WP0CA2996SS342292"
  },
  {
    "lot_source_link": "https://www.mecum.com/lots/302772/1977-chevrolet-camaro-z28/?aa_id=205969-0",
    "lot_code": "Lot S170.1",
    "vehicle_chassis_no": "1Q87L7N542813"
  },
  {
    "lot_source_link": "https://www.mecum.com/lots/302712/1970-chevrolet-c10-pickup/?aa_id=205928-0",
    "lot_code": "Lot S172",
    "vehicle_chassis_no": "CE1345Z73233"
  },
  {
    "lot_source_link": "https://www.mecum.com/lots/288284/1966-ford-mustang-fastback/?aa_id=198540-0",
    "lot_code": "Lot S172.1",
    "vehicle_chassis_no": "6R09C181076"
  },
  {
    "lot_source_link": "https://www.mecum.com/lots/288286/1964-pontiac-gto/?aa_id=198541-0",
    "lot_code": "Lot S174",
    "vehicle_chassis_no": "824F14935"
  },
  {
    "lot_source_link": "https://www.mecum.com/lots/288287/2006-bmw-650i-convertible/?aa_id=198542-0",
    "lot_code": "Lot S175",
    "vehicle_chassis_no": "WBAEK13456CN76305"
  },
  {
    "lot_source_link": "https://www.mecum.com/lots/302773/1956-ford-thunderbird/?aa_id=205970-0",
    "lot_code": "Lot S175.1",
    "vehicle_chassis_no": "P6FH260011"
  },
  {
    "lot_source_link": "https://www.mecum.com/lots/288288/1956-dodge-sierra-wagon/?aa_id=198543-0",
    "lot_code": "Lot S176",
    "vehicle_chassis_no": "35012516"
  },
  {
    "lot_source_link": "https://www.mecum.com/lots/288289/1960-buick-lesabre-convertible/?aa_id=198544-0",
    "lot_code": "Lot S177",
    "vehicle_chassis_no": "4G4012031"
  },
  {
    "lot_source_link": "https://www.mecum.com/lots/288290/1941-willys-coupe-street-rod/?aa_id=198545-0",
    "lot_code": "Lot S178",
    "vehicle_chassis_no": "0P1WK01278"
  },
  {
    "lot_source_link": "https://www.mecum.com/lots/288291/1955-chevrolet-bel-air-convertible/?aa_id=198546-0",
    "lot_code": "Lot S179",
    "vehicle_chassis_no": "0146737T55FB"
  },
  {
    "lot_source_link": "https://www.mecum.com/lots/288293/1950-chevrolet-bread-delivery-van/?aa_id=198547-0",
    "lot_code": "Lot S181",
    "vehicle_chassis_no": "0146718162"
  },
  {
    "lot_source_link": "https://www.mecum.com/lots/288294/1969-amc-hurst-sc-rambler/?aa_id=198548-0",
    "lot_code": "Lot S182",
    "vehicle_chassis_no": "A9M097X241934"
  },
  {
    "lot_source_link": "https://www.mecum.com/lots/288295/2016-ford-shelby-gt350/?aa_id=198549-0",
    "lot_code": "Lot S183",
    "vehicle_chassis_no": "1FA6P8JZ6G5524872"
  },
  {
    "lot_source_link": "https://www.mecum.com/lots/288297/1965-buick-riviera-gs/?aa_id=198550-0",
    "lot_code": "Lot S185",
    "vehicle_chassis_no": "494475H915400"
  },
  {
    "lot_source_link": "https://www.mecum.com/lots/288298/1940-plymouth-deluxe-touring-sedan/?aa_id=198551-0",
    "lot_code": "Lot S186",
    "vehicle_chassis_no": "3245649"
  },
  {
    "lot_source_link": "https://www.mecum.com/lots/288299/1948-ford-f1-pickup/?aa_id=198552-0",
    "lot_code": "Lot S187",
    "vehicle_chassis_no": "97HC275962"
  },
  {
    "lot_source_link": "https://www.mecum.com/lots/288301/1969-volkswagen-double-cab-pickup/?aa_id=198553-0",
    "lot_code": "Lot S189",
    "vehicle_chassis_no": "269163630"
  },
  {
    "lot_source_link": "https://www.mecum.com/lots/288303/2008-bmw-128i/?aa_id=198554-0",
    "lot_code": "Lot S191",
    "vehicle_chassis_no": "WBAUN13518VH80508"
  },
  {
    "lot_source_link": "https://www.mecum.com/lots/302765/1957-chevrolet-bel-air/?aa_id=205962-0",
    "lot_code": "Lot S192.1",
    "vehicle_chassis_no": "VC570140544"
  },
  {
    "lot_source_link": "https://www.mecum.com/lots/288305/2000-volkswagen-eurovan/?aa_id=198555-0",
    "lot_code": "Lot S193",
    "vehicle_chassis_no": "WV2KH4702YH146106"
  },
  {
    "lot_source_link": "https://www.mecum.com/lots/288306/1966-chevrolet-chevelle/?aa_id=198556-0",
    "lot_code": "Lot S194",
    "vehicle_chassis_no": "133116K134304"
  },
  {
    "lot_source_link": "https://www.mecum.com/lots/288307/1971-chevrolet-blazer/?aa_id=198557-0",
    "lot_code": "Lot S195",
    "vehicle_chassis_no": "KE181S639805"
  },
  {
    "lot_source_link": "https://www.mecum.com/lots/288309/1972-chevrolet-c10-pickup/?aa_id=198558-0",
    "lot_code": "Lot S197",
    "vehicle_chassis_no": "CKE142Z167973"
  },
  {
    "lot_source_link": "https://www.mecum.com/lots/288311/1971-chevrolet-c10-cheyenne-pickup/?aa_id=198559-0",
    "lot_code": "Lot S199",
    "vehicle_chassis_no": "CE141Z665556"
  },
  {
    "lot_source_link": "https://www.mecum.com/lots/288313/1963-chevrolet-nova-convertible/?aa_id=198560-0",
    "lot_code": "Lot S201",
    "vehicle_chassis_no": "30467W120752"
  },
  {
    "lot_source_link": "https://www.mecum.com/lots/288314/2000-cadillac-catera/?aa_id=198561-0",
    "lot_code": "Lot S202",
    "vehicle_chassis_no": "W06VR54R5YR078817"
  },
  {
    "lot_source_link": "https://www.mecum.com/lots/288315/1970-chevrolet-chevelle-ls6/?aa_id=198562-0",
    "lot_code": "Lot S203",
    "vehicle_chassis_no": "136370K145892"
  },
  {
    "lot_source_link": "https://www.mecum.com/lots/288316/2000-jaguar-s-type/?aa_id=198563-0",
    "lot_code": "Lot S204",
    "vehicle_chassis_no": "SAJDA01C9YFL69554"
  },
  {
    "lot_source_link": "https://www.mecum.com/lots/288318/2012-dodge-ram-slt-pickup/?aa_id=198564-0",
    "lot_code": "Lot S206",
    "vehicle_chassis_no": "1C6RD7LT9CS315776"
  },
  {
    "lot_source_link": "https://www.mecum.com/lots/288320/1993-ford-bronco/?aa_id=198565-0",
    "lot_code": "Lot S208",
    "vehicle_chassis_no": "1FMEU15H0PLB25616"
  },
  {
    "lot_source_link": "https://www.mecum.com/lots/288322/1997-bmw-740i/?aa_id=198566-0",
    "lot_code": "Lot S210",
    "vehicle_chassis_no": "WBAGF8326VDL48505"
  },
  {
    "lot_source_link": "https://www.mecum.com/lots/288323/2007-bmw-750/?aa_id=198567-0",
    "lot_code": "Lot S211",
    "vehicle_chassis_no": "WBAHN835X7DT73279"
  },
  {
    "lot_source_link": "https://www.mecum.com/lots/288324/2012-chevrolet-camaro-rs/?aa_id=198568-0",
    "lot_code": "Lot S212",
    "vehicle_chassis_no": "2G1FB1E35C9176722"
  },
  {
    "lot_source_link": "https://www.mecum.com/lots/288325/2003-ford-thunderbird-convertible/?aa_id=198569-0",
    "lot_code": "Lot S213",
    "vehicle_chassis_no": "1FAHP60A83Y106217"
  },
  {
    "lot_source_link": "https://www.mecum.com/lots/288383/2005-maserati-cambriocorsa/?aa_id=198570-0",
    "lot_code": "Lot S271",
    "vehicle_chassis_no": "ZAMBC38A650016480"
  },
  {
    "lot_source_link": "https://www.mecum.com/lots/288384/1928-chevrolet-pickup/?aa_id=198571-0",
    "lot_code": "Lot S272",
    "vehicle_chassis_no": "2A1349915"
  },
  {
    "lot_source_link": "https://www.mecum.com/lots/288385/1995-chevrolet-tahoe/?aa_id=198572-0",
    "lot_code": "Lot S273",
    "vehicle_chassis_no": "1GNEK18K6SJ327826"
  }
]