[
  {
    "lot_source_link": "https://www.mecum.com/lots/1123628/1969-ford-bronco-sport/?aa_id=601570-0",
    "lot_code": "Lot S279",
    "vehicle_chassis_no": "U15FLF51656"
  },
  {
    "lot_source_link": "https://www.mecum.com/lots/1123459/1955-chevrolet-bel-air-hardtop/?aa_id=601668-0",
    "lot_code": "Lot S276",
    "vehicle_chassis_no": "VC55K037555"
  },
  {
    "lot_source_link": "https://www.mecum.com/lots/1123292/1979-ford-f150-flatbed/?aa_id=600699-0",
    "lot_code": "Lot S274",
    "vehicle_chassis_no": "F14BPED8546"
  },
  {
    "lot_source_link": "https://www.mecum.com/lots/1123252/1985-chevrolet-c10-pickup/?aa_id=601860-0",
    "lot_code": "Lot S272",
    "vehicle_chassis_no": "2GCCC14H7F1202681"
  },
  {
    "lot_source_link": "https://www.mecum.com/lots/1123083/2009-jeep-wrangler-unlimited/?aa_id=601659-0",
    "lot_code": "Lot S271",
    "vehicle_chassis_no": "1J4GA39109L755955"
  },
  {
    "lot_source_link": "https://www.mecum.com/lots/1123187/1968-pontiac-lemans/?aa_id=600544-0",
    "lot_code": "Lot S270",
    "vehicle_chassis_no": "237378Z109024"
  },
  {
    "lot_source_link": "https://www.mecum.com/lots/1123185/1965-ford-mustang-convertible/?aa_id=601723-0",
    "lot_code": "Lot S269",
    "vehicle_chassis_no": "5F08F103352"
  },
  {
    "lot_source_link": "https://www.mecum.com/lots/1123086/2006-chevrolet-monte-carlo-ss-nascar/?aa_id=600170-0",
    "lot_code": "Lot S264",
    "vehicle_chassis_no": "BILL OF SALE"
  },
  {
    "lot_source_link": "https://www.mecum.com/lots/1123082/1932-ford-coupe/?aa_id=600836-0",
    "lot_code": "Lot S263",
    "vehicle_chassis_no": "18117977"
  },
  {
    "lot_source_link": "https://www.mecum.com/lots/1123081/2016-mercedes-benz-amg-gt-s-coupe/?aa_id=600353-0",
    "lot_code": "Lot S262",
    "vehicle_chassis_no": "WDDYJ7JA2GA009888"
  },
  {
    "lot_source_link": "https://www.mecum.com/lots/1123045/2006-bentley-continental-flying-spur/?aa_id=600299-0",
    "lot_code": "Lot S260",
    "vehicle_chassis_no": "SCBBR53WX6C031360"
  },
  {
    "lot_source_link": "https://www.mecum.com/lots/1122999/2002-ford-thunderbird-convertible/?aa_id=599977-0",
    "lot_code": "Lot S258",
    "vehicle_chassis_no": "1FAHP60A32Y105099"
  },
  {
    "lot_source_link": "https://www.mecum.com/lots/1123021/2010-dodge-challenger-srt-8/?aa_id=599990-0",
    "lot_code": "Lot S255",
    "vehicle_chassis_no": "2B3CJ7DW3AH157652"
  },
  {
    "lot_source_link": "https://www.mecum.com/lots/1123018/2007-porsche-911-carrera-cabriolet/?aa_id=601620-0",
    "lot_code": "Lot S254",
    "vehicle_chassis_no": "WP0CA29957S765842"
  },
  {
    "lot_source_link": "https://www.mecum.com/lots/1122998/1993-chevrolet-corvette-40th-anniversary-coupe/?aa_id=600115-0",
    "lot_code": "Lot S253",
    "vehicle_chassis_no": "1G1YY23PXP5107787"
  },
  {
    "lot_source_link": "https://www.mecum.com/lots/1122977/2016-mercedes-benz-gla250/?aa_id=601575-0",
    "lot_code": "Lot S250",
    "vehicle_chassis_no": "WDCTG4EB7GJ204299"
  },
  {
    "lot_source_link": "https://www.mecum.com/lots/1122962/1956-chevrolet-3600-pickup/?aa_id=599900-0",
    "lot_code": "Lot S249",
    "vehicle_chassis_no": "3E56K011580"
  },
  {
    "lot_source_link": "https://www.mecum.com/lots/1122826/1982-chevrolet-corvette-coupe/?aa_id=601101-0",
    "lot_code": "Lot S246",
    "vehicle_chassis_no": "1G1AY878XC5122582"
  },
  {
    "lot_source_link": "https://www.mecum.com/lots/1123028/1970-toyota-fj-40-land-cruiser/?aa_id=600358-0",
    "lot_code": "Lot S243.1",
    "vehicle_chassis_no": "FJ4086799"
  },
  {
    "lot_source_link": "https://www.mecum.com/lots/1122641/1995-chevrolet-2500-silverado-pickup/?aa_id=599950-0",
    "lot_code": "Lot S240",
    "vehicle_chassis_no": "1GCGK29F6SE260081"
  },
  {
    "lot_source_link": "https://www.mecum.com/lots/1122558/1997-gmc-sierra-z71-pickup/?aa_id=599183-0",
    "lot_code": "Lot S239",
    "vehicle_chassis_no": "1GTEK14R1VZ520189"
  },
  {
    "lot_source_link": "https://www.mecum.com/lots/1122640/1984-chevrolet-suburban/?aa_id=599949-0",
    "lot_code": "Lot S238",
    "vehicle_chassis_no": "1G8GC26JXEF177736"
  },
  {
    "lot_source_link": "https://www.mecum.com/lots/1122634/1970-chevrolet-nova-ss/?aa_id=599405-0",
    "lot_code": "Lot S236",
    "vehicle_chassis_no": "113270W232678"
  },
  {
    "lot_source_link": "https://www.mecum.com/lots/1122557/2016-jeep-wrangler/?aa_id=599159-0",
    "lot_code": "Lot S235",
    "vehicle_chassis_no": "1C4BJWDG1GL134380"
  },
  {
    "lot_source_link": "https://www.mecum.com/lots/1123521/2002-lexus-sc430-convertible/?aa_id=600913-0",
    "lot_code": "Lot S234.1",
    "vehicle_chassis_no": "JTHFN48Y720032023"
  },
  {
    "lot_source_link": "https://www.mecum.com/lots/1119548/2005-lexus-sc430-pebble-beach-edition-convertible/?aa_id=594807-0",
    "lot_code": "Lot S233",
    "vehicle_chassis_no": "JTHFN48Y650061758"
  },
  {
    "lot_source_link": "https://www.mecum.com/lots/1119546/2011-mercedes-benz-e350-convertible/?aa_id=594840-0",
    "lot_code": "Lot S229",
    "vehicle_chassis_no": "WDDKK5GF4BF036970"
  },
  {
    "lot_source_link": "https://www.mecum.com/lots/1122600/1970-chevrolet-c10-pickup/?aa_id=599496-0",
    "lot_code": "Lot S228",
    "vehicle_chassis_no": "CE140Z142633"
  },
  {
    "lot_source_link": "https://www.mecum.com/lots/1123674/2024-spark-golf-cart/?aa_id=601959-0",
    "lot_code": "Lot S227.1",
    "vehicle_chassis_no": null
  },
  {
    "lot_source_link": "https://www.mecum.com/lots/1122022/2006-mercedes-benz-clk350-convertible/?aa_id=601464-0",
    "lot_code": "Lot S225",
    "vehicle_chassis_no": "WDBTK56G06T069771"
  },
  {
    "lot_source_link": "https://www.mecum.com/lots/1119549/2006-lexus-sc430-pebble-beach-edition-convertible/?aa_id=594796-0",
    "lot_code": "Lot S224",
    "vehicle_chassis_no": "JTHFN48YX69000684"
  },
  {
    "lot_source_link": "https://www.mecum.com/lots/1113124/2010-chevrolet-camaro-ss/?aa_id=561980-0",
    "lot_code": "Lot S221",
    "vehicle_chassis_no": "2G1FK1EJ3A9177704"
  },
  {
    "lot_source_link": "https://www.mecum.com/lots/1123039/1972-chevrolet-k10-pickup/?aa_id=601958-0",
    "lot_code": "Lot S220.1",
    "vehicle_chassis_no": "CKE142J146102"
  },
  {
    "lot_source_link": "https://www.mecum.com/lots/1119545/1986-rolls-royce-silver-spur/?aa_id=594836-0",
    "lot_code": "Lot S219",
    "vehicle_chassis_no": "SCAZN42A1GCX14449"
  },
  {
    "lot_source_link": "https://www.mecum.com/lots/1122315/2006-chevrolet-ssr/?aa_id=599706-0",
    "lot_code": "Lot S216",
    "vehicle_chassis_no": "1GCES14H86B122382"
  },
  {
    "lot_source_link": "https://www.mecum.com/lots/1121872/2018-dodge-challenger-r-t/?aa_id=598386-0",
    "lot_code": "Lot S215",
    "vehicle_chassis_no": "2C3CDZBT5JH118849"
  },
  {
    "lot_source_link": "https://www.mecum.com/lots/1121768/1990-chevrolet-454-ss-pickup/?aa_id=597179-0",
    "lot_code": "Lot S214",
    "vehicle_chassis_no": "1GCDC14N2LZ190064"
  },
  {
    "lot_source_link": "https://www.mecum.com/lots/1121111/1953-chevrolet-210-sedan/?aa_id=600825-0",
    "lot_code": "Lot S212",
    "vehicle_chassis_no": "B53S087181"
  },
  {
    "lot_source_link": "https://www.mecum.com/lots/1123622/2014-chevrolet-corvette-convertible/?aa_id=601551-0",
    "lot_code": "Lot S211.1",
    "vehicle_chassis_no": "1G1YM3D7XE5110329"
  },
  {
    "lot_source_link": "https://www.mecum.com/lots/1119550/2005-lexus-sc430-convertible/?aa_id=601573-0",
    "lot_code": "Lot S209",
    "vehicle_chassis_no": "JTHFN48Y550062755"
  },
  {
    "lot_source_link": "https://www.mecum.com/lots/1117017/1963-cadillac-eldorado-convertible/?aa_id=577798-0",
    "lot_code": "Lot S206",
    "vehicle_chassis_no": "63E067767"
  },
  {
    "lot_source_link": "https://www.mecum.com/lots/1118644/1980-gmc-jimmy/?aa_id=601027-0",
    "lot_code": "Lot S205",
    "vehicle_chassis_no": "TKL18AF507894"
  },
  {
    "lot_source_link": "https://www.mecum.com/lots/1118646/1965-ford-mustang-gt-k-code-coupe/?aa_id=600528-0",
    "lot_code": "Lot S204",
    "vehicle_chassis_no": "5R07K258609"
  },
  {
    "lot_source_link": "https://www.mecum.com/lots/1120274/2013-bentley-continental-gtc-convertible/?aa_id=592542-0",
    "lot_code": "Lot S203",
    "vehicle_chassis_no": "SCBGR3ZA7DC078980"
  },
  {
    "lot_source_link": "https://www.mecum.com/lots/1120746/1978-ford-f150-pickup/?aa_id=600873-0",
    "lot_code": "Lot S201",
    "vehicle_chassis_no": "F14BLBE6320"
  },
  {
    "lot_source_link": "https://www.mecum.com/lots/1122001/2005-mercedes-benz-slk350-convertible/?aa_id=600202-0",
    "lot_code": "Lot S200",
    "vehicle_chassis_no": "WDBWK56F75F050328"
  },
  {
    "lot_source_link": "https://www.mecum.com/lots/1121929/1956-ford-f100-pickup/?aa_id=598520-0",
    "lot_code": "Lot S197",
    "vehicle_chassis_no": "F10V6K20359"
  },
  {
    "lot_source_link": "https://www.mecum.com/lots/1122024/2009-mercedes-benz-sl550-convertible/?aa_id=601653-0",
    "lot_code": "Lot S196",
    "vehicle_chassis_no": "WDBSK71F69F143302"
  },
  {
    "lot_source_link": "https://www.mecum.com/lots/1122025/2004-mercedes-benz-sl600-convertible/?aa_id=600200-0",
    "lot_code": "Lot S195",
    "vehicle_chassis_no": "WDBSK76F74F079269"
  },
  {
    "lot_source_link": "https://www.mecum.com/lots/1122570/1972-chevrolet-corvette-lt1-convertible/?aa_id=599104-0",
    "lot_code": "Lot S193",
    "vehicle_chassis_no": "1Z67L2S513797"
  },
  {
    "lot_source_link": "https://www.mecum.com/lots/1122583/1955-ford-fairlane-victoria/?aa_id=599106-0",
    "lot_code": "Lot S192",
    "vehicle_chassis_no": "U5MV176398"
  },
  {
    "lot_source_link": "https://www.mecum.com/lots/1122554/1978-pontiac-trans-am-pro-touring/?aa_id=599344-0",
    "lot_code": "Lot S191",
    "vehicle_chassis_no": "2W87Z8N136568"
  },
  {
    "lot_source_link": "https://www.mecum.com/lots/1119557/1966-chevrolet-chevelle/?aa_id=599859-0",
    "lot_code": "Lot S189",
    "vehicle_chassis_no": "136176Z153563"
  },
  {
    "lot_source_link": "https://www.mecum.com/lots/1122551/1980-chevrolet-c30-pickup/?aa_id=599892-0",
    "lot_code": "Lot S188",
    "vehicle_chassis_no": "CCW34AB100249"
  },
  {
    "lot_source_link": "https://www.mecum.com/lots/1120336/2010-mercedes-benz-g55-amg/?aa_id=598934-0",
    "lot_code": "Lot S187",
    "vehicle_chassis_no": "WDCYC7BFXAX183933"
  },
  {
    "lot_source_link": "https://www.mecum.com/lots/1121113/1967-pontiac-gto/?aa_id=600824-0",
    "lot_code": "Lot S186",
    "vehicle_chassis_no": "242177Z121647"
  },
  {
    "lot_source_link": "https://www.mecum.com/lots/1122545/2015-chevrolet-corvette-z06-3lt-coupe/?aa_id=599033-0",
    "lot_code": "Lot S184",
    "vehicle_chassis_no": "1G1YT2D63F5607020"
  },
  {
    "lot_source_link": "https://www.mecum.com/lots/1122580/1970-chevrolet-camaro-z28/?aa_id=599113-0",
    "lot_code": "Lot S182",
    "vehicle_chassis_no": "124870N547759"
  },
  {
    "lot_source_link": "https://www.mecum.com/lots/1122578/1957-ford-f100-pickup/?aa_id=599155-0",
    "lot_code": "Lot S180",
    "vehicle_chassis_no": "F10J7R16689"
  },
  {
    "lot_source_link": "https://www.mecum.com/lots/1123020/1966-ford-mustang-convertible/?aa_id=600221-0",
    "lot_code": "Lot S179.1",
    "vehicle_chassis_no": "6F08C193404"
  },
  {
    "lot_source_link": "https://www.mecum.com/lots/1122311/1958-chevrolet-corvette-custom-convertible/?aa_id=599162-0",
    "lot_code": "Lot S175",
    "vehicle_chassis_no": "J58S100153"
  },
  {
    "lot_source_link": "https://www.mecum.com/lots/1122957/1989-ford-mustang-gt/?aa_id=601197-0",
    "lot_code": "Lot S174.1",
    "vehicle_chassis_no": "1FABP42E2KF239169"
  },
  {
    "lot_source_link": "https://www.mecum.com/lots/1122272/2011-aston-martin-v8-vantage-n420-roadster/?aa_id=600294-0",
    "lot_code": "Lot S174",
    "vehicle_chassis_no": "SCFEFBBK1BGD14625"
  },
  {
    "lot_source_link": "https://www.mecum.com/lots/1121825/1948-ford-f1-pickup/?aa_id=598912-0",
    "lot_code": "Lot S170",
    "vehicle_chassis_no": "88RD116843"
  },
  {
    "lot_source_link": "https://www.mecum.com/lots/1122464/1967-ford-mustang-fastback/?aa_id=599065-0",
    "lot_code": "Lot S168",
    "vehicle_chassis_no": "7T02C189088"
  },
  {
    "lot_source_link": "https://www.mecum.com/lots/1119556/1967-chevrolet-camaro/?aa_id=596852-0",
    "lot_code": "Lot S167",
    "vehicle_chassis_no": "124377N184537"
  },
  {
    "lot_source_link": "https://www.mecum.com/lots/1122049/1991-chevrolet-pickup/?aa_id=599342-0",
    "lot_code": "Lot S166",
    "vehicle_chassis_no": "1GBJR33K7MF300988"
  },
  {
    "lot_source_link": "https://www.mecum.com/lots/1119915/1968-chevrolet-camaro-convertible/?aa_id=598649-0",
    "lot_code": "Lot S163",
    "vehicle_chassis_no": "124678N301041"
  },
  {
    "lot_source_link": "https://www.mecum.com/lots/1122564/2023-cadillac-escalade-v/?aa_id=599139-0",
    "lot_code": "Lot S160",
    "vehicle_chassis_no": "1GYS4HK98PR211437"
  },
  {
    "lot_source_link": "https://www.mecum.com/lots/1122458/1969-chevrolet-camaro-rs-convertible/?aa_id=599856-0",
    "lot_code": "Lot S158",
    "vehicle_chassis_no": "124679N521011"
  },
  {
    "lot_source_link": "https://www.mecum.com/lots/1122329/2018-jeep-6x6-custom-pickup/?aa_id=600152-0",
    "lot_code": "Lot S157",
    "vehicle_chassis_no": "1C4HJWDG5JL918420"
  },
  {
    "lot_source_link": "https://www.mecum.com/lots/1122270/1964-chevrolet-malibu-convertible/?aa_id=598983-0",
    "lot_code": "Lot S155",
    "vehicle_chassis_no": "45567B182798"
  },
  {
    "lot_source_link": "https://www.mecum.com/lots/1122958/1972-ford-bronco/?aa_id=601564-0",
    "lot_code": "Lot S153.1",
    "vehicle_chassis_no": "U15GLP88841"
  },
  {
    "lot_source_link": "https://www.mecum.com/lots/1122188/1971-chevrolet-camaro-rs/?aa_id=598789-0",
    "lot_code": "Lot S153",
    "vehicle_chassis_no": "124871L513540"
  },
  {
    "lot_source_link": "https://www.mecum.com/lots/1122166/2024-chevrolet-corvette-z06-coupe/?aa_id=601568-0",
    "lot_code": "Lot S152",
    "vehicle_chassis_no": "1G1YE2D38R5604246"
  },
  {
    "lot_source_link": "https://www.mecum.com/lots/1118087/1968-plymouth-road-runner-hardtop/?aa_id=592162-0",
    "lot_code": "Lot S151",
    "vehicle_chassis_no": "RM23H8A320286"
  },
  {
    "lot_source_link": "https://www.mecum.com/lots/1122043/1960-chevrolet-corvette-convertible/?aa_id=598919-0",
    "lot_code": "Lot S150",
    "vehicle_chassis_no": "00867S102068"
  },
  {
    "lot_source_link": "https://www.mecum.com/lots/1121981/1979-pontiac-trans-am-se/?aa_id=601296-0",
    "lot_code": "Lot S149",
    "vehicle_chassis_no": "2W87K9L185341"
  },
  {
    "lot_source_link": "https://www.mecum.com/lots/1121818/1967-chevrolet-chevelle-ss/?aa_id=597157-0",
    "lot_code": "Lot S148",
    "vehicle_chassis_no": "138177K200001"
  },
  {
    "lot_source_link": "https://www.mecum.com/lots/1123204/2023-dodge-challenger-black-ghost/?aa_id=600518-0",
    "lot_code": "Lot S147.1",
    "vehicle_chassis_no": "2C3CDZL96PH545825"
  },
  {
    "lot_source_link": "https://www.mecum.com/lots/1121931/1969-chevrolet-chevelle-ss/?aa_id=598650-0",
    "lot_code": "Lot S146",
    "vehicle_chassis_no": "136379B410322"
  },
  {
    "lot_source_link": "https://www.mecum.com/lots/1121416/1957-chevrolet-bel-air-hardtop/?aa_id=599141-0",
    "lot_code": "Lot S145",
    "vehicle_chassis_no": "VC57B133341"
  },
  {
    "lot_source_link": "https://www.mecum.com/lots/1119059/1985-gmc-k15-pickup/?aa_id=597856-0",
    "lot_code": "Lot S143",
    "vehicle_chassis_no": "1GTEK14H8FF712932"
  },
  {
    "lot_source_link": "https://www.mecum.com/lots/1123510/1955-oldsmobile-98-starfire-convertible/?aa_id=601103-0",
    "lot_code": "Lot S140.1",
    "vehicle_chassis_no": "559K6523"
  },
  {
    "lot_source_link": "https://www.mecum.com/lots/1122497/1994-gmc-sierra-1500-custom-pickup/?aa_id=600737-0",
    "lot_code": "Lot S140",
    "vehicle_chassis_no": "2GTEK19K6R1550654"
  },
  {
    "lot_source_link": "https://www.mecum.com/lots/1119964/1970-chevrolet-chevelle-ss/?aa_id=598652-0",
    "lot_code": "Lot S139",
    "vehicle_chassis_no": "136370K192275"
  },
  {
    "lot_source_link": "https://www.mecum.com/lots/1121873/1971-volkswagen-type-ii-deluxe-bus/?aa_id=599100-0",
    "lot_code": "Lot S137",
    "vehicle_chassis_no": "BH235824"
  },
  {
    "lot_source_link": "https://www.mecum.com/lots/1121514/1957-chevrolet-bel-air-convertible/?aa_id=596894-0",
    "lot_code": "Lot S136",
    "vehicle_chassis_no": "VC57J224718"
  },
  {
    "lot_source_link": "https://www.mecum.com/lots/1121093/1978-pontiac-trans-am-coupe/?aa_id=594774-0",
    "lot_code": "Lot S134",
    "vehicle_chassis_no": "2W87Z8N165260"
  },
  {
    "lot_source_link": "https://www.mecum.com/lots/1118088/1970-dodge-super-bee-coupe/?aa_id=592165-0",
    "lot_code": "Lot S132",
    "vehicle_chassis_no": "WM21N0A159356"
  },
  {
    "lot_source_link": "https://www.mecum.com/lots/1121029/1968-chevrolet-el-camino/?aa_id=597724-0",
    "lot_code": "Lot S131",
    "vehicle_chassis_no": "138808K151024"
  },
  {
    "lot_source_link": "https://www.mecum.com/lots/1122037/1971-chevrolet-c10-pickup/?aa_id=599084-0",
    "lot_code": "Lot S130",
    "vehicle_chassis_no": "CE141F814936"
  },
  {
    "lot_source_link": "https://www.mecum.com/lots/1119998/1954-buick-roadmaster-convertible/?aa_id=591645-0",
    "lot_code": "Lot S128",
    "vehicle_chassis_no": "7A1121316"
  },
  {
    "lot_source_link": "https://www.mecum.com/lots/1113034/1970-chevrolet-chevelle-ss/?aa_id=599759-0",
    "lot_code": "Lot S124",
    "vehicle_chassis_no": "136370L116082"
  },
  {
    "lot_source_link": "https://www.mecum.com/lots/1118086/1967-pontiac-gto-hardtop/?aa_id=592163-0",
    "lot_code": "Lot S122",
    "vehicle_chassis_no": "242177P227699"
  },
  {
    "lot_source_link": "https://www.mecum.com/lots/1123072/2023-dodge-challenger-mopar-23-special-edition/?aa_id=600072-0",
    "lot_code": "Lot S121.1",
    "vehicle_chassis_no": "2C3CDZFJ7PH678020"
  },
  {
    "lot_source_link": "https://www.mecum.com/lots/1110390/2015-chevrolet-corvette-z06-coupe/?aa_id=582605-0",
    "lot_code": "Lot S121",
    "vehicle_chassis_no": "1G1YP2D66F5609364"
  },
  {
    "lot_source_link": "https://www.mecum.com/lots/1122211/1970-ford-mustang-mach-1-fastback/?aa_id=598883-0",
    "lot_code": "Lot S119",
    "vehicle_chassis_no": "0F05H169689"
  },
  {
    "lot_source_link": "https://www.mecum.com/lots/1119367/1970-dodge-challenger-r-t/?aa_id=590341-0",
    "lot_code": "Lot S118",
    "vehicle_chassis_no": "JS23N0B407764"
  },
  {
    "lot_source_link": "https://www.mecum.com/lots/1123653/2022-chevrolet-corvette-coupe/?aa_id=601740-0",
    "lot_code": "Lot S117.1",
    "vehicle_chassis_no": "1G1YB2D46N5100936"
  },
  {
    "lot_source_link": "https://www.mecum.com/lots/1121236/2014-bentley-continental-gtc-convertible/?aa_id=600240-0",
    "lot_code": "Lot S116",
    "vehicle_chassis_no": "SCBGT3ZAXEC092746"
  },
  {
    "lot_source_link": "https://www.mecum.com/lots/1121235/1998-gmc-sierra-1500-slt-pickup/?aa_id=600230-0",
    "lot_code": "Lot S115",
    "vehicle_chassis_no": "1GTEK19R7WR501298"
  },
  {
    "lot_source_link": "https://www.mecum.com/lots/1121233/2007-toyota-fj-cruiser/?aa_id=600236-0",
    "lot_code": "Lot S113",
    "vehicle_chassis_no": "JTEBU11F970051931"
  },
  {
    "lot_source_link": "https://www.mecum.com/lots/1121232/1966-mercury-cyclone-gt/?aa_id=600753-0",
    "lot_code": "Lot S112",
    "vehicle_chassis_no": "6J26S514634"
  },
  {
    "lot_source_link": "https://www.mecum.com/lots/1121231/1968-chevrolet-corvette-convertible/?aa_id=599318-0",
    "lot_code": "Lot S111",
    "vehicle_chassis_no": "194678S404417"
  },
  {
    "lot_source_link": "https://www.mecum.com/lots/1121230/1982-chevrolet-corvette-collector-edition/?aa_id=600094-0",
    "lot_code": "Lot S110",
    "vehicle_chassis_no": "1G1AY0786C5108762"
  },
  {
    "lot_source_link": "https://www.mecum.com/lots/1121229/1976-cadillac-eldorado-convertible/?aa_id=600566-0",
    "lot_code": "Lot S109",
    "vehicle_chassis_no": "6L67S6Q213333"
  },
  {
    "lot_source_link": "https://www.mecum.com/lots/1121228/1964-pontiac-lemans-convertible/?aa_id=600751-0",
    "lot_code": "Lot S108",
    "vehicle_chassis_no": "614B18673"
  },
  {
    "lot_source_link": "https://www.mecum.com/lots/1121227/1979-chevrolet-corvette-coupe/?aa_id=599828-0",
    "lot_code": "Lot S107",
    "vehicle_chassis_no": "1Z8789S417992"
  },
  {
    "lot_source_link": "https://www.mecum.com/lots/1121226/1968-chevrolet-camaro/?aa_id=599317-0",
    "lot_code": "Lot S106",
    "vehicle_chassis_no": "124378N336424"
  },
  {
    "lot_source_link": "https://www.mecum.com/lots/1121225/1958-nash-metropolitan-coupe/?aa_id=599310-0",
    "lot_code": "Lot S105",
    "vehicle_chassis_no": "E39573"
  },
  {
    "lot_source_link": "https://www.mecum.com/lots/1121223/2008-mercedes-benz-sl550-convertible/?aa_id=599865-0",
    "lot_code": "Lot S103",
    "vehicle_chassis_no": "WDBSK71F58F141135"
  },
  {
    "lot_source_link": "https://www.mecum.com/lots/1121222/1996-chevrolet-corvette-grand-sport-coupe/?aa_id=599863-0",
    "lot_code": "Lot S102",
    "vehicle_chassis_no": "1G1YY2251T5600462"
  },
  {
    "lot_source_link": "https://www.mecum.com/lots/1121221/2015-chevrolet-corvette-z06-coupe/?aa_id=599315-0",
    "lot_code": "Lot S101",
    "vehicle_chassis_no": "1G1YU2D65F5602821"
  },
  {
    "lot_source_link": "https://www.mecum.com/lots/1121220/1989-chevrolet-silverado-3500-pickup/?aa_id=599862-0",
    "lot_code": "Lot S100",
    "vehicle_chassis_no": "1GCHV33NXKJ117174"
  },
  {
    "lot_source_link": "https://www.mecum.com/lots/1121219/1972-oldsmobile-cutlass-442-coupe/?aa_id=599585-0",
    "lot_code": "Lot S99",
    "vehicle_chassis_no": "3G87U2Z109936"
  },
  {
    "lot_source_link": "https://www.mecum.com/lots/1121218/1978-chevrolet-corvette-silver-anniversary-coupe/?aa_id=599313-0",
    "lot_code": "Lot S98",
    "vehicle_chassis_no": "1Z8748S409631"
  },
  {
    "lot_source_link": "https://www.mecum.com/lots/1121217/1967-chevrolet-chevelle-convertible/?aa_id=600745-0",
    "lot_code": "Lot S97",
    "vehicle_chassis_no": "136677K115648"
  },
  {
    "lot_source_link": "https://www.mecum.com/lots/1121216/1967-chevrolet-camaro-rs-ss-pace-car-edition/?aa_id=599308-0",
    "lot_code": "Lot S96",
    "vehicle_chassis_no": "124677N210630"
  },
  {
    "lot_source_link": "https://www.mecum.com/lots/1121215/1970-plymouth-road-runner/?aa_id=599306-0",
    "lot_code": "Lot S95",
    "vehicle_chassis_no": "RM23V0G161044"
  },
  {
    "lot_source_link": "https://www.mecum.com/lots/1121214/1982-toyota-fj-45-land-cruiser-pickup/?aa_id=599861-0",
    "lot_code": "Lot S94",
    "vehicle_chassis_no": "FJ45317785"
  },
  {
    "lot_source_link": "https://www.mecum.com/lots/1121211/1970-dodge-super-bee-custom-coupe/?aa_id=599589-0",
    "lot_code": "Lot S91",
    "vehicle_chassis_no": "WM21N0A132228"
  },
  {
    "lot_source_link": "https://www.mecum.com/lots/1121209/1967-oldsmobile-442-convertible/?aa_id=599586-0",
    "lot_code": "Lot S89",
    "vehicle_chassis_no": "338677Z112709"
  },
  {
    "lot_source_link": "https://www.mecum.com/lots/1121208/2024-evolution-forester-4-plus-golf-cart/?aa_id=599580-0",
    "lot_code": "Lot S88",
    "vehicle_chassis_no": "EVBD0733316"
  },
  {
    "lot_source_link": "https://www.mecum.com/lots/1122265/1932-ford-tudor-sedan/?aa_id=598927-0",
    "lot_code": "Lot S86",
    "vehicle_chassis_no": "18168222"
  },
  {
    "lot_source_link": "https://www.mecum.com/lots/1122264/1957-ford-thunderbird-convertible/?aa_id=598925-0",
    "lot_code": "Lot S85",
    "vehicle_chassis_no": "D7FH351670"
  },
  {
    "lot_source_link": "https://www.mecum.com/lots/1113033/1954-chevrolet-3100-pickup/?aa_id=598323-0",
    "lot_code": "Lot S83.1",
    "vehicle_chassis_no": "0664591F54X"
  },
  {
    "lot_source_link": "https://www.mecum.com/lots/1119916/1973-chevrolet-camaro-coupe/?aa_id=598653-0",
    "lot_code": "Lot S82",
    "vehicle_chassis_no": "1S87H3N158969"
  },
  {
    "lot_source_link": "https://www.mecum.com/lots/1121847/2019-mercedes-benz-amg-gt-convertible/?aa_id=597182-0",
    "lot_code": "Lot S75",
    "vehicle_chassis_no": "WDDYK7HA2KA023530"
  },
  {
    "lot_source_link": "https://www.mecum.com/lots/1122038/1970-gmc-k1500-pickup/?aa_id=599087-0",
    "lot_code": "Lot S74",
    "vehicle_chassis_no": "KE134SZ74267"
  },
  {
    "lot_source_link": "https://www.mecum.com/lots/1121977/1997-am-general-hummer-h1/?aa_id=598658-0",
    "lot_code": "Lot S73",
    "vehicle_chassis_no": "137ZA8433VE176027"
  },
  {
    "lot_source_link": "https://www.mecum.com/lots/1120082/1969-amc-amx-fastback/?aa_id=597211-0",
    "lot_code": "Lot S70",
    "vehicle_chassis_no": "A9M397X114584"
  },
  {
    "lot_source_link": "https://www.mecum.com/lots/1122271/1967-chevrolet-corvette-convertible/?aa_id=599174-0",
    "lot_code": "Lot S69",
    "vehicle_chassis_no": "194677S109918"
  },
  {
    "lot_source_link": "https://www.mecum.com/lots/1122576/1955-chevrolet-bel-air-hardtop/?aa_id=599160-0",
    "lot_code": "Lot S67",
    "vehicle_chassis_no": "C55S160060"
  },
  {
    "lot_source_link": "https://www.mecum.com/lots/1122959/1987-chevrolet-monte-carlo-ss/?aa_id=601561-0",
    "lot_code": "Lot S65.1",
    "vehicle_chassis_no": "1G1GZ11G9HP124009"
  },
  {
    "lot_source_link": "https://www.mecum.com/lots/1122020/2007-porsche-911-carrera-s/?aa_id=600141-0",
    "lot_code": "Lot S65",
    "vehicle_chassis_no": "WP0AB29917S731465"
  },
  {
    "lot_source_link": "https://www.mecum.com/lots/1123060/1960-chevrolet-corvette-convertible/?aa_id=600213-0",
    "lot_code": "Lot S63.1",
    "vehicle_chassis_no": "00867S108960"
  },
  {
    "lot_source_link": "https://www.mecum.com/lots/1118645/1969-pontiac-gto-convertible/?aa_id=600329-0",
    "lot_code": "Lot S62",
    "vehicle_chassis_no": "242679B119353"
  },
  {
    "lot_source_link": "https://www.mecum.com/lots/1122496/1988-ford-f250-xlt-lariat-pickup/?aa_id=600731-0",
    "lot_code": "Lot S60",
    "vehicle_chassis_no": "2FTJW35G4JCB33445"
  },
  {
    "lot_source_link": "https://www.mecum.com/lots/1122635/1985-chevrolet-c10-silverado-pickup/?aa_id=599401-0",
    "lot_code": "Lot S55",
    "vehicle_chassis_no": "1GCDC14H1FF441365"
  },
  {
    "lot_source_link": "https://www.mecum.com/lots/1122637/1987-chevrolet-suburban/?aa_id=599993-0",
    "lot_code": "Lot S54",
    "vehicle_chassis_no": "1GNEV16K7HF134929"
  },
  {
    "lot_source_link": "https://www.mecum.com/lots/1122579/1978-ford-mustang-custom/?aa_id=599149-0",
    "lot_code": "Lot S51",
    "vehicle_chassis_no": "8F03Y145217"
  },
  {
    "lot_source_link": "https://www.mecum.com/lots/1123539/1975-chevrolet-corvette-coupe/?aa_id=601562-0",
    "lot_code": "Lot S50",
    "vehicle_chassis_no": "1Z37J5S403754"
  },
  {
    "lot_source_link": "https://www.mecum.com/lots/1121086/1967-pontiac-firebird/?aa_id=597536-0",
    "lot_code": "Lot S49",
    "vehicle_chassis_no": "223377U147702"
  },
  {
    "lot_source_link": "https://www.mecum.com/lots/1113031/1970-chevrolet-chevelle-ss/?aa_id=601236-0",
    "lot_code": "Lot S48",
    "vehicle_chassis_no": "136370L149263"
  },
  {
    "lot_source_link": "https://www.mecum.com/lots/1123061/1968-chevrolet-c10-pickup/?aa_id=601011-0",
    "lot_code": "Lot S46.1",
    "vehicle_chassis_no": "CE148S103827"
  },
  {
    "lot_source_link": "https://www.mecum.com/lots/1123022/1965-ford-mustang-coupe/?aa_id=599801-0",
    "lot_code": "Lot S45.1",
    "vehicle_chassis_no": "5F07C603641"
  },
  {
    "lot_source_link": "https://www.mecum.com/lots/1116497/1934-ford-3-window-coupe/?aa_id=585172-0",
    "lot_code": "Lot S45",
    "vehicle_chassis_no": "18650708"
  },
  {
    "lot_source_link": "https://www.mecum.com/lots/1119748/2011-ford-shelby-gt500/?aa_id=590966-0",
    "lot_code": "Lot S43",
    "vehicle_chassis_no": "1ZVBP8JSXB5152082"
  },
  {
    "lot_source_link": "https://www.mecum.com/lots/1118001/1958-cadillac-series-62-convertible/?aa_id=583899-0",
    "lot_code": "Lot S42",
    "vehicle_chassis_no": "58F009596"
  },
  {
    "lot_source_link": "https://www.mecum.com/lots/1113032/1974-chevrolet-c20-cheyenne-camper-special-pickup/?aa_id=599757-0",
    "lot_code": "Lot S41",
    "vehicle_chassis_no": "CCZ244Z152573"
  },
  {
    "lot_source_link": "https://www.mecum.com/lots/1121112/1957-ford-fairlane-500-skyliner/?aa_id=600811-0",
    "lot_code": "Lot S39",
    "vehicle_chassis_no": "D7KW174611"
  },
  {
    "lot_source_link": "https://www.mecum.com/lots/1123460/2013-jeep-wrangler-unlimited-sport/?aa_id=601287-0",
    "lot_code": "Lot S38.1",
    "vehicle_chassis_no": "1C4BJWDG1DL544690"
  },
  {
    "lot_source_link": "https://www.mecum.com/lots/1123286/1988-ford-e150-club-wagon-van/?aa_id=600607-0",
    "lot_code": "Lot S37",
    "vehicle_chassis_no": "1FMEE11H2JHB17594"
  },
  {
    "lot_source_link": "https://www.mecum.com/lots/1121982/2017-chevrolet-camaro-pace-car-edition-convertible/?aa_id=599971-0",
    "lot_code": "Lot S34",
    "vehicle_chassis_no": "1G1FH3D78H0187262"
  },
  {
    "lot_source_link": "https://www.mecum.com/lots/1116940/1967-chevrolet-nova-custom-coupe/?aa_id=598795-0",
    "lot_code": "Lot S33",
    "vehicle_chassis_no": "116377W131072"
  },
  {
    "lot_source_link": "https://www.mecum.com/lots/1121414/1969-chevrolet-chevelle-coupe/?aa_id=599137-0",
    "lot_code": "Lot S31",
    "vehicle_chassis_no": "136379K310251"
  },
  {
    "lot_source_link": "https://www.mecum.com/lots/1121183/2008-maybach-57s-sedan/?aa_id=597547-0",
    "lot_code": "Lot S30",
    "vehicle_chassis_no": "WDBVF79J98A002200"
  },
  {
    "lot_source_link": "https://www.mecum.com/lots/1121182/1957-cadillac-series-62-fleetwood-sedan/?aa_id=597546-0",
    "lot_code": "Lot S29",
    "vehicle_chassis_no": "5760054711"
  },
  {
    "lot_source_link": "https://www.mecum.com/lots/1119721/2014-ford-f150-svt-raptor-roush-stage-2-pickup/?aa_id=596008-0",
    "lot_code": "Lot S28",
    "vehicle_chassis_no": "1FTFW1R67EFD09006"
  },
  {
    "lot_source_link": "https://www.mecum.com/lots/1119709/2000-toyota-tacoma-xtracab-pickup/?aa_id=592597-0",
    "lot_code": "Lot S27",
    "vehicle_chassis_no": "4TAWM72N1YZ582693"
  },
  {
    "lot_source_link": "https://www.mecum.com/lots/1122559/1969-gmc-1500-pickup/?aa_id=599187-0",
    "lot_code": "Lot S25.1",
    "vehicle_chassis_no": "CE10DZA19861"
  },
  {
    "lot_source_link": "https://www.mecum.com/lots/1120077/1956-chevrolet-nomad/?aa_id=597538-0",
    "lot_code": "Lot S24",
    "vehicle_chassis_no": "VC560038049"
  },
  {
    "lot_source_link": "https://www.mecum.com/lots/1121095/1965-shelby-cobra-replica-roadster/?aa_id=596032-0",
    "lot_code": "Lot S20",
    "vehicle_chassis_no": "KS110355"
  },
  {
    "lot_source_link": "https://www.mecum.com/lots/1120083/1959-ford-galaxie-skyliner-convertible/?aa_id=591153-0",
    "lot_code": "Lot S19",
    "vehicle_chassis_no": "H9FW145194"
  },
  {
    "lot_source_link": "https://www.mecum.com/lots/1121856/1972-plymouth-road-runner/?aa_id=596977-0",
    "lot_code": "Lot S18",
    "vehicle_chassis_no": "RM23H2G121620"
  },
  {
    "lot_source_link": "https://www.mecum.com/lots/1121846/1948-buick-super-estate-wagon/?aa_id=597566-0",
    "lot_code": "Lot S17",
    "vehicle_chassis_no": "CA694486"
  },
  {
    "lot_source_link": "https://www.mecum.com/lots/1122469/1967-chevrolet-chevelle/?aa_id=599412-0",
    "lot_code": "Lot S16",
    "vehicle_chassis_no": "136177K213961"
  },
  {
    "lot_source_link": "https://www.mecum.com/lots/1122459/1973-chevrolet-camaro/?aa_id=599854-0",
    "lot_code": "Lot S15",
    "vehicle_chassis_no": "1S87H3N140342"
  },
  {
    "lot_source_link": "https://www.mecum.com/lots/1118647/1983-chevrolet-s10-pickup/?aa_id=601565-0",
    "lot_code": "Lot S14",
    "vehicle_chassis_no": "1GCCS14B0D2123932"
  },
  {
    "lot_source_link": "https://www.mecum.com/lots/1121871/2020-ford-f150-raptor-pickup/?aa_id=598384-0",
    "lot_code": "Lot S7",
    "vehicle_chassis_no": "IDCO004115ZZ"
  },
  {
    "lot_source_link": "https://www.mecum.com/lots/1121999/1992-chevrolet-corvette-coupe/?aa_id=599480-0",
    "lot_code": "Lot S4",
    "vehicle_chassis_no": "1G1YY23P4N5107944"
  },
  {
    "lot_source_link": "https://www.mecum.com/lots/1122086/1986-chevrolet-c60-custom-deluxe-service-truck/?aa_id=598694-0",
    "lot_code": "Lot S3",
    "vehicle_chassis_no": "1GBE6D1A2GV104462"
  },
  {
    "lot_source_link": "https://www.mecum.com/lots/1123455/1968-chevrolet-c10-pickup/?aa_id=601771-0",
    "lot_code": "Lot F302.1",
    "vehicle_chassis_no": "CS148J141979"
  },
  {
    "lot_source_link": "https://www.mecum.com/lots/1123454/1966-chevrolet-impala/?aa_id=601149-0",
    "lot_code": "Lot F298.1",
    "vehicle_chassis_no": "164376S235068"
  },
  {
    "lot_source_link": "https://www.mecum.com/lots/1123281/1994-gmc-sierra-pickup/?aa_id=600960-0",
    "lot_code": "Lot F295",
    "vehicle_chassis_no": "1GTDC14K8RZ553045"
  },
  {
    "lot_source_link": "https://www.mecum.com/lots/1123280/1996-ford-f150-pickup/?aa_id=600959-0",
    "lot_code": "Lot F292",
    "vehicle_chassis_no": "2FTEF15N1TCA35125"
  },
  {
    "lot_source_link": "https://www.mecum.com/lots/1123089/2001-dodge-3500/?aa_id=600537-0",
    "lot_code": "Lot F289.1",
    "vehicle_chassis_no": "3B6MC36621M246797"
  },
  {
    "lot_source_link": "https://www.mecum.com/lots/1123279/1964-chevrolet-c10-pickup/?aa_id=601144-0",
    "lot_code": "Lot F288",
    "vehicle_chassis_no": "4C154H124261"
  },
  {
    "lot_source_link": "https://www.mecum.com/lots/1123088/2007-ford-f250-pickup/?aa_id=601224-0",
    "lot_code": "Lot F287.1",
    "vehicle_chassis_no": "1FTNF20597EA15993"
  },
  {
    "lot_source_link": "https://www.mecum.com/lots/1122765/2002-chevrolet-silverado-2500hd-pickup/?aa_id=601514-0",
    "lot_code": "Lot F284",
    "vehicle_chassis_no": "1GCHK23GX2F127047"
  },
  {
    "lot_source_link": "https://www.mecum.com/lots/1122764/2017-ford-f250-pickup/?aa_id=601461-0",
    "lot_code": "Lot F283",
    "vehicle_chassis_no": "1FT7W2B62HEF01819"
  },
  {
    "lot_source_link": "https://www.mecum.com/lots/1122624/2008-mercedes-benz-clk350-coupe/?aa_id=599535-0",
    "lot_code": "Lot F282",
    "vehicle_chassis_no": "WDBTJ56H38F247511"
  },
  {
    "lot_source_link": "https://www.mecum.com/lots/1122614/1978-gmc-sierra-pickup/?aa_id=600562-0",
    "lot_code": "Lot F281",
    "vehicle_chassis_no": "TCS248S510394"
  },
  {
    "lot_source_link": "https://www.mecum.com/lots/1122113/1996-chevrolet-impala-ss/?aa_id=600326-0",
    "lot_code": "Lot F279",
    "vehicle_chassis_no": "1G1BL52P4TR142240"
  },
  {
    "lot_source_link": "https://www.mecum.com/lots/1122589/1994-chevrolet-corvette-coupe/?aa_id=601571-0",
    "lot_code": "Lot F277",
    "vehicle_chassis_no": "1G1YY22P8R5120669"
  },
  {
    "lot_source_link": "https://www.mecum.com/lots/1122384/1998-ford-mustang-svt-cobra-convertible/?aa_id=598980-0",
    "lot_code": "Lot F274",
    "vehicle_chassis_no": "1FAFP46V8WF180078"
  },
  {
    "lot_source_link": "https://www.mecum.com/lots/1122312/2004-porsche-cayenne-s/?aa_id=599426-0",
    "lot_code": "Lot F273",
    "vehicle_chassis_no": "WP1AB29P54LA67593"
  },
  {
    "lot_source_link": "https://www.mecum.com/lots/1122175/1994-pontiac-trans-am-25th-anniversary/?aa_id=599026-0",
    "lot_code": "Lot F272",
    "vehicle_chassis_no": "2G2FV22P2R2235856"
  },
  {
    "lot_source_link": "https://www.mecum.com/lots/1122107/1991-pontiac-trans-am-ws6-convertible/?aa_id=601548-0",
    "lot_code": "Lot F268",
    "vehicle_chassis_no": "1G2FW33FXML241924"
  },
  {
    "lot_source_link": "https://www.mecum.com/lots/1122083/1965-chevrolet-impala-sedan/?aa_id=600582-0",
    "lot_code": "Lot F267",
    "vehicle_chassis_no": "163695S279065"
  },
  {
    "lot_source_link": "https://www.mecum.com/lots/1119037/1958-ford-ford-100-pickup/?aa_id=597797-0",
    "lot_code": "Lot F266",
    "vehicle_chassis_no": "F10L8K31014"
  },
  {
    "lot_source_link": "https://www.mecum.com/lots/1121966/2007-pontiac-solstice-convertible/?aa_id=601645-0",
    "lot_code": "Lot F265",
    "vehicle_chassis_no": "1G2MB35B77Y111619"
  },
  {
    "lot_source_link": "https://www.mecum.com/lots/1121936/1967-gmc-sierra-pickup/?aa_id=600861-0",
    "lot_code": "Lot F262",
    "vehicle_chassis_no": "CS1570DPC13666A"
  },
  {
    "lot_source_link": "https://www.mecum.com/lots/1121845/1993-dodge-ram-250-pickup/?aa_id=597922-0",
    "lot_code": "Lot F260",
    "vehicle_chassis_no": "3B7KM23C6PM128331"
  },
  {
    "lot_source_link": "https://www.mecum.com/lots/1121041/1983-gmc-jimmy-sierra-classic/?aa_id=596850-0",
    "lot_code": "Lot F256",
    "vehicle_chassis_no": "1G5EK18H9DF527948"
  },
  {
    "lot_source_link": "https://www.mecum.com/lots/1120112/1968-ford-ranchero-gt/?aa_id=594795-0",
    "lot_code": "Lot F255",
    "vehicle_chassis_no": "8K49F200633"
  },
  {
    "lot_source_link": "https://www.mecum.com/lots/1120970/1987-gmc-suburban-sierra-classic/?aa_id=596847-0",
    "lot_code": "Lot F253",
    "vehicle_chassis_no": "1GKER16K5HF506589"
  },
  {
    "lot_source_link": "https://www.mecum.com/lots/1114972/1975-pontiac-lemans/?aa_id=576099-0",
    "lot_code": "Lot F251",
    "vehicle_chassis_no": "2F37M5A154808"
  },
  {
    "lot_source_link": "https://www.mecum.com/lots/1123519/1931-chevrolet-independence-ae-sedan/?aa_id=601262-0",
    "lot_code": "Lot F249",
    "vehicle_chassis_no": "3AE41600"
  },
  {
    "lot_source_link": "https://www.mecum.com/lots/1123306/1947-ford-custom-5-window-coupe/?aa_id=601066-0",
    "lot_code": "Lot F248",
    "vehicle_chassis_no": "F471412910"
  },
  {
    "lot_source_link": "https://www.mecum.com/lots/1120313/1996-ford-f350-flatbed/?aa_id=591177-0",
    "lot_code": "Lot F247",
    "vehicle_chassis_no": "1FDLF47FXTEB05869"
  },
  {
    "lot_source_link": "https://www.mecum.com/lots/1122584/1979-lincoln-continental-mark-v/?aa_id=599133-0",
    "lot_code": "Lot F245",
    "vehicle_chassis_no": "9Y89S752536"
  },
  {
    "lot_source_link": "https://www.mecum.com/lots/1123220/1938-chevrolet-master-deluxe-sedan/?aa_id=601547-0",
    "lot_code": "Lot F244",
    "vehicle_chassis_no": "KS00251414"
  },
  {
    "lot_source_link": "https://www.mecum.com/lots/1123087/2015-ford-f250-pickup/?aa_id=601450-0",
    "lot_code": "Lot F243.1",
    "vehicle_chassis_no": "1FTBF2B6XFED29790"
  },
  {
    "lot_source_link": "https://www.mecum.com/lots/1122951/1985-ford-mustang-gt/?aa_id=599705-0",
    "lot_code": "Lot F242",
    "vehicle_chassis_no": "1FABP28M5FF176397"
  },
  {
    "lot_source_link": "https://www.mecum.com/lots/1122769/1966-ford-mustang-coupe/?aa_id=600596-0",
    "lot_code": "Lot F241",
    "vehicle_chassis_no": "6T07C180176"
  },
  {
    "lot_source_link": "https://www.mecum.com/lots/1122597/1989-gmc-sierra-1500-sle-pickup/?aa_id=601079-0",
    "lot_code": "Lot F240",
    "vehicle_chassis_no": "1GTDK14K1KZ514001"
  },
  {
    "lot_source_link": "https://www.mecum.com/lots/1122786/2016-ford-mustang-gt-pettys-garage-king-premiere-edition-coupe/?aa_id=599576-0",
    "lot_code": "Lot F239",
    "vehicle_chassis_no": "1FA6P8CF6G5276125"
  },
  {
    "lot_source_link": "https://www.mecum.com/lots/1122768/1955-chevrolet-bel-air-hardtop/?aa_id=600302-0",
    "lot_code": "Lot F238",
    "vehicle_chassis_no": "VC55T229755"
  },
  {
    "lot_source_link": "https://www.mecum.com/lots/1122599/1986-chevrolet-k5-blazer/?aa_id=600133-0",
    "lot_code": "Lot F237",
    "vehicle_chassis_no": "1G8EK18L4GF134936"
  },
  {
    "lot_source_link": "https://www.mecum.com/lots/1122585/1985-ford-f150-xlt-pickup/?aa_id=599128-0",
    "lot_code": "Lot F236",
    "vehicle_chassis_no": "1FTCF15H1FNA54435"
  },
  {
    "lot_source_link": "https://www.mecum.com/lots/1122631/1940-ford-deluxe-custom-coupe/?aa_id=599545-0",
    "lot_code": "Lot F234",
    "vehicle_chassis_no": "0K1407000"
  },
  {
    "lot_source_link": "https://www.mecum.com/lots/1122010/1998-cadillac-eldorado-coupe/?aa_id=599370-0",
    "lot_code": "Lot F232",
    "vehicle_chassis_no": "1G6EL12Y9WU611168"
  },
  {
    "lot_source_link": "https://www.mecum.com/lots/1122607/1979-ford-f100-pickup/?aa_id=599346-0",
    "lot_code": "Lot F231",
    "vehicle_chassis_no": "F10GPEA0620"
  },
  {
    "lot_source_link": "https://www.mecum.com/lots/1122577/1983-chevrolet-c10-custom-deluxe-pickup/?aa_id=599124-0",
    "lot_code": "Lot F229",
    "vehicle_chassis_no": "1GCCC14F1DJ166973"
  },
  {
    "lot_source_link": "https://www.mecum.com/lots/1122598/1998-gmc-1500-slt-pickup/?aa_id=599931-0",
    "lot_code": "Lot F228",
    "vehicle_chassis_no": "2GTEK19R9W1500839"
  },
  {
    "lot_source_link": "https://www.mecum.com/lots/1122581/1975-gmc-suburban-sierra-classic/?aa_id=599120-0",
    "lot_code": "Lot F225",
    "vehicle_chassis_no": "TCZ265F502834"
  },
  {
    "lot_source_link": "https://www.mecum.com/lots/1122529/1987-jeep-wrangler/?aa_id=601480-0",
    "lot_code": "Lot F224",
    "vehicle_chassis_no": "2BCCV8111HB533331"
  },
  {
    "lot_source_link": "https://www.mecum.com/lots/1122468/1966-ford-mustang-coupe/?aa_id=599416-0",
    "lot_code": "Lot F223",
    "vehicle_chassis_no": "6F07C365389"
  },
  {
    "lot_source_link": "https://www.mecum.com/lots/1122528/1973-chevrolet-c10-pickup/?aa_id=601468-0",
    "lot_code": "Lot F222",
    "vehicle_chassis_no": "CCY143S175081"
  },
  {
    "lot_source_link": "https://www.mecum.com/lots/1122019/2008-toyota-solara-sle-convertible/?aa_id=600198-0",
    "lot_code": "Lot F221.1",
    "vehicle_chassis_no": "4T1FA38P58U160627"
  },
  {
    "lot_source_link": "https://www.mecum.com/lots/1122008/2005-mercedes-benz-clk320-convertible/?aa_id=599802-0",
    "lot_code": "Lot F221",
    "vehicle_chassis_no": "WDBTK65G15T035022"
  },
  {
    "lot_source_link": "https://www.mecum.com/lots/1122467/1981-chevrolet-corvette-coupe/?aa_id=599427-0",
    "lot_code": "Lot F218",
    "vehicle_chassis_no": "1G1AY8767BS419811"
  },
  {
    "lot_source_link": "https://www.mecum.com/lots/1122383/2001-chevrolet-corvette-coupe/?aa_id=598916-0",
    "lot_code": "Lot F217",
    "vehicle_chassis_no": "1G1YY22G915118644"
  },
  {
    "lot_source_link": "https://www.mecum.com/lots/1122328/1970-chevrolet-camaro-z28/?aa_id=599485-0",
    "lot_code": "Lot F216",
    "vehicle_chassis_no": "124870N507737"
  },
  {
    "lot_source_link": "https://www.mecum.com/lots/1122269/1985-chevrolet-k5-blazer-silverado/?aa_id=598964-0",
    "lot_code": "Lot F214",
    "vehicle_chassis_no": "1G8EK18H6FF168256"
  },
  {
    "lot_source_link": "https://www.mecum.com/lots/1122268/1957-dodge-d100-custom-pickup/?aa_id=598957-0",
    "lot_code": "Lot F213",
    "vehicle_chassis_no": "84301218"
  },
  {
    "lot_source_link": "https://www.mecum.com/lots/1122267/2023-fisker-ocean-one-launch-edition-suv/?aa_id=598951-0",
    "lot_code": "Lot F212",
    "vehicle_chassis_no": "VCF1ZBU29PG002655"
  },
  {
    "lot_source_link": "https://www.mecum.com/lots/1122007/1929-ford-model-a-custom-roadster/?aa_id=599798-0",
    "lot_code": "Lot F211",
    "vehicle_chassis_no": "A907885"
  },
  {
    "lot_source_link": "https://www.mecum.com/lots/1122018/2015-bmw-x3/?aa_id=600139-0",
    "lot_code": "Lot F209.1",
    "vehicle_chassis_no": "5UXWX9C57F0D61981"
  },
  {
    "lot_source_link": "https://www.mecum.com/lots/1121278/1984-chevrolet-blazer/?aa_id=599032-0",
    "lot_code": "Lot F208",
    "vehicle_chassis_no": "1G8EK18H3EF104920"
  },
  {
    "lot_source_link": "https://www.mecum.com/lots/1122159/1955-chevrolet-210/?aa_id=601543-0",
    "lot_code": "Lot F206",
    "vehicle_chassis_no": "B55S219447"
  },
  {
    "lot_source_link": "https://www.mecum.com/lots/1123024/1963-volkswagen-beetle/?aa_id=600034-0",
    "lot_code": "Lot F205.1",
    "vehicle_chassis_no": "5125338"
  },
  {
    "lot_source_link": "https://www.mecum.com/lots/1122172/1992-chevrolet-silverado-z71-pickup/?aa_id=598786-0",
    "lot_code": "Lot F204",
    "vehicle_chassis_no": "2GCEK19K3N1186073"
  },
  {
    "lot_source_link": "https://www.mecum.com/lots/1122965/1972-chevrolet-c10-pickup/?aa_id=600003-0",
    "lot_code": "Lot F202.1",
    "vehicle_chassis_no": "CCE142S145128"
  },
  {
    "lot_source_link": "https://www.mecum.com/lots/1122006/2005-chrysler-crossfire-convertible/?aa_id=599797-0",
    "lot_code": "Lot F201",
    "vehicle_chassis_no": "1C3AN65L55X060645"
  },
  {
    "lot_source_link": "https://www.mecum.com/lots/1122017/2009-mini-cooper-s/?aa_id=600138-0",
    "lot_code": "Lot F200.1",
    "vehicle_chassis_no": "WMWMF735X9TW83186"
  },
  {
    "lot_source_link": "https://www.mecum.com/lots/1121780/1939-plymouth-custom-coupe/?aa_id=599637-0",
    "lot_code": "Lot F199",
    "vehicle_chassis_no": "P848612"
  },
  {
    "lot_source_link": "https://www.mecum.com/lots/1122011/2010-mercedes-benz-c63-amg-sedan/?aa_id=600547-0",
    "lot_code": "Lot F198",
    "vehicle_chassis_no": "WDDGF7HB0AF442177"
  },
  {
    "lot_source_link": "https://www.mecum.com/lots/1122997/1984-chevrolet-c10-pickup/?aa_id=600681-0",
    "lot_code": "Lot F196.1",
    "vehicle_chassis_no": "1GCCC14H3ES109557"
  },
  {
    "lot_source_link": "https://www.mecum.com/lots/1122030/1975-volkswagen-super-beetle-coupe/?aa_id=597882-0",
    "lot_code": "Lot F196",
    "vehicle_chassis_no": "1352137067"
  },
  {
    "lot_source_link": "https://www.mecum.com/lots/1121958/1940-chevrolet-pickup/?aa_id=601557-0",
    "lot_code": "Lot F194",
    "vehicle_chassis_no": "14KC218776"
  },
  {
    "lot_source_link": "https://www.mecum.com/lots/1121995/2011-cadillac-escalade-ext/?aa_id=599369-0",
    "lot_code": "Lot F186.1",
    "vehicle_chassis_no": "3GYT4MEF5BG255693"
  },
  {
    "lot_source_link": "https://www.mecum.com/lots/1121801/1952-ford-f6-coe-truck/?aa_id=601281-0",
    "lot_code": "Lot F186",
    "vehicle_chassis_no": "C6M2HM14245"
  },
  {
    "lot_source_link": "https://www.mecum.com/lots/1121760/1999-jeep-cherokee/?aa_id=599422-0",
    "lot_code": "Lot F185",
    "vehicle_chassis_no": "1J4FF67S5XL610627"
  },
  {
    "lot_source_link": "https://www.mecum.com/lots/1121800/1955-buick-century-hardtop/?aa_id=601278-0",
    "lot_code": "Lot F184",
    "vehicle_chassis_no": "6B4033104"
  },
  {
    "lot_source_link": "https://www.mecum.com/lots/1121782/1977-chevrolet-camaro-z28-coupe/?aa_id=596878-0",
    "lot_code": "Lot F183",
    "vehicle_chassis_no": "1Q87L7N561118"
  },
  {
    "lot_source_link": "https://www.mecum.com/lots/1121799/1978-chevrolet-c10-pickup/?aa_id=601274-0",
    "lot_code": "Lot F182",
    "vehicle_chassis_no": "CKL148Z174983"
  },
  {
    "lot_source_link": "https://www.mecum.com/lots/1121080/1954-gmc-5-window-pickup/?aa_id=595830-0",
    "lot_code": "Lot F180",
    "vehicle_chassis_no": "PZ3105"
  },
  {
    "lot_source_link": "https://www.mecum.com/lots/1121759/2007-ford-mustang-gt-cs/?aa_id=599421-0",
    "lot_code": "Lot F179",
    "vehicle_chassis_no": "1ZVHT82H475227746"
  },
  {
    "lot_source_link": "https://www.mecum.com/lots/1121256/1979-chevrolet-corvette-convertible-conversion/?aa_id=600247-0",
    "lot_code": "Lot F178",
    "vehicle_chassis_no": "1Z8789S436326"
  },
  {
    "lot_source_link": "https://www.mecum.com/lots/1119676/2006-bmw-z4-roadster/?aa_id=599664-0",
    "lot_code": "Lot F177",
    "vehicle_chassis_no": "4USBU33516LW68946"
  },
  {
    "lot_source_link": "https://www.mecum.com/lots/1121994/2003-chevrolet-ssr/?aa_id=599794-0",
    "lot_code": "Lot F176.1",
    "vehicle_chassis_no": "1GCES14P73B100845"
  },
  {
    "lot_source_link": "https://www.mecum.com/lots/1120180/1966-ford-mustang-coupe/?aa_id=599763-0",
    "lot_code": "Lot F176",
    "vehicle_chassis_no": "6F07T243942"
  },
  {
    "lot_source_link": "https://www.mecum.com/lots/1122016/2011-mercedes-benz-e550-convertible/?aa_id=600038-0",
    "lot_code": "Lot F175.1",
    "vehicle_chassis_no": "WDDKK7CF2BF070665"
  },
  {
    "lot_source_link": "https://www.mecum.com/lots/1117247/1985-chevrolet-k10-scottsdale-pickup/?aa_id=590847-0",
    "lot_code": "Lot F175",
    "vehicle_chassis_no": "1GCEK14H5FF319065"
  },
  {
    "lot_source_link": "https://www.mecum.com/lots/1121750/1958-cadillac-custom-roadster/?aa_id=597039-0",
    "lot_code": "Lot F173",
    "vehicle_chassis_no": "58J025703"
  },
  {
    "lot_source_link": "https://www.mecum.com/lots/1121412/1972-ford-mustang-mach-1-fastback/?aa_id=599119-0",
    "lot_code": "Lot F171",
    "vehicle_chassis_no": "2F05H105809"
  },
  {
    "lot_source_link": "https://www.mecum.com/lots/1121275/2007-mercedes-benz-cl600/?aa_id=598922-0",
    "lot_code": "Lot F170",
    "vehicle_chassis_no": "WDDEJ76X27A004478"
  },
  {
    "lot_source_link": "https://www.mecum.com/lots/1120978/2018-chevrolet-silverado-pickup/?aa_id=599514-0",
    "lot_code": "Lot F169",
    "vehicle_chassis_no": "3GCUKSEJ9JG384060"
  },
  {
    "lot_source_link": "https://www.mecum.com/lots/1119675/2014-chevrolet-ss-race-car/?aa_id=599660-0",
    "lot_code": "Lot F167",
    "vehicle_chassis_no": null
  },
  {
    "lot_source_link": "https://www.mecum.com/lots/1121161/1998-chevrolet-corvette-convertible/?aa_id=598782-0",
    "lot_code": "Lot F166",
    "vehicle_chassis_no": "1G1YY32G3W5106941"
  },
  {
    "lot_source_link": "https://www.mecum.com/lots/1120977/2006-gmc-sierra-pickup/?aa_id=599510-0",
    "lot_code": "Lot F164",
    "vehicle_chassis_no": "3GTEK14Z76G175347"
  },
  {
    "lot_source_link": "https://www.mecum.com/lots/1121085/1955-chevrolet-bel-air-hardtop/?aa_id=597793-0",
    "lot_code": "Lot F162",
    "vehicle_chassis_no": "C55K105479"
  },
  {
    "lot_source_link": "https://www.mecum.com/lots/1121177/1989-ford-bronco-eddie-bauer-edition/?aa_id=597563-0",
    "lot_code": "Lot F161",
    "vehicle_chassis_no": "1FMEU15N8KLA67625"
  },
  {
    "lot_source_link": "https://www.mecum.com/lots/1120742/1972-chevrolet-c10-pickup/?aa_id=600863-0",
    "lot_code": "Lot F160",
    "vehicle_chassis_no": "CCE142A140272"
  },
  {
    "lot_source_link": "https://www.mecum.com/lots/1122530/1990-jeep-grand-wagoneer/?aa_id=599091-0",
    "lot_code": "Lot F159",
    "vehicle_chassis_no": "1J4GS5879LP501756"
  },
  {
    "lot_source_link": "https://www.mecum.com/lots/1121262/1979-chevrolet-corvette-coupe/?aa_id=601063-0",
    "lot_code": "Lot F155.1",
    "vehicle_chassis_no": "1Z8749S421259"
  },
  {
    "lot_source_link": "https://www.mecum.com/lots/1120976/1978-ford-ranchero-gt/?aa_id=599869-0",
    "lot_code": "Lot F155",
    "vehicle_chassis_no": "8H48S139754"
  },
  {
    "lot_source_link": "https://www.mecum.com/lots/1120097/1963-chevrolet-impala/?aa_id=595871-0",
    "lot_code": "Lot F154",
    "vehicle_chassis_no": "31847S286685"
  },
  {
    "lot_source_link": "https://www.mecum.com/lots/1122015/2013-mercedes-benz-ml350/?aa_id=600137-0",
    "lot_code": "Lot F153.1",
    "vehicle_chassis_no": "4JGDA5JB6DA122224"
  },
  {
    "lot_source_link": "https://www.mecum.com/lots/1114169/1979-triumph-spitfire-convertible/?aa_id=565020-0",
    "lot_code": "Lot F152",
    "vehicle_chassis_no": "TFZDW69T001229"
  },
  {
    "lot_source_link": "https://www.mecum.com/lots/1118332/1937-ford-deluxe-slantback-sedan/?aa_id=583251-0",
    "lot_code": "Lot F151",
    "vehicle_chassis_no": "AZ385467"
  },
  {
    "lot_source_link": "https://www.mecum.com/lots/1123212/2011-jeep-wrangler-sahara/?aa_id=600565-0",
    "lot_code": "Lot F150.1",
    "vehicle_chassis_no": "1J4AA5D11BL539238"
  },
  {
    "lot_source_link": "https://www.mecum.com/lots/1114167/2001-jaguar-xk8-convertible/?aa_id=565011-0",
    "lot_code": "Lot F150",
    "vehicle_chassis_no": "SAJDA42C71NA20266"
  },
  {
    "lot_source_link": "https://www.mecum.com/lots/1120741/1967-chevrolet-camaro-convertible/?aa_id=600868-0",
    "lot_code": "Lot F149",
    "vehicle_chassis_no": "123677N225113"
  },
  {
    "lot_source_link": "https://www.mecum.com/lots/1122575/1970-chevrolet-monte-carlo/?aa_id=599101-0",
    "lot_code": "Lot F148",
    "vehicle_chassis_no": "138570F105397"
  },
  {
    "lot_source_link": "https://www.mecum.com/lots/1119674/1923-ford-t-bucket-roadster/?aa_id=599657-0",
    "lot_code": "Lot F147",
    "vehicle_chassis_no": "WA168306"
  },
  {
    "lot_source_link": "https://www.mecum.com/lots/1121176/2008-ford-mustang-gt-cs/?aa_id=596863-0",
    "lot_code": "Lot F145.1",
    "vehicle_chassis_no": "1ZVHT82H885159940"
  },
  {
    "lot_source_link": "https://www.mecum.com/lots/1118522/2004-chevrolet-silverado-joe-gibbs-edition-pickup/?aa_id=598504-0",
    "lot_code": "Lot F145",
    "vehicle_chassis_no": "2GCEC19TX41180176"
  },
  {
    "lot_source_link": "https://www.mecum.com/lots/1120026/1964-ford-galaxie-500-hardtop/?aa_id=592371-0",
    "lot_code": "Lot F143",
    "vehicle_chassis_no": "4P66C120503"
  },
  {
    "lot_source_link": "https://www.mecum.com/lots/1117360/2007-gmc-4500-truck/?aa_id=578907-0",
    "lot_code": "Lot F142.1",
    "vehicle_chassis_no": "1GDE4E1257F411291"
  },
  {
    "lot_source_link": "https://www.mecum.com/lots/1121252/2007-mazda-mx-5-miata-convertible/?aa_id=600231-0",
    "lot_code": "Lot F141",
    "vehicle_chassis_no": "JM1NC25F470124594"
  },
  {
    "lot_source_link": "https://www.mecum.com/lots/1121251/2011-chevrolet-hhr-lt/?aa_id=600092-0",
    "lot_code": "Lot F140.1",
    "vehicle_chassis_no": "3GNBABFW7BS640464"
  },
  {
    "lot_source_link": "https://www.mecum.com/lots/1121250/1994-chevrolet-corvette-convertible/?aa_id=599583-0",
    "lot_code": "Lot F140",
    "vehicle_chassis_no": "1G1YY32P8R5108222"
  },
  {
    "lot_source_link": "https://www.mecum.com/lots/1121249/2008-chevrolet-corvette-convertible/?aa_id=600563-0",
    "lot_code": "Lot F139",
    "vehicle_chassis_no": "1G1YY36W385102022"
  },
  {
    "lot_source_link": "https://www.mecum.com/lots/1121248/2006-mercedes-benz-e350-wagon/?aa_id=600555-0",
    "lot_code": "Lot F138.1",
    "vehicle_chassis_no": "WDBUH87J36X183335"
  },
  {
    "lot_source_link": "https://www.mecum.com/lots/1121247/2003-audi-tt-convertible/?aa_id=599860-0",
    "lot_code": "Lot F138",
    "vehicle_chassis_no": "TRUTC28N631002064"
  },
  {
    "lot_source_link": "https://www.mecum.com/lots/1121246/1965-ford-mustang-coupe/?aa_id=599312-0",
    "lot_code": "Lot F137",
    "vehicle_chassis_no": "5F07C738107"
  },
  {
    "lot_source_link": "https://www.mecum.com/lots/1121245/1981-chevrolet-corvette-coupe/?aa_id=600220-0",
    "lot_code": "Lot F136.1",
    "vehicle_chassis_no": "1G1AY8763BS422558"
  },
  {
    "lot_source_link": "https://www.mecum.com/lots/1121244/2012-jeep-wrangler-sahara/?aa_id=599581-0",
    "lot_code": "Lot F136",
    "vehicle_chassis_no": "1C4AJWBG1CL242281"
  },
  {
    "lot_source_link": "https://www.mecum.com/lots/1121243/2008-bmw-z4-convertible/?aa_id=600091-0",
    "lot_code": "Lot F135",
    "vehicle_chassis_no": "4USBU33508LW76314"
  },
  {
    "lot_source_link": "https://www.mecum.com/lots/1121242/1994-ford-f150-xlt-pickup/?aa_id=600749-0",
    "lot_code": "Lot F134.1",
    "vehicle_chassis_no": "1FTEX15N4RKA16876"
  },
  {
    "lot_source_link": "https://www.mecum.com/lots/1121241/2018-chevrolet-corvette-coupe/?aa_id=599311-0",
    "lot_code": "Lot F134",
    "vehicle_chassis_no": "1G1YB2D76J5106465"
  },
  {
    "lot_source_link": "https://www.mecum.com/lots/1121240/2003-chevrolet-tracker-zr2/?aa_id=599582-0",
    "lot_code": "Lot F133",
    "vehicle_chassis_no": "2CNBJ734436930214"
  },
  {
    "lot_source_link": "https://www.mecum.com/lots/1121239/1963-mercury-meteor/?aa_id=600086-0",
    "lot_code": "Lot F132.1",
    "vehicle_chassis_no": "3F43F525450"
  },
  {
    "lot_source_link": "https://www.mecum.com/lots/1121238/1968-chevrolet-camaro/?aa_id=599588-0",
    "lot_code": "Lot F132",
    "vehicle_chassis_no": "124378N379636"
  },
  {
    "lot_source_link": "https://www.mecum.com/lots/1119708/1971-chevrolet-suburban/?aa_id=592588-0",
    "lot_code": "Lot F131",
    "vehicle_chassis_no": "CE161F620992"
  },
  {
    "lot_source_link": "https://www.mecum.com/lots/1119673/1977-volkswagen-beetle-convertible/?aa_id=599169-0",
    "lot_code": "Lot F130.1",
    "vehicle_chassis_no": "1572060377"
  },
  {
    "lot_source_link": "https://www.mecum.com/lots/1118653/2005-chevrolet-tahoe-z71/?aa_id=601540-0",
    "lot_code": "Lot F130",
    "vehicle_chassis_no": "1GNEK13T55R218456"
  },
  {
    "lot_source_link": "https://www.mecum.com/lots/1119817/1963-ford-galaxie-500/?aa_id=597053-0",
    "lot_code": "Lot F129",
    "vehicle_chassis_no": "3P62X179212"
  },
  {
    "lot_source_link": "https://www.mecum.com/lots/1119672/2008-chevrolet-corvette-convertible/?aa_id=599156-0",
    "lot_code": "Lot F127",
    "vehicle_chassis_no": "1G1YY36W785104680"
  },
  {
    "lot_source_link": "https://www.mecum.com/lots/1120410/1968-chevrolet-camaro-ss-convertible/?aa_id=590846-0",
    "lot_code": "Lot F126",
    "vehicle_chassis_no": "124678N334779"
  },
  {
    "lot_source_link": "https://www.mecum.com/lots/1120099/1963-chevrolet-impala-ss/?aa_id=592613-0",
    "lot_code": "Lot F125",
    "vehicle_chassis_no": "31847L101125"
  },
  {
    "lot_source_link": "https://www.mecum.com/lots/1120273/1932-mg-j2-convertible/?aa_id=592536-0",
    "lot_code": "Lot F124",
    "vehicle_chassis_no": "J2318"
  },
  {
    "lot_source_link": "https://www.mecum.com/lots/1119918/1971-oldsmobile-cutlass-convertible/?aa_id=599413-0",
    "lot_code": "Lot F123.1",
    "vehicle_chassis_no": "342671M213923"
  },
  {
    "lot_source_link": "https://www.mecum.com/lots/1119058/1986-chevrolet-c10-pickup/?aa_id=597847-0",
    "lot_code": "Lot F122",
    "vehicle_chassis_no": "1GCDC14H2GF430280"
  },
  {
    "lot_source_link": "https://www.mecum.com/lots/1122573/1957-cadillac-coupe-deville-hardtop/?aa_id=599098-0",
    "lot_code": "Lot F121",
    "vehicle_chassis_no": "5762076415"
  },
  {
    "lot_source_link": "https://www.mecum.com/lots/1119555/1968-chevrolet-camaro/?aa_id=599852-0",
    "lot_code": "Lot F120.1",
    "vehicle_chassis_no": "123378L319094"
  },
  {
    "lot_source_link": "https://www.mecum.com/lots/1117233/1979-pontiac-trans-am-coupe/?aa_id=583688-0",
    "lot_code": "Lot F119",
    "vehicle_chassis_no": "2W87K9L102763"
  },
  {
    "lot_source_link": "https://www.mecum.com/lots/1119917/1969-oldsmobile-cutlass-s-convertible/?aa_id=599411-0",
    "lot_code": "Lot F118",
    "vehicle_chassis_no": "336679M131579"
  },
  {
    "lot_source_link": "https://www.mecum.com/lots/1119671/1995-ford-bronco-eddie-bauer-edition/?aa_id=599651-0",
    "lot_code": "Lot F117",
    "vehicle_chassis_no": "1FMEU15HXSLB29701"
  },
  {
    "lot_source_link": "https://www.mecum.com/lots/1118652/2007-pontiac-solstice-convertible/?aa_id=601536-0",
    "lot_code": "Lot F115",
    "vehicle_chassis_no": "1G2MB35BX7Y106172"
  },
  {
    "lot_source_link": "https://www.mecum.com/lots/1118014/2001-gmc-sierra-pickup/?aa_id=583779-0",
    "lot_code": "Lot F114",
    "vehicle_chassis_no": "1GTEC14T61Z285050"
  },
  {
    "lot_source_link": "https://www.mecum.com/lots/1121253/1991-chevrolet-corvette-convertible/?aa_id=600219-0",
    "lot_code": "Lot F112",
    "vehicle_chassis_no": "1G1YY3383M5111545"
  },
  {
    "lot_source_link": "https://www.mecum.com/lots/1122996/1966-chevrolet-malibu-sport-coupe/?aa_id=600680-0",
    "lot_code": "Lot F110.1",
    "vehicle_chassis_no": "136176K121460"
  },
  {
    "lot_source_link": "https://www.mecum.com/lots/1119943/1968-chevrolet-camaro/?aa_id=590430-0",
    "lot_code": "Lot F109",
    "vehicle_chassis_no": "124378N450837"
  },
  {
    "lot_source_link": "https://www.mecum.com/lots/1119304/2010-ford-shelby-gt500/?aa_id=588208-0",
    "lot_code": "Lot F108",
    "vehicle_chassis_no": "1ZVBP8JS4A5145756"
  },
  {
    "lot_source_link": "https://www.mecum.com/lots/1119670/1977-chevrolet-corvette-coupe/?aa_id=599153-0",
    "lot_code": "Lot F107",
    "vehicle_chassis_no": "1Z37L7S436210"
  },
  {
    "lot_source_link": "https://www.mecum.com/lots/1121254/1991-chevrolet-corvette-coupe/?aa_id=600218-0",
    "lot_code": "Lot F104",
    "vehicle_chassis_no": "1G1YY2384M5116991"
  },
  {
    "lot_source_link": "https://www.mecum.com/lots/1121143/1967-pontiac-lemans-convertible/?aa_id=598553-0",
    "lot_code": "Lot F103",
    "vehicle_chassis_no": "233077K605464"
  },
  {
    "lot_source_link": "https://www.mecum.com/lots/1121011/1972-volkswagen-beetle-coupe/?aa_id=599702-0",
    "lot_code": "Lot F102",
    "vehicle_chassis_no": "1122260741"
  },
  {
    "lot_source_link": "https://www.mecum.com/lots/1122586/1982-jeep-cj-8-scrambler-pickup/?aa_id=599095-0",
    "lot_code": "Lot F101",
    "vehicle_chassis_no": "1JCBM88E5CT060966"
  },
  {
    "lot_source_link": "https://www.mecum.com/lots/1116939/1999-chevrolet-suburban/?aa_id=600752-0",
    "lot_code": "Lot F100",
    "vehicle_chassis_no": "1GNFK16R3XJ505705"
  },
  {
    "lot_source_link": "https://www.mecum.com/lots/1119669/1974-chevrolet-corvette-coupe/?aa_id=599151-0",
    "lot_code": "Lot F97",
    "vehicle_chassis_no": "1Z37Z4S408997"
  },
  {
    "lot_source_link": "https://www.mecum.com/lots/1119554/1969-oldsmobile-442-convertible/?aa_id=599843-0",
    "lot_code": "Lot F96",
    "vehicle_chassis_no": "344679Z102110"
  },
  {
    "lot_source_link": "https://www.mecum.com/lots/1121943/1966-shelby-cobra-replica/?aa_id=598880-0",
    "lot_code": "Lot F94",
    "vehicle_chassis_no": "NY55985"
  },
  {
    "lot_source_link": "https://www.mecum.com/lots/1113029/2008-gmc-sierra-sle-pickup/?aa_id=598322-0",
    "lot_code": "Lot F92",
    "vehicle_chassis_no": "1GTEC14038Z330493"
  },
  {
    "lot_source_link": "https://www.mecum.com/lots/1119914/1990-gmc-1500-pickup/?aa_id=599219-0",
    "lot_code": "Lot F89",
    "vehicle_chassis_no": "1GTDC14Z6LE549510"
  },
  {
    "lot_source_link": "https://www.mecum.com/lots/1120514/1987-chevrolet-camaro-iroc-z-coupe/?aa_id=599528-0",
    "lot_code": "Lot F88",
    "vehicle_chassis_no": "1G1FP21F4HN134411"
  },
  {
    "lot_source_link": "https://www.mecum.com/lots/1119668/2002-ford-f150-svt-lightning-pickup/?aa_id=599150-0",
    "lot_code": "Lot F87",
    "vehicle_chassis_no": "2FTZF07342CA80842"
  },
  {
    "lot_source_link": "https://www.mecum.com/lots/1121259/2005-mercedes-benz-sl500-convertible/?aa_id=600216-0",
    "lot_code": "Lot F86.1",
    "vehicle_chassis_no": "WDBSK75F35F100587"
  },
  {
    "lot_source_link": "https://www.mecum.com/lots/1113028/1979-chevrolet-k10-silverado-pickup/?aa_id=599469-0",
    "lot_code": "Lot F84",
    "vehicle_chassis_no": "CKL149F332888"
  },
  {
    "lot_source_link": "https://www.mecum.com/lots/1123639/2012-ford-mustang-convertible/?aa_id=601442-0",
    "lot_code": "Lot F83.1",
    "vehicle_chassis_no": "1ZVBP8EM2C5214586"
  },
  {
    "lot_source_link": "https://www.mecum.com/lots/1119913/1986-chevrolet-el-camino-conquista/?aa_id=587531-0",
    "lot_code": "Lot F78",
    "vehicle_chassis_no": "3GCCW80ZXGS909004"
  },
  {
    "lot_source_link": "https://www.mecum.com/lots/1121257/2006-mercedes-benz-clk350-convertible/?aa_id=600552-0",
    "lot_code": "Lot F77.1",
    "vehicle_chassis_no": "WDBTK56G26T067844"
  },
  {
    "lot_source_link": "https://www.mecum.com/lots/1119667/1981-chevrolet-corvette-coupe/?aa_id=599041-0",
    "lot_code": "Lot F77",
    "vehicle_chassis_no": "1G1AY8769BS431569"
  },
  {
    "lot_source_link": "https://www.mecum.com/lots/1116938/1994-chevrolet-silverado-3500-hodges-hauler/?aa_id=601282-0",
    "lot_code": "Lot F75",
    "vehicle_chassis_no": "1GBHC33N8RJ353374"
  },
  {
    "lot_source_link": "https://www.mecum.com/lots/1119365/1965-ford-mustang-coupe/?aa_id=600549-0",
    "lot_code": "Lot F74",
    "vehicle_chassis_no": "5T07T197196"
  },
  {
    "lot_source_link": "https://www.mecum.com/lots/1119295/2000-plymouth-prowler-convertible/?aa_id=594773-0",
    "lot_code": "Lot F73",
    "vehicle_chassis_no": "1P3EW65G0YV606040"
  },
  {
    "lot_source_link": "https://www.mecum.com/lots/1122004/2008-mercedes-benz-clk350-convertible/?aa_id=599479-0",
    "lot_code": "Lot F72.1",
    "vehicle_chassis_no": "WDBTK56F08T093529"
  },
  {
    "lot_source_link": "https://www.mecum.com/lots/1114192/1978-chevrolet-corvette-coupe/?aa_id=576146-0",
    "lot_code": "Lot F69",
    "vehicle_chassis_no": "1Z8748S405966"
  },
  {
    "lot_source_link": "https://www.mecum.com/lots/1115924/1995-ford-bronco-xlt/?aa_id=596861-0",
    "lot_code": "Lot F68",
    "vehicle_chassis_no": "1FMEU15H8SLA36806"
  },
  {
    "lot_source_link": "https://www.mecum.com/lots/1117234/1952-kaiser-frazer-sears-allstate-coupe/?aa_id=583612-0",
    "lot_code": "Lot F67",
    "vehicle_chassis_no": "CA976680"
  },
  {
    "lot_source_link": "https://www.mecum.com/lots/1121258/1979-mg-b-roadster/?aa_id=600532-0",
    "lot_code": "Lot F65.1",
    "vehicle_chassis_no": "GHN5UL490590G"
  },
  {
    "lot_source_link": "https://www.mecum.com/lots/1122373/1987-chevrolet-silverado-pickup/?aa_id=598930-0",
    "lot_code": "Lot F65",
    "vehicle_chassis_no": "1GCEV14K4HF405845"
  },
  {
    "lot_source_link": "https://www.mecum.com/lots/1118108/1947-dodge-custom-pickup/?aa_id=596015-0",
    "lot_code": "Lot F64",
    "vehicle_chassis_no": "83306227"
  },
  {
    "lot_source_link": "https://www.mecum.com/lots/1118814/2002-toyota-celica-gt-s/?aa_id=600961-0",
    "lot_code": "Lot F63",
    "vehicle_chassis_no": "JTDDY38T320060156"
  },
  {
    "lot_source_link": "https://www.mecum.com/lots/1115921/1946-dodge-wd-21-pickup/?aa_id=596859-0",
    "lot_code": "Lot F62",
    "vehicle_chassis_no": "81212771"
  },
  {
    "lot_source_link": "https://www.mecum.com/lots/1118649/1988-chevrolet-camaro-iroc-z-coupe/?aa_id=600300-0",
    "lot_code": "Lot F60",
    "vehicle_chassis_no": "1G1FP2181JL159933"
  },
  {
    "lot_source_link": "https://www.mecum.com/lots/1119035/1970-chevrolet-camaro-z28-coupe/?aa_id=590850-0",
    "lot_code": "Lot F59",
    "vehicle_chassis_no": "124870L521466"
  },
  {
    "lot_source_link": "https://www.mecum.com/lots/1123027/2004-mazda-rx-8/?aa_id=601541-0",
    "lot_code": "Lot F57.1",
    "vehicle_chassis_no": "JM1FE17N440121543"
  },
  {
    "lot_source_link": "https://www.mecum.com/lots/1117799/1968-chevrolet-chevelle-wagon/?aa_id=581161-0",
    "lot_code": "Lot F56",
    "vehicle_chassis_no": "136358K233832"
  },
  {
    "lot_source_link": "https://www.mecum.com/lots/1117248/2003-chevrolet-tracker-zr2-suv/?aa_id=590849-0",
    "lot_code": "Lot F55",
    "vehicle_chassis_no": "2CNBJ734X36924062"
  },
  {
    "lot_source_link": "https://www.mecum.com/lots/1122003/2003-bmw-330ci-convertible/?aa_id=601062-0",
    "lot_code": "Lot F54.1",
    "vehicle_chassis_no": "WBABS53403JU97870"
  },
  {
    "lot_source_link": "https://www.mecum.com/lots/1121758/1996-ford-f150-pickup/?aa_id=599420-0",
    "lot_code": "Lot F53",
    "vehicle_chassis_no": "1FTEF15Y7TLB01354"
  },
  {
    "lot_source_link": "https://www.mecum.com/lots/1121762/1970-dodge-dart-swinger/?aa_id=598815-0",
    "lot_code": "Lot F52",
    "vehicle_chassis_no": "LL23C0R180755"
  },
  {
    "lot_source_link": "https://www.mecum.com/lots/1118650/1990-chevrolet-corvette-indianapolis-500-festival-car/?aa_id=600290-0",
    "lot_code": "Lot F51",
    "vehicle_chassis_no": "1G1YY3381L5110389"
  },
  {
    "lot_source_link": "https://www.mecum.com/lots/1112620/1999-chevrolet-tahoe-le-suv/?aa_id=576131-0",
    "lot_code": "Lot F50",
    "vehicle_chassis_no": "3GNEK18RXXG162188"
  },
  {
    "lot_source_link": "https://www.mecum.com/lots/1119298/1946-chevrolet-fire-truck/?aa_id=594771-0",
    "lot_code": "Lot F49",
    "vehicle_chassis_no": "DEA595368"
  },
  {
    "lot_source_link": "https://www.mecum.com/lots/1119737/1970-ford-mustang-fastback/?aa_id=601598-0",
    "lot_code": "Lot F48",
    "vehicle_chassis_no": "0T02H137692"
  },
  {
    "lot_source_link": "https://www.mecum.com/lots/1123284/1976-ford-maverick/?aa_id=601265-0",
    "lot_code": "Lot F45",
    "vehicle_chassis_no": "6K91L124923"
  },
  {
    "lot_source_link": "https://www.mecum.com/lots/1122042/1966-chevrolet-c10-pickup/?aa_id=598917-0",
    "lot_code": "Lot F44",
    "vehicle_chassis_no": "C1446A131878"
  },
  {
    "lot_source_link": "https://www.mecum.com/lots/1121988/2003-ford-f150-svt-lightning-pickup/?aa_id=599339-0",
    "lot_code": "Lot F43.1",
    "vehicle_chassis_no": "2FTRF073X3CA69314"
  },
  {
    "lot_source_link": "https://www.mecum.com/lots/1115922/1978-nissan-patrol-g60/?aa_id=596856-0",
    "lot_code": "Lot F43",
    "vehicle_chassis_no": "LG6071978"
  },
  {
    "lot_source_link": "https://www.mecum.com/lots/1122629/1983-chevrolet-1500-scottsdale-pickup/?aa_id=600180-0",
    "lot_code": "Lot F40",
    "vehicle_chassis_no": "1GCDC14H2DS159742"
  },
  {
    "lot_source_link": "https://www.mecum.com/lots/1119060/1973-volkswagen-beetle/?aa_id=598920-0",
    "lot_code": "Lot F38",
    "vehicle_chassis_no": "1132020086"
  },
  {
    "lot_source_link": "https://www.mecum.com/lots/1120653/1978-ford-f150-ranger-pickup/?aa_id=591847-0",
    "lot_code": "Lot F36",
    "vehicle_chassis_no": "F15HKBG2929"
  },
  {
    "lot_source_link": "https://www.mecum.com/lots/1121031/2002-mercedes-benz-slk320-convertible/?aa_id=600964-0",
    "lot_code": "Lot F34",
    "vehicle_chassis_no": "WDBKK65F32F245084"
  },
  {
    "lot_source_link": "https://www.mecum.com/lots/1118406/1972-chevrolet-c10-pickup/?aa_id=583259-0",
    "lot_code": "Lot F33",
    "vehicle_chassis_no": "CCE142A126201"
  },
  {
    "lot_source_link": "https://www.mecum.com/lots/1121103/1989-mercedes-benz-560sl-convertible/?aa_id=598536-0",
    "lot_code": "Lot F32",
    "vehicle_chassis_no": "WDBBA48DXKA098681"
  },
  {
    "lot_source_link": "https://www.mecum.com/lots/1115923/1985-chevrolet-k10-silverado-pickup/?aa_id=596854-0",
    "lot_code": "Lot F31",
    "vehicle_chassis_no": "2GCEK14H3F1118059"
  },
  {
    "lot_source_link": "https://www.mecum.com/lots/1119032/1963-ford-fairlane-coupe/?aa_id=598607-0",
    "lot_code": "Lot F30",
    "vehicle_chassis_no": "3K41F131486"
  },
  {
    "lot_source_link": "https://www.mecum.com/lots/1121105/2010-jeep-wrangler-unlimited-overland/?aa_id=594766-0",
    "lot_code": "Lot F28",
    "vehicle_chassis_no": "1J4BA3H18AL195103"
  },
  {
    "lot_source_link": "https://www.mecum.com/lots/1121987/2000-porsche-boxster-convertible/?aa_id=599338-0",
    "lot_code": "Lot F27.1",
    "vehicle_chassis_no": "WP0CA2984YU625925"
  },
  {
    "lot_source_link": "https://www.mecum.com/lots/1121184/1972-ford-ranchero/?aa_id=596065-0",
    "lot_code": "Lot F27",
    "vehicle_chassis_no": "2A47H332509"
  },
  {
    "lot_source_link": "https://www.mecum.com/lots/1121185/1934-pontiac-touring-sedan/?aa_id=597545-0",
    "lot_code": "Lot F22",
    "vehicle_chassis_no": "1041938"
  },
  {
    "lot_source_link": "https://www.mecum.com/lots/1121742/1976-chevrolet-corvette-coupe/?aa_id=599764-0",
    "lot_code": "Lot F19",
    "vehicle_chassis_no": "1Z37L6S411350"
  },
  {
    "lot_source_link": "https://www.mecum.com/lots/1121808/1975-chevrolet-c10-custom-pickup/?aa_id=597795-0",
    "lot_code": "Lot F18",
    "vehicle_chassis_no": "CKM145Z140764"
  },
  {
    "lot_source_link": "https://www.mecum.com/lots/1121870/1995-nissan-pathfinder/?aa_id=599928-0",
    "lot_code": "Lot F16",
    "vehicle_chassis_no": "JN8HD17Y4SW049022"
  },
  {
    "lot_source_link": "https://www.mecum.com/lots/1121942/1964-chevrolet-corvair-monza-spyder/?aa_id=598779-0",
    "lot_code": "Lot F15",
    "vehicle_chassis_no": "40667W225874"
  },
  {
    "lot_source_link": "https://www.mecum.com/lots/1122792/1997-chevrolet-camaro-rs-convertible/?aa_id=599666-0",
    "lot_code": "Lot F14",
    "vehicle_chassis_no": "2G1FP32K5V2138511"
  },
  {
    "lot_source_link": "https://www.mecum.com/lots/1121959/1934-ford-pickup/?aa_id=599179-0",
    "lot_code": "Lot F13",
    "vehicle_chassis_no": "18953203"
  },
  {
    "lot_source_link": "https://www.mecum.com/lots/1122077/1973-chevrolet-corvette-coupe/?aa_id=598610-0",
    "lot_code": "Lot F10",
    "vehicle_chassis_no": "1Z37J3S422411"
  },
  {
    "lot_source_link": "https://www.mecum.com/lots/1122574/1948-chevrolet-fleetmaster-deluxe-town-sedan/?aa_id=599094-0",
    "lot_code": "Lot F6",
    "vehicle_chassis_no": "21FKG34285"
  },
  {
    "lot_source_link": "https://www.mecum.com/lots/1121961/1925-chevrolet-special-replica-roadster/?aa_id=599307-0",
    "lot_code": "Lot F3",
    "vehicle_chassis_no": "DRMVB0000161524MO"
  }
]