[
  {
    "lot_source_link": "https://www.mecum.com/lots/1149754/1987-chevrolet-silverado-pickup/?aa_id=694842-0",
    "lot_code": "Lot S259",
    "vehicle_chassis_no": "1GCEV14K3HF375110"
  },
  {
    "lot_source_link": "https://www.mecum.com/lots/1149752/2011-audi-a5-convertible/?aa_id=694839-0",
    "lot_code": "Lot S257",
    "vehicle_chassis_no": "WAULFAFH7BN007223"
  },
  {
    "lot_source_link": "https://www.mecum.com/lots/1149434/2004-mercedes-benz-sl500-convertible/?aa_id=694258-0",
    "lot_code": "Lot S254",
    "vehicle_chassis_no": "WDBSK75F64F068152"
  },
  {
    "lot_source_link": "https://www.mecum.com/lots/1148984/1971-chevrolet-k10-cheyenne-super-pickup/?aa_id=693038-0",
    "lot_code": "Lot S252",
    "vehicle_chassis_no": "KE141F601419"
  },
  {
    "lot_source_link": "https://www.mecum.com/lots/1148647/1955-ford-f100-custom-pickup/?aa_id=692304-0",
    "lot_code": "Lot S249",
    "vehicle_chassis_no": "F10V5C13068"
  },
  {
    "lot_source_link": "https://www.mecum.com/lots/1148693/1966-chevrolet-corvette-convertible/?aa_id=692725-0",
    "lot_code": "Lot S248",
    "vehicle_chassis_no": "194676S118498"
  },
  {
    "lot_source_link": "https://www.mecum.com/lots/1149719/1991-toyota-dlx-pickup/?aa_id=694514-0",
    "lot_code": "Lot S245.1",
    "vehicle_chassis_no": "JT4RN01P3M7042034"
  },
  {
    "lot_source_link": "https://www.mecum.com/lots/1148699/1923-dodge-custom-roadster/?aa_id=692394-0",
    "lot_code": "Lot S244",
    "vehicle_chassis_no": "WN661087022"
  },
  {
    "lot_source_link": "https://www.mecum.com/lots/1149121/2007-chevrolet-silverado-2500hd-pickup/?aa_id=694730-0",
    "lot_code": "Lot S243",
    "vehicle_chassis_no": "1GCHK23D57F109813"
  },
  {
    "lot_source_link": "https://www.mecum.com/lots/1148689/1981-chevrolet-camaro-z28-coupe/?aa_id=692382-0",
    "lot_code": "Lot S242",
    "vehicle_chassis_no": "1G1AP87H4BL182757"
  },
  {
    "lot_source_link": "https://www.mecum.com/lots/1148688/1980-pontiac-firebird-formula/?aa_id=692529-0",
    "lot_code": "Lot S241",
    "vehicle_chassis_no": "2V87TAL133549"
  },
  {
    "lot_source_link": "https://www.mecum.com/lots/1148491/2007-bentley-continental-flying-spur-mulliner/?aa_id=692887-0",
    "lot_code": "Lot S237",
    "vehicle_chassis_no": "SCBBR93W17C040232"
  },
  {
    "lot_source_link": "https://www.mecum.com/lots/1149066/1947-chevrolet-custom-sedan/?aa_id=693851-0",
    "lot_code": "Lot S234.1",
    "vehicle_chassis_no": "EAA512503"
  },
  {
    "lot_source_link": "https://www.mecum.com/lots/1147389/1965-ford-mustang-convertible/?aa_id=692232-0",
    "lot_code": "Lot S229",
    "vehicle_chassis_no": "5F08F100599"
  },
  {
    "lot_source_link": "https://www.mecum.com/lots/1147798/1979-pontiac-trans-am/?aa_id=693828-0",
    "lot_code": "Lot S223",
    "vehicle_chassis_no": "2W87K9L214130"
  },
  {
    "lot_source_link": "https://www.mecum.com/lots/1147637/1939-ford-deluxe-coupe/?aa_id=693287-0",
    "lot_code": "Lot S222",
    "vehicle_chassis_no": "NCS96740"
  },
  {
    "lot_source_link": "https://www.mecum.com/lots/1149317/1989-dodge-ramcharger/?aa_id=694538-0",
    "lot_code": "Lot S220",
    "vehicle_chassis_no": "3B4GE07Y5KM911174"
  },
  {
    "lot_source_link": "https://www.mecum.com/lots/1147654/1969-chevrolet-camaro-rs-convertible/?aa_id=692512-0",
    "lot_code": "Lot S215",
    "vehicle_chassis_no": "124679N630988"
  },
  {
    "lot_source_link": "https://www.mecum.com/lots/1149316/1955-ford-f100-panel-truck/?aa_id=694507-0",
    "lot_code": "Lot S211",
    "vehicle_chassis_no": "F10V5H18775"
  },
  {
    "lot_source_link": "https://www.mecum.com/lots/1148533/1950-chevrolet-5-window-pickup/?aa_id=694456-0",
    "lot_code": "Lot S210",
    "vehicle_chassis_no": "HBA0526954"
  },
  {
    "lot_source_link": "https://www.mecum.com/lots/1147990/1970-chevrolet-c10-custom-pickup/?aa_id=691289-0",
    "lot_code": "Lot S209",
    "vehicle_chassis_no": "CE140F140744"
  },
  {
    "lot_source_link": "https://www.mecum.com/lots/1148705/1969-chevrolet-chevelle-convertible/?aa_id=692925-0",
    "lot_code": "Lot S207",
    "vehicle_chassis_no": "136679K325322"
  },
  {
    "lot_source_link": "https://www.mecum.com/lots/1142266/2023-dodge-challenger-mopar-23-special-edition/?aa_id=677398-0",
    "lot_code": "Lot S206",
    "vehicle_chassis_no": "2C3CDZFJ7PH678020"
  },
  {
    "lot_source_link": "https://www.mecum.com/lots/1147911/1970-ford-bronco/?aa_id=691109-0",
    "lot_code": "Lot S205",
    "vehicle_chassis_no": "U15GLG34007"
  },
  {
    "lot_source_link": "https://www.mecum.com/lots/1148099/1977-chevrolet-k10-cheyenne-super-pickup/?aa_id=692291-0",
    "lot_code": "Lot S204",
    "vehicle_chassis_no": "CKL147Z202897"
  },
  {
    "lot_source_link": "https://www.mecum.com/lots/1148892/2007-mercedes-benz-clk550-convertible/?aa_id=694246-0",
    "lot_code": "Lot S203.1",
    "vehicle_chassis_no": "WDBTK72F67T077285"
  },
  {
    "lot_source_link": "https://www.mecum.com/lots/1145808/1954-chevrolet-corvette-roadster/?aa_id=691008-0",
    "lot_code": "Lot S202",
    "vehicle_chassis_no": "E54S004162"
  },
  {
    "lot_source_link": "https://www.mecum.com/lots/1147883/1969-ford-bronco-sport/?aa_id=691508-0",
    "lot_code": "Lot S201",
    "vehicle_chassis_no": "U15GLE25910"
  },
  {
    "lot_source_link": "https://www.mecum.com/lots/1148108/1969-chevrolet-c10-pickup/?aa_id=692178-0",
    "lot_code": "Lot S200",
    "vehicle_chassis_no": "CE149Z858180"
  },
  {
    "lot_source_link": "https://www.mecum.com/lots/1148989/1966-chevrolet-c10-pickup/?aa_id=694114-0",
    "lot_code": "Lot S199.1",
    "vehicle_chassis_no": "C1546S124497"
  },
  {
    "lot_source_link": "https://www.mecum.com/lots/1148784/1994-chevrolet-silverado-pickup/?aa_id=692897-0",
    "lot_code": "Lot S198.1",
    "vehicle_chassis_no": "1GCDC14K0RZ199652"
  },
  {
    "lot_source_link": "https://www.mecum.com/lots/1148329/1964-pontiac-gto-convertible/?aa_id=691829-0",
    "lot_code": "Lot S195",
    "vehicle_chassis_no": "824B10511"
  },
  {
    "lot_source_link": "https://www.mecum.com/lots/1149278/1957-chevrolet-3100-pickup/?aa_id=694160-0",
    "lot_code": "Lot S193.1",
    "vehicle_chassis_no": "OK0118095872"
  },
  {
    "lot_source_link": "https://www.mecum.com/lots/1148015/2012-bentley-continental-gt/?aa_id=694065-0",
    "lot_code": "Lot S191",
    "vehicle_chassis_no": "SCBFR7ZA6CC070354"
  },
  {
    "lot_source_link": "https://www.mecum.com/lots/1147390/1970-dodge-charger-se/?aa_id=692480-0",
    "lot_code": "Lot S190",
    "vehicle_chassis_no": "XP29G0G199732"
  },
  {
    "lot_source_link": "https://www.mecum.com/lots/1145734/1970-plymouth-road-runner-coupe/?aa_id=680103-0",
    "lot_code": "Lot S189",
    "vehicle_chassis_no": "RM21V0G158547"
  },
  {
    "lot_source_link": "https://www.mecum.com/lots/1148302/1995-chevrolet-silverado-1500-pickup/?aa_id=692981-0",
    "lot_code": "Lot S185",
    "vehicle_chassis_no": "2GCEC19K0S1145991"
  },
  {
    "lot_source_link": "https://www.mecum.com/lots/1148301/1997-ford-f350-xlt-pickup/?aa_id=692572-0",
    "lot_code": "Lot S184",
    "vehicle_chassis_no": "1FTJW35G8VEC48890"
  },
  {
    "lot_source_link": "https://www.mecum.com/lots/1148300/1973-ford-mustang-convertible/?aa_id=692653-0",
    "lot_code": "Lot S183",
    "vehicle_chassis_no": "3F03F244262"
  },
  {
    "lot_source_link": "https://www.mecum.com/lots/1148299/1995-chevrolet-corvette-coupe/?aa_id=693347-0",
    "lot_code": "Lot S182",
    "vehicle_chassis_no": "1G1YY22P3S5110461"
  },
  {
    "lot_source_link": "https://www.mecum.com/lots/1148298/2003-mercedes-benz-sl55-amg-convertible/?aa_id=693221-0",
    "lot_code": "Lot S181",
    "vehicle_chassis_no": "WDBSK74F23F056032"
  },
  {
    "lot_source_link": "https://www.mecum.com/lots/1148297/2009-cadillac-xlr-v-convertible/?aa_id=693349-0",
    "lot_code": "Lot S180",
    "vehicle_chassis_no": "1G6YX36D595600526"
  },
  {
    "lot_source_link": "https://www.mecum.com/lots/1139597/1971-chevrolet-c10-custom-pickup/?aa_id=677425-0",
    "lot_code": "Lot S177",
    "vehicle_chassis_no": "CE141J620243"
  },
  {
    "lot_source_link": "https://www.mecum.com/lots/1148224/2020-ford-shelby-gt500/?aa_id=691869-0",
    "lot_code": "Lot S175",
    "vehicle_chassis_no": "1FA6P8SJ9L5504201"
  },
  {
    "lot_source_link": "https://www.mecum.com/lots/1149323/1972-chevrolet-k10-pickup/?aa_id=694484-0",
    "lot_code": "Lot S174.1",
    "vehicle_chassis_no": "CCE242Z155293"
  },
  {
    "lot_source_link": "https://www.mecum.com/lots/1147287/1970-plymouth-aar-cuda/?aa_id=686421-0",
    "lot_code": "Lot S173",
    "vehicle_chassis_no": "BS23J0B306924"
  },
  {
    "lot_source_link": "https://www.mecum.com/lots/1147631/1969-chevrolet-chevelle/?aa_id=693555-0",
    "lot_code": "Lot S172",
    "vehicle_chassis_no": "AZ390242"
  },
  {
    "lot_source_link": "https://www.mecum.com/lots/1148779/1966-chevrolet-chevelle-convertible/?aa_id=692979-0",
    "lot_code": "Lot S170.1",
    "vehicle_chassis_no": "136676B173190"
  },
  {
    "lot_source_link": "https://www.mecum.com/lots/1148409/2004-gmc-sierra-1500-pickup/?aa_id=694137-0",
    "lot_code": "Lot S170",
    "vehicle_chassis_no": "1GTEC19V24Z278479"
  },
  {
    "lot_source_link": "https://www.mecum.com/lots/1148687/2019-dodge-challenger-srt-hellcat-widebody/?aa_id=693197-0",
    "lot_code": "Lot S168.1",
    "vehicle_chassis_no": "2C3CDZC96KH750036"
  },
  {
    "lot_source_link": "https://www.mecum.com/lots/1147323/1979-pontiac-trans-am-10th-anniversary-coupe/?aa_id=686080-0",
    "lot_code": "Lot S168",
    "vehicle_chassis_no": "2X87Z9L163007"
  },
  {
    "lot_source_link": "https://www.mecum.com/lots/1149232/2020-bentley-continental-gt-mulliner/?aa_id=694358-0",
    "lot_code": "Lot S167.1",
    "vehicle_chassis_no": "SCBDG4ZG5LC076646"
  },
  {
    "lot_source_link": "https://www.mecum.com/lots/1148802/1969-chevrolet-camaro-custom/?aa_id=693259-0",
    "lot_code": "Lot S165.1",
    "vehicle_chassis_no": "124379N661463"
  },
  {
    "lot_source_link": "https://www.mecum.com/lots/1147249/1972-chevrolet-el-camino-ss/?aa_id=692379-0",
    "lot_code": "Lot S164",
    "vehicle_chassis_no": "1D80H2K508281"
  },
  {
    "lot_source_link": "https://www.mecum.com/lots/1148303/1967-chevrolet-impala-ss/?aa_id=691882-0",
    "lot_code": "Lot S163",
    "vehicle_chassis_no": "168877U126126"
  },
  {
    "lot_source_link": "https://www.mecum.com/lots/1148424/1979-ford-f150-ranger-xlt-pickup/?aa_id=693104-0",
    "lot_code": "Lot S162",
    "vehicle_chassis_no": "F14HNFE0734"
  },
  {
    "lot_source_link": "https://www.mecum.com/lots/1149282/2016-mercedes-benz-e550/?aa_id=694352-0",
    "lot_code": "Lot S161.1",
    "vehicle_chassis_no": "WDDKJ7DB7GF319399"
  },
  {
    "lot_source_link": "https://www.mecum.com/lots/1148296/1972-datsun-240z/?aa_id=693367-0",
    "lot_code": "Lot S161",
    "vehicle_chassis_no": "HLS3085448"
  },
  {
    "lot_source_link": "https://www.mecum.com/lots/1148270/2012-ferrari-california-convertible/?aa_id=693102-0",
    "lot_code": "Lot S160.1",
    "vehicle_chassis_no": "ZFF65LJAXC0183417"
  },
  {
    "lot_source_link": "https://www.mecum.com/lots/1148294/2007-bentley-continental-gtc-convertible/?aa_id=692642-0",
    "lot_code": "Lot S159",
    "vehicle_chassis_no": "SCBDR33W87C043960"
  },
  {
    "lot_source_link": "https://www.mecum.com/lots/1148293/2019-bentley-bentayga/?aa_id=692652-0",
    "lot_code": "Lot S158",
    "vehicle_chassis_no": "SJAAM2ZV6KC026026"
  },
  {
    "lot_source_link": "https://www.mecum.com/lots/1148291/1956-ford-thunderbird-convertible/?aa_id=692649-0",
    "lot_code": "Lot S156",
    "vehicle_chassis_no": "P6FH270027"
  },
  {
    "lot_source_link": "https://www.mecum.com/lots/1145733/1970-dodge-challenger-t-a/?aa_id=680104-0",
    "lot_code": "Lot S153",
    "vehicle_chassis_no": "JH23J0B307243"
  },
  {
    "lot_source_link": "https://www.mecum.com/lots/1149442/1968-ford-mustang-convertible/?aa_id=694032-0",
    "lot_code": "Lot S152.1",
    "vehicle_chassis_no": "8F03C105452"
  },
  {
    "lot_source_link": "https://www.mecum.com/lots/1146309/1976-ford-f150-ranger-free-wheelin-pickup/?aa_id=693469-0",
    "lot_code": "Lot S151",
    "vehicle_chassis_no": "F11YNC75585"
  },
  {
    "lot_source_link": "https://www.mecum.com/lots/1147069/1933-willys-custom-coupe/?aa_id=690363-0",
    "lot_code": "Lot S148",
    "vehicle_chassis_no": "W108772"
  },
  {
    "lot_source_link": "https://www.mecum.com/lots/1149273/1970-dodge-challenger-se-convertible/?aa_id=693843-0",
    "lot_code": "Lot S146.1",
    "vehicle_chassis_no": "JH27G0B135158"
  },
  {
    "lot_source_link": "https://www.mecum.com/lots/1147381/1971-chevrolet-chevelle/?aa_id=690362-0",
    "lot_code": "Lot S145",
    "vehicle_chassis_no": "1363711504031"
  },
  {
    "lot_source_link": "https://www.mecum.com/lots/1147981/1972-chevrolet-chevelle/?aa_id=690783-0",
    "lot_code": "Lot S143",
    "vehicle_chassis_no": "1D37J2K604532"
  },
  {
    "lot_source_link": "https://www.mecum.com/lots/1147910/2010-mercedes-benz-g55-amg/?aa_id=691108-0",
    "lot_code": "Lot S142",
    "vehicle_chassis_no": "WDCYC7BFXAX183933"
  },
  {
    "lot_source_link": "https://www.mecum.com/lots/1148408/1986-chevrolet-k10-pickup/?aa_id=694136-0",
    "lot_code": "Lot S141",
    "vehicle_chassis_no": "1GCEK14H3GF361154"
  },
  {
    "lot_source_link": "https://www.mecum.com/lots/1148778/1970-chevrolet-chevelle/?aa_id=692733-0",
    "lot_code": "Lot S140.1",
    "vehicle_chassis_no": "136370B181468"
  },
  {
    "lot_source_link": "https://www.mecum.com/lots/1147404/1967-chevrolet-camaro-convertible/?aa_id=691854-0",
    "lot_code": "Lot S140",
    "vehicle_chassis_no": "124677N194288"
  },
  {
    "lot_source_link": "https://www.mecum.com/lots/1148686/1969-ford-mustang-convertible/?aa_id=693196-0",
    "lot_code": "Lot S139.1",
    "vehicle_chassis_no": "9F03F113632"
  },
  {
    "lot_source_link": "https://www.mecum.com/lots/1148436/1969-chevrolet-camaro-ss/?aa_id=692528-0",
    "lot_code": "Lot S139",
    "vehicle_chassis_no": "124379N633255"
  },
  {
    "lot_source_link": "https://www.mecum.com/lots/1147849/1954-chevrolet-3100-pickup/?aa_id=691573-0",
    "lot_code": "Lot S138.1",
    "vehicle_chassis_no": "0045264F54Y"
  },
  {
    "lot_source_link": "https://www.mecum.com/lots/1147846/1968-chevrolet-camaro-rs/?aa_id=691572-0",
    "lot_code": "Lot S138",
    "vehicle_chassis_no": "124378L308246"
  },
  {
    "lot_source_link": "https://www.mecum.com/lots/1147844/1963-chevrolet-corvette-convertible/?aa_id=694329-0",
    "lot_code": "Lot S137",
    "vehicle_chassis_no": "30867S120764"
  },
  {
    "lot_source_link": "https://www.mecum.com/lots/1147847/1965-ford-mustang-convertible/?aa_id=691568-0",
    "lot_code": "Lot S136",
    "vehicle_chassis_no": "5F08F172987"
  },
  {
    "lot_source_link": "https://www.mecum.com/lots/1147843/1955-chevrolet-3100-pickup/?aa_id=691571-0",
    "lot_code": "Lot S134",
    "vehicle_chassis_no": "H255N003426"
  },
  {
    "lot_source_link": "https://www.mecum.com/lots/1147845/1970-ford-mustang-mach-1-twister-special-fastback/?aa_id=691574-0",
    "lot_code": "Lot S133",
    "vehicle_chassis_no": "0F05R118914"
  },
  {
    "lot_source_link": "https://www.mecum.com/lots/1147842/1968-shelby-gt500kr-convertible/?aa_id=691575-0",
    "lot_code": "Lot S132",
    "vehicle_chassis_no": "8T03R21618504416"
  },
  {
    "lot_source_link": "https://www.mecum.com/lots/1147806/1956-chevrolet-cameo-pickup/?aa_id=692100-0",
    "lot_code": "Lot S131",
    "vehicle_chassis_no": "3A560002042"
  },
  {
    "lot_source_link": "https://www.mecum.com/lots/1147800/1940-lincoln-zephyr-continental-coupe/?aa_id=692101-0",
    "lot_code": "Lot S129",
    "vehicle_chassis_no": "06H5740"
  },
  {
    "lot_source_link": "https://www.mecum.com/lots/1147803/1973-mg-b-roadster/?aa_id=692093-0",
    "lot_code": "Lot S128",
    "vehicle_chassis_no": "GHN5UD307895G"
  },
  {
    "lot_source_link": "https://www.mecum.com/lots/1147805/1929-ford-model-aa-fire-truck/?aa_id=692104-0",
    "lot_code": "Lot S126",
    "vehicle_chassis_no": "AA2475778"
  },
  {
    "lot_source_link": "https://www.mecum.com/lots/1147801/1947-ford-convertible/?aa_id=692103-0",
    "lot_code": "Lot S125",
    "vehicle_chassis_no": "899A2170379"
  },
  {
    "lot_source_link": "https://www.mecum.com/lots/1147799/1957-chevrolet-bel-air-sedan/?aa_id=692097-0",
    "lot_code": "Lot S124",
    "vehicle_chassis_no": "57B265707"
  },
  {
    "lot_source_link": "https://www.mecum.com/lots/1147802/1955-ford-fairlane-sunliner/?aa_id=692090-0",
    "lot_code": "Lot S123",
    "vehicle_chassis_no": "U5AC157052"
  },
  {
    "lot_source_link": "https://www.mecum.com/lots/1147804/1972-porsche-914/?aa_id=692092-0",
    "lot_code": "Lot S122",
    "vehicle_chassis_no": "4722901570"
  },
  {
    "lot_source_link": "https://www.mecum.com/lots/1148854/1969-chevrolet-camaro-custom/?aa_id=692851-0",
    "lot_code": "Lot S121.1",
    "vehicle_chassis_no": "124379N527826"
  },
  {
    "lot_source_link": "https://www.mecum.com/lots/1148423/2008-bentley-continental-gtc-convertible/?aa_id=693351-0",
    "lot_code": "Lot S120",
    "vehicle_chassis_no": "SCBDR33W08C051813"
  },
  {
    "lot_source_link": "https://www.mecum.com/lots/1148290/1971-chevrolet-c10-cheyenne-super-pickup/?aa_id=693103-0",
    "lot_code": "Lot S119",
    "vehicle_chassis_no": "CE141A602367"
  },
  {
    "lot_source_link": "https://www.mecum.com/lots/1148289/2024-jeep-gladiator-sport-pickup/?aa_id=692771-0",
    "lot_code": "Lot S118",
    "vehicle_chassis_no": "1C6HJTAG9RL131637"
  },
  {
    "lot_source_link": "https://www.mecum.com/lots/1148288/2016-mercedes-benz-maybach-s600-sedan/?aa_id=692650-0",
    "lot_code": "Lot S117",
    "vehicle_chassis_no": "WDDUX7GB3GA184311"
  },
  {
    "lot_source_link": "https://www.mecum.com/lots/1148287/1969-plymouth-road-runner/?aa_id=692671-0",
    "lot_code": "Lot S116",
    "vehicle_chassis_no": "RM23H9G211640"
  },
  {
    "lot_source_link": "https://www.mecum.com/lots/1148286/1970-plymouth-road-runner-convertible/?aa_id=692573-0",
    "lot_code": "Lot S115",
    "vehicle_chassis_no": "RM27V0G196699"
  },
  {
    "lot_source_link": "https://www.mecum.com/lots/1148285/1970-plymouth-aar-cuda/?aa_id=692644-0",
    "lot_code": "Lot S114",
    "vehicle_chassis_no": "BS23J0B296018"
  },
  {
    "lot_source_link": "https://www.mecum.com/lots/1148400/1972-chevrolet-k5-blazer/?aa_id=694115-0",
    "lot_code": "Lot S113",
    "vehicle_chassis_no": "CKE182S109607"
  },
  {
    "lot_source_link": "https://www.mecum.com/lots/1148437/1966-chevrolet-chevelle-ss/?aa_id=692296-0",
    "lot_code": "Lot S111",
    "vehicle_chassis_no": "138176A114430"
  },
  {
    "lot_source_link": "https://www.mecum.com/lots/1147633/1972-chevrolet-c10-pickup/?aa_id=693701-0",
    "lot_code": "Lot S110",
    "vehicle_chassis_no": "CCE142F334914"
  },
  {
    "lot_source_link": "https://www.mecum.com/lots/1148853/1987-chevrolet-r10-silverado-pickup/?aa_id=692852-0",
    "lot_code": "Lot S107.1",
    "vehicle_chassis_no": "1GCDR14K9HS174514"
  },
  {
    "lot_source_link": "https://www.mecum.com/lots/1147333/2017-bentley-continental-gtc-speed-convertible/?aa_id=687278-0",
    "lot_code": "Lot S106",
    "vehicle_chassis_no": "SCBGY3ZA6HC063072"
  },
  {
    "lot_source_link": "https://www.mecum.com/lots/1148407/2004-maserati-coupe-gt/?aa_id=694150-0",
    "lot_code": "Lot S105",
    "vehicle_chassis_no": "ZAMBC38A440012393"
  },
  {
    "lot_source_link": "https://www.mecum.com/lots/1148331/1961-chevrolet-corvette-convertible/?aa_id=691833-0",
    "lot_code": "Lot S103",
    "vehicle_chassis_no": "10867S107400"
  },
  {
    "lot_source_link": "https://www.mecum.com/lots/1147402/2002-dodge-viper-rt-10-roadster/?aa_id=691518-0",
    "lot_code": "Lot S102",
    "vehicle_chassis_no": "1B3ER65E62V101568"
  },
  {
    "lot_source_link": "https://www.mecum.com/lots/1146682/1955-chevrolet-bel-air-convertible/?aa_id=683662-0",
    "lot_code": "Lot S101",
    "vehicle_chassis_no": "VC55K099431"
  },
  {
    "lot_source_link": "https://www.mecum.com/lots/1148534/1970-chevrolet-camaro-z28/?aa_id=692963-0",
    "lot_code": "Lot S100",
    "vehicle_chassis_no": "124870N523587"
  },
  {
    "lot_source_link": "https://www.mecum.com/lots/1147893/2003-gmc-topkick-c4500-pickup/?aa_id=692038-0",
    "lot_code": "Lot S97",
    "vehicle_chassis_no": "1GDC4E1113F503992"
  },
  {
    "lot_source_link": "https://www.mecum.com/lots/1147376/1967-chevrolet-nova/?aa_id=690696-0",
    "lot_code": "Lot S94",
    "vehicle_chassis_no": "113117W173843"
  },
  {
    "lot_source_link": "https://www.mecum.com/lots/1145402/1969-chevrolet-el-camino/?aa_id=681275-0",
    "lot_code": "Lot S93",
    "vehicle_chassis_no": "136809K371518"
  },
  {
    "lot_source_link": "https://www.mecum.com/lots/1147638/1963-chevrolet-corvette-convertible/?aa_id=691500-0",
    "lot_code": "Lot S92",
    "vehicle_chassis_no": "30867S120664"
  },
  {
    "lot_source_link": "https://www.mecum.com/lots/1148422/1957-buick-century-riviera-sedan/?aa_id=692648-0",
    "lot_code": "Lot S91",
    "vehicle_chassis_no": "6D1041845"
  },
  {
    "lot_source_link": "https://www.mecum.com/lots/1148282/1998-chevrolet-corvette-pace-car-edition-convertible/?aa_id=692646-0",
    "lot_code": "Lot S88",
    "vehicle_chassis_no": "1G1YY32G1W5120269"
  },
  {
    "lot_source_link": "https://www.mecum.com/lots/1148279/2011-chevrolet-corvette-grand-sport-callaway-sc606-coupe/?aa_id=692629-0",
    "lot_code": "Lot S85",
    "vehicle_chassis_no": "1G1YW2DW4B5107773"
  },
  {
    "lot_source_link": "https://www.mecum.com/lots/1148851/1967-pontiac-lemans-hardtop/?aa_id=692858-0",
    "lot_code": "Lot S83.1",
    "vehicle_chassis_no": "237177P325937"
  },
  {
    "lot_source_link": "https://www.mecum.com/lots/1147486/1971-dodge-dart-swinger/?aa_id=689922-0",
    "lot_code": "Lot S83",
    "vehicle_chassis_no": "LH23G1R293950"
  },
  {
    "lot_source_link": "https://www.mecum.com/lots/1148685/2008-ford-shelby-gt500/?aa_id=693195-0",
    "lot_code": "Lot S82.1",
    "vehicle_chassis_no": "1ZVHT88S885106996"
  },
  {
    "lot_source_link": "https://www.mecum.com/lots/1148402/1994-nissan-300zx-convertible/?aa_id=694479-0",
    "lot_code": "Lot S82",
    "vehicle_chassis_no": "JN1RZ27D1RX010092"
  },
  {
    "lot_source_link": "https://www.mecum.com/lots/1148438/1968-chevrolet-camaro/?aa_id=692292-0",
    "lot_code": "Lot S80",
    "vehicle_chassis_no": "123378N428024"
  },
  {
    "lot_source_link": "https://www.mecum.com/lots/1147374/1970-chevrolet-nova/?aa_id=690692-0",
    "lot_code": "Lot S79",
    "vehicle_chassis_no": "113270W143114"
  },
  {
    "lot_source_link": "https://www.mecum.com/lots/1148014/1966-ford-thunderbird-hardtop/?aa_id=694063-0",
    "lot_code": "Lot S78",
    "vehicle_chassis_no": "6Y83Z127341"
  },
  {
    "lot_source_link": "https://www.mecum.com/lots/1148704/1967-chevrolet-nova/?aa_id=694667-0",
    "lot_code": "Lot S76",
    "vehicle_chassis_no": "115377W101475"
  },
  {
    "lot_source_link": "https://www.mecum.com/lots/1146782/2018-cadillac-escalade-luxury/?aa_id=690360-0",
    "lot_code": "Lot S74",
    "vehicle_chassis_no": "1GYS4BKJ9JR123124"
  },
  {
    "lot_source_link": "https://www.mecum.com/lots/1146049/1973-chevrolet-camaro/?aa_id=692392-0",
    "lot_code": "Lot S73",
    "vehicle_chassis_no": "1S87H3N192432"
  },
  {
    "lot_source_link": "https://www.mecum.com/lots/1148406/2004-ford-excursion-limited/?aa_id=693463-0",
    "lot_code": "Lot S72",
    "vehicle_chassis_no": "1FMNU43S64EB12000"
  },
  {
    "lot_source_link": "https://www.mecum.com/lots/1147491/1963-ford-thunderbird-coupe/?aa_id=692730-0",
    "lot_code": "Lot S71",
    "vehicle_chassis_no": "3Y83Z154308"
  },
  {
    "lot_source_link": "https://www.mecum.com/lots/1148306/1968-chevrolet-corvette-coupe/?aa_id=691776-0",
    "lot_code": "Lot S70",
    "vehicle_chassis_no": "194378S413351"
  },
  {
    "lot_source_link": "https://www.mecum.com/lots/1147250/1966-ford-fairlane-convertible/?aa_id=692245-0",
    "lot_code": "Lot S68",
    "vehicle_chassis_no": "6H46Z111123"
  },
  {
    "lot_source_link": "https://www.mecum.com/lots/1149652/1957-chevrolet-bel-air-convertible/?aa_id=694096-0",
    "lot_code": "Lot S67.1",
    "vehicle_chassis_no": "VC57S272764"
  },
  {
    "lot_source_link": "https://www.mecum.com/lots/1147629/1964-chevrolet-corvette-convertible/?aa_id=688403-0",
    "lot_code": "Lot S67",
    "vehicle_chassis_no": "NY7499"
  },
  {
    "lot_source_link": "https://www.mecum.com/lots/1147414/1963-ford-galaxie-500-hardtop/?aa_id=686969-0",
    "lot_code": "Lot S66",
    "vehicle_chassis_no": "3P66Z168640"
  },
  {
    "lot_source_link": "https://www.mecum.com/lots/1146865/1964-chevrolet-corvair-monza-club-coupe/?aa_id=686053-0",
    "lot_code": "Lot S65",
    "vehicle_chassis_no": "40927W156490"
  },
  {
    "lot_source_link": "https://www.mecum.com/lots/1146864/1960-chevrolet-corvair-700-deluxe-sedan/?aa_id=686052-0",
    "lot_code": "Lot S64",
    "vehicle_chassis_no": "00769K125759"
  },
  {
    "lot_source_link": "https://www.mecum.com/lots/1146863/1965-chevrolet-corvair-corsa-convertible/?aa_id=686050-0",
    "lot_code": "Lot S63",
    "vehicle_chassis_no": "107675W251091"
  },
  {
    "lot_source_link": "https://www.mecum.com/lots/1146862/1940-chevrolet-master-deluxe-sedan/?aa_id=686047-0",
    "lot_code": "Lot S62",
    "vehicle_chassis_no": "3401553"
  },
  {
    "lot_source_link": "https://www.mecum.com/lots/1146861/1939-mercury-town-sedan/?aa_id=686048-0",
    "lot_code": "Lot S61",
    "vehicle_chassis_no": "99A4551"
  },
  {
    "lot_source_link": "https://www.mecum.com/lots/1146857/1922-ford-model-t-tanker-roadster-pickup/?aa_id=686035-0",
    "lot_code": "Lot S57",
    "vehicle_chassis_no": "1962737"
  },
  {
    "lot_source_link": "https://www.mecum.com/lots/1146856/1911-ford-model-t-paddy-wagon/?aa_id=686031-0",
    "lot_code": "Lot S56",
    "vehicle_chassis_no": "12483251"
  },
  {
    "lot_source_link": "https://www.mecum.com/lots/1146855/2003-hummer-h2/?aa_id=686027-0",
    "lot_code": "Lot S55",
    "vehicle_chassis_no": "5GRGN23U53H147039"
  },
  {
    "lot_source_link": "https://www.mecum.com/lots/1146854/2011-jaguar-xjl-sedan/?aa_id=686071-0",
    "lot_code": "Lot S54",
    "vehicle_chassis_no": "SAJWA2GE0BMV10348"
  },
  {
    "lot_source_link": "https://www.mecum.com/lots/1146047/1969-chevrolet-camaro-rs-ss/?aa_id=692917-0",
    "lot_code": "Lot S53",
    "vehicle_chassis_no": "124379N605777"
  },
  {
    "lot_source_link": "https://www.mecum.com/lots/1147080/1997-dodge-dakota-pickup/?aa_id=689337-0",
    "lot_code": "Lot S51",
    "vehicle_chassis_no": "1B7GG23Y3VS305284"
  },
  {
    "lot_source_link": "https://www.mecum.com/lots/1146669/1967-chevrolet-chevelle/?aa_id=683079-0",
    "lot_code": "Lot S50",
    "vehicle_chassis_no": "136177A138851"
  },
  {
    "lot_source_link": "https://www.mecum.com/lots/1147388/1965-ford-econoline-custom-pickup/?aa_id=686497-0",
    "lot_code": "Lot S48",
    "vehicle_chassis_no": "E10TH674306"
  },
  {
    "lot_source_link": "https://www.mecum.com/lots/1148654/1972-chevrolet-malibu-sport-coupe/?aa_id=693265-0",
    "lot_code": "Lot S47.1",
    "vehicle_chassis_no": "1D37U2L563849"
  },
  {
    "lot_source_link": "https://www.mecum.com/lots/1149240/2014-bmw-435i-convertible/?aa_id=693468-0",
    "lot_code": "Lot S46.1",
    "vehicle_chassis_no": "WBA3T3C57EP737639"
  },
  {
    "lot_source_link": "https://www.mecum.com/lots/1149125/2008-bentley-continental-gtc-convertible/?aa_id=694430-0",
    "lot_code": "Lot S45.1",
    "vehicle_chassis_no": "SCBDR33W78C053445"
  },
  {
    "lot_source_link": "https://www.mecum.com/lots/1147880/1978-ford-f100-ranger-xlt-lariat-pickup/?aa_id=694316-0",
    "lot_code": "Lot S45",
    "vehicle_chassis_no": "F10HNCC8921"
  },
  {
    "lot_source_link": "https://www.mecum.com/lots/1146223/1979-chevrolet-camaro-z28-coupe/?aa_id=688378-0",
    "lot_code": "Lot S44",
    "vehicle_chassis_no": "1Q87L9N572688"
  },
  {
    "lot_source_link": "https://www.mecum.com/lots/1149057/1973-volkswagen-super-beetle-convertible/?aa_id=693193-0",
    "lot_code": "Lot S43.1",
    "vehicle_chassis_no": "1532994759"
  },
  {
    "lot_source_link": "https://www.mecum.com/lots/1147857/1968-chevrolet-el-camino/?aa_id=691066-0",
    "lot_code": "Lot S41",
    "vehicle_chassis_no": "136808K248449"
  },
  {
    "lot_source_link": "https://www.mecum.com/lots/1146312/1979-chevrolet-camaro-coupe/?aa_id=693511-0",
    "lot_code": "Lot S40",
    "vehicle_chassis_no": "1S87G9L641916"
  },
  {
    "lot_source_link": "https://www.mecum.com/lots/1148532/1985-chevrolet-pickup/?aa_id=694095-0",
    "lot_code": "Lot S38",
    "vehicle_chassis_no": "1GCCC14H0FF445709"
  },
  {
    "lot_source_link": "https://www.mecum.com/lots/1145504/1965-ford-mustang-convertible/?aa_id=682993-0",
    "lot_code": "Lot S37",
    "vehicle_chassis_no": "5F08D119661"
  },
  {
    "lot_source_link": "https://www.mecum.com/lots/1148869/1973-chevrolet-nova-custom/?aa_id=693168-0",
    "lot_code": "Lot S35.1",
    "vehicle_chassis_no": "1X27D3L222434"
  },
  {
    "lot_source_link": "https://www.mecum.com/lots/1148012/2008-ford-f150-foose-edition-pickup/?aa_id=694061-0",
    "lot_code": "Lot S35",
    "vehicle_chassis_no": "1FTPW12598KD24141"
  },
  {
    "lot_source_link": "https://www.mecum.com/lots/1146224/1979-chevrolet-c10-silverado-pickup/?aa_id=688379-0",
    "lot_code": "Lot S34",
    "vehicle_chassis_no": "CCS449F466862"
  },
  {
    "lot_source_link": "https://www.mecum.com/lots/1147431/1990-chevrolet-blazer-silverado/?aa_id=691511-0",
    "lot_code": "Lot S33",
    "vehicle_chassis_no": "1GNEV18K1LF162201"
  },
  {
    "lot_source_link": "https://www.mecum.com/lots/1146737/1979-chevrolet-c10-pickup/?aa_id=686791-0",
    "lot_code": "Lot S32",
    "vehicle_chassis_no": "CCU449S189525"
  },
  {
    "lot_source_link": "https://www.mecum.com/lots/1148821/1998-dodge-ram-2500-laramie-slt-pickup/?aa_id=694522-0",
    "lot_code": "Lot S31.1",
    "vehicle_chassis_no": "3B7KC22D5WG142425"
  },
  {
    "lot_source_link": "https://www.mecum.com/lots/1148421/1993-chevrolet-silverado-1500-pickup/?aa_id=693177-0",
    "lot_code": "Lot S31",
    "vehicle_chassis_no": "1GCEK14K2PZ161084"
  },
  {
    "lot_source_link": "https://www.mecum.com/lots/1148278/2015-mercedes-benz-sl400-convertible/?aa_id=693101-0",
    "lot_code": "Lot S30",
    "vehicle_chassis_no": "WDDJK6FA4FF037274"
  },
  {
    "lot_source_link": "https://www.mecum.com/lots/1148277/1985-cadillac-eldorado/?aa_id=692869-0",
    "lot_code": "Lot S29",
    "vehicle_chassis_no": "1G6EL5781FE608128"
  },
  {
    "lot_source_link": "https://www.mecum.com/lots/1148276/2009-mercedes-benz-clk350-convertible/?aa_id=693945-0",
    "lot_code": "Lot S28",
    "vehicle_chassis_no": "WDBTK56F39F266783"
  },
  {
    "lot_source_link": "https://www.mecum.com/lots/1148275/2007-ford-mustang-gt/?aa_id=693428-0",
    "lot_code": "Lot S27",
    "vehicle_chassis_no": "1ZVHT82H675207367"
  },
  {
    "lot_source_link": "https://www.mecum.com/lots/1148274/2008-chevrolet-corvette-coupe/?aa_id=692628-0",
    "lot_code": "Lot S26",
    "vehicle_chassis_no": "1G1YY26W185122456"
  },
  {
    "lot_source_link": "https://www.mecum.com/lots/1147432/2004-bentley-continental-gt/?aa_id=693459-0",
    "lot_code": "Lot S24",
    "vehicle_chassis_no": "SCBCR63W24C021493"
  },
  {
    "lot_source_link": "https://www.mecum.com/lots/1148032/1960-willys-fc170-pickup/?aa_id=691553-0",
    "lot_code": "Lot S23",
    "vehicle_chassis_no": "6156814809"
  },
  {
    "lot_source_link": "https://www.mecum.com/lots/1147437/1978-chevrolet-k10-pickup/?aa_id=689333-0",
    "lot_code": "Lot S22",
    "vehicle_chassis_no": "CKL148Z174983"
  },
  {
    "lot_source_link": "https://www.mecum.com/lots/1148366/1981-gmc-k1500-pickup/?aa_id=694241-0",
    "lot_code": "Lot S21",
    "vehicle_chassis_no": "1GTEK14H2BF700723"
  },
  {
    "lot_source_link": "https://www.mecum.com/lots/1144625/1979-chevrolet-c10-bonanza-pickup/?aa_id=678457-0",
    "lot_code": "Lot S20",
    "vehicle_chassis_no": "CCL449S153457"
  },
  {
    "lot_source_link": "https://www.mecum.com/lots/1146437/1973-lincoln-continental-mark-iv/?aa_id=693467-0",
    "lot_code": "Lot S19.1",
    "vehicle_chassis_no": "3Y89A910990"
  },
  {
    "lot_source_link": "https://www.mecum.com/lots/1148033/1969-chevrolet-c10-pickup/?aa_id=694817-0",
    "lot_code": "Lot S18",
    "vehicle_chassis_no": "CS149S830271"
  },
  {
    "lot_source_link": "https://www.mecum.com/lots/1148890/2002-ford-thunderbird-convertible/?aa_id=693340-0",
    "lot_code": "Lot S16.1",
    "vehicle_chassis_no": "1FAHP60A22Y113727"
  },
  {
    "lot_source_link": "https://www.mecum.com/lots/1147510/1956-ford-f100-pickup/?aa_id=691303-0",
    "lot_code": "Lot S16",
    "vehicle_chassis_no": "F10V6K17568"
  },
  {
    "lot_source_link": "https://www.mecum.com/lots/1147258/2005-ford-taurus-nascar-race-car/?aa_id=694252-0",
    "lot_code": "Lot S15",
    "vehicle_chassis_no": "OK1884028928"
  },
  {
    "lot_source_link": "https://www.mecum.com/lots/1147746/1946-studebaker-pickup/?aa_id=692407-0",
    "lot_code": "Lot S14",
    "vehicle_chassis_no": "7233"
  },
  {
    "lot_source_link": "https://www.mecum.com/lots/1147745/1957-chevrolet-210-sedan/?aa_id=692408-0",
    "lot_code": "Lot S13",
    "vehicle_chassis_no": "VB570169133"
  },
  {
    "lot_source_link": "https://www.mecum.com/lots/1147744/1980-ford-shay-model-a-roadster/?aa_id=692405-0",
    "lot_code": "Lot S12",
    "vehicle_chassis_no": "M0M1EX2030"
  },
  {
    "lot_source_link": "https://www.mecum.com/lots/1148830/1986-chevrolet-k20-silverado-pickup/?aa_id=693026-0",
    "lot_code": "Lot S11.1",
    "vehicle_chassis_no": "1GCGK24M2GJ167885"
  },
  {
    "lot_source_link": "https://www.mecum.com/lots/1148678/1996-chevrolet-impala-ss/?aa_id=694250-0",
    "lot_code": "Lot S10",
    "vehicle_chassis_no": "1G1BL52P4TR164304"
  },
  {
    "lot_source_link": "https://www.mecum.com/lots/1148889/1996-chevrolet-camaro-convertible/?aa_id=693333-0",
    "lot_code": "Lot S9",
    "vehicle_chassis_no": "2G1FP32K7T2143173"
  },
  {
    "lot_source_link": "https://www.mecum.com/lots/1148888/2005-mercedes-benz-clk320-convertible/?aa_id=693523-0",
    "lot_code": "Lot S7",
    "vehicle_chassis_no": "WDBTK65G15T040110"
  },
  {
    "lot_source_link": "https://www.mecum.com/lots/1149440/mjr50-go-kart/?aa_id=694812-0",
    "lot_code": "Lot S6",
    "vehicle_chassis_no": "BOS L0SKCJL73PT000117"
  },
  {
    "lot_source_link": "https://www.mecum.com/lots/1149130/2024-racoon-rc-g4-0-golf-cart/?aa_id=694194-0",
    "lot_code": "Lot S5",
    "vehicle_chassis_no": "RC2404081210"
  },
  {
    "lot_source_link": "https://www.mecum.com/lots/1149127/electric-carriage/?aa_id=694064-0",
    "lot_code": "Lot S4",
    "vehicle_chassis_no": "BOS"
  },
  {
    "lot_source_link": "https://www.mecum.com/lots/1149124/2007-arctic-cat-prowler-650-h1/?aa_id=694807-0",
    "lot_code": "Lot S3",
    "vehicle_chassis_no": "0550A50015240"
  },
  {
    "lot_source_link": "https://www.mecum.com/lots/1149628/1957-chevrolet-bel-air-hardtop/?aa_id=694130-0",
    "lot_code": "Lot F307",
    "vehicle_chassis_no": "VC57K126229"
  },
  {
    "lot_source_link": "https://www.mecum.com/lots/1149242/1967-ford-f600-pickup/?aa_id=693832-0",
    "lot_code": "Lot F305",
    "vehicle_chassis_no": "F60CKB44202"
  },
  {
    "lot_source_link": "https://www.mecum.com/lots/1149241/1946-ford-super-deluxe-sedan/?aa_id=694110-0",
    "lot_code": "Lot F304",
    "vehicle_chassis_no": "99A1121275"
  },
  {
    "lot_source_link": "https://www.mecum.com/lots/1149190/1993-nissan-300zx-convertible/?aa_id=693447-0",
    "lot_code": "Lot F300",
    "vehicle_chassis_no": "JN1RZ27H3PX003158"
  },
  {
    "lot_source_link": "https://www.mecum.com/lots/1149188/1980-chevrolet-camaro-coupe/?aa_id=694565-0",
    "lot_code": "Lot F299",
    "vehicle_chassis_no": "1P87KAL555732"
  },
  {
    "lot_source_link": "https://www.mecum.com/lots/1149187/1946-lincoln-continental-coupe/?aa_id=694718-0",
    "lot_code": "Lot F298",
    "vehicle_chassis_no": "H152144"
  },
  {
    "lot_source_link": "https://www.mecum.com/lots/1149164/1968-ford-mustang-coupe/?aa_id=693831-0",
    "lot_code": "Lot F297",
    "vehicle_chassis_no": "8R01C153703"
  },
  {
    "lot_source_link": "https://www.mecum.com/lots/1149163/1965-ford-mustang-coupe/?aa_id=693787-0",
    "lot_code": "Lot F296",
    "vehicle_chassis_no": "5F07F207227"
  },
  {
    "lot_source_link": "https://www.mecum.com/lots/1149289/2011-ford-f250-super-duty-pickup/?aa_id=694720-0",
    "lot_code": "Lot F294.1",
    "vehicle_chassis_no": "1FT7W2BT9BEC63867"
  },
  {
    "lot_source_link": "https://www.mecum.com/lots/1149126/1978-ford-bronco-xlt-ranger/?aa_id=694199-0",
    "lot_code": "Lot F293",
    "vehicle_chassis_no": "U15SLBG3780"
  },
  {
    "lot_source_link": "https://www.mecum.com/lots/1148691/1970-chevrolet-chevelle-ss/?aa_id=694186-0",
    "lot_code": "Lot F292",
    "vehicle_chassis_no": "136370L132481"
  },
  {
    "lot_source_link": "https://www.mecum.com/lots/1148975/1986-jeep-grand-wagoneer/?aa_id=693990-0",
    "lot_code": "Lot F290",
    "vehicle_chassis_no": "1JCNJ15U0GT182147"
  },
  {
    "lot_source_link": "https://www.mecum.com/lots/1148953/1936-ford-humpback/?aa_id=693260-0",
    "lot_code": "Lot F289",
    "vehicle_chassis_no": "183287014"
  },
  {
    "lot_source_link": "https://www.mecum.com/lots/1148949/1990-buick-reatta-convertible/?aa_id=692972-0",
    "lot_code": "Lot F287",
    "vehicle_chassis_no": "1G4EC33CXLB906746"
  },
  {
    "lot_source_link": "https://www.mecum.com/lots/1149214/2009-bmw-750li-sedan/?aa_id=694189-0",
    "lot_code": "Lot F285.1",
    "vehicle_chassis_no": "WBAKB83519CY57364"
  },
  {
    "lot_source_link": "https://www.mecum.com/lots/1148820/2007-coachman-pathfinder-377-ds-motor-coach/?aa_id=693242-0",
    "lot_code": "Lot F284",
    "vehicle_chassis_no": "4UZACJBV37CY40532"
  },
  {
    "lot_source_link": "https://www.mecum.com/lots/1148785/1996-ford-bronco-xlt-suv/?aa_id=692896-0",
    "lot_code": "Lot F283",
    "vehicle_chassis_no": "1FMEU15H7TLA15706"
  },
  {
    "lot_source_link": "https://www.mecum.com/lots/1148796/2005-chevrolet-avalanche-lt-pickup/?aa_id=692692-0",
    "lot_code": "Lot F282",
    "vehicle_chassis_no": "3GNEC12ZX5G281443"
  },
  {
    "lot_source_link": "https://www.mecum.com/lots/1148808/1985-buick-riviera/?aa_id=692892-0",
    "lot_code": "Lot F281",
    "vehicle_chassis_no": "1G4EZ57Y9FE458146"
  },
  {
    "lot_source_link": "https://www.mecum.com/lots/1148676/2004-mercedes-benz-sl500-convertible/?aa_id=694243-0",
    "lot_code": "Lot F280",
    "vehicle_chassis_no": "WDBSK75F94F069070"
  },
  {
    "lot_source_link": "https://www.mecum.com/lots/1148774/1955-ford-f100-pickup/?aa_id=693165-0",
    "lot_code": "Lot F279",
    "vehicle_chassis_no": "F25V5R14251"
  },
  {
    "lot_source_link": "https://www.mecum.com/lots/1148773/1971-ford-mustang-mach-1-fastback/?aa_id=693162-0",
    "lot_code": "Lot F278",
    "vehicle_chassis_no": "1F05J118250"
  },
  {
    "lot_source_link": "https://www.mecum.com/lots/1148720/2013-jeep-wrangler-unlimited/?aa_id=692496-0",
    "lot_code": "Lot F277",
    "vehicle_chassis_no": "1C4BJWDGXDL633142"
  },
  {
    "lot_source_link": "https://www.mecum.com/lots/1148719/1993-chevrolet-camaro-z28/?aa_id=692498-0",
    "lot_code": "Lot F275",
    "vehicle_chassis_no": "2G1FP22P2P2122078"
  },
  {
    "lot_source_link": "https://www.mecum.com/lots/1148682/2004-nissan-350z-touring-convertible/?aa_id=692387-0",
    "lot_code": "Lot F273",
    "vehicle_chassis_no": "JN1AZ36A94T000047"
  },
  {
    "lot_source_link": "https://www.mecum.com/lots/1148886/2008-ford-f150-harley-davidson-edition-pickup/?aa_id=694244-0",
    "lot_code": "Lot F272.1",
    "vehicle_chassis_no": "1FTRW125X8FA17742"
  },
  {
    "lot_source_link": "https://www.mecum.com/lots/1148737/1970-mercury-cougar-xr-7/?aa_id=692923-0",
    "lot_code": "Lot F271",
    "vehicle_chassis_no": "0F93H502438"
  },
  {
    "lot_source_link": "https://www.mecum.com/lots/1148641/1968-chevrolet-chevelle/?aa_id=692991-0",
    "lot_code": "Lot F269",
    "vehicle_chassis_no": "131278K199047"
  },
  {
    "lot_source_link": "https://www.mecum.com/lots/1148637/1967-chevrolet-suburban/?aa_id=693926-0",
    "lot_code": "Lot F267",
    "vehicle_chassis_no": "CE167F160933"
  },
  {
    "lot_source_link": "https://www.mecum.com/lots/1148885/2007-saturn-sky-convertible/?aa_id=693325-0",
    "lot_code": "Lot F264.1",
    "vehicle_chassis_no": "1G8MB35B37Y103099"
  },
  {
    "lot_source_link": "https://www.mecum.com/lots/1148448/1937-ford-custom-slantback/?aa_id=692734-0",
    "lot_code": "Lot F264",
    "vehicle_chassis_no": "T84120153"
  },
  {
    "lot_source_link": "https://www.mecum.com/lots/1149400/1999-chevrolet-corvette-coupe/?aa_id=694094-0",
    "lot_code": "Lot F263",
    "vehicle_chassis_no": "1G1YY22GXX5105586"
  },
  {
    "lot_source_link": "https://www.mecum.com/lots/1148019/1953-chevrolet-210-sedan/?aa_id=692049-0",
    "lot_code": "Lot F262",
    "vehicle_chassis_no": "B53K080670"
  },
  {
    "lot_source_link": "https://www.mecum.com/lots/1147874/2003-lincoln-town-car/?aa_id=692388-0",
    "lot_code": "Lot F260",
    "vehicle_chassis_no": "1LNHM82W83Y695109"
  },
  {
    "lot_source_link": "https://www.mecum.com/lots/1148064/1937-packard-115c-sedan/?aa_id=692046-0",
    "lot_code": "Lot F259",
    "vehicle_chassis_no": "10861940"
  },
  {
    "lot_source_link": "https://www.mecum.com/lots/1147110/1990-chrysler-maserati-tc-convertible/?aa_id=691830-0",
    "lot_code": "Lot F257",
    "vehicle_chassis_no": "ZC2FS1206LB205350"
  },
  {
    "lot_source_link": "https://www.mecum.com/lots/1145735/1977-chrysler-new-yorker-brougham/?aa_id=680107-0",
    "lot_code": "Lot F254",
    "vehicle_chassis_no": "CS23T7C171076"
  },
  {
    "lot_source_link": "https://www.mecum.com/lots/1143755/2005-jaguar-xk8-convertible/?aa_id=675066-0",
    "lot_code": "Lot F253",
    "vehicle_chassis_no": "SAJDA42C552A43424"
  },
  {
    "lot_source_link": "https://www.mecum.com/lots/1146435/2003-hummer-h2/?aa_id=693272-0",
    "lot_code": "Lot F252",
    "vehicle_chassis_no": "5GRGN23U53H120214"
  },
  {
    "lot_source_link": "https://www.mecum.com/lots/1149213/1975-volkswagen-type-ii-bus/?aa_id=693706-0",
    "lot_code": "Lot F251.1",
    "vehicle_chassis_no": "2352125538"
  },
  {
    "lot_source_link": "https://www.mecum.com/lots/1146932/1985-chevrolet-c10-pickup/?aa_id=688578-0",
    "lot_code": "Lot F250",
    "vehicle_chassis_no": "1GCDC14H5FF422804"
  },
  {
    "lot_source_link": "https://www.mecum.com/lots/1148017/1977-ford-f100-ranger-pickup/?aa_id=692240-0",
    "lot_code": "Lot F248",
    "vehicle_chassis_no": "F10GL084068"
  },
  {
    "lot_source_link": "https://www.mecum.com/lots/1148530/1930-ford-model-a-tudor-sedan/?aa_id=692315-0",
    "lot_code": "Lot F246",
    "vehicle_chassis_no": "A3210260"
  },
  {
    "lot_source_link": "https://www.mecum.com/lots/1148884/2003-jaguar-x-type-sedan/?aa_id=693342-0",
    "lot_code": "Lot F245.1",
    "vehicle_chassis_no": "SAJEA51D23XC97242"
  },
  {
    "lot_source_link": "https://www.mecum.com/lots/1146177/1989-gmc-suburban/?aa_id=694674-0",
    "lot_code": "Lot F245",
    "vehicle_chassis_no": "1GKEV16K7KF515717"
  },
  {
    "lot_source_link": "https://www.mecum.com/lots/1147112/1990-chevrolet-silverado-pickup/?aa_id=691852-0",
    "lot_code": "Lot F244",
    "vehicle_chassis_no": "2GCEC19K8L1149773"
  },
  {
    "lot_source_link": "https://www.mecum.com/lots/1146733/1973-lincoln-continental-mark-iv/?aa_id=686434-0",
    "lot_code": "Lot F243",
    "vehicle_chassis_no": "3Y89A889790"
  },
  {
    "lot_source_link": "https://www.mecum.com/lots/1148382/1965-mercury-m100-pickup/?aa_id=694308-0",
    "lot_code": "Lot F242",
    "vehicle_chassis_no": "5991028L217362A"
  },
  {
    "lot_source_link": "https://www.mecum.com/lots/1148883/2007-dodge-magnum-sxt/?aa_id=693535-0",
    "lot_code": "Lot F241.1",
    "vehicle_chassis_no": "2D4FV47V77H837745"
  },
  {
    "lot_source_link": "https://www.mecum.com/lots/1142322/2000-gmc-k3500-sle-dually-pickup/?aa_id=677935-0",
    "lot_code": "Lot F241",
    "vehicle_chassis_no": "1GTHC39J8YF442010"
  },
  {
    "lot_source_link": "https://www.mecum.com/lots/1145579/1998-pontiac-trans-am/?aa_id=682382-0",
    "lot_code": "Lot F240",
    "vehicle_chassis_no": "2G2FV22G1W2203248"
  },
  {
    "lot_source_link": "https://www.mecum.com/lots/1148783/1966-ford-fairlane-500-convertible/?aa_id=692895-0",
    "lot_code": "Lot F239.1",
    "vehicle_chassis_no": "6H45Z185171"
  },
  {
    "lot_source_link": "https://www.mecum.com/lots/1148384/1986-chevrolet-corvette-pace-car-edition-convertible/?aa_id=692503-0",
    "lot_code": "Lot F236",
    "vehicle_chassis_no": "1G1YY6783G5906210"
  },
  {
    "lot_source_link": "https://www.mecum.com/lots/1147342/2001-pontiac-trans-am-ws6/?aa_id=692174-0",
    "lot_code": "Lot F235",
    "vehicle_chassis_no": "2G2FV22G112132383"
  },
  {
    "lot_source_link": "https://www.mecum.com/lots/1148347/2013-audi-a7-prestige-sedan/?aa_id=692300-0",
    "lot_code": "Lot F234",
    "vehicle_chassis_no": "WAU2GAFC1DN021313"
  },
  {
    "lot_source_link": "https://www.mecum.com/lots/1147989/1968-ford-galaxie-500-convertible/?aa_id=691076-0",
    "lot_code": "Lot F232",
    "vehicle_chassis_no": "8W57Y181741"
  },
  {
    "lot_source_link": "https://www.mecum.com/lots/1148882/2017-mini-countryman/?aa_id=693338-0",
    "lot_code": "Lot F231.1",
    "vehicle_chassis_no": "WMZYS7C39H3E06447"
  },
  {
    "lot_source_link": "https://www.mecum.com/lots/1147872/1985-chevrolet-monte-carlo-ss/?aa_id=692230-0",
    "lot_code": "Lot F230",
    "vehicle_chassis_no": "1G1GZ37G0FR205629"
  },
  {
    "lot_source_link": "https://www.mecum.com/lots/1149238/1965-ford-mustang-coupe/?aa_id=694562-0",
    "lot_code": "Lot F229.1",
    "vehicle_chassis_no": "5F07F171655"
  },
  {
    "lot_source_link": "https://www.mecum.com/lots/1148103/1973-chevrolet-camaro-z28/?aa_id=692205-0",
    "lot_code": "Lot F228",
    "vehicle_chassis_no": "1Q87H3N142211"
  },
  {
    "lot_source_link": "https://www.mecum.com/lots/1148098/1981-gmc-vandura-g3500-pathfinder-conversion-van/?aa_id=691888-0",
    "lot_code": "Lot F227",
    "vehicle_chassis_no": "1GTGG35M0B7505697"
  },
  {
    "lot_source_link": "https://www.mecum.com/lots/1147425/1978-chevrolet-c10-custom-deluxe-big-10-pickup/?aa_id=693270-0",
    "lot_code": "Lot F226",
    "vehicle_chassis_no": "CCL448F495920"
  },
  {
    "lot_source_link": "https://www.mecum.com/lots/1148007/1980-chevrolet-corvette-coupe/?aa_id=694059-0",
    "lot_code": "Lot F224",
    "vehicle_chassis_no": "1Z878AS416276"
  },
  {
    "lot_source_link": "https://www.mecum.com/lots/1146812/1950-bentley-mark-vi-saloon/?aa_id=688883-0",
    "lot_code": "Lot F223",
    "vehicle_chassis_no": "B509FU"
  },
  {
    "lot_source_link": "https://www.mecum.com/lots/1143768/1986-gmc-1500-pickup/?aa_id=681573-0",
    "lot_code": "Lot F222",
    "vehicle_chassis_no": "1GTDC14H7GS506745"
  },
  {
    "lot_source_link": "https://www.mecum.com/lots/1148816/1998-jaguar-xk8-convertible/?aa_id=694652-0",
    "lot_code": "Lot F220.1",
    "vehicle_chassis_no": "SAJGX2246WC025189"
  },
  {
    "lot_source_link": "https://www.mecum.com/lots/1147557/1971-chevrolet-corvette-convertible/?aa_id=692485-0",
    "lot_code": "Lot F219",
    "vehicle_chassis_no": "194671S101839"
  },
  {
    "lot_source_link": "https://www.mecum.com/lots/1148881/2012-mercedes-benz-e350-convertible/?aa_id=693320-0",
    "lot_code": "Lot F218.1",
    "vehicle_chassis_no": "WDDKK5KF4CF140920"
  },
  {
    "lot_source_link": "https://www.mecum.com/lots/1147113/1979-chevrolet-c10-pickup/?aa_id=691853-0",
    "lot_code": "Lot F218",
    "vehicle_chassis_no": "CCZ149Z131590"
  },
  {
    "lot_source_link": "https://www.mecum.com/lots/1147788/1977-volkswagen-super-beetle-convertible/?aa_id=688908-0",
    "lot_code": "Lot F217",
    "vehicle_chassis_no": "1572060377"
  },
  {
    "lot_source_link": "https://www.mecum.com/lots/1148069/1966-chevrolet-c10-pickup/?aa_id=692238-0",
    "lot_code": "Lot F215",
    "vehicle_chassis_no": "C1446S211059"
  },
  {
    "lot_source_link": "https://www.mecum.com/lots/1143765/1967-ford-mustang-coupe/?aa_id=681571-0",
    "lot_code": "Lot F214",
    "vehicle_chassis_no": "7T01C141978"
  },
  {
    "lot_source_link": "https://www.mecum.com/lots/1148110/1970-chevrolet-c10-pickup/?aa_id=691860-0",
    "lot_code": "Lot F213",
    "vehicle_chassis_no": "CE140S182558"
  },
  {
    "lot_source_link": "https://www.mecum.com/lots/1146850/1984-ford-f150-xlt-pickup/?aa_id=688408-0",
    "lot_code": "Lot F212",
    "vehicle_chassis_no": "1FTDF15H9EKB04003"
  },
  {
    "lot_source_link": "https://www.mecum.com/lots/1147671/1978-chevrolet-camaro-z28/?aa_id=691562-0",
    "lot_code": "Lot F211",
    "vehicle_chassis_no": "1S87L8N596049"
  },
  {
    "lot_source_link": "https://www.mecum.com/lots/1149131/electric-carriage/?aa_id=694056-0",
    "lot_code": "Lot F209",
    "vehicle_chassis_no": "BOS"
  },
  {
    "lot_source_link": "https://www.mecum.com/lots/1148011/1939-chrysler-royal-street-rod/?aa_id=694055-0",
    "lot_code": "Lot F208",
    "vehicle_chassis_no": "C2258333"
  },
  {
    "lot_source_link": "https://www.mecum.com/lots/1146431/1984-mercedes-benz-380sl-convertible/?aa_id=693269-0",
    "lot_code": "Lot F207",
    "vehicle_chassis_no": "WDBBA45A7EA006490"
  },
  {
    "lot_source_link": "https://www.mecum.com/lots/1148077/1939-nash-ambassador-sedan/?aa_id=691316-0",
    "lot_code": "Lot F206",
    "vehicle_chassis_no": "R336226"
  },
  {
    "lot_source_link": "https://www.mecum.com/lots/1147326/2019-ford-mustang-convertible/?aa_id=691290-0",
    "lot_code": "Lot F204",
    "vehicle_chassis_no": "1FATP8FFXK5202004"
  },
  {
    "lot_source_link": "https://www.mecum.com/lots/1146600/1957-ford-thunderbird-convertible/?aa_id=688425-0",
    "lot_code": "Lot F201",
    "vehicle_chassis_no": "D7FH135665"
  },
  {
    "lot_source_link": "https://www.mecum.com/lots/1147668/1965-ford-f100-pickup/?aa_id=691556-0",
    "lot_code": "Lot F200",
    "vehicle_chassis_no": "F10DL636467"
  },
  {
    "lot_source_link": "https://www.mecum.com/lots/1146774/1979-lincoln-continental-mark-v/?aa_id=688432-0",
    "lot_code": "Lot F199",
    "vehicle_chassis_no": "9Y89S726377"
  },
  {
    "lot_source_link": "https://www.mecum.com/lots/1147856/1978-chevrolet-corvette-silver-anniversary-coupe/?aa_id=691063-0",
    "lot_code": "Lot F198",
    "vehicle_chassis_no": "1Z87L8S428251"
  },
  {
    "lot_source_link": "https://www.mecum.com/lots/1147245/1950-mercury-coupe/?aa_id=692924-0",
    "lot_code": "Lot F197",
    "vehicle_chassis_no": "50SL66318M"
  },
  {
    "lot_source_link": "https://www.mecum.com/lots/1148880/1999-chevrolet-corvette-coupe/?aa_id=693319-0",
    "lot_code": "Lot F196.1",
    "vehicle_chassis_no": "1G1YY22G6X5106895"
  },
  {
    "lot_source_link": "https://www.mecum.com/lots/1147325/1930-american-austin-hot-rod-coupe/?aa_id=691506-0",
    "lot_code": "Lot F195",
    "vehicle_chassis_no": "ASN67083DEL"
  },
  {
    "lot_source_link": "https://www.mecum.com/lots/1149189/1996-ford-f350-xl-pickup/?aa_id=693835-0",
    "lot_code": "Lot F193.1",
    "vehicle_chassis_no": "1FTJW36G7TEB59856"
  },
  {
    "lot_source_link": "https://www.mecum.com/lots/1147630/1979-pontiac-trans-am/?aa_id=693709-0",
    "lot_code": "Lot F192",
    "vehicle_chassis_no": "2W87K9L153450"
  },
  {
    "lot_source_link": "https://www.mecum.com/lots/1147247/1974-chevrolet-camaro/?aa_id=692921-0",
    "lot_code": "Lot F191",
    "vehicle_chassis_no": "1Q87K4N146689"
  },
  {
    "lot_source_link": "https://www.mecum.com/lots/1147089/1962-ford-f100-pickup/?aa_id=686306-0",
    "lot_code": "Lot F190",
    "vehicle_chassis_no": "F10CK303414"
  },
  {
    "lot_source_link": "https://www.mecum.com/lots/1148879/2015-chevrolet-express-explorer-limited-se-conversion-van/?aa_id=693262-0",
    "lot_code": "Lot F188.1",
    "vehicle_chassis_no": "1GCWGFCG3F1183009"
  },
  {
    "lot_source_link": "https://www.mecum.com/lots/1148037/1980-ford-f150-pickup/?aa_id=691337-0",
    "lot_code": "Lot F188",
    "vehicle_chassis_no": "F14GPHA4762"
  },
  {
    "lot_source_link": "https://www.mecum.com/lots/1147341/1972-chevrolet-c10-pickup/?aa_id=692052-0",
    "lot_code": "Lot F184",
    "vehicle_chassis_no": "CCE142S181326"
  },
  {
    "lot_source_link": "https://www.mecum.com/lots/1148010/1985-chevrolet-camaro/?aa_id=694051-0",
    "lot_code": "Lot F183",
    "vehicle_chassis_no": "1G1FP87F7FN132241"
  },
  {
    "lot_source_link": "https://www.mecum.com/lots/1149239/2012-bentley-continental-flying-spur-sedan/?aa_id=694664-0",
    "lot_code": "Lot F180.1",
    "vehicle_chassis_no": "SCBBR9ZA2CC070569"
  },
  {
    "lot_source_link": "https://www.mecum.com/lots/1148394/1946-federal-slantback/?aa_id=692072-0",
    "lot_code": "Lot F180",
    "vehicle_chassis_no": "129008"
  },
  {
    "lot_source_link": "https://www.mecum.com/lots/1147443/1990-buick-century-wagon/?aa_id=694229-0",
    "lot_code": "Lot F179",
    "vehicle_chassis_no": "1G4AL84N6L6409052"
  },
  {
    "lot_source_link": "https://www.mecum.com/lots/1148839/1971-ford-thunderbird-landau/?aa_id=693866-0",
    "lot_code": "Lot F178.1",
    "vehicle_chassis_no": "1J84N134538"
  },
  {
    "lot_source_link": "https://www.mecum.com/lots/1147986/1966-chevrolet-corvette-coupe/?aa_id=691856-0",
    "lot_code": "Lot F175",
    "vehicle_chassis_no": "194376S119114"
  },
  {
    "lot_source_link": "https://www.mecum.com/lots/1148100/1988-dodge-ramcharger/?aa_id=691805-0",
    "lot_code": "Lot F172",
    "vehicle_chassis_no": "3B4GD02W6JM833947"
  },
  {
    "lot_source_link": "https://www.mecum.com/lots/1148878/2003-chevrolet-ssr/?aa_id=693257-0",
    "lot_code": "Lot F171.1",
    "vehicle_chassis_no": "1GCES14P23B102292"
  },
  {
    "lot_source_link": "https://www.mecum.com/lots/1147385/1969-plymouth-road-runner-hardtop/?aa_id=691071-0",
    "lot_code": "Lot F171",
    "vehicle_chassis_no": "RM23H9A303664"
  },
  {
    "lot_source_link": "https://www.mecum.com/lots/1149675/1970-chevrolet-chevelle-ss/?aa_id=694305-0",
    "lot_code": "Lot F170.1",
    "vehicle_chassis_no": "136370R241377"
  },
  {
    "lot_source_link": "https://www.mecum.com/lots/1147251/1952-chevrolet-3100-5-window-pickup/?aa_id=693826-0",
    "lot_code": "Lot F169",
    "vehicle_chassis_no": "1KPH6528"
  },
  {
    "lot_source_link": "https://www.mecum.com/lots/1147370/1957-chevrolet-pickup/?aa_id=694248-0",
    "lot_code": "Lot F168",
    "vehicle_chassis_no": "6C57K107780"
  },
  {
    "lot_source_link": "https://www.mecum.com/lots/1148308/1963-chevrolet-nova-convertible/?aa_id=692023-0",
    "lot_code": "Lot F167",
    "vehicle_chassis_no": "30467W111760"
  },
  {
    "lot_source_link": "https://www.mecum.com/lots/1149236/1965-ford-falcon-futura-convertible/?aa_id=694289-0",
    "lot_code": "Lot F165.1",
    "vehicle_chassis_no": "5H15C200027"
  },
  {
    "lot_source_link": "https://www.mecum.com/lots/1148420/2000-ford-f350-xlt-pickup/?aa_id=693173-0",
    "lot_code": "Lot F164",
    "vehicle_chassis_no": "1FTWX32F4YEA79521"
  },
  {
    "lot_source_link": "https://www.mecum.com/lots/1148243/2007-jeep-wrangler-unlimited-rubicon/?aa_id=694457-0",
    "lot_code": "Lot F163",
    "vehicle_chassis_no": "1J4GA69177L152936"
  },
  {
    "lot_source_link": "https://www.mecum.com/lots/1148272/1967-pontiac-gto/?aa_id=694092-0",
    "lot_code": "Lot F162",
    "vehicle_chassis_no": "242177B125701"
  },
  {
    "lot_source_link": "https://www.mecum.com/lots/1148295/1968-chevrolet-camaro/?aa_id=694446-0",
    "lot_code": "Lot F160",
    "vehicle_chassis_no": "124378N475228"
  },
  {
    "lot_source_link": "https://www.mecum.com/lots/1148269/2011-cadillac-dts-luxury-collection-sedan/?aa_id=693938-0",
    "lot_code": "Lot F159",
    "vehicle_chassis_no": "1G6KD5E65BU132788"
  },
  {
    "lot_source_link": "https://www.mecum.com/lots/1148268/1993-ford-f250-pickup/?aa_id=692824-0",
    "lot_code": "Lot F158",
    "vehicle_chassis_no": "1FTEF25N9PLA58735"
  },
  {
    "lot_source_link": "https://www.mecum.com/lots/1147891/2008-am-general-m1123-humvee/?aa_id=691809-0",
    "lot_code": "Lot F157",
    "vehicle_chassis_no": "205811"
  },
  {
    "lot_source_link": "https://www.mecum.com/lots/1149208/2008-ford-shelby-gt500/?aa_id=693453-0",
    "lot_code": "Lot F156.1",
    "vehicle_chassis_no": "1ZVHT88S385113841"
  },
  {
    "lot_source_link": "https://www.mecum.com/lots/1148109/1968-chevrolet-chevelle-ss/?aa_id=691863-0",
    "lot_code": "Lot F155",
    "vehicle_chassis_no": "138378A156170"
  },
  {
    "lot_source_link": "https://www.mecum.com/lots/1147444/1980-jeep-cj-7/?aa_id=694239-0",
    "lot_code": "Lot F153",
    "vehicle_chassis_no": "J0D93EC713731"
  },
  {
    "lot_source_link": "https://www.mecum.com/lots/1148692/2001-chevrolet-corvette-coupe/?aa_id=692316-0",
    "lot_code": "Lot F152",
    "vehicle_chassis_no": "1G1YY22G215116427"
  },
  {
    "lot_source_link": "https://www.mecum.com/lots/1149324/2009-porsche-911-turbo/?aa_id=694436-0",
    "lot_code": "Lot F147.1",
    "vehicle_chassis_no": "WP0AD29969S766628"
  },
  {
    "lot_source_link": "https://www.mecum.com/lots/1141958/2001-ford-f250-super-duty-pickup/?aa_id=692390-0",
    "lot_code": "Lot F147",
    "vehicle_chassis_no": "1FTNX21S61ED41937"
  },
  {
    "lot_source_link": "https://www.mecum.com/lots/1148396/1971-chevrolet-corvette-coupe/?aa_id=692050-0",
    "lot_code": "Lot F145",
    "vehicle_chassis_no": "194371S108626"
  },
  {
    "lot_source_link": "https://www.mecum.com/lots/1147252/1980-pontiac-trans-am/?aa_id=692922-0",
    "lot_code": "Lot F144",
    "vehicle_chassis_no": "2W87WAL104287"
  },
  {
    "lot_source_link": "https://www.mecum.com/lots/1148419/2006-ford-f150-stx-pickup/?aa_id=693174-0",
    "lot_code": "Lot F143",
    "vehicle_chassis_no": "1FTRF04W46KC99543"
  },
  {
    "lot_source_link": "https://www.mecum.com/lots/1149285/2015-bmw-528i-sedan/?aa_id=694455-0",
    "lot_code": "Lot F142.1",
    "vehicle_chassis_no": "WBA5A5C53FD522112"
  },
  {
    "lot_source_link": "https://www.mecum.com/lots/1148267/2014-chevrolet-suburban-ltz/?aa_id=692625-0",
    "lot_code": "Lot F142",
    "vehicle_chassis_no": "1GNSKKE70ER106947"
  },
  {
    "lot_source_link": "https://www.mecum.com/lots/1148266/2007-mercedes-benz-slk280-convertible/?aa_id=692623-0",
    "lot_code": "Lot F141",
    "vehicle_chassis_no": "WDBWK54F07F154875"
  },
  {
    "lot_source_link": "https://www.mecum.com/lots/1148265/1996-ford-f250-xlt-pickup/?aa_id=692622-0",
    "lot_code": "Lot F140",
    "vehicle_chassis_no": "1FTHX25G9TEA66845"
  },
  {
    "lot_source_link": "https://www.mecum.com/lots/1148264/1957-lincoln-premiere-hardtop/?aa_id=692621-0",
    "lot_code": "Lot F139",
    "vehicle_chassis_no": "57WA25188L"
  },
  {
    "lot_source_link": "https://www.mecum.com/lots/1148263/2014-maserati-granturismo-sport/?aa_id=692618-0",
    "lot_code": "Lot F138",
    "vehicle_chassis_no": "ZAM45VLAXE0086800"
  },
  {
    "lot_source_link": "https://www.mecum.com/lots/1148262/1968-chevrolet-camaro/?aa_id=692612-0",
    "lot_code": "Lot F137",
    "vehicle_chassis_no": "124378L312899"
  },
  {
    "lot_source_link": "https://www.mecum.com/lots/1147666/1969-chevrolet-camaro/?aa_id=693348-0",
    "lot_code": "Lot F136",
    "vehicle_chassis_no": "124379N704756"
  },
  {
    "lot_source_link": "https://www.mecum.com/lots/1148840/1972-dodge-charger/?aa_id=693863-0",
    "lot_code": "Lot F135.1",
    "vehicle_chassis_no": "WH23G2G222542"
  },
  {
    "lot_source_link": "https://www.mecum.com/lots/1148008/1986-chevrolet-corvette-coupe/?aa_id=694041-0",
    "lot_code": "Lot F134",
    "vehicle_chassis_no": "1G1YY0780G5115114"
  },
  {
    "lot_source_link": "https://www.mecum.com/lots/1147371/1972-chevrolet-k10-pickup/?aa_id=693154-0",
    "lot_code": "Lot F133",
    "vehicle_chassis_no": "CCE142J166813"
  },
  {
    "lot_source_link": "https://www.mecum.com/lots/1148398/1971-chevrolet-k20-pickup/?aa_id=693849-0",
    "lot_code": "Lot F132",
    "vehicle_chassis_no": "KE241S642960"
  },
  {
    "lot_source_link": "https://www.mecum.com/lots/1148604/1966-imperial-crown-coupe/?aa_id=693267-0",
    "lot_code": "Lot F130",
    "vehicle_chassis_no": "YM23J63225443"
  },
  {
    "lot_source_link": "https://www.mecum.com/lots/1148309/1980-pontiac-trans-am/?aa_id=691823-0",
    "lot_code": "Lot F128",
    "vehicle_chassis_no": "2W87WAN119075"
  },
  {
    "lot_source_link": "https://www.mecum.com/lots/1148404/2004-gmc-sierra-2500-hd-slt-pickup/?aa_id=693461-0",
    "lot_code": "Lot F127",
    "vehicle_chassis_no": "1GTHK29214E294725"
  },
  {
    "lot_source_link": "https://www.mecum.com/lots/1148053/2005-chevrolet-ssr/?aa_id=692535-0",
    "lot_code": "Lot F125",
    "vehicle_chassis_no": "1GCES14H75B118743"
  },
  {
    "lot_source_link": "https://www.mecum.com/lots/1147259/1967-ford-fairlane-ranchero/?aa_id=687690-0",
    "lot_code": "Lot F124",
    "vehicle_chassis_no": "7K48H207279"
  },
  {
    "lot_source_link": "https://www.mecum.com/lots/1141959/2018-porsche-cayenne-s/?aa_id=693964-0",
    "lot_code": "Lot F123",
    "vehicle_chassis_no": "WP1AB2A20JLA61177"
  },
  {
    "lot_source_link": "https://www.mecum.com/lots/1147877/1975-chevrolet-c10-silverado-pickup/?aa_id=692378-0",
    "lot_code": "Lot F122",
    "vehicle_chassis_no": "CCZ145J123584"
  },
  {
    "lot_source_link": "https://www.mecum.com/lots/1147879/1993-chevrolet-s10-pickup/?aa_id=694260-0",
    "lot_code": "Lot F121",
    "vehicle_chassis_no": "1GCCS14Z7P8198836"
  },
  {
    "lot_source_link": "https://www.mecum.com/lots/1148223/1965-ford-mustang-coupe/?aa_id=693449-0",
    "lot_code": "Lot F119",
    "vehicle_chassis_no": "5R07C247758"
  },
  {
    "lot_source_link": "https://www.mecum.com/lots/1148434/1968-chevrolet-c10-pickup/?aa_id=693200-0",
    "lot_code": "Lot F117",
    "vehicle_chassis_no": "CE148S200606"
  },
  {
    "lot_source_link": "https://www.mecum.com/lots/1148063/1961-cadillac-coupe-deville-coupe/?aa_id=692039-0",
    "lot_code": "Lot F116",
    "vehicle_chassis_no": "61G094627"
  },
  {
    "lot_source_link": "https://www.mecum.com/lots/1143319/1977-chevrolet-c10-pickup/?aa_id=677638-0",
    "lot_code": "Lot F114",
    "vehicle_chassis_no": "CCD147F411247"
  },
  {
    "lot_source_link": "https://www.mecum.com/lots/1148387/1995-mercedes-benz-sl600-convertible/?aa_id=692036-0",
    "lot_code": "Lot F113",
    "vehicle_chassis_no": "WDBFA76E8SF120999"
  },
  {
    "lot_source_link": "https://www.mecum.com/lots/1148073/1961-chevrolet-impala-sedan/?aa_id=692047-0",
    "lot_code": "Lot F112",
    "vehicle_chassis_no": "11711S168168"
  },
  {
    "lot_source_link": "https://www.mecum.com/lots/1148418/2009-mercedes-benz-sl550-convertible/?aa_id=692611-0",
    "lot_code": "Lot F111",
    "vehicle_chassis_no": "WDBSK71F59F145879"
  },
  {
    "lot_source_link": "https://www.mecum.com/lots/1148261/1999-chevrolet-suburban-lt/?aa_id=692610-0",
    "lot_code": "Lot F110",
    "vehicle_chassis_no": "1GNFK16RXXJ469513"
  },
  {
    "lot_source_link": "https://www.mecum.com/lots/1148259/1988-ford-f150-xlt-lariat-pickup/?aa_id=692607-0",
    "lot_code": "Lot F108",
    "vehicle_chassis_no": "1FTEF14N4JPA39733"
  },
  {
    "lot_source_link": "https://www.mecum.com/lots/1148258/1968-chevrolet-c10-pickup/?aa_id=693952-0",
    "lot_code": "Lot F107",
    "vehicle_chassis_no": "CS148A101059"
  },
  {
    "lot_source_link": "https://www.mecum.com/lots/1148257/1972-chevrolet-monte-carlo-coupe/?aa_id=693704-0",
    "lot_code": "Lot F106",
    "vehicle_chassis_no": "1H57J2R600468"
  },
  {
    "lot_source_link": "https://www.mecum.com/lots/1148875/2003-mercedes-benz-sl500-convertible/?aa_id=693248-0",
    "lot_code": "Lot F104.1",
    "vehicle_chassis_no": "WDBSK75F73F028855"
  },
  {
    "lot_source_link": "https://www.mecum.com/lots/1146601/1963-ford-fairlane-500-sport-coupe/?aa_id=688434-0",
    "lot_code": "Lot F104",
    "vehicle_chassis_no": "3K47F182940"
  },
  {
    "lot_source_link": "https://www.mecum.com/lots/1148009/2016-jeep-wrangler-unlimited-rubicon/?aa_id=694038-0",
    "lot_code": "Lot F103",
    "vehicle_chassis_no": "1C4BJWFG2GL168759"
  },
  {
    "lot_source_link": "https://www.mecum.com/lots/1147246/1956-ford-f100-pickup/?aa_id=692920-0",
    "lot_code": "Lot F102",
    "vehicle_chassis_no": "F10V6D10573"
  },
  {
    "lot_source_link": "https://www.mecum.com/lots/1147632/1984-chevrolet-c10-pickup/?aa_id=693198-0",
    "lot_code": "Lot F101",
    "vehicle_chassis_no": "1GCDC14H8ES117447"
  },
  {
    "lot_source_link": "https://www.mecum.com/lots/1148399/2015-chevrolet-corvette-convertible/?aa_id=694184-0",
    "lot_code": "Lot F100",
    "vehicle_chassis_no": "1G1YA3D71F5103344"
  },
  {
    "lot_source_link": "https://www.mecum.com/lots/1147237/1970-toyota-fj-40-land-cruiser/?aa_id=692054-0",
    "lot_code": "Lot F97",
    "vehicle_chassis_no": "FJ4085523"
  },
  {
    "lot_source_link": "https://www.mecum.com/lots/1148841/1975-mercury-monarch-ghia-coupe/?aa_id=693854-0",
    "lot_code": "Lot F96.1",
    "vehicle_chassis_no": "5W38L522760"
  },
  {
    "lot_source_link": "https://www.mecum.com/lots/1147914/1999-pontiac-trans-am-30th-anniversary-coupe/?aa_id=692179-0",
    "lot_code": "Lot F95",
    "vehicle_chassis_no": "2G2FV22G3X2222742"
  },
  {
    "lot_source_link": "https://www.mecum.com/lots/1142268/1990-chevrolet-1500-z71-pickup/?aa_id=677370-0",
    "lot_code": "Lot F93",
    "vehicle_chassis_no": "1GCDK14KXLZ250360"
  },
  {
    "lot_source_link": "https://www.mecum.com/lots/1148549/1977-chevrolet-k5-blazer/?aa_id=692247-0",
    "lot_code": "Lot F91",
    "vehicle_chassis_no": "CKL187F206921"
  },
  {
    "lot_source_link": "https://www.mecum.com/lots/1148018/1966-ford-mustang-sprint-coupe/?aa_id=692235-0",
    "lot_code": "Lot F90",
    "vehicle_chassis_no": "6F07T305953"
  },
  {
    "lot_source_link": "https://www.mecum.com/lots/1148333/1977-lincoln-continental-mark-v/?aa_id=691785-0",
    "lot_code": "Lot F87",
    "vehicle_chassis_no": "7Y89A969868"
  },
  {
    "lot_source_link": "https://www.mecum.com/lots/1148393/1986-chevrolet-corvette-convertible/?aa_id=692070-0",
    "lot_code": "Lot F86",
    "vehicle_chassis_no": "1G1YY6788G5903268"
  },
  {
    "lot_source_link": "https://www.mecum.com/lots/1146602/1969-mercury-cougar-xr-7/?aa_id=688429-0",
    "lot_code": "Lot F85",
    "vehicle_chassis_no": "9R93H507476"
  },
  {
    "lot_source_link": "https://www.mecum.com/lots/1149284/2015-audi-q7-premium-plus/?aa_id=694454-0",
    "lot_code": "Lot F83.1",
    "vehicle_chassis_no": "WA1LGAFE4FD028235"
  },
  {
    "lot_source_link": "https://www.mecum.com/lots/1148255/2012-bmw-m3-convertible/?aa_id=692823-0",
    "lot_code": "Lot F83",
    "vehicle_chassis_no": "WBSDX9C52CE784481"
  },
  {
    "lot_source_link": "https://www.mecum.com/lots/1148254/2014-mini-cooper-convertible/?aa_id=692606-0",
    "lot_code": "Lot F82",
    "vehicle_chassis_no": "WMWZN3C58ET266483"
  },
  {
    "lot_source_link": "https://www.mecum.com/lots/1148253/2008-mercedes-benz-clk350-convertible/?aa_id=692605-0",
    "lot_code": "Lot F81",
    "vehicle_chassis_no": "WDBTK56F98T090547"
  },
  {
    "lot_source_link": "https://www.mecum.com/lots/1148251/1997-chevrolet-1500-pickup/?aa_id=692582-0",
    "lot_code": "Lot F79",
    "vehicle_chassis_no": "1GCEC19R9VE175698"
  },
  {
    "lot_source_link": "https://www.mecum.com/lots/1148250/2006-cadillac-dts-luxury-sedan/?aa_id=692822-0",
    "lot_code": "Lot F78",
    "vehicle_chassis_no": "1G6KD57Y26U182441"
  },
  {
    "lot_source_link": "https://www.mecum.com/lots/1148679/2004-bmw-330ci-coupe/?aa_id=693970-0",
    "lot_code": "Lot F76.1",
    "vehicle_chassis_no": "WBABD53434PL13501"
  },
  {
    "lot_source_link": "https://www.mecum.com/lots/1147079/1978-ford-f150-pickup/?aa_id=689335-0",
    "lot_code": "Lot F75",
    "vehicle_chassis_no": "F15HKCD1112"
  },
  {
    "lot_source_link": "https://www.mecum.com/lots/1147750/1979-pontiac-trans-am/?aa_id=693439-0",
    "lot_code": "Lot F74",
    "vehicle_chassis_no": "2W87K9L159966"
  },
  {
    "lot_source_link": "https://www.mecum.com/lots/1148107/2007-chevrolet-silverado-pickup/?aa_id=692319-0",
    "lot_code": "Lot F72",
    "vehicle_chassis_no": "1GCEK14V27Z175674"
  },
  {
    "lot_source_link": "https://www.mecum.com/lots/1139963/2001-pontiac-trans-am-ws6/?aa_id=678438-0",
    "lot_code": "Lot F71",
    "vehicle_chassis_no": "2G2FV22G312110935"
  },
  {
    "lot_source_link": "https://www.mecum.com/lots/1147111/1997-gmc-1500-sierra-pickup/?aa_id=691848-0",
    "lot_code": "Lot F70",
    "vehicle_chassis_no": "1GTEC14WXVZ508108"
  },
  {
    "lot_source_link": "https://www.mecum.com/lots/1144820/2002-gmc-sierra-2500hd-slt-pickup/?aa_id=681760-0",
    "lot_code": "Lot F69",
    "vehicle_chassis_no": "1GTHK23G92F194299"
  },
  {
    "lot_source_link": "https://www.mecum.com/lots/1147442/1994-gmc-k1500-sle-pickup/?aa_id=694235-0",
    "lot_code": "Lot F68",
    "vehicle_chassis_no": "1GTEK14K3RZ567121"
  },
  {
    "lot_source_link": "https://www.mecum.com/lots/1143767/1984-chevrolet-c10-pickup/?aa_id=681725-0",
    "lot_code": "Lot F66",
    "vehicle_chassis_no": "1GCDC14H1EF355701"
  },
  {
    "lot_source_link": "https://www.mecum.com/lots/1148873/2012-mercedes-benz-gl450/?aa_id=693246-0",
    "lot_code": "Lot F65.1",
    "vehicle_chassis_no": "4JGBF7BE7CA766004"
  },
  {
    "lot_source_link": "https://www.mecum.com/lots/1148076/1949-packard-super-eight-deluxe-sedan/?aa_id=691807-0",
    "lot_code": "Lot F65",
    "vehicle_chassis_no": "23722237"
  },
  {
    "lot_source_link": "https://www.mecum.com/lots/1146972/1971-ford-maverick-grabber/?aa_id=684724-0",
    "lot_code": "Lot F64",
    "vehicle_chassis_no": "1K93L222361"
  },
  {
    "lot_source_link": "https://www.mecum.com/lots/1146629/1980-chevrolet-corvette-coupe/?aa_id=691009-0",
    "lot_code": "Lot F59",
    "vehicle_chassis_no": "1Z878AS404116"
  },
  {
    "lot_source_link": "https://www.mecum.com/lots/1146165/1977-chevrolet-c10-pickup/?aa_id=694531-0",
    "lot_code": "Lot F58",
    "vehicle_chassis_no": "CCL447Z210087"
  },
  {
    "lot_source_link": "https://www.mecum.com/lots/1147116/1959-cadillac-sedan-deville/?aa_id=688396-0",
    "lot_code": "Lot F57",
    "vehicle_chassis_no": "59L066079"
  },
  {
    "lot_source_link": "https://www.mecum.com/lots/1147878/1982-chevrolet-corvette-coupe/?aa_id=694167-0",
    "lot_code": "Lot F56",
    "vehicle_chassis_no": "1G1AY878XC5101313"
  },
  {
    "lot_source_link": "https://www.mecum.com/lots/1146877/1940-chevrolet-special-deluxe-sedan/?aa_id=686427-0",
    "lot_code": "Lot F55",
    "vehicle_chassis_no": "1KH0417067"
  },
  {
    "lot_source_link": "https://www.mecum.com/lots/1147690/2003-jeep-wrangler/?aa_id=691855-0",
    "lot_code": "Lot F54",
    "vehicle_chassis_no": "1J4FA39SX3P377079"
  },
  {
    "lot_source_link": "https://www.mecum.com/lots/1149200/2000-mercedes-benz-e320-wagon/?aa_id=694181-0",
    "lot_code": "Lot F53",
    "vehicle_chassis_no": "WDBJH65J7YB088223"
  },
  {
    "lot_source_link": "https://www.mecum.com/lots/1148868/1956-chevrolet-3100-pickup/?aa_id=692998-0",
    "lot_code": "Lot F50.1",
    "vehicle_chassis_no": "3A56S022549"
  },
  {
    "lot_source_link": "https://www.mecum.com/lots/1148005/1981-chevrolet-corvette-coupe/?aa_id=694287-0",
    "lot_code": "Lot F49",
    "vehicle_chassis_no": "1G1AY8769BS426677"
  },
  {
    "lot_source_link": "https://www.mecum.com/lots/1148872/2004-ford-thunderbird-convertible/?aa_id=693795-0",
    "lot_code": "Lot F48.1",
    "vehicle_chassis_no": "1FAHP60A54Y106399"
  },
  {
    "lot_source_link": "https://www.mecum.com/lots/1147109/2002-ford-thunderbird-convertible/?aa_id=691847-0",
    "lot_code": "Lot F47",
    "vehicle_chassis_no": "1FAHP60A42Y130089"
  },
  {
    "lot_source_link": "https://www.mecum.com/lots/1147665/1974-chevrolet-camaro-z28-coupe/?aa_id=691547-0",
    "lot_code": "Lot F45",
    "vehicle_chassis_no": "1Q87T4N163190"
  },
  {
    "lot_source_link": "https://www.mecum.com/lots/1147670/1979-ford-custom-pickup/?aa_id=693423-0",
    "lot_code": "Lot F42",
    "vehicle_chassis_no": "F26HLEC7693"
  },
  {
    "lot_source_link": "https://www.mecum.com/lots/1147115/1999-gmc-pickup/?aa_id=688382-0",
    "lot_code": "Lot F41",
    "vehicle_chassis_no": "1GTGK23R1XF062139"
  },
  {
    "lot_source_link": "https://www.mecum.com/lots/1148006/1993-chevrolet-corvette-coupe/?aa_id=694034-0",
    "lot_code": "Lot F40",
    "vehicle_chassis_no": "1G1YY23P9P5107859"
  },
  {
    "lot_source_link": "https://www.mecum.com/lots/1147756/2005-lexus-sc430-pebble-beach-edition-convertible/?aa_id=690401-0",
    "lot_code": "Lot F39",
    "vehicle_chassis_no": "JTHFN48Y650061758"
  },
  {
    "lot_source_link": "https://www.mecum.com/lots/1148871/2007-mercedes-benz-clk550-convertible/?aa_id=693245-0",
    "lot_code": "Lot F38.1",
    "vehicle_chassis_no": "WDBTK72FX7T080013"
  },
  {
    "lot_source_link": "https://www.mecum.com/lots/1147108/1994-mercedes-benz-sl320-convertible/?aa_id=691846-0",
    "lot_code": "Lot F36",
    "vehicle_chassis_no": "WDBFA63E6RF091141"
  },
  {
    "lot_source_link": "https://www.mecum.com/lots/1147789/1931-ford-model-a-deluxe-sedan/?aa_id=691294-0",
    "lot_code": "Lot F35",
    "vehicle_chassis_no": "A4569194"
  },
  {
    "lot_source_link": "https://www.mecum.com/lots/1143766/1983-chevrolet-c10-pickup/?aa_id=681572-0",
    "lot_code": "Lot F34",
    "vehicle_chassis_no": "1GCDC14H1DS127901"
  },
  {
    "lot_source_link": "https://www.mecum.com/lots/1139996/2008-mercedes-benz-sl550-convertible/?aa_id=685823-0",
    "lot_code": "Lot F33",
    "vehicle_chassis_no": "WDBSK71F78F139063"
  },
  {
    "lot_source_link": "https://www.mecum.com/lots/1146436/1998-jaguar-xk8-convertible/?aa_id=693266-0",
    "lot_code": "Lot F32",
    "vehicle_chassis_no": "SAJGX2243WC021861"
  },
  {
    "lot_source_link": "https://www.mecum.com/lots/1148416/1997-gmc-1500-sle-pickup/?aa_id=693172-0",
    "lot_code": "Lot F31",
    "vehicle_chassis_no": "1GTEC19R6VE535851"
  },
  {
    "lot_source_link": "https://www.mecum.com/lots/1148249/2008-cadillac-dts/?aa_id=693171-0",
    "lot_code": "Lot F30",
    "vehicle_chassis_no": "1G6KD57Y28U129192"
  },
  {
    "lot_source_link": "https://www.mecum.com/lots/1149283/2011-bmw-328i-sedan/?aa_id=694349-0",
    "lot_code": "Lot F29.1",
    "vehicle_chassis_no": "WBAPH7G57BNM57831"
  },
  {
    "lot_source_link": "https://www.mecum.com/lots/1148247/1975-dodge-power-wagon-pickup/?aa_id=694350-0",
    "lot_code": "Lot F28",
    "vehicle_chassis_no": "W14BF5S148936"
  },
  {
    "lot_source_link": "https://www.mecum.com/lots/1148246/1967-plymouth-gtx/?aa_id=694444-0",
    "lot_code": "Lot F27",
    "vehicle_chassis_no": "RS23L71245687"
  },
  {
    "lot_source_link": "https://www.mecum.com/lots/1148245/1965-ford-fairlane/?aa_id=694046-0",
    "lot_code": "Lot F26",
    "vehicle_chassis_no": "5K43C235833"
  },
  {
    "lot_source_link": "https://www.mecum.com/lots/1148244/2006-chrysler-pt-cruiser-gt/?aa_id=694049-0",
    "lot_code": "Lot F25",
    "vehicle_chassis_no": "3A8FY78G26T220841"
  },
  {
    "lot_source_link": "https://www.mecum.com/lots/1148745/2013-jeep-grand-cherokee-trailhawk/?aa_id=694159-0",
    "lot_code": "Lot F23.1",
    "vehicle_chassis_no": "1C4RJFAT0DC590673"
  },
  {
    "lot_source_link": "https://www.mecum.com/lots/1148642/1964-chevrolet-impala-ss/?aa_id=692385-0",
    "lot_code": "Lot F22",
    "vehicle_chassis_no": "41447A139751"
  },
  {
    "lot_source_link": "https://www.mecum.com/lots/1147984/1968-volkswagen-beetle-custom-sedan/?aa_id=693281-0",
    "lot_code": "Lot F21",
    "vehicle_chassis_no": "AZ376031"
  },
  {
    "lot_source_link": "https://www.mecum.com/lots/1143451/2002-jaguar-xkr-convertible/?aa_id=677174-0",
    "lot_code": "Lot F20",
    "vehicle_chassis_no": "SAJDA42B62PA26735"
  },
  {
    "lot_source_link": "https://www.mecum.com/lots/1148004/2003-ford-mustang-svt-cobra/?aa_id=694149-0",
    "lot_code": "Lot F19",
    "vehicle_chassis_no": "1FAFP48Y63F394263"
  },
  {
    "lot_source_link": "https://www.mecum.com/lots/1147741/2004-mercedes-benz-clk500-convertible/?aa_id=692952-0",
    "lot_code": "Lot F18",
    "vehicle_chassis_no": "WDBTK75G94T020241"
  },
  {
    "lot_source_link": "https://www.mecum.com/lots/1143289/1989-rolls-royce-silver-spur-sedan/?aa_id=677409-0",
    "lot_code": "Lot F16",
    "vehicle_chassis_no": "SCAZN02A1KCX24805"
  },
  {
    "lot_source_link": "https://www.mecum.com/lots/1145811/1949-chrysler-new-yorker-sedan/?aa_id=686426-0",
    "lot_code": "Lot F15",
    "vehicle_chassis_no": "C4614617"
  },
  {
    "lot_source_link": "https://www.mecum.com/lots/1147991/1973-ford-mustang-convertible/?aa_id=691801-0",
    "lot_code": "Lot F13",
    "vehicle_chassis_no": "3F03F149801"
  },
  {
    "lot_source_link": "https://www.mecum.com/lots/1147070/1993-pontiac-trans-am/?aa_id=684301-0",
    "lot_code": "Lot F11",
    "vehicle_chassis_no": "2G2FV22P0P2211648"
  },
  {
    "lot_source_link": "https://www.mecum.com/lots/1148029/1977-mg-b/?aa_id=694166-0",
    "lot_code": "Lot F10",
    "vehicle_chassis_no": "GHN5UH419497G"
  },
  {
    "lot_source_link": "https://www.mecum.com/lots/1145134/1986-jaguar-xj6-sedan/?aa_id=683128-0",
    "lot_code": "Lot F9",
    "vehicle_chassis_no": "SAJAV1346GC448375"
  },
  {
    "lot_source_link": "https://www.mecum.com/lots/1148624/1979-lincoln-continental-mark-v/?aa_id=692517-0",
    "lot_code": "Lot F7",
    "vehicle_chassis_no": "9Y89S692008"
  },
  {
    "lot_source_link": "https://www.mecum.com/lots/1148058/1988-jeep-cherokee-pioneer/?aa_id=692069-0",
    "lot_code": "Lot F4",
    "vehicle_chassis_no": "1JCMR7821JT142216"
  },
  {
    "lot_source_link": "https://www.mecum.com/lots/1147642/2001-mercedes-benz-cl600/?aa_id=692057-0",
    "lot_code": "Lot F3",
    "vehicle_chassis_no": "WDBPJ78J81A014191"
  },
  {
    "lot_source_link": "https://www.mecum.com/lots/1149128/electric-carriage/?aa_id=694060-0",
    "lot_code": "Lot F2.1",
    "vehicle_chassis_no": "BOS"
  }
]