[
    {
        "auction_label": "February Online Collectables Auction",
        "auction_date_range": "Ending 19th Feb, 2025\n                19:30",
        "lot_source_link": "https://www.historics.co.uk/auction/lot/lot-1---1983-yamaha-xt125/?lot=17406&so=0&st=&sto=0&au=97&ef=&et=&ic=False&sd=1&pp=96&pn=1&g=1",
        "lot_code": "Lot 1",
        "lot_title": "1983 Yamaha XT125",
        "lot_description": "The XT range debuted in 1976 with the XT500 single four-stroke \"torque hammer\". Later, other models followed spreading from XT125 to the latest XT660. Both the XT and DT ranges represent the typical Yamaha model development consistency, with model refinements over time. The early version of XT125 (1982-1994 series) is not very different from newer models and almost identical to DT125. Powered by an air-cooled SOHC four-stroke single cylinder engine, it weighs in at 98kg.\n\nFirst registered on 1st February 1983 this lovely example of a rare UK supplied XT125 presents very well. Supplied with the UK only miles per hour speedometer as well as two keys, the bike looks fantastic. The vendor reports the bike to run and ride very well and has stored it not in a garage, but his home! Cherished, but now needing to find a new home to free up the hallway, this great little bike is offered for sale.\n\nSupplied with V5C registration document, two keys, servicing handbook and various receipts.\n\nConsigned by Will Penrose\n\nVehicle available for collection from Sunbury-On-Thames\n\nThis description is provided by the seller and to the best of the seller's knowledge, accurate and not misleading and unless otherwise stated is 'Not Verified' by Historics or any person employed by Historics. Prospective purchasers are advised to satisfy themselves as to the accuracy of the description and any statements made, whether they be statements of fact or opinion, and conduct any research they feel is necessary before committing to a bid. Please see our Terms and Conditions for full details.",
        "lot_media": [
            "https://storagegohistorics.blob.core.windows.net/stock/17398-4-small.jpg?v=63874949039017",
            "https://storagegohistorics.blob.core.windows.net/stock/17398-3-small.jpg?v=63874949037980",
            "https://storagegohistorics.blob.core.windows.net/stock/17398-0-small.jpg?v=63874949033533",
            "https://storagegohistorics.blob.core.windows.net/stock/17398-1-small.jpg?v=63874949035297",
            "https://storagegohistorics.blob.core.windows.net/stock/17398-2-small.jpg?v=63874949036637",
            "https://storagegohistorics.blob.core.windows.net/stock/17398-5-small.jpg?v=63874949043467",
            "https://storagegohistorics.blob.core.windows.net/stock/17398-6-small.jpg?v=63874949054910",
            "https://storagegohistorics.blob.core.windows.net/stock/17398-7-small.jpg?v=63874949062440",
            "https://storagegohistorics.blob.core.windows.net/stock/17398-8-small.jpg?v=63874949064403",
            "https://storagegohistorics.blob.core.windows.net/stock/17398-9-small.jpg?v=63874949066407",
            "https://storagegohistorics.blob.core.windows.net/stock/17398-10-small.jpg?v=63874949068357",
            "https://storagegohistorics.blob.core.windows.net/stock/17398-11-small.jpg?v=63874949070770",
            "https://storagegohistorics.blob.core.windows.net/stock/17398-12-small.jpg?v=63874949073243",
            "https://storagegohistorics.blob.core.windows.net/stock/17398-13-small.jpg?v=63874949075357",
            "https://storagegohistorics.blob.core.windows.net/stock/17398-14-small.jpg?v=63874949077450",
            "https://storagegohistorics.blob.core.windows.net/stock/17398-15-small.jpg?v=63874949079437",
            "https://storagegohistorics.blob.core.windows.net/stock/17398-16-small.jpg?v=63874949081473",
            "https://storagegohistorics.blob.core.windows.net/stock/17398-17-small.jpg?v=63874949083517"
        ],
        "vehicle_chassis_no": "12V0005946",
        "vehicle_year": "1983",
        "vehicle_make": "Yamaha",
        "vehicle_model": "XT125",
        "vehicle_registry_code": "BFJ 997Y",
        "vehicle_mileage_value": "23,223",
        "vehicle_engine": "12V0005946",
        "price_currency": "GBP",
        "price_value": null,
        "price_guide_low": 1800,
        "price_guide_high": 2800,
        "price_type": "estimate"
    },
    {
        "auction_label": "February Online Collectables Auction",
        "auction_date_range": "Ending 19th Feb, 2025\n                19:35",
        "lot_source_link": "https://www.historics.co.uk/auction/lot/lot-2---registration-p2-auk/?lot=17298&so=0&st=&sto=0&au=97&ef=&et=&ic=False&sd=1&pp=96&pn=1&g=1",
        "lot_code": "Lot 2",
        "lot_title": "Registration P2 AUK",
        "lot_description": "This registration number P2 AUK is currently on a Retention Certificate.\n\nConsigned by Fraser Smith\n\nThis description is provided by the seller and to the best of the seller's knowledge, accurate and not misleading and unless otherwise stated is 'Not Verified' by Historics or any person employed by Historics. Prospective purchasers are advised to satisfy themselves as to the accuracy of the description and any statements made, whether they be statements of fact or opinion, and conduct any research they feel is necessary before committing to a bid. Please see our Terms and Conditions for full details.",
        "lot_media": [],
        "vehicle_chassis_no": null,
        "vehicle_year": null,
        "vehicle_make": "Registration",
        "vehicle_model": "P2 AUK",
        "vehicle_registry_code": null,
        "vehicle_mileage_value": null,
        "vehicle_engine": null,
        "price_currency": "GBP",
        "price_value": 336,
        "price_guide_low": null,
        "price_guide_high": null,
        "price_type": "sold"
    },
    {
        "auction_label": "February Online Collectables Auction",
        "auction_date_range": "Ending 19th Feb, 2025\n                19:40",
        "lot_source_link": "https://www.historics.co.uk/auction/lot/lot-3---registration-th15-svo/?lot=17226&so=0&st=&sto=0&au=97&ef=&et=&ic=False&sd=1&pp=96&pn=1&g=1",
        "lot_code": "Lot 3",
        "lot_title": "Registration TH15 SVO",
        "lot_description": "This registration number TH15 SVO comes with a Certificate of Entitlement\n\nConsigned by James GoodThis description is provided by the seller and to the best of the seller's knowledge, accurate and not misleading and unless otherwise stated is 'Not Verified' by Historics or any person employed by Historics. Prospective purchasers are advised to satisfy themselves as to the accuracy of the description and any statements made, whether they be statements of fact or opinion, and conduct any research they feel is necessary before committing to a bid. Please see our Terms and Conditions for full details.",
        "lot_media": [],
        "vehicle_chassis_no": null,
        "vehicle_year": null,
        "vehicle_make": "Registration",
        "vehicle_model": "TH15 SVO",
        "vehicle_registry_code": null,
        "vehicle_mileage_value": null,
        "vehicle_engine": null,
        "price_currency": "GBP",
        "price_value": null,
        "price_guide_low": 300,
        "price_guide_high": 400,
        "price_type": "estimate"
    },
    {
        "auction_label": "February Online Collectables Auction",
        "auction_date_range": "Ending 19th Feb, 2025\n                19:45",
        "lot_source_link": "https://www.historics.co.uk/auction/lot/lot-4---registration-tes-18/?lot=17381&so=0&st=&sto=0&au=97&ef=&et=&ic=False&sd=1&pp=96&pn=1&g=1",
        "lot_code": "Lot 4",
        "lot_title": "Registration TES 18",
        "lot_description": "This registration number TES 18 is currently on a Retention Certificate.\n\nConsigned by Mathew Priddy\n\nThis description is provided by the seller and to the best of the seller's knowledge, accurate and not misleading and unless otherwise stated is 'Not Verified' by Historics or any person employed by Historics. Prospective purchasers are advised to satisfy themselves as to the accuracy of the description and any statements made, whether they be statements of fact or opinion, and conduct any research they feel is necessary before committing to a bid. Please see our Terms and Conditions for full details.",
        "lot_media": [],
        "vehicle_chassis_no": null,
        "vehicle_year": null,
        "vehicle_make": "Registration",
        "vehicle_model": "TES 18",
        "vehicle_registry_code": null,
        "vehicle_mileage_value": null,
        "vehicle_engine": null,
        "price_currency": "GBP",
        "price_value": null,
        "price_guide_low": 6000,
        "price_guide_high": 8000,
        "price_type": "estimate"
    },
    {
        "auction_label": "February Online Collectables Auction",
        "auction_date_range": "Ending 19th Feb, 2025\n                19:50",
        "lot_source_link": "https://www.historics.co.uk/auction/lot/lot-5---2001-alfa-romeo-gtv-30-v6-24v/?lot=17295&so=0&st=&sto=0&au=97&ef=&et=&ic=False&sd=1&pp=96&pn=1&g=1",
        "lot_code": "Lot 5",
        "lot_title": "2001 Alfa Romeo GTV 3.0 V6 24V",
        "lot_description": "• 3.0 litre 24-valve Six Speed Manual• Recent Full health check and cambelt change by AutolussoThe Alfa Romeo Gran Turismo Veloce (GTV) designed by Enrico Fumia at Pininfarina was planned to re-establish the sporty coupé tradition of Alfa Romeo for the 1990s. After the Fiat CEO accepted the design, Alfa Romeo Centro Stile was responsible for the completion of the detail work and also for the design of the interiors as Pininfarina's proposal was not accepted. A typical Italian design, low-slung, wedge-shaped with a low nose and high kicked up tail or 'Kamm tail' gave improved aerodynamics and, at its launch, many journalists commented that Alfa had improved the overall build quality considerably and that it came very close to equalling its German rivals. The GTV was indeed favourably received by the written press, winning awards such as Autocar Magazine's '1995 Car of the Year', Car Magazine's 'Best Designed Car' and in 1995 was awarded 'The World's most Beautiful Automobile' award.A superb example of Alfa Romeo’s beautiful sports coupé showing 73,950 miles. Under the bonnet is the famous 3.0 litre 24-valve naturally aspirated ‘Busso’ V6, driving the front wheels through a six-speed manual gearbox with the excellent Quaife differential installed to suit. The engine bay and ‘Busso’ 3.0 litre 24 valve engine within is a sight to behold as should be expected of this and any other Alfa Romeo (see photos). This GTV has been largely kept in storage from 2018 until early 2023.The car is finished to Lusso specification, with Blue Vela metallic paintwork and the Blue Pack, comprising of a blue dashboard with blue leather seats and blue/black door trims. Factory equipment includes air conditioning, electric windows and door mirrors complete with the correct 17-inch Teledial wheels. The car’s only modification is a Wizard ‘cat back’ twin pipe that we are told emits a wonderful ‘burble’. Its original owner’s manuals and service book will be included, along with a collection of maintenance invoices and MoT test certificates. We are informed the bodywork is in excellent condition with no rust but does have the odd and very hard to see scuff/stone chip. The alloy Teledial wheels have been fully refurbished and finished in ‘Lamborghini Imola Bronze’ which look superb against the Blue Vela bodywork which can be seen in the photos, also recent new discs/ pads and fully refurbished (in black) calipers. Toyo Proxes tyres were recently fitted with minimal mileage since. Rear suspension recently Poly-bushed. The throttle potentiometer and ECU has just been replaced (August 2024) by Alfa specialist and is now running as one would expect of these superbly powered coupés. Inside there is some very minor wear to the driver’s seat bolster, we are informed the leather throughout is in excellent shape.The latest MoT test certificate and full lubrication service has been completed at just under 74,000 miles and now runs until end of January 2025. In August 2024 the car benefit from a full health check and cambelt change by Autolusso (Bournemouth) also at just under 74,000 miles is fully documented.This Alfa Romeo GTV 3.0 V6 24V is an example of the renowned Italian coupé featuring the desirable ‘Blue Pack’ and supplied with a fairly comprehensive maintenance history. This stylish and now becoming very sought-after V6 Italian sportscar is ready to be cherished by its next keeper.The car is currently located in Somerset.Consigned by Mathew PriddyThis description is provided by the seller and to the best of the seller's knowledge, accurate and not misleading and unless otherwise stated is 'Not Verified' by Historics or any person employed by Historics. Prospective purchasers are advised to satisfy themselves as to the accuracy of the description and any statements made, whether they be statements of fact or opinion, and conduct any research they feel is necessary before committing to a bid. Please see our Terms and Conditions for full details.",
        "lot_media": [
            "https://storagegohistorics.blob.core.windows.net/stock/17287-0-small.jpg?v=63874191923247",
            "https://storagegohistorics.blob.core.windows.net/stock/17287-5-small.jpg?v=63874191926423",
            "https://storagegohistorics.blob.core.windows.net/stock/17287-2-small.jpg?v=63874191924483",
            "https://storagegohistorics.blob.core.windows.net/stock/17287-4-small.jpg?v=63874191925863",
            "https://storagegohistorics.blob.core.windows.net/stock/17287-1-small.jpg?v=63874191923873",
            "https://storagegohistorics.blob.core.windows.net/stock/17287-3-small.jpg?v=63874191925333",
            "https://storagegohistorics.blob.core.windows.net/stock/17287-6-small.jpg?v=63874191927393",
            "https://storagegohistorics.blob.core.windows.net/stock/17287-7-small.jpg?v=63874191959430",
            "https://storagegohistorics.blob.core.windows.net/stock/17287-8-small.jpg?v=63874191960017",
            "https://storagegohistorics.blob.core.windows.net/stock/17287-9-small.jpg?v=63874191960673",
            "https://storagegohistorics.blob.core.windows.net/stock/17287-10-small.jpg?v=63874191961330",
            "https://storagegohistorics.blob.core.windows.net/stock/17287-11-small.jpg?v=63874191962077",
            "https://storagegohistorics.blob.core.windows.net/stock/17287-12-small.jpg?v=63874191962713",
            "https://storagegohistorics.blob.core.windows.net/stock/17287-13-small.jpg?v=63874191963300",
            "https://storagegohistorics.blob.core.windows.net/stock/17287-14-small.jpg?v=63874191964053",
            "https://storagegohistorics.blob.core.windows.net/stock/17287-15-small.jpg?v=63874191964720",
            "https://storagegohistorics.blob.core.windows.net/stock/17287-16-small.jpg?v=63874191965390",
            "https://storagegohistorics.blob.core.windows.net/stock/17287-17-small.jpg?v=63874191966133",
            "https://storagegohistorics.blob.core.windows.net/stock/17287-18-small.jpg?v=63874191966907",
            "https://storagegohistorics.blob.core.windows.net/stock/17287-19-small.jpg?v=63874191967673",
            "https://storagegohistorics.blob.core.windows.net/stock/17287-20-small.jpg?v=63874191968453",
            "https://storagegohistorics.blob.core.windows.net/stock/17287-21-small.jpg?v=63874191969243",
            "https://storagegohistorics.blob.core.windows.net/stock/17287-22-small.jpg?v=63874191970023",
            "https://storagegohistorics.blob.core.windows.net/stock/17287-23-small.jpg?v=63874191970713",
            "https://storagegohistorics.blob.core.windows.net/stock/17287-24-small.jpg?v=63874191971283",
            "https://storagegohistorics.blob.core.windows.net/stock/17287-25-small.jpg?v=63874191971940",
            "https://storagegohistorics.blob.core.windows.net/stock/17287-26-small.jpg?v=63874191972553",
            "https://storagegohistorics.blob.core.windows.net/stock/17287-27-small.jpg?v=63874191973163",
            "https://storagegohistorics.blob.core.windows.net/stock/17287-28-small.jpg?v=63874191973847",
            "https://storagegohistorics.blob.core.windows.net/stock/17287-29-small.jpg?v=63874191977150",
            "https://storagegohistorics.blob.core.windows.net/stock/17287-30-small.jpg?v=63874191977890",
            "https://storagegohistorics.blob.core.windows.net/stock/17287-31-small.jpg?v=63874191978637",
            "https://storagegohistorics.blob.core.windows.net/stock/17287-32-small.jpg?v=63874191979323",
            "https://storagegohistorics.blob.core.windows.net/stock/17287-33-small.jpg?v=63874191979917",
            "https://storagegohistorics.blob.core.windows.net/stock/17287-34-small.jpg?v=63874191980520",
            "https://storagegohistorics.blob.core.windows.net/stock/17287-35-small.jpg?v=63874191981177",
            "https://storagegohistorics.blob.core.windows.net/stock/17287-36-small.jpg?v=63874191981773",
            "https://storagegohistorics.blob.core.windows.net/stock/17287-37-small.jpg?v=63874191982417",
            "https://storagegohistorics.blob.core.windows.net/stock/17287-38-small.jpg?v=63874191983010",
            "https://storagegohistorics.blob.core.windows.net/stock/17287-39-small.jpg?v=63874191983747",
            "https://storagegohistorics.blob.core.windows.net/stock/17287-40-small.jpg?v=63874191984283",
            "https://storagegohistorics.blob.core.windows.net/stock/17287-41-small.jpg?v=63874191984863",
            "https://storagegohistorics.blob.core.windows.net/stock/17287-42-small.jpg?v=63874191986083",
            "https://storagegohistorics.blob.core.windows.net/stock/17287-43-small.jpg?v=63874191986830",
            "https://storagegohistorics.blob.core.windows.net/stock/17287-44-small.jpg?v=63874191987630",
            "https://storagegohistorics.blob.core.windows.net/stock/17287-45-small.jpg?v=63874191988363",
            "https://storagegohistorics.blob.core.windows.net/stock/17287-46-small.jpg?v=63874191989163",
            "https://storagegohistorics.blob.core.windows.net/stock/17287-47-small.jpg?v=63874191989833",
            "https://storagegohistorics.blob.core.windows.net/stock/17287-48-small.jpg?v=63874191990857",
            "https://storagegohistorics.blob.core.windows.net/stock/17287-49-small.jpg?v=63874191991897",
            "https://storagegohistorics.blob.core.windows.net/stock/17287-50-small.jpg?v=63874191993443",
            "https://storagegohistorics.blob.core.windows.net/stock/17287-51-small.jpg?v=63874191994470",
            "https://storagegohistorics.blob.core.windows.net/stock/17287-52-small.jpg?v=63874191995477",
            "https://storagegohistorics.blob.core.windows.net/stock/17287-53-small.jpg?v=63874191996507",
            "https://storagegohistorics.blob.core.windows.net/stock/17287-54-small.jpg?v=63874191998063",
            "https://storagegohistorics.blob.core.windows.net/stock/17287-55-small.jpg?v=63874191999103",
            "https://storagegohistorics.blob.core.windows.net/stock/17287-56-small.jpg?v=63874192000100",
            "https://storagegohistorics.blob.core.windows.net/main/STACKED%20GREEN%20V1%205x7.jpg"
        ],
        "vehicle_chassis_no": "ZAR91600007002137",
        "vehicle_year": "2001",
        "vehicle_make": "Alfa Romeo",
        "vehicle_model": "GTV 3.0 V6 24V",
        "vehicle_registry_code": "Y982 RCF",
        "vehicle_mileage_value": "73,950",
        "vehicle_engine": "0000457",
        "price_currency": "GBP",
        "price_value": 8040,
        "price_guide_low": null,
        "price_guide_high": null,
        "price_type": "sold"
    },
    {
        "auction_label": "February Online Collectables Auction",
        "auction_date_range": "Ending 19th Feb, 2025\n                19:55",
        "lot_source_link": "https://www.historics.co.uk/auction/lot/lot-6---registration-33-fxj/?lot=17289&so=0&st=&sto=0&au=97&ef=&et=&ic=False&sd=1&pp=96&pn=1&g=1",
        "lot_code": "Lot 6",
        "lot_title": "Registration 33 FXJ",
        "lot_description": "This registration number 33 FXJ is currently on a Certificate of entitlement.\n\nConsigned by Mathew Priddy\n\nThis description is provided by the seller and to the best of the seller's knowledge, accurate and not misleading and unless otherwise stated is 'Not Verified' by Historics or any person employed by Historics. Prospective purchasers are advised to satisfy themselves as to the accuracy of the description and any statements made, whether they be statements of fact or opinion, and conduct any research they feel is necessary before committing to a bid. Please see our Terms and Conditions for full details.",
        "lot_media": [],
        "vehicle_chassis_no": null,
        "vehicle_year": null,
        "vehicle_make": null,
        "vehicle_model": "Registration",
        "vehicle_registry_code": "33 FXJ",
        "vehicle_mileage_value": null,
        "vehicle_engine": null,
        "price_currency": "GBP",
        "price_value": 1904,
        "price_guide_low": null,
        "price_guide_high": null,
        "price_type": "sold"
    },
    {
        "auction_label": "February Online Collectables Auction",
        "auction_date_range": "Ending 19th Feb, 2025\n                20:00",
        "lot_source_link": "https://www.historics.co.uk/auction/lot/lot-7---registration-th15-gag/?lot=17223&so=0&st=&sto=0&au=97&ef=&et=&ic=False&sd=1&pp=96&pn=1&g=1",
        "lot_code": "Lot 7",
        "lot_title": "Registration TH15 GAG",
        "lot_description": "This registration number TH15 GAG comes with a Certificate of Entitlement\n\nConsigned by James GoodThis description is provided by the seller and to the best of the seller's knowledge, accurate and not misleading and unless otherwise stated is 'Not Verified' by Historics or any person employed by Historics. Prospective purchasers are advised to satisfy themselves as to the accuracy of the description and any statements made, whether they be statements of fact or opinion, and conduct any research they feel is necessary before committing to a bid. Please see our Terms and Conditions for full details.",
        "lot_media": [],
        "vehicle_chassis_no": null,
        "vehicle_year": null,
        "vehicle_make": "Registration",
        "vehicle_model": "TH15 GAG",
        "vehicle_registry_code": null,
        "vehicle_mileage_value": null,
        "vehicle_engine": null,
        "price_currency": "GBP",
        "price_value": null,
        "price_guide_low": 300,
        "price_guide_high": 400,
        "price_type": "estimate"
    },
    {
        "auction_label": "February Online Collectables Auction",
        "auction_date_range": "Ending 19th Feb, 2025\n                20:05",
        "lot_source_link": "https://www.historics.co.uk/auction/lot/lot-8---registration-7-hjx/?lot=17288&so=0&st=&sto=0&au=97&ef=&et=&ic=False&sd=1&pp=96&pn=1&g=1",
        "lot_code": "Lot 8",
        "lot_title": "Registration 7 HJX",
        "lot_description": "This registration number 7 HJX is currently on a Certificate of entitlement.\n\nConsigned by Mathew Priddy\n\nThis description is provided by the seller and to the best of the seller's knowledge, accurate and not misleading and unless otherwise stated is 'Not Verified' by Historics or any person employed by Historics. Prospective purchasers are advised to satisfy themselves as to the accuracy of the description and any statements made, whether they be statements of fact or opinion, and conduct any research they feel is necessary before committing to a bid. Please see our Terms and Conditions for full details.",
        "lot_media": [],
        "vehicle_chassis_no": null,
        "vehicle_year": null,
        "vehicle_make": "Registration",
        "vehicle_model": "7 HJX",
        "vehicle_registry_code": null,
        "vehicle_mileage_value": null,
        "vehicle_engine": null,
        "price_currency": "GBP",
        "price_value": 3808,
        "price_guide_low": null,
        "price_guide_high": null,
        "price_type": "sold"
    },
    {
        "auction_label": "February Online Collectables Auction",
        "auction_date_range": "Ending 19th Feb, 2025\n                20:10",
        "lot_source_link": "https://www.historics.co.uk/auction/lot/lot-9---registration-p1-tcx/?lot=17296&so=0&st=&sto=0&au=97&ef=&et=&ic=False&sd=1&pp=96&pn=1&g=1",
        "lot_code": "Lot 9",
        "lot_title": "Registration P1 TCX",
        "lot_description": "This registration number P1 TCX comes with a Certificate of Entitlement.\n\nConsigned by Fraser Smith\n\nThis description is provided by the seller and to the best of the seller's knowledge, accurate and not misleading and unless otherwise stated is 'Not Verified' by Historics or any person employed by Historics. Prospective purchasers are advised to satisfy themselves as to the accuracy of the description and any statements made, whether they be statements of fact or opinion, and conduct any research they feel is necessary before committing to a bid. Please see our Terms and Conditions for full details.",
        "lot_media": [],
        "vehicle_chassis_no": null,
        "vehicle_year": null,
        "vehicle_make": "Registration",
        "vehicle_model": "P1 TCX",
        "vehicle_registry_code": null,
        "vehicle_mileage_value": null,
        "vehicle_engine": null,
        "price_currency": "GBP",
        "price_value": 358,
        "price_guide_low": null,
        "price_guide_high": null,
        "price_type": "sold"
    },
    {
        "auction_label": "February Online Collectables Auction",
        "auction_date_range": "Ending 19th Feb, 2025\n                20:15",
        "lot_source_link": "https://www.historics.co.uk/auction/lot/lot-10---2000-bmw-523i-se/?lot=17250&so=0&st=&sto=0&au=97&ef=&et=&ic=False&sd=1&pp=96&pn=1&g=1",
        "lot_code": "Lot 10",
        "lot_title": "2000 BMW 523i SE",
        "lot_description": "The 2000 BMW 523i SE is a refined executive saloon that combines performance, luxury, and quality craftsmanship. Powered by a 2.5 litre inline-six engine, producing around 170bhp, providing a balanced mix of power and efficiency. The 523i SE features rear-wheel drive, which contributes to its dynamic handling and precise steering, making it enjoyable to drive. In terms of design, the E39 generation, which the 523i SE belongs to, is often regarded as one of the best-looking BMWs. Its clean lines, wide stance, and elegant proportions give it a timeless appeal. Inside, the 523i SE exudes luxury, with premium materials, a comfortable cabin, and a high level of standard equipment. Leather upholstery, wood trim, and a sophisticated sound system were typical features.Safety is another key strength, with features such as airbags, ABS, and stability control. The 523i SE offers a refined ride quality and good fuel economy for its class, making it a practical choice for those seeking a combination of comfort, style, and performance.\n\nOriginally registered on 28th June 2000 this BMW E39 presents very well in metallic blue with tan leather interior. Clearly this has been a well looked after car and comes with a history folder. Recent work carried out includes new spark plugs, new coil packs, oil and filter change, new rocker cover gasket and vacuum pipe for the inlet manifold. It shows no sign of rust and is a sound example, with just a few age-related marks. The wheels and tyres are all good, the spare wheel and tyre appears to be new. It has Sat Nav and a CD although it is not known if these work, we are advised there is a little pixilating on the mileometer. There is also a telephone in the armrest, although this will be analogue which will not work on the digital network. It comes with a V5 registration document and a current MoT valid until11th December 2025. This is a very tidy BMW 523i SE which never fails to attract admiring glances. Consigned by Stewart BanksCollection from Denham Buckinghamshire\n\nThis description is provided by the seller and to the best of the seller's knowledge, accurate and not misleading and unless otherwise stated is 'Not Verified' by Historics or any person employed by Historics. Prospective purchasers are advised to satisfy themselves as to the accuracy of the description and any statements made, whether they be statements of fact or opinion, and conduct any research they feel is necessary before committing to a bid. Please see our Terms and Conditions for full details.",
        "lot_media": [
            "https://storagegohistorics.blob.core.windows.net/stock/17242-0-small.jpg?v=63873578797120",
            "https://storagegohistorics.blob.core.windows.net/stock/17242-1-small.jpg?v=63873578842290",
            "https://storagegohistorics.blob.core.windows.net/stock/17242-4-small.jpg?v=63873578845367",
            "https://storagegohistorics.blob.core.windows.net/stock/17242-3-small.jpg?v=63873578844430",
            "https://storagegohistorics.blob.core.windows.net/stock/17242-2-small.jpg?v=63873578843430",
            "https://storagegohistorics.blob.core.windows.net/stock/17242-5-small.jpg?v=63873578875790",
            "https://storagegohistorics.blob.core.windows.net/stock/17242-6-small.jpg?v=63873578886793",
            "https://storagegohistorics.blob.core.windows.net/stock/17242-7-small.jpg?v=63873578888407",
            "https://storagegohistorics.blob.core.windows.net/stock/17242-8-small.jpg?v=63873578890090",
            "https://storagegohistorics.blob.core.windows.net/stock/17242-9-small.jpg?v=63873578891873",
            "https://storagegohistorics.blob.core.windows.net/stock/17242-11-small.jpg?v=63873578895520",
            "https://storagegohistorics.blob.core.windows.net/stock/17242-12-small.jpg?v=63873578914780",
            "https://storagegohistorics.blob.core.windows.net/stock/17242-13-small.jpg?v=63873578930517",
            "https://storagegohistorics.blob.core.windows.net/stock/17242-14-small.jpg?v=63873578931900",
            "https://storagegohistorics.blob.core.windows.net/stock/17242-15-small.jpg?v=63873578933557",
            "https://storagegohistorics.blob.core.windows.net/stock/17242-16-small.jpg?v=63873578935157",
            "https://storagegohistorics.blob.core.windows.net/stock/17242-17-small.jpg?v=63873578936680",
            "https://storagegohistorics.blob.core.windows.net/stock/17242-18-small.jpg?v=63873578938743",
            "https://storagegohistorics.blob.core.windows.net/stock/17242-19-small.jpg?v=63873578940270",
            "https://storagegohistorics.blob.core.windows.net/stock/17242-20-small.jpg?v=63873578941800",
            "https://storagegohistorics.blob.core.windows.net/stock/17242-21-small.jpg?v=63873578943303",
            "https://storagegohistorics.blob.core.windows.net/stock/17242-22-small.jpg?v=63873578944673",
            "https://storagegohistorics.blob.core.windows.net/stock/17242-23-small.jpg?v=63873578946240",
            "https://storagegohistorics.blob.core.windows.net/stock/17242-24-small.jpg?v=63873578947930",
            "https://storagegohistorics.blob.core.windows.net/stock/17242-25-small.jpg?v=63873578949513",
            "https://storagegohistorics.blob.core.windows.net/stock/17242-26-small.jpg?v=63873578951020",
            "https://storagegohistorics.blob.core.windows.net/stock/17242-27-small.jpg?v=63873578952600",
            "https://storagegohistorics.blob.core.windows.net/stock/17242-28-small.jpg?v=63873578954113",
            "https://storagegohistorics.blob.core.windows.net/stock/17242-29-small.jpg?v=63873578956273",
            "https://storagegohistorics.blob.core.windows.net/stock/17242-30-small.jpg?v=63873578957833",
            "https://storagegohistorics.blob.core.windows.net/stock/17242-31-small.jpg?v=63873578959373",
            "https://storagegohistorics.blob.core.windows.net/stock/17242-32-small.jpg?v=63873578960930",
            "https://storagegohistorics.blob.core.windows.net/stock/17242-33-small.jpg?v=63873578962480",
            "https://storagegohistorics.blob.core.windows.net/stock/17242-34-small.jpg?v=63873578964077",
            "https://storagegohistorics.blob.core.windows.net/stock/17242-35-small.jpg?v=63873578965580"
        ],
        "vehicle_chassis_no": "WBADM42040GH82384",
        "vehicle_year": "2000",
        "vehicle_make": "BMW",
        "vehicle_model": "523i SE",
        "vehicle_registry_code": "W811 OLK",
        "vehicle_mileage_value": "108,761",
        "vehicle_engine": "30972282",
        "price_currency": "GBP",
        "price_value": 1904,
        "price_guide_low": null,
        "price_guide_high": null,
        "price_type": "sold"
    },
    {
        "auction_label": "February Online Collectables Auction",
        "auction_date_range": "Ending 19th Feb, 2025\n                20:20",
        "lot_source_link": "https://www.historics.co.uk/auction/lot/lot-11---registration-th15-gls/?lot=17225&so=0&st=&sto=0&au=97&ef=&et=&ic=False&sd=1&pp=96&pn=1&g=1",
        "lot_code": "Lot 11",
        "lot_title": "Registration TH15 GLS",
        "lot_description": "This registration number TH15 GLS comes with a Certificate of Entitlement\n\nConsigned by James GoodThis description is provided by the seller and to the best of the seller's knowledge, accurate and not misleading and unless otherwise stated is 'Not Verified' by Historics or any person employed by Historics. Prospective purchasers are advised to satisfy themselves as to the accuracy of the description and any statements made, whether they be statements of fact or opinion, and conduct any research they feel is necessary before committing to a bid. Please see our Terms and Conditions for full details.",
        "lot_media": [],
        "vehicle_chassis_no": null,
        "vehicle_year": null,
        "vehicle_make": "Registration",
        "vehicle_model": "TH15 GLS",
        "vehicle_registry_code": null,
        "vehicle_mileage_value": null,
        "vehicle_engine": null,
        "price_currency": "GBP",
        "price_value": 336,
        "price_guide_low": null,
        "price_guide_high": null,
        "price_type": "sold"
    },
    {
        "auction_label": "February Online Collectables Auction",
        "auction_date_range": "Ending 19th Feb, 2025\n                20:25",
        "lot_source_link": "https://www.historics.co.uk/auction/lot/lot-12---cmc-mercedes-benz-transporter/?lot=17265&so=0&st=&sto=0&au=97&ef=&et=&ic=False&sd=1&pp=96&pn=1&g=1",
        "lot_code": "Lot 12",
        "lot_title": "CMC Mercedes-Benz Transporter",
        "lot_description": "This is a beautiful CMC Mercedes-Benz Transporter. It has been on display in a private collection of model cars and trucks. It is in unmarked condition although the box has some water damage. Everything appears to be in order, the mirrors are intact. The detail of these 1/18th models is superb. Consigned by Stewart BanksCollection from Iver Buckinghamshire\n\nThis description is provided by the seller and to the best of the seller's knowledge, accurate and not misleading and unless otherwise stated is 'Not Verified' by Historics or any person employed by Historics. Prospective purchasers are advised to satisfy themselves as to the accuracy of the description and any statements made, whether they be statements of fact or opinion, and conduct any research they feel is necessary before committing to a bid. Please see our Terms and Conditions for full details.",
        "lot_media": [
            "https://storagegohistorics.blob.core.windows.net/stock/17257-0-small.jpg?v=63873673477267",
            "https://storagegohistorics.blob.core.windows.net/stock/17257-1-small.jpg?v=63873673478530",
            "https://storagegohistorics.blob.core.windows.net/stock/17257-4-small.jpg?v=63873673481920",
            "https://storagegohistorics.blob.core.windows.net/stock/17257-3-small.jpg?v=63873673480880",
            "https://storagegohistorics.blob.core.windows.net/stock/17257-2-small.jpg?v=63873673479663",
            "https://storagegohistorics.blob.core.windows.net/stock/17257-5-small.jpg?v=63873673483257",
            "https://storagegohistorics.blob.core.windows.net/stock/17257-6-small.jpg?v=63873673501237",
            "https://storagegohistorics.blob.core.windows.net/stock/17257-7-small.jpg?v=63873673502520",
            "https://storagegohistorics.blob.core.windows.net/stock/17257-8-small.jpg?v=63873673503990",
            "https://storagegohistorics.blob.core.windows.net/stock/17257-9-small.jpg?v=63873673505283",
            "https://storagegohistorics.blob.core.windows.net/stock/17257-12-small.jpg?v=63873673509787",
            "https://storagegohistorics.blob.core.windows.net/stock/17257-13-small.jpg?v=63873673511483",
            "https://storagegohistorics.blob.core.windows.net/stock/17257-14-small.jpg?v=63873673512883",
            "https://storagegohistorics.blob.core.windows.net/stock/17257-15-small.jpg?v=63873673514580",
            "https://storagegohistorics.blob.core.windows.net/stock/17257-19-small.jpg?v=63873673520763",
            "https://storagegohistorics.blob.core.windows.net/stock/17257-11-small.jpg?v=63873673508333",
            "https://storagegohistorics.blob.core.windows.net/stock/17257-16-small.jpg?v=63873673516123",
            "https://storagegohistorics.blob.core.windows.net/stock/17257-17-small.jpg?v=63873673517633",
            "https://storagegohistorics.blob.core.windows.net/stock/17257-18-small.jpg?v=63873673519177",
            "https://storagegohistorics.blob.core.windows.net/stock/17257-10-small.jpg?v=63873673506733"
        ],
        "vehicle_chassis_no": null,
        "vehicle_year": null,
        "vehicle_make": "CMC",
        "vehicle_model": "Mercedes-Benz Transporter",
        "vehicle_registry_code": null,
        "vehicle_mileage_value": null,
        "vehicle_engine": null,
        "price_currency": "GBP",
        "price_value": 446,
        "price_guide_low": null,
        "price_guide_high": null,
        "price_type": "sold"
    },
    {
        "auction_label": "February Online Collectables Auction",
        "auction_date_range": "Ending 19th Feb, 2025\n                20:30",
        "lot_source_link": "https://www.historics.co.uk/auction/lot/lot-13---registration-70-kyx/?lot=17290&so=0&st=&sto=0&au=97&ef=&et=&ic=False&sd=1&pp=96&pn=1&g=1",
        "lot_code": "Lot 13",
        "lot_title": "Registration 70 KYX",
        "lot_description": "This registration number 70 KYX is currently on a Certificate of entitlement.\n\nConsigned by Mathew Priddy\n\nThis description is provided by the seller and to the best of the seller's knowledge, accurate and not misleading and unless otherwise stated is 'Not Verified' by Historics or any person employed by Historics. Prospective purchasers are advised to satisfy themselves as to the accuracy of the description and any statements made, whether they be statements of fact or opinion, and conduct any research they feel is necessary before committing to a bid. Please see our Terms and Conditions for full details.",
        "lot_media": [],
        "vehicle_chassis_no": null,
        "vehicle_year": null,
        "vehicle_make": "Registration",
        "vehicle_model": "70 KYX",
        "vehicle_registry_code": null,
        "vehicle_mileage_value": null,
        "vehicle_engine": null,
        "price_currency": "GBP",
        "price_value": 1456,
        "price_guide_low": null,
        "price_guide_high": null,
        "price_type": "sold"
    },
    {
        "auction_label": "February Online Collectables Auction",
        "auction_date_range": "Ending 19th Feb, 2025\n                20:35",
        "lot_source_link": "https://www.historics.co.uk/auction/lot/lot-14---registration-700-fox/?lot=17293&so=0&st=&sto=0&au=97&ef=&et=&ic=False&sd=1&pp=96&pn=1&g=1",
        "lot_code": "Lot 14",
        "lot_title": "Registration 700 FOX",
        "lot_description": "This registration number 700 FOX is currently on a Retention Certificate.\n\nConsigned by Mathew Priddy",
        "lot_media": [],
        "vehicle_chassis_no": null,
        "vehicle_year": null,
        "vehicle_make": "Registration",
        "vehicle_model": "700 FOX",
        "vehicle_registry_code": null,
        "vehicle_mileage_value": null,
        "vehicle_engine": null,
        "price_currency": "GBP",
        "price_value": null,
        "price_guide_low": 13000,
        "price_guide_high": 18000,
        "price_type": "estimate"
    },
    {
        "auction_label": "February Online Collectables Auction",
        "auction_date_range": "Ending 19th Feb, 2025\n                20:40",
        "lot_source_link": "https://www.historics.co.uk/auction/lot/lot-15---2010-chevrolet-camaro-ss/?lot=17286&so=0&st=&sto=0&au=97&ef=&et=&ic=False&sd=1&pp=96&pn=1&g=1",
        "lot_code": "Lot 15",
        "lot_title": "2010 Chevrolet Camaro SS",
        "lot_description": "• Desirable SS with 6.2 litre engine• 426bhp engine and manual gearbox• Recently servicedThe fifth-generation Chevrolet Camaro, a pony car that was manufactured from 2010 to 2015. It is the fifth distinct generation of the muscle/pony car to be produced since its original introduction in 1967. Production of the fifth-generation model began on March 16, 2009 after several years on hiatus since the previous generation's production ended in 2002 and went on sale to the public in April 2009 for the 2010 model year. The SS with manual transmission is powered by the 6.2 litre GM LS3 V8 engine rated at 426 bhp at 5,900 rpm with 420 lb ft of torque at 4,600 rpm.Supplied to Farnsworth Chevrolet Inc. New York in 2010 this example was imported into the UK in 2013, a well specified example finished in Daytona white with red rally stripe with full SS sports leather upholstery in charcoal and oxblood with silver/inferno orange trim. Supplied with the ‘Transformers pack’ including digital air con, Pioneer LCD with iPod connectivity, Boston CD sound system, Bluetooth and reverse camera. Also specified with electric heated mirrors, Xenon lights, 20-inch dark chrome SS alloys and electric tinted glass sunroof. When imported the car had one owner from new and was supplied with CarFax report and HPi certificate. Recently serviced and with a good history file featuring four services from Belmont Chevrolet, Greystone an American specialist and recently Surry Lodge. This is a well cared for example of the car made popular by the Transformers movie, with an MoT until October 2025 and sounds fabulous. Consigned by Mathew Priddy.Collection from Staines-upon-ThamesThis description is provided by the seller and to the best of the seller's knowledge, accurate and not misleading and unless otherwise stated is 'Not Verified' by Historics or any person employed by Historics. Prospective purchasers are advised to satisfy themselves as to the accuracy of the description and any statements made, whether they be statements of fact or opinion, and conduct any research they feel is necessary before committing to a bid. Please see our Terms and Conditions for full details.",
        "lot_media": [
            "https://storagegohistorics.blob.core.windows.net/stock/17278-2-small.jpg?v=63873841011597",
            "https://storagegohistorics.blob.core.windows.net/stock/17278-4-small.jpg?v=63873841015063",
            "https://storagegohistorics.blob.core.windows.net/stock/17278-1-small.jpg?v=63873841009973",
            "https://storagegohistorics.blob.core.windows.net/stock/17278-5-small.jpg?v=63873841017160",
            "https://storagegohistorics.blob.core.windows.net/stock/17278-3-small.jpg?v=63873841013463",
            "https://storagegohistorics.blob.core.windows.net/stock/17278-0-small.jpg?v=63873841007580",
            "https://storagegohistorics.blob.core.windows.net/main/STACKED%20GREEN%20V1%205x7.jpg"
        ],
        "vehicle_chassis_no": "2G1FT1EW2A9177556",
        "vehicle_year": "2010",
        "vehicle_make": "Chevrolet",
        "vehicle_model": "Camaro SS",
        "vehicle_registry_code": "SS59 CAM",
        "vehicle_mileage_value": "55,408",
        "vehicle_engine": "tba",
        "price_currency": "GBP",
        "price_value": null,
        "price_guide_low": 17000,
        "price_guide_high": 22000,
        "price_type": "estimate"
    },
    {
        "auction_label": "February Online Collectables Auction",
        "auction_date_range": "Ending 19th Feb, 2025\n                20:45",
        "lot_source_link": "https://www.historics.co.uk/auction/lot/lot-16---registration-th15-slc/?lot=17224&so=0&st=&sto=0&au=97&ef=&et=&ic=False&sd=1&pp=96&pn=1&g=1",
        "lot_code": "Lot 16",
        "lot_title": "Registration TH15 SLC",
        "lot_description": "This registration number TH15 SLC comes with a Certificate of Entitlement\n\nConsigned by James GoodThis description is provided by the seller and to the best of the seller's knowledge, accurate and not misleading and unless otherwise stated is 'Not Verified' by Historics or any person employed by Historics. Prospective purchasers are advised to satisfy themselves as to the accuracy of the description and any statements made, whether they be statements of fact or opinion, and conduct any research they feel is necessary before committing to a bid. Please see our Terms and Conditions for full details.",
        "lot_media": [],
        "vehicle_chassis_no": null,
        "vehicle_year": null,
        "vehicle_make": "Registration",
        "vehicle_model": "TH15 SLC",
        "vehicle_registry_code": null,
        "vehicle_mileage_value": null,
        "vehicle_engine": null,
        "price_currency": "GBP",
        "price_value": null,
        "price_guide_low": 400,
        "price_guide_high": 500,
        "price_type": "estimate"
    },
    {
        "auction_label": "February Online Collectables Auction",
        "auction_date_range": "Ending 19th Feb, 2025\n                20:50",
        "lot_source_link": "https://www.historics.co.uk/auction/lot/lot-17---registration-p1-auk/?lot=17297&so=0&st=&sto=0&au=97&ef=&et=&ic=False&sd=1&pp=96&pn=1&g=1",
        "lot_code": "Lot 17",
        "lot_title": "Registration P1 AUK",
        "lot_description": "This registration number P1 AUK is currently on a Retention Certificate.\n\nConsigned by Fraser Smith\n\nThis description is provided by the seller and to the best of the seller's knowledge, accurate and not misleading and unless otherwise stated is 'Not Verified' by Historics or any person employed by Historics. Prospective purchasers are advised to satisfy themselves as to the accuracy of the description and any statements made, whether they be statements of fact or opinion, and conduct any research they feel is necessary before committing to a bid. Please see our Terms and Conditions for full details.",
        "lot_media": [],
        "vehicle_chassis_no": null,
        "vehicle_year": null,
        "vehicle_make": "Registration",
        "vehicle_model": "P1 AUK",
        "vehicle_registry_code": null,
        "vehicle_mileage_value": null,
        "vehicle_engine": null,
        "price_currency": "GBP",
        "price_value": 336,
        "price_guide_low": null,
        "price_guide_high": null,
        "price_type": "sold"
    },
    {
        "auction_label": "February Online Collectables Auction",
        "auction_date_range": "Ending 19th Feb, 2025\n                20:55",
        "lot_source_link": "https://www.historics.co.uk/auction/lot/lot-18---registration-7894-ph/?lot=17219&so=0&st=&sto=0&au=97&ef=&et=&ic=False&sd=1&pp=96&pn=1&g=1",
        "lot_code": "Lot 18",
        "lot_title": "Registration 7894 PH",
        "lot_description": "This registration number 7894 PH is currently on a Retention Certificate.\n\nConsigned by Mathew PriddyThis description is provided by the seller and to the best of the seller's knowledge, accurate and not misleading and unless otherwise stated is 'Not Verified' by Historics or any person employed by Historics. Prospective purchasers are advised to satisfy themselves as to the accuracy of the description and any statements made, whether they be statements of fact or opinion, and conduct any research they feel is necessary before committing to a bid. Please see our Terms and Conditions for full details.",
        "lot_media": [],
        "vehicle_chassis_no": null,
        "vehicle_year": null,
        "vehicle_make": "Registration",
        "vehicle_model": "7894 PH",
        "vehicle_registry_code": null,
        "vehicle_mileage_value": null,
        "vehicle_engine": null,
        "price_currency": "GBP",
        "price_value": null,
        "price_guide_low": 1000,
        "price_guide_high": 2000,
        "price_type": "estimate"
    },
    {
        "auction_label": "February Online Collectables Auction",
        "auction_date_range": "Ending 19th Feb, 2025\n                21:00",
        "lot_source_link": "https://www.historics.co.uk/auction/lot/lot-19---registration-fk-53nna/?lot=17201&so=0&st=&sto=0&au=97&ef=&et=&ic=False&sd=1&pp=96&pn=1&g=1",
        "lot_code": "Lot 19",
        "lot_title": "Registration FK 53NNA",
        "lot_description": "This registration number FK 53NNA is currently on a Retention Certificate. Consigned by Stewart banks.\n\nGuide price £800-£1,400This description is provided by the seller and to the best of the seller's knowledge, accurate and not misleading and unless otherwise stated is 'Not Verified' by Historics or any person employed by Historics. Prospective purchasers are advised to satisfy themselves as to the accuracy of the description and any statements made, whether they be statements of fact or opinion, and conduct any research they feel is necessary before committing to a bid. Please see our Terms and Conditions for full details.",
        "lot_media": [],
        "vehicle_chassis_no": null,
        "vehicle_year": null,
        "vehicle_make": "Registration",
        "vehicle_model": "FK 53NNA",
        "vehicle_registry_code": null,
        "vehicle_mileage_value": null,
        "vehicle_engine": null,
        "price_currency": "GBP",
        "price_value": 616,
        "price_guide_low": null,
        "price_guide_high": null,
        "price_type": "sold"
    }
]